kernel,radius,mode,get_range_time,loop_time,projectionTime,binarySearchTime,threshold,maxPointsLeaf
sphere,2.000000,none,0,4.1001e-05,0.0,0.0,32,256
sphere,2.000000,none,0,0.000185061,0.0,0.0,32,256
sphere,2.000000,none,0,0.000112647,0.0,0.0,32,256
sphere,2.000000,none,0,0.000114297,0.0,0.0,32,256
sphere,2.000000,none,0,0.000182024,0.0,0.0,32,256
sphere,2.000000,none,0,0.000127737,0.0,0.0,32,256
sphere,2.000000,none,0,0.000175776,0.0,0.0,32,256
sphere,2.000000,none,0,0.000160043,0.0,0.0,32,256
sphere,2.000000,none,0,0.000145067,0.0,0.0,32,256
sphere,2.000000,none,0,0.000148176,0.0,0.0,32,256
sphere,2.000000,none,0,0.000143751,0.0,0.0,32,256
sphere,2.000000,none,0,0.000180139,0.0,0.0,32,256
sphere,2.000000,none,0,0.000118968,0.0,0.0,32,256
sphere,2.000000,none,0,0.000185344,0.0,0.0,32,256
sphere,2.000000,none,0,0.000174148,0.0,0.0,32,256
sphere,2.000000,none,0,0.000142032,0.0,0.0,32,256
sphere,2.000000,none,0,0.000186594,0.0,0.0,32,256
sphere,2.000000,none,0,0.000178506,0.0,0.0,32,256
sphere,2.000000,none,0,0.000157632,0.0,0.0,32,256
sphere,2.000000,none,0,0.000249658,0.0,0.0,32,256
sphere,2.000000,none,0,0.000149015,0.0,0.0,32,256
sphere,2.000000,none,0,0.000160416,0.0,0.0,32,256
sphere,2.000000,none,0,7.1314e-05,0.0,0.0,32,256
sphere,2.000000,none,0,0.000179355,0.0,0.0,32,256
sphere,2.000000,none,0,0.000142407,0.0,0.0,32,256
sphere,2.000000,none,0,2.6886e-05,0.0,0.0,32,256
sphere,2.000000,none,0,0.000101003,0.0,0.0,32,256
sphere,2.000000,none,0,2.2653e-05,0.0,0.0,32,256
sphere,2.000000,none,0,0.000126558,0.0,0.0,32,256
sphere,2.000000,none,0,0.000147083,0.0,0.0,32,256
sphere,2.000000,none,0,0.000107793,0.0,0.0,32,256
sphere,2.000000,none,0,0.000169073,0.0,0.0,32,256
sphere,2.000000,none,0,0.000165757,0.0,0.0,32,256
sphere,2.000000,none,0,0.000106831,0.0,0.0,32,256
sphere,2.000000,none,0,0.000152319,0.0,0.0,32,256
sphere,2.000000,none,0,0.00012943,0.0,0.0,32,256
sphere,2.000000,none,0,0.000126052,0.0,0.0,32,256
sphere,2.000000,none,0,0.000125798,0.0,0.0,32,256
sphere,2.000000,none,0,0.000127177,0.0,0.0,32,256
sphere,2.000000,none,0,9.6069e-05,0.0,0.0,32,256
sphere,2.000000,none,0,9.6873e-05,0.0,0.0,32,256
sphere,2.000000,none,0,5.4063e-05,0.0,0.0,32,256
sphere,2.000000,none,0,0.000114129,0.0,0.0,32,256
sphere,2.000000,none,0,0.000141137,0.0,0.0,32,256
sphere,2.000000,none,0,4.069e-05,0.0,0.0,32,256
sphere,2.000000,none,0,0.000111374,0.0,0.0,32,256
sphere,2.000000,none,0,8.6099e-05,0.0,0.0,32,256
sphere,2.000000,none,0,0.000130319,0.0,0.0,32,256
sphere,2.000000,none,0,0.000139307,0.0,0.0,32,256
sphere,2.000000,none,0,0.000129,0.0,0.0,32,256
sphere,2.000000,none,0,9.615e-05,0.0,0.0,32,256
sphere,2.000000,none,0,7.1101e-05,0.0,0.0,32,256
sphere,2.000000,none,0,9.8511e-05,0.0,0.0,32,256
sphere,2.000000,none,0,8.4931e-05,0.0,0.0,32,256
sphere,2.000000,none,0,0.000203644,0.0,0.0,32,256
sphere,2.000000,none,0,0.000118724,0.0,0.0,32,256
sphere,2.000000,none,0,0.00024121,0.0,0.0,32,256
sphere,2.000000,none,0,0.000137751,0.0,0.0,32,256
sphere,2.000000,none,0,0.000125343,0.0,0.0,32,256
sphere,2.000000,none,0,0.000128953,0.0,0.0,32,256
sphere,2.000000,none,0,0.000134609,0.0,0.0,32,256
sphere,2.000000,none,0,0.000101393,0.0,0.0,32,256
sphere,2.000000,none,0,9.5436e-05,0.0,0.0,32,256
sphere,2.000000,none,0,0.000137515,0.0,0.0,32,256
sphere,2.000000,none,0,0.000126914,0.0,0.0,32,256
sphere,2.000000,none,0,0.000174068,0.0,0.0,32,256
sphere,2.000000,none,0,5.3419e-05,0.0,0.0,32,256
sphere,2.000000,none,0,0.000104387,0.0,0.0,32,256
sphere,2.000000,none,0,0.000150199,0.0,0.0,32,256
sphere,2.000000,none,0,0.000137713,0.0,0.0,32,256
sphere,2.000000,none,0,0.000148641,0.0,0.0,32,256
sphere,2.000000,none,0,7.2503e-05,0.0,0.0,32,256
sphere,2.000000,none,0,0.000155798,0.0,0.0,32,256
sphere,2.000000,none,0,0.000127716,0.0,0.0,32,256
sphere,2.000000,none,0,0.000126584,0.0,0.0,32,256
sphere,2.000000,none,0,9.448e-05,0.0,0.0,32,256
sphere,2.000000,none,0,0.000135834,0.0,0.0,32,256
sphere,2.000000,none,0,0.000116373,0.0,0.0,32,256
sphere,2.000000,none,0,0.000115525,0.0,0.0,32,256
sphere,2.000000,none,0,0.000128541,0.0,0.0,32,256
sphere,2.000000,none,0,0.000117227,0.0,0.0,32,256
sphere,2.000000,none,0,0.000105324,0.0,0.0,32,256
sphere,2.000000,none,0,0.000212643,0.0,0.0,32,256
sphere,2.000000,none,0,0.000163114,0.0,0.0,32,256
sphere,2.000000,none,0,0.000120618,0.0,0.0,32,256
sphere,2.000000,none,0,0.000124666,0.0,0.0,32,256
sphere,2.000000,none,0,0.000148688,0.0,0.0,32,256
sphere,2.000000,none,0,2.2637e-05,0.0,0.0,32,256
sphere,2.000000,none,0,9.4558e-05,0.0,0.0,32,256
sphere,2.000000,none,0,0.000132518,0.0,0.0,32,256
sphere,2.000000,none,0,0.000152214,0.0,0.0,32,256
sphere,2.000000,none,0,0.000125601,0.0,0.0,32,256
sphere,2.000000,none,0,0.000152813,0.0,0.0,32,256
sphere,2.000000,none,0,7.9785e-05,0.0,0.0,32,256
sphere,2.000000,none,0,0.000100415,0.0,0.0,32,256
sphere,2.000000,none,0,7.8525e-05,0.0,0.0,32,256
sphere,2.000000,none,0,0.000182753,0.0,0.0,32,256
sphere,2.000000,none,0,0.00011532,0.0,0.0,32,256
sphere,2.000000,none,0,0.0001257,0.0,0.0,32,256
sphere,2.000000,none,0,0.000150048,0.0,0.0,32,256
sphere,2.000000,none,0,0.000114967,0.0,0.0,32,256
sphere,2.000000,none,0,0.000186284,0.0,0.0,32,256
sphere,2.000000,none,0,0.00016155,0.0,0.0,32,256
sphere,2.000000,none,0,0.000158463,0.0,0.0,32,256
sphere,2.000000,none,0,5.5282e-05,0.0,0.0,32,256
sphere,2.000000,none,0,2.6705e-05,0.0,0.0,32,256
sphere,2.000000,none,0,0.000129746,0.0,0.0,32,256
sphere,2.000000,none,0,5.3392e-05,0.0,0.0,32,256
sphere,2.000000,none,0,0.000151902,0.0,0.0,32,256
sphere,2.000000,none,0,0.000124987,0.0,0.0,32,256
sphere,2.000000,none,0,0.000135033,0.0,0.0,32,256
sphere,2.000000,none,0,0.000103609,0.0,0.0,32,256
sphere,2.000000,none,0,0.00013384,0.0,0.0,32,256
sphere,2.000000,none,0,0.000162836,0.0,0.0,32,256
sphere,2.000000,none,0,0.000121492,0.0,0.0,32,256
sphere,2.000000,none,0,0.000109602,0.0,0.0,32,256
sphere,2.000000,none,0,0.00013695,0.0,0.0,32,256
sphere,2.000000,none,0,0.000113219,0.0,0.0,32,256
sphere,2.000000,none,0,9.9451e-05,0.0,0.0,32,256
sphere,2.000000,none,0,0.000137556,0.0,0.0,32,256
sphere,2.000000,none,0,6.6429e-05,0.0,0.0,32,256
sphere,2.000000,none,0,0.000131085,0.0,0.0,32,256
sphere,2.000000,none,0,8.7556e-05,0.0,0.0,32,256
sphere,2.000000,none,0,0.000171034,0.0,0.0,32,256
sphere,2.000000,none,0,0.000166213,0.0,0.0,32,256
sphere,2.000000,none,0,0.000129719,0.0,0.0,32,256
sphere,2.000000,none,0,0.000143219,0.0,0.0,32,256
sphere,2.000000,none,0,9.3933e-05,0.0,0.0,32,256
sphere,2.000000,none,0,3.6323e-05,0.0,0.0,32,256
sphere,2.000000,none,0,0.000116143,0.0,0.0,32,256
sphere,2.000000,none,0,0.000161957,0.0,0.0,32,256
sphere,2.000000,none,0,6.2532e-05,0.0,0.0,32,256
sphere,2.000000,none,0,0.000124231,0.0,0.0,32,256
sphere,2.000000,none,0,0.000135706,0.0,0.0,32,256
sphere,2.000000,none,0,0.000143251,0.0,0.0,32,256
sphere,2.000000,none,0,0.000138264,0.0,0.0,32,256
sphere,2.000000,none,0,0.000104878,0.0,0.0,32,256
sphere,2.000000,none,0,0.000143503,0.0,0.0,32,256
sphere,2.000000,none,0,0.000107472,0.0,0.0,32,256
sphere,2.000000,none,0,0.000121132,0.0,0.0,32,256
sphere,2.000000,none,0,0.000150811,0.0,0.0,32,256
sphere,2.000000,none,0,5.1651e-05,0.0,0.0,32,256
sphere,2.000000,none,0,9.5341e-05,0.0,0.0,32,256
sphere,2.000000,none,0,4.8108e-05,0.0,0.0,32,256
sphere,2.000000,none,0,0.000138724,0.0,0.0,32,256
sphere,2.000000,none,0,0.000118147,0.0,0.0,32,256
sphere,2.000000,none,0,0.000142454,0.0,0.0,32,256
sphere,2.000000,none,0,9.7052e-05,0.0,0.0,32,256
sphere,2.000000,none,0,0.000156245,0.0,0.0,32,256
sphere,2.000000,none,0,0.000101465,0.0,0.0,32,256
sphere,2.000000,none,0,0.000122506,0.0,0.0,32,256
sphere,2.000000,none,0,8.745e-05,0.0,0.0,32,256
sphere,2.000000,none,0,0.000136205,0.0,0.0,32,256
sphere,2.000000,none,0,0.000172218,0.0,0.0,32,256
sphere,2.000000,none,0,0.000179774,0.0,0.0,32,256
sphere,2.000000,none,0,4.2825e-05,0.0,0.0,32,256
sphere,2.000000,none,0,0.000173412,0.0,0.0,32,256
sphere,2.000000,none,0,0.000200154,0.0,0.0,32,256
sphere,2.000000,none,0,9.157e-05,0.0,0.0,32,256
sphere,2.000000,none,0,0.000115002,0.0,0.0,32,256
sphere,2.000000,none,0,0.000122545,0.0,0.0,32,256
sphere,2.000000,none,0,0.0001147,0.0,0.0,32,256
sphere,2.000000,none,0,0.000172874,0.0,0.0,32,256
sphere,2.000000,none,0,0.000152193,0.0,0.0,32,256
sphere,2.000000,none,0,0.000112423,0.0,0.0,32,256
sphere,2.000000,none,0,0.000125218,0.0,0.0,32,256
sphere,2.000000,none,0,0.000134821,0.0,0.0,32,256
sphere,2.000000,none,0,1.5231e-05,0.0,0.0,32,256
sphere,2.000000,none,0,0.000139298,0.0,0.0,32,256
sphere,2.000000,none,0,0.000106049,0.0,0.0,32,256
sphere,2.000000,none,0,8.8504e-05,0.0,0.0,32,256
sphere,2.000000,none,0,0.000124444,0.0,0.0,32,256
sphere,2.000000,none,0,0.000115244,0.0,0.0,32,256
sphere,2.000000,none,0,0.000185688,0.0,0.0,32,256
sphere,2.000000,none,0,0.000126515,0.0,0.0,32,256
sphere,2.000000,none,0,9.684e-05,0.0,0.0,32,256
sphere,2.000000,none,0,0.000226767,0.0,0.0,32,256
sphere,2.000000,none,0,0.000135487,0.0,0.0,32,256
sphere,2.000000,none,0,0.000140167,0.0,0.0,32,256
sphere,2.000000,none,0,7.117e-05,0.0,0.0,32,256
sphere,2.000000,none,0,0.000164249,0.0,0.0,32,256
sphere,2.000000,none,0,0.000110676,0.0,0.0,32,256
sphere,2.000000,none,0,0.000140682,0.0,0.0,32,256
sphere,2.000000,none,0,0.000125778,0.0,0.0,32,256
sphere,2.000000,none,0,0.000124851,0.0,0.0,32,256
sphere,2.000000,none,0,0.000193466,0.0,0.0,32,256
sphere,2.000000,none,0,0.000133679,0.0,0.0,32,256
sphere,2.000000,none,0,0.000127036,0.0,0.0,32,256
sphere,2.000000,none,0,0.000114537,0.0,0.0,32,256
sphere,2.000000,none,0,4.4596e-05,0.0,0.0,32,256
sphere,2.000000,none,0,0.000161291,0.0,0.0,32,256
sphere,2.000000,none,0,0.000141639,0.0,0.0,32,256
sphere,2.000000,none,0,0.000131163,0.0,0.0,32,256
sphere,2.000000,none,0,0.000131466,0.0,0.0,32,256
sphere,2.000000,none,0,0.000110083,0.0,0.0,32,256
sphere,2.000000,none,0,8.8526e-05,0.0,0.0,32,256
sphere,2.000000,none,0,0.000139623,0.0,0.0,32,256
sphere,2.000000,none,0,0.000129941,0.0,0.0,32,256
sphere,2.000000,none,0,9.4636e-05,0.0,0.0,32,256
sphere,2.000000,none,0,0.000103303,0.0,0.0,32,256
sphere,2.000000,none,0,0.000185732,0.0,0.0,32,256
sphere,2.000000,none,0,1.7383e-05,0.0,0.0,32,256
sphere,2.000000,none,0,0.00028725,0.0,0.0,32,256
sphere,2.000000,none,0,0.000113276,0.0,0.0,32,256
sphere,2.000000,none,0,9.3061e-05,0.0,0.0,32,256
sphere,2.000000,none,0,0.000126813,0.0,0.0,32,256
sphere,2.000000,none,0,9.2643e-05,0.0,0.0,32,256
sphere,2.000000,none,0,0.000133432,0.0,0.0,32,256
sphere,2.000000,none,0,0.000107057,0.0,0.0,32,256
sphere,2.000000,none,0,9.7073e-05,0.0,0.0,32,256
sphere,2.000000,none,0,0.000111316,0.0,0.0,32,256
sphere,2.000000,none,0,0.000135745,0.0,0.0,32,256
sphere,2.000000,none,0,4.4295e-05,0.0,0.0,32,256
sphere,2.000000,none,0,0.000212352,0.0,0.0,32,256
sphere,2.000000,none,0,0.000138218,0.0,0.0,32,256
sphere,2.000000,none,0,8.7044e-05,0.0,0.0,32,256
sphere,2.000000,none,0,0.000136341,0.0,0.0,32,256
sphere,2.000000,none,0,0.000106826,0.0,0.0,32,256
sphere,2.000000,none,0,0.00010221,0.0,0.0,32,256
sphere,2.000000,none,0,0.000293319,0.0,0.0,32,256
sphere,2.000000,none,0,0.000140113,0.0,0.0,32,256
sphere,2.000000,none,0,0.000172873,0.0,0.0,32,256
sphere,2.000000,none,0,0.000119364,0.0,0.0,32,256
sphere,2.000000,none,0,0.000103897,0.0,0.0,32,256
sphere,2.000000,none,0,6.6313e-05,0.0,0.0,32,256
sphere,2.000000,none,0,0.000150997,0.0,0.0,32,256
sphere,2.000000,none,0,0.000139521,0.0,0.0,32,256
sphere,2.000000,none,0,8.8167e-05,0.0,0.0,32,256
sphere,2.000000,none,0,0.000165799,0.0,0.0,32,256
sphere,2.000000,none,0,0.000116512,0.0,0.0,32,256
sphere,2.000000,none,0,0.000122301,0.0,0.0,32,256
sphere,2.000000,none,0,0.000160163,0.0,0.0,32,256
sphere,2.000000,none,0,0.000194753,0.0,0.0,32,256
sphere,2.000000,none,0,0.000117992,0.0,0.0,32,256
sphere,2.000000,none,0,0.000126558,0.0,0.0,32,256
sphere,2.000000,none,0,6.4269e-05,0.0,0.0,32,256
sphere,2.000000,none,0,8.6237e-05,0.0,0.0,32,256
sphere,2.000000,none,0,0.000112837,0.0,0.0,32,256
sphere,2.000000,none,0,0.000198479,0.0,0.0,32,256
sphere,2.000000,none,0,0.000123515,0.0,0.0,32,256
sphere,2.000000,none,0,0.000132071,0.0,0.0,32,256
sphere,2.000000,none,0,0.000133441,0.0,0.0,32,256
sphere,2.000000,none,0,0.000126128,0.0,0.0,32,256
sphere,2.000000,none,0,0.000140098,0.0,0.0,32,256
sphere,2.000000,none,0,4.4334e-05,0.0,0.0,32,256
sphere,2.000000,none,0,0.000138363,0.0,0.0,32,256
sphere,2.000000,none,0,9.2589e-05,0.0,0.0,32,256
sphere,2.000000,none,0,0.000112152,0.0,0.0,32,256
sphere,2.000000,none,0,0.000114471,0.0,0.0,32,256
sphere,2.000000,none,0,0.00011247,0.0,0.0,32,256
sphere,2.000000,none,0,0.000120746,0.0,0.0,32,256
sphere,2.000000,none,0,2.6403e-05,0.0,0.0,32,256
sphere,2.000000,none,0,0.000153621,0.0,0.0,32,256
sphere,2.000000,none,0,0.000120576,0.0,0.0,32,256
sphere,2.000000,none,0,0.000121886,0.0,0.0,32,256
sphere,2.000000,none,0,0.000171771,0.0,0.0,32,256
sphere,2.000000,none,0,0.000137119,0.0,0.0,32,256
sphere,2.000000,none,0,0.000102961,0.0,0.0,32,256
sphere,2.000000,none,0,0.000128846,0.0,0.0,32,256
sphere,2.000000,none,0,0.000148746,0.0,0.0,32,256
sphere,2.000000,none,0,0.000102006,0.0,0.0,32,256
sphere,2.000000,none,0,0.000171515,0.0,0.0,32,256
sphere,2.000000,none,0,0.000137742,0.0,0.0,32,256
sphere,2.000000,none,0,9.8924e-05,0.0,0.0,32,256
sphere,2.000000,none,0,0.000134228,0.0,0.0,32,256
sphere,2.000000,none,0,0.000125033,0.0,0.0,32,256
sphere,2.000000,none,0,9.2377e-05,0.0,0.0,32,256
sphere,2.000000,none,0,0.000158493,0.0,0.0,32,256
sphere,2.000000,none,0,0.000109492,0.0,0.0,32,256
sphere,2.000000,none,0,0.00010926,0.0,0.0,32,256
sphere,2.000000,none,0,8.9874e-05,0.0,0.0,32,256
sphere,2.000000,none,0,9.4253e-05,0.0,0.0,32,256
sphere,2.000000,none,0,6.0295e-05,0.0,0.0,32,256
sphere,2.000000,none,0,0.000139851,0.0,0.0,32,256
sphere,2.000000,none,0,0.000112726,0.0,0.0,32,256
sphere,2.000000,none,0,5.9634e-05,0.0,0.0,32,256
sphere,2.000000,none,0,0.000138256,0.0,0.0,32,256
sphere,2.000000,none,0,0.00010561,0.0,0.0,32,256
sphere,2.000000,none,0,6.9546e-05,0.0,0.0,32,256
sphere,2.000000,none,0,7.852e-05,0.0,0.0,32,256
sphere,2.000000,none,0,0.000145323,0.0,0.0,32,256
sphere,2.000000,none,0,8.3328e-05,0.0,0.0,32,256
sphere,2.000000,none,0,0.000126223,0.0,0.0,32,256
sphere,2.000000,none,0,0.000120824,0.0,0.0,32,256
sphere,2.000000,none,0,0.000126936,0.0,0.0,32,256
sphere,2.000000,none,0,0.000133022,0.0,0.0,32,256
sphere,2.000000,none,0,0.000148564,0.0,0.0,32,256
sphere,2.000000,none,0,0.000126848,0.0,0.0,32,256
sphere,2.000000,none,0,0.000146692,0.0,0.0,32,256
sphere,2.000000,none,0,0.000100432,0.0,0.0,32,256
sphere,2.000000,none,0,0.00014651,0.0,0.0,32,256
sphere,2.000000,none,0,0.000124626,0.0,0.0,32,256
sphere,2.000000,none,0,9.2276e-05,0.0,0.0,32,256
sphere,2.000000,none,0,0.000106176,0.0,0.0,32,256
sphere,2.000000,none,0,0.000127485,0.0,0.0,32,256
sphere,2.000000,none,0,0.000241103,0.0,0.0,32,256
sphere,2.000000,none,0,0.000196979,0.0,0.0,32,256
sphere,2.000000,none,0,0.000196293,0.0,0.0,32,256
sphere,2.000000,none,0,0.00011602,0.0,0.0,32,256
sphere,2.000000,none,0,0.000164259,0.0,0.0,32,256
sphere,2.000000,none,0,9.9146e-05,0.0,0.0,32,256
sphere,2.000000,none,0,0.000194706,0.0,0.0,32,256
sphere,2.000000,none,0,0.000147146,0.0,0.0,32,256
sphere,2.000000,none,0,0.000125193,0.0,0.0,32,256
sphere,2.000000,none,0,0.000145137,0.0,0.0,32,256
sphere,2.000000,none,0,0.000175259,0.0,0.0,32,256
sphere,2.000000,none,0,0.000143849,0.0,0.0,32,256
sphere,2.000000,none,0,0.000146709,0.0,0.0,32,256
sphere,2.000000,none,0,0.000126525,0.0,0.0,32,256
sphere,2.000000,none,0,0.000161102,0.0,0.0,32,256
sphere,2.000000,none,0,0.000112512,0.0,0.0,32,256
sphere,2.000000,none,0,0.000228804,0.0,0.0,32,256
sphere,2.000000,none,0,0.000178362,0.0,0.0,32,256
sphere,2.000000,none,0,7.5908e-05,0.0,0.0,32,256
sphere,2.000000,none,0,0.000174808,0.0,0.0,32,256
sphere,2.000000,none,0,3.2069e-05,0.0,0.0,32,256
sphere,2.000000,none,0,0.000121107,0.0,0.0,32,256
sphere,2.000000,none,0,0.000113873,0.0,0.0,32,256
sphere,2.000000,none,0,6.3435e-05,0.0,0.0,32,256
sphere,2.000000,none,0,0.000168466,0.0,0.0,32,256
sphere,2.000000,none,0,9.1803e-05,0.0,0.0,32,256
sphere,2.000000,none,0,0.000137602,0.0,0.0,32,256
sphere,2.000000,none,0,0.000143148,0.0,0.0,32,256
sphere,2.000000,none,0,0.000119469,0.0,0.0,32,256
sphere,2.000000,none,0,0.000161359,0.0,0.0,32,256
sphere,2.000000,none,0,5.6551e-05,0.0,0.0,32,256
sphere,2.000000,none,0,0.000174011,0.0,0.0,32,256
sphere,2.000000,none,0,0.000143769,0.0,0.0,32,256
sphere,2.000000,none,0,0.00013271,0.0,0.0,32,256
sphere,2.000000,none,0,0.000163002,0.0,0.0,32,256
sphere,2.000000,none,0,0.000142704,0.0,0.0,32,256
sphere,2.000000,none,0,0.000123849,0.0,0.0,32,256
sphere,2.000000,none,0,7.005e-05,0.0,0.0,32,256
sphere,2.000000,none,0,0.000108434,0.0,0.0,32,256
sphere,2.000000,none,0,0.000124161,0.0,0.0,32,256
sphere,2.000000,none,0,0.00013172,0.0,0.0,32,256
sphere,2.000000,none,0,0.00013682,0.0,0.0,32,256
sphere,2.000000,none,0,0.00014915,0.0,0.0,32,256
sphere,2.000000,none,0,0.000168656,0.0,0.0,32,256
sphere,2.000000,none,0,7.0305e-05,0.0,0.0,32,256
sphere,2.000000,none,0,0.000113522,0.0,0.0,32,256
sphere,2.000000,none,0,0.000165453,0.0,0.0,32,256
sphere,2.000000,none,0,0.000152766,0.0,0.0,32,256
sphere,2.000000,none,0,9.1274e-05,0.0,0.0,32,256
sphere,2.000000,none,0,0.000147373,0.0,0.0,32,256
sphere,2.000000,none,0,0.000127428,0.0,0.0,32,256
sphere,2.000000,none,0,0.000126355,0.0,0.0,32,256
sphere,2.000000,none,0,8.9576e-05,0.0,0.0,32,256
sphere,2.000000,none,0,0.00015005,0.0,0.0,32,256
sphere,2.000000,none,0,0.000147518,0.0,0.0,32,256
sphere,2.000000,none,0,0.000156171,0.0,0.0,32,256
sphere,2.000000,none,0,3.4743e-05,0.0,0.0,32,256
sphere,2.000000,none,0,0.000131171,0.0,0.0,32,256
sphere,2.000000,none,0,5.8574e-05,0.0,0.0,32,256
sphere,2.000000,none,0,5.8786e-05,0.0,0.0,32,256
sphere,2.000000,none,0,0.000144769,0.0,0.0,32,256
sphere,2.000000,none,0,5.4135e-05,0.0,0.0,32,256
sphere,2.000000,none,0,0.000109204,0.0,0.0,32,256
sphere,2.000000,none,0,0.000126466,0.0,0.0,32,256
sphere,2.000000,none,0,0.000144593,0.0,0.0,32,256
sphere,2.000000,none,0,0.000113706,0.0,0.0,32,256
sphere,2.000000,none,0,0.000129802,0.0,0.0,32,256
sphere,2.000000,none,0,0.000123762,0.0,0.0,32,256
sphere,2.000000,none,0,8.8437e-05,0.0,0.0,32,256
sphere,2.000000,none,0,0.000150328,0.0,0.0,32,256
sphere,2.000000,none,0,0.000150125,0.0,0.0,32,256
sphere,2.000000,none,0,8.1962e-05,0.0,0.0,32,256
sphere,2.000000,none,0,0.000125443,0.0,0.0,32,256
sphere,2.000000,none,0,7.4973e-05,0.0,0.0,32,256
sphere,2.000000,none,0,0.000120002,0.0,0.0,32,256
sphere,2.000000,none,0,0.000147995,0.0,0.0,32,256
sphere,2.000000,none,0,0.000121216,0.0,0.0,32,256
sphere,2.000000,none,0,0.000141562,0.0,0.0,32,256
sphere,2.000000,none,0,0.000103788,0.0,0.0,32,256
sphere,2.000000,none,0,0.000209754,0.0,0.0,32,256
sphere,2.000000,none,0,0.00014082,0.0,0.0,32,256
sphere,2.000000,none,0,0.000143579,0.0,0.0,32,256
sphere,2.000000,none,0,0.000116625,0.0,0.0,32,256
sphere,2.000000,none,0,0.000129931,0.0,0.0,32,256
sphere,2.000000,none,0,9.2939e-05,0.0,0.0,32,256
sphere,2.000000,none,0,0.000122191,0.0,0.0,32,256
sphere,2.000000,none,0,0.000107741,0.0,0.0,32,256
sphere,2.000000,none,0,0.000123162,0.0,0.0,32,256
sphere,2.000000,none,0,0.000123749,0.0,0.0,32,256
sphere,2.000000,none,0,0.000114341,0.0,0.0,32,256
sphere,2.000000,none,0,0.00011614,0.0,0.0,32,256
sphere,2.000000,none,0,0.000172979,0.0,0.0,32,256
sphere,2.000000,none,0,8.2139e-05,0.0,0.0,32,256
sphere,2.000000,none,0,0.000114152,0.0,0.0,32,256
sphere,2.000000,none,0,4.23e-06,0.0,0.0,32,256
sphere,2.000000,none,0,8.2181e-05,0.0,0.0,32,256
sphere,2.000000,none,0,1.8413e-05,0.0,0.0,32,256
sphere,2.000000,none,0,9.3652e-05,0.0,0.0,32,256
sphere,2.000000,none,0,7.6156e-05,0.0,0.0,32,256
sphere,2.000000,none,0,0.000116323,0.0,0.0,32,256
sphere,2.000000,none,0,0.00014618,0.0,0.0,32,256
sphere,2.000000,none,0,0.000154678,0.0,0.0,32,256
sphere,2.000000,none,0,8.0394e-05,0.0,0.0,32,256
sphere,2.000000,none,0,0.000177769,0.0,0.0,32,256
sphere,2.000000,none,0,0.000130451,0.0,0.0,32,256
sphere,2.000000,none,0,0.000139733,0.0,0.0,32,256
sphere,2.000000,none,0,0.000144985,0.0,0.0,32,256
sphere,2.000000,none,0,0.000112666,0.0,0.0,32,256
sphere,2.000000,none,0,9.4621e-05,0.0,0.0,32,256
sphere,2.000000,none,0,0.000114505,0.0,0.0,32,256
sphere,2.000000,none,0,8.7079e-05,0.0,0.0,32,256
sphere,2.000000,none,0,0.000123133,0.0,0.0,32,256
sphere,2.000000,none,0,0.000107401,0.0,0.0,32,256
sphere,2.000000,none,0,0.000130145,0.0,0.0,32,256
sphere,2.000000,none,0,8.6036e-05,0.0,0.0,32,256
sphere,2.000000,none,0,0.000113962,0.0,0.0,32,256
sphere,2.000000,none,0,5.8624e-05,0.0,0.0,32,256
sphere,2.000000,none,0,0.000140075,0.0,0.0,32,256
sphere,2.000000,none,0,8.7521e-05,0.0,0.0,32,256
sphere,2.000000,none,0,0.00015953,0.0,0.0,32,256
sphere,2.000000,none,0,9.868e-05,0.0,0.0,32,256
sphere,2.000000,none,0,0.000138222,0.0,0.0,32,256
sphere,2.000000,none,0,0.000113097,0.0,0.0,32,256
sphere,2.000000,none,0,0.00014509,0.0,0.0,32,256
sphere,2.000000,none,0,0.000134754,0.0,0.0,32,256
sphere,2.000000,none,0,0.000177462,0.0,0.0,32,256
sphere,2.000000,none,0,0.000156351,0.0,0.0,32,256
sphere,2.000000,none,0,9.1454e-05,0.0,0.0,32,256
sphere,2.000000,none,0,0.000153691,0.0,0.0,32,256
sphere,2.000000,none,0,0.000142698,0.0,0.0,32,256
sphere,2.000000,none,0,0.000109649,0.0,0.0,32,256
sphere,2.000000,none,0,0.000125343,0.0,0.0,32,256
sphere,2.000000,none,0,0.000134105,0.0,0.0,32,256
sphere,2.000000,none,0,0.000104895,0.0,0.0,32,256
sphere,2.000000,none,0,0.000137799,0.0,0.0,32,256
sphere,2.000000,none,0,0.000137268,0.0,0.0,32,256
sphere,2.000000,none,0,0.000189345,0.0,0.0,32,256
sphere,2.000000,none,0,6.8883e-05,0.0,0.0,32,256
sphere,2.000000,none,0,0.000117642,0.0,0.0,32,256
sphere,2.000000,none,0,0.000122608,0.0,0.0,32,256
sphere,2.000000,none,0,7.5488e-05,0.0,0.0,32,256
sphere,2.000000,none,0,0.000153748,0.0,0.0,32,256
sphere,2.000000,none,0,0.000126366,0.0,0.0,32,256
sphere,2.000000,none,0,0.000116128,0.0,0.0,32,256
sphere,2.000000,none,0,0.000146169,0.0,0.0,32,256
sphere,2.000000,none,0,0.000186248,0.0,0.0,32,256
sphere,2.000000,none,0,0.000143585,0.0,0.0,32,256
sphere,2.000000,none,0,7.9429e-05,0.0,0.0,32,256
sphere,2.000000,none,0,0.000150924,0.0,0.0,32,256
sphere,2.000000,none,0,0.000133949,0.0,0.0,32,256
sphere,2.000000,none,0,0.000121076,0.0,0.0,32,256
sphere,2.000000,none,0,9.1892e-05,0.0,0.0,32,256
sphere,2.000000,none,0,0.000163759,0.0,0.0,32,256
sphere,2.000000,none,0,0.000125511,0.0,0.0,32,256
sphere,2.000000,none,0,8.4996e-05,0.0,0.0,32,256
sphere,2.000000,none,0,0.000123967,0.0,0.0,32,256
sphere,2.000000,none,0,0.000133312,0.0,0.0,32,256
sphere,2.000000,none,0,7.6184e-05,0.0,0.0,32,256
sphere,2.000000,none,0,0.000140857,0.0,0.0,32,256
sphere,2.000000,none,0,2.6626e-05,0.0,0.0,32,256
sphere,2.000000,none,0,0.000178055,0.0,0.0,32,256
sphere,2.000000,none,0,0.000102622,0.0,0.0,32,256
sphere,2.000000,none,0,1.9459e-05,0.0,0.0,32,256
sphere,2.000000,none,0,0.000149095,0.0,0.0,32,256
sphere,2.000000,none,0,0.000138111,0.0,0.0,32,256
sphere,2.000000,none,0,0.000130132,0.0,0.0,32,256
sphere,2.000000,none,0,3.4574e-05,0.0,0.0,32,256
sphere,2.000000,none,0,0.000142606,0.0,0.0,32,256
sphere,2.000000,none,0,0.000163362,0.0,0.0,32,256
sphere,2.000000,none,0,0.000169182,0.0,0.0,32,256
sphere,2.000000,none,0,0.000110947,0.0,0.0,32,256
sphere,2.000000,none,0,0.000138422,0.0,0.0,32,256
sphere,2.000000,none,0,0.000173091,0.0,0.0,32,256
sphere,2.000000,none,0,0.000139719,0.0,0.0,32,256
sphere,2.000000,none,0,8.265e-05,0.0,0.0,32,256
sphere,2.000000,none,0,0.00014004,0.0,0.0,32,256
sphere,2.000000,none,0,8.9671e-05,0.0,0.0,32,256
sphere,2.000000,none,0,5.9771e-05,0.0,0.0,32,256
sphere,2.000000,none,0,0.000159896,0.0,0.0,32,256
sphere,2.000000,none,0,0.000128647,0.0,0.0,32,256
sphere,2.000000,none,0,3.6942e-05,0.0,0.0,32,256
sphere,2.000000,none,0,0.000181848,0.0,0.0,32,256
sphere,2.000000,none,0,0.000119532,0.0,0.0,32,256
sphere,2.000000,none,0,0.000124287,0.0,0.0,32,256
sphere,2.000000,none,0,0.000121462,0.0,0.0,32,256
sphere,2.000000,none,0,3.6373e-05,0.0,0.0,32,256
sphere,2.000000,none,0,0.000197106,0.0,0.0,32,256
sphere,2.000000,none,0,0.000152913,0.0,0.0,32,256
sphere,2.000000,none,0,2.3145e-05,0.0,0.0,32,256
sphere,2.000000,none,0,0.000144479,0.0,0.0,32,256
sphere,2.000000,none,0,0.00011034,0.0,0.0,32,256
sphere,2.000000,none,0,6.3468e-05,0.0,0.0,32,256
sphere,2.000000,none,0,0.000101592,0.0,0.0,32,256
sphere,2.000000,none,0,0.000130373,0.0,0.0,32,256
sphere,2.000000,none,0,2.2604e-05,0.0,0.0,32,256
sphere,2.000000,none,0,6.8758e-05,0.0,0.0,32,256
sphere,2.000000,none,0,8.7988e-05,0.0,0.0,32,256
sphere,2.000000,none,0,9.9146e-05,0.0,0.0,32,256
sphere,2.000000,none,0,0.000154951,0.0,0.0,32,256
sphere,2.000000,none,0,0.000123128,0.0,0.0,32,256
sphere,2.000000,none,0,0.000152286,0.0,0.0,32,256
sphere,2.000000,none,0,0.000105644,0.0,0.0,32,256
sphere,2.000000,none,0,7.9198e-05,0.0,0.0,32,256
sphere,2.000000,none,0,0.000129785,0.0,0.0,32,256
sphere,2.000000,none,0,9.0895e-05,0.0,0.0,32,256
sphere,2.000000,none,0,2.7988e-05,0.0,0.0,32,256
sphere,2.000000,none,0,0.00024751,0.0,0.0,32,256
sphere,2.000000,none,0,8.7739e-05,0.0,0.0,32,256
sphere,2.000000,none,0,9.7654e-05,0.0,0.0,32,256
sphere,2.000000,none,0,0.000150761,0.0,0.0,32,256
sphere,2.000000,none,0,9.7469e-05,0.0,0.0,32,256
sphere,2.000000,none,0,0.000138563,0.0,0.0,32,256
sphere,2.000000,none,0,0.000130778,0.0,0.0,32,256
sphere,2.000000,none,0,0.000121574,0.0,0.0,32,256
sphere,2.000000,none,0,0.000107609,0.0,0.0,32,256
sphere,2.000000,none,0,0.000132462,0.0,0.0,32,256
sphere,2.000000,none,0,0.000139501,0.0,0.0,32,256
sphere,2.000000,none,0,0.00010156,0.0,0.0,32,256
sphere,2.000000,none,0,0.000140947,0.0,0.0,32,256
sphere,2.000000,none,0,0.000142823,0.0,0.0,32,256
sphere,2.000000,none,0,0.000121176,0.0,0.0,32,256
sphere,2.000000,none,0,0.000127706,0.0,0.0,32,256
sphere,2.000000,none,0,0.000179113,0.0,0.0,32,256
sphere,2.000000,none,0,0.000122431,0.0,0.0,32,256
sphere,2.000000,none,0,0.000177756,0.0,0.0,32,256
sphere,2.000000,none,0,0.000129204,0.0,0.0,32,256
sphere,2.000000,none,0,0.000133799,0.0,0.0,32,256
sphere,2.000000,none,0,6.0541e-05,0.0,0.0,32,256
sphere,2.000000,none,0,0.000146009,0.0,0.0,32,256
sphere,2.000000,none,0,0.000109225,0.0,0.0,32,256
sphere,2.000000,none,0,1.6678e-05,0.0,0.0,32,256
sphere,2.000000,none,0,7.8968e-05,0.0,0.0,32,256
sphere,2.000000,none,0,1.7338e-05,0.0,0.0,32,256
sphere,2.000000,none,0,0.000112328,0.0,0.0,32,256
sphere,2.000000,none,0,0.000147949,0.0,0.0,32,256
sphere,2.000000,none,0,0.000114556,0.0,0.0,32,256
sphere,2.000000,none,0,0.00016661,0.0,0.0,32,256
sphere,2.000000,none,0,0.000184343,0.0,0.0,32,256
sphere,2.000000,none,0,0.000111165,0.0,0.0,32,256
sphere,2.000000,none,0,0.000180236,0.0,0.0,32,256
sphere,2.000000,none,0,0.00013443,0.0,0.0,32,256
sphere,2.000000,none,0,0.000131614,0.0,0.0,32,256
sphere,2.000000,none,0,0.000133354,0.0,0.0,32,256
sphere,2.000000,none,0,0.000101509,0.0,0.0,32,256
sphere,2.000000,none,0,9.3414e-05,0.0,0.0,32,256
sphere,2.000000,none,0,9.7289e-05,0.0,0.0,32,256
sphere,2.000000,none,0,5.3064e-05,0.0,0.0,32,256
sphere,2.000000,none,0,0.000115065,0.0,0.0,32,256
sphere,2.000000,none,0,0.000121545,0.0,0.0,32,256
sphere,2.000000,none,0,4.1719e-05,0.0,0.0,32,256
sphere,2.000000,none,0,0.000105141,0.0,0.0,32,256
sphere,2.000000,none,0,8.5367e-05,0.0,0.0,32,256
sphere,2.000000,none,0,0.000135516,0.0,0.0,32,256
sphere,2.000000,none,0,0.000136981,0.0,0.0,32,256
sphere,2.000000,none,0,0.000143311,0.0,0.0,32,256
sphere,2.000000,none,0,8.9393e-05,0.0,0.0,32,256
sphere,2.000000,none,0,7.8089e-05,0.0,0.0,32,256
sphere,2.000000,none,0,0.000104049,0.0,0.0,32,256
sphere,2.000000,none,0,5.9912e-05,0.0,0.0,32,256
sphere,2.000000,none,0,0.000169243,0.0,0.0,32,256
sphere,2.000000,none,0,0.00012065,0.0,0.0,32,256
sphere,2.000000,none,0,0.000275728,0.0,0.0,32,256
sphere,2.000000,none,0,0.000141657,0.0,0.0,32,256
sphere,2.000000,none,0,0.000130898,0.0,0.0,32,256
sphere,2.000000,none,0,0.000134914,0.0,0.0,32,256
sphere,2.000000,none,0,0.000135061,0.0,0.0,32,256
sphere,2.000000,none,0,8.3576e-05,0.0,0.0,32,256
sphere,2.000000,none,0,9.8391e-05,0.0,0.0,32,256
sphere,2.000000,none,0,0.000148268,0.0,0.0,32,256
sphere,2.000000,none,0,0.000141842,0.0,0.0,32,256
sphere,2.000000,none,0,0.000135618,0.0,0.0,32,256
sphere,2.000000,none,0,5.9823e-05,0.0,0.0,32,256
sphere,2.000000,none,0,0.000133714,0.0,0.0,32,256
sphere,2.000000,none,0,0.000176049,0.0,0.0,32,256
sphere,2.000000,none,0,0.000124017,0.0,0.0,32,256
sphere,2.000000,none,0,0.000148566,0.0,0.0,32,256
sphere,2.000000,none,0,8.2397e-05,0.0,0.0,32,256
sphere,2.000000,none,0,0.000148285,0.0,0.0,32,256
sphere,2.000000,none,0,0.000130979,0.0,0.0,32,256
sphere,2.000000,none,0,0.000131681,0.0,0.0,32,256
sphere,2.000000,none,0,9.9089e-05,0.0,0.0,32,256
sphere,2.000000,none,0,0.00014328,0.0,0.0,32,256
sphere,2.000000,none,0,0.00011596,0.0,0.0,32,256
sphere,2.000000,none,0,0.000133469,0.0,0.0,32,256
sphere,2.000000,none,0,0.000114771,0.0,0.0,32,256
sphere,2.000000,none,0,0.000118466,0.0,0.0,32,256
sphere,2.000000,none,0,0.000108138,0.0,0.0,32,256
sphere,2.000000,none,0,0.000258751,0.0,0.0,32,256
sphere,2.000000,none,0,0.000234601,0.0,0.0,32,256
sphere,2.000000,none,0,0.000121205,0.0,0.0,32,256
sphere,2.000000,none,0,0.000121939,0.0,0.0,32,256
sphere,2.000000,none,0,0.000137352,0.0,0.0,32,256
sphere,2.000000,none,0,2.2236e-05,0.0,0.0,32,256
sphere,2.000000,none,0,7.8585e-05,0.0,0.0,32,256
sphere,2.000000,none,0,0.000127827,0.0,0.0,32,256
sphere,2.000000,none,0,0.00016044,0.0,0.0,32,256
sphere,2.000000,none,0,0.000126877,0.0,0.0,32,256
sphere,2.000000,none,0,0.000177115,0.0,0.0,32,256
sphere,2.000000,none,0,8.5503e-05,0.0,0.0,32,256
sphere,2.000000,none,0,9.2693e-05,0.0,0.0,32,256
sphere,2.000000,none,0,8.4213e-05,0.0,0.0,32,256
sphere,2.000000,none,0,0.000171602,0.0,0.0,32,256
sphere,2.000000,none,0,0.000105788,0.0,0.0,32,256
sphere,2.000000,none,0,0.000175023,0.0,0.0,32,256
sphere,2.000000,none,0,0.00023121,0.0,0.0,32,256
sphere,2.000000,none,0,0.000161361,0.0,0.0,32,256
sphere,2.000000,none,0,0.000172734,0.0,0.0,32,256
sphere,2.000000,none,0,0.000153264,0.0,0.0,32,256
sphere,2.000000,none,0,0.000161595,0.0,0.0,32,256
sphere,2.000000,none,0,5.47e-05,0.0,0.0,32,256
sphere,2.000000,none,0,2.6987e-05,0.0,0.0,32,256
sphere,2.000000,none,0,0.000127435,0.0,0.0,32,256
sphere,2.000000,none,0,5.3756e-05,0.0,0.0,32,256
sphere,2.000000,none,0,0.000149412,0.0,0.0,32,256
sphere,2.000000,none,0,0.000143261,0.0,0.0,32,256
sphere,2.000000,none,0,0.000127006,0.0,0.0,32,256
sphere,2.000000,none,0,0.000109955,0.0,0.0,32,256
sphere,2.000000,none,0,0.000142022,0.0,0.0,32,256
sphere,2.000000,none,0,0.000162857,0.0,0.0,32,256
sphere,2.000000,none,0,0.0001536,0.0,0.0,32,256
sphere,2.000000,none,0,0.000111558,0.0,0.0,32,256
sphere,2.000000,none,0,0.00014164,0.0,0.0,32,256
sphere,2.000000,none,0,0.000120647,0.0,0.0,32,256
sphere,2.000000,none,0,0.000106576,0.0,0.0,32,256
sphere,2.000000,none,0,0.00012755,0.0,0.0,32,256
sphere,2.000000,none,0,5.2638e-05,0.0,0.0,32,256
sphere,2.000000,none,0,0.000118369,0.0,0.0,32,256
sphere,2.000000,none,0,9.1241e-05,0.0,0.0,32,256
sphere,2.000000,none,0,0.000174137,0.0,0.0,32,256
sphere,2.000000,none,0,0.000157012,0.0,0.0,32,256
sphere,2.000000,none,0,0.000130592,0.0,0.0,32,256
sphere,2.000000,none,0,0.000144147,0.0,0.0,32,256
sphere,2.000000,none,0,9.3315e-05,0.0,0.0,32,256
sphere,2.000000,none,0,3.9908e-05,0.0,0.0,32,256
sphere,2.000000,none,0,0.000131731,0.0,0.0,32,256
sphere,2.000000,none,0,0.000158132,0.0,0.0,32,256
sphere,2.000000,none,0,6.4285e-05,0.0,0.0,32,256
sphere,2.000000,none,0,0.00012765,0.0,0.0,32,256
sphere,2.000000,none,0,0.000105377,0.0,0.0,32,256
sphere,2.000000,none,0,0.000138419,0.0,0.0,32,256
sphere,2.000000,none,0,0.000136728,0.0,0.0,32,256
sphere,2.000000,none,0,8.3201e-05,0.0,0.0,32,256
sphere,2.000000,none,0,0.000134725,0.0,0.0,32,256
sphere,2.000000,none,0,0.000117868,0.0,0.0,32,256
sphere,2.000000,none,0,0.000127058,0.0,0.0,32,256
sphere,2.000000,none,0,0.000148452,0.0,0.0,32,256
sphere,2.000000,none,0,5.3821e-05,0.0,0.0,32,256
sphere,2.000000,none,0,9.7907e-05,0.0,0.0,32,256
sphere,2.000000,none,0,5.8164e-05,0.0,0.0,32,256
sphere,2.000000,none,0,0.000127428,0.0,0.0,32,256
sphere,2.000000,none,0,0.000134796,0.0,0.0,32,256
sphere,2.000000,none,0,0.000148253,0.0,0.0,32,256
sphere,2.000000,none,0,0.000106675,0.0,0.0,32,256
sphere,2.000000,none,0,0.000137413,0.0,0.0,32,256
sphere,2.000000,none,0,0.000104344,0.0,0.0,32,256
sphere,2.000000,none,0,0.000119549,0.0,0.0,32,256
sphere,2.000000,none,0,8.3927e-05,0.0,0.0,32,256
sphere,2.000000,none,0,0.000132264,0.0,0.0,32,256
sphere,2.000000,none,0,0.000118475,0.0,0.0,32,256
sphere,2.000000,none,0,7.677e-05,0.0,0.0,32,256
sphere,2.000000,none,0,3.2626e-05,0.0,0.0,32,256
sphere,2.000000,none,0,0.000105709,0.0,0.0,32,256
sphere,2.000000,none,0,0.000164967,0.0,0.0,32,256
sphere,2.000000,none,0,7.5914e-05,0.0,0.0,32,256
sphere,2.000000,none,0,0.00011558,0.0,0.0,32,256
sphere,2.000000,none,0,0.000120386,0.0,0.0,32,256
sphere,2.000000,none,0,0.000118254,0.0,0.0,32,256
sphere,2.000000,none,0,0.000145264,0.0,0.0,32,256
sphere,2.000000,none,0,0.000157604,0.0,0.0,32,256
sphere,2.000000,none,0,9.3195e-05,0.0,0.0,32,256
sphere,2.000000,none,0,0.000138287,0.0,0.0,32,256
sphere,2.000000,none,0,0.000141079,0.0,0.0,32,256
sphere,2.000000,none,0,1.4929e-05,0.0,0.0,32,256
sphere,2.000000,none,0,0.000144265,0.0,0.0,32,256
sphere,2.000000,none,0,0.000105301,0.0,0.0,32,256
sphere,2.000000,none,0,6.9792e-05,0.0,0.0,32,256
sphere,2.000000,none,0,0.000123409,0.0,0.0,32,256
sphere,2.000000,none,0,0.000116668,0.0,0.0,32,256
sphere,2.000000,none,0,0.000185782,0.0,0.0,32,256
sphere,2.000000,none,0,0.00014132,0.0,0.0,32,256
sphere,2.000000,none,0,9.6356e-05,0.0,0.0,32,256
sphere,2.000000,none,0,0.000140823,0.0,0.0,32,256
sphere,2.000000,none,0,0.000138351,0.0,0.0,32,256
sphere,2.000000,none,0,0.000137479,0.0,0.0,32,256
sphere,2.000000,none,0,0.000104742,0.0,0.0,32,256
sphere,2.000000,none,0,0.000180656,0.0,0.0,32,256
sphere,2.000000,none,0,8.6728e-05,0.0,0.0,32,256
sphere,2.000000,none,0,0.000146932,0.0,0.0,32,256
sphere,2.000000,none,0,0.000126634,0.0,0.0,32,256
sphere,2.000000,none,0,0.000109096,0.0,0.0,32,256
sphere,2.000000,none,0,0.000128619,0.0,0.0,32,256
sphere,2.000000,none,0,0.000136702,0.0,0.0,32,256
sphere,2.000000,none,0,0.000149213,0.0,0.0,32,256
sphere,2.000000,none,0,0.000116644,0.0,0.0,32,256
sphere,2.000000,none,0,4.6192e-05,0.0,0.0,32,256
sphere,2.000000,none,0,0.000165234,0.0,0.0,32,256
sphere,2.000000,none,0,0.000141548,0.0,0.0,32,256
sphere,2.000000,none,0,0.000132794,0.0,0.0,32,256
sphere,2.000000,none,0,0.000109165,0.0,0.0,32,256
sphere,2.000000,none,0,0.000115138,0.0,0.0,32,256
sphere,2.000000,none,0,0.000115727,0.0,0.0,32,256
sphere,2.000000,none,0,0.00013614,0.0,0.0,32,256
sphere,2.000000,none,0,0.000156079,0.0,0.0,32,256
sphere,2.000000,none,0,0.000116224,0.0,0.0,32,256
sphere,2.000000,none,0,0.000105805,0.0,0.0,32,256
sphere,2.000000,none,0,0.000150797,0.0,0.0,32,256
sphere,2.000000,none,0,1.9844e-05,0.0,0.0,32,256
sphere,2.000000,none,0,0.000202597,0.0,0.0,32,256
sphere,2.000000,none,0,0.000121644,0.0,0.0,32,256
sphere,2.000000,none,0,0.000111717,0.0,0.0,32,256
sphere,2.000000,none,0,0.000123961,0.0,0.0,32,256
sphere,2.000000,none,0,9.567e-05,0.0,0.0,32,256
sphere,2.000000,none,0,0.000152309,0.0,0.0,32,256
sphere,2.000000,none,0,0.000108728,0.0,0.0,32,256
sphere,2.000000,none,0,0.000111699,0.0,0.0,32,256
sphere,2.000000,none,0,0.000116561,0.0,0.0,32,256
sphere,2.000000,none,0,0.000158668,0.0,0.0,32,256
sphere,2.000000,none,0,4.5429e-05,0.0,0.0,32,256
sphere,2.000000,none,0,0.000349842,0.0,0.0,32,256
sphere,2.000000,none,0,0.000151438,0.0,0.0,32,256
sphere,2.000000,none,0,8.8524e-05,0.0,0.0,32,256
sphere,2.000000,none,0,0.00011405,0.0,0.0,32,256
sphere,2.000000,none,0,0.000110721,0.0,0.0,32,256
sphere,2.000000,none,0,9.3918e-05,0.0,0.0,32,256
sphere,2.000000,none,0,0.000126172,0.0,0.0,32,256
sphere,2.000000,none,0,0.000110648,0.0,0.0,32,256
sphere,2.000000,none,0,0.000108162,0.0,0.0,32,256
sphere,2.000000,none,0,0.000121642,0.0,0.0,32,256
sphere,2.000000,none,0,0.000106766,0.0,0.0,32,256
sphere,2.000000,none,0,7.0161e-05,0.0,0.0,32,256
sphere,2.000000,none,0,0.000152413,0.0,0.0,32,256
sphere,2.000000,none,0,0.00014346,0.0,0.0,32,256
sphere,2.000000,none,0,8.4994e-05,0.0,0.0,32,256
sphere,2.000000,none,0,0.000171791,0.0,0.0,32,256
sphere,2.000000,none,0,0.000119382,0.0,0.0,32,256
sphere,2.000000,none,0,0.000121195,0.0,0.0,32,256
sphere,2.000000,none,0,0.000158805,0.0,0.0,32,256
sphere,2.000000,none,0,0.000153815,0.0,0.0,32,256
sphere,2.000000,none,0,0.000210001,0.0,0.0,32,256
sphere,2.000000,none,0,0.000120139,0.0,0.0,32,256
sphere,2.000000,none,0,6.1153e-05,0.0,0.0,32,256
sphere,2.000000,none,0,8.618e-05,0.0,0.0,32,256
sphere,2.000000,none,0,0.000115155,0.0,0.0,32,256
sphere,2.000000,none,0,0.00018218,0.0,0.0,32,256
sphere,2.000000,none,0,9.833e-05,0.0,0.0,32,256
sphere,2.000000,none,0,0.00013213,0.0,0.0,32,256
sphere,2.000000,none,0,0.000124818,0.0,0.0,32,256
sphere,2.000000,none,0,0.000126418,0.0,0.0,32,256
sphere,2.000000,none,0,0.000147947,0.0,0.0,32,256
sphere,2.000000,none,0,4.5894e-05,0.0,0.0,32,256
sphere,2.000000,none,0,0.000265378,0.0,0.0,32,256
sphere,2.000000,none,0,0.000130191,0.0,0.0,32,256
sphere,2.000000,none,0,0.000137873,0.0,0.0,32,256
sphere,2.000000,none,0,0.000142868,0.0,0.0,32,256
sphere,2.000000,none,0,0.000137797,0.0,0.0,32,256
sphere,2.000000,none,0,0.000117045,0.0,0.0,32,256
sphere,2.000000,none,0,2.6418e-05,0.0,0.0,32,256
sphere,2.000000,none,0,0.000168777,0.0,0.0,32,256
sphere,2.000000,none,0,0.00013675,0.0,0.0,32,256
sphere,2.000000,none,0,0.00014458,0.0,0.0,32,256
sphere,2.000000,none,0,0.000177417,0.0,0.0,32,256
sphere,2.000000,none,0,0.000161514,0.0,0.0,32,256
sphere,2.000000,none,0,0.000123854,0.0,0.0,32,256
sphere,2.000000,none,0,0.000190502,0.0,0.0,32,256
sphere,2.000000,none,0,0.000192776,0.0,0.0,32,256
sphere,2.000000,none,0,0.000102108,0.0,0.0,32,256
sphere,2.000000,none,0,0.000197712,0.0,0.0,32,256
sphere,2.000000,none,0,0.000143505,0.0,0.0,32,256
sphere,2.000000,none,0,0.000100233,0.0,0.0,32,256
sphere,2.000000,none,0,0.000137908,0.0,0.0,32,256
sphere,2.000000,none,0,0.000107076,0.0,0.0,32,256
sphere,2.000000,none,0,9.1743e-05,0.0,0.0,32,256
sphere,2.000000,none,0,0.000127445,0.0,0.0,32,256
sphere,2.000000,none,0,0.000104443,0.0,0.0,32,256
sphere,2.000000,none,0,0.00012181,0.0,0.0,32,256
sphere,2.000000,none,0,8.9483e-05,0.0,0.0,32,256
sphere,2.000000,none,0,9.5334e-05,0.0,0.0,32,256
sphere,2.000000,none,0,5.9736e-05,0.0,0.0,32,256
sphere,2.000000,none,0,0.000133288,0.0,0.0,32,256
sphere,2.000000,none,0,0.000137752,0.0,0.0,32,256
sphere,2.000000,none,0,5.6794e-05,0.0,0.0,32,256
sphere,2.000000,none,0,0.000137781,0.0,0.0,32,256
sphere,2.000000,none,0,0.000108217,0.0,0.0,32,256
sphere,2.000000,none,0,8.4893e-05,0.0,0.0,32,256
sphere,2.000000,none,0,7.9833e-05,0.0,0.0,32,256
sphere,2.000000,none,0,0.000131992,0.0,0.0,32,256
sphere,2.000000,none,0,8.2816e-05,0.0,0.0,32,256
sphere,2.000000,none,0,0.000140498,0.0,0.0,32,256
sphere,2.000000,none,0,0.000131561,0.0,0.0,32,256
sphere,2.000000,none,0,0.000127384,0.0,0.0,32,256
sphere,2.000000,none,0,0.000124287,0.0,0.0,32,256
sphere,2.000000,none,0,0.000120911,0.0,0.0,32,256
sphere,2.000000,none,0,9.5992e-05,0.0,0.0,32,256
sphere,2.000000,none,0,0.000110622,0.0,0.0,32,256
sphere,2.000000,none,0,7.7449e-05,0.0,0.0,32,256
sphere,2.000000,none,0,0.000132663,0.0,0.0,32,256
sphere,2.000000,none,0,0.000152735,0.0,0.0,32,256
sphere,2.000000,none,0,7.8563e-05,0.0,0.0,32,256
sphere,2.000000,none,0,0.000131266,0.0,0.0,32,256
sphere,2.000000,none,0,0.000147112,0.0,0.0,32,256
sphere,2.000000,none,0,2.9102e-05,0.0,0.0,32,256
sphere,2.000000,none,0,0.000119077,0.0,0.0,32,256
sphere,2.000000,none,0,0.000137502,0.0,0.0,32,256
sphere,2.000000,none,0,0.00011619,0.0,0.0,32,256
sphere,2.000000,none,0,0.000117559,0.0,0.0,32,256
sphere,2.000000,none,0,9.6713e-05,0.0,0.0,32,256
sphere,2.000000,none,0,0.000191164,0.0,0.0,32,256
sphere,2.000000,none,0,0.00013806,0.0,0.0,32,256
sphere,2.000000,none,0,0.000120531,0.0,0.0,32,256
sphere,2.000000,none,0,0.000137449,0.0,0.0,32,256
sphere,2.000000,none,0,0.000156887,0.0,0.0,32,256
sphere,2.000000,none,0,0.000140758,0.0,0.0,32,256
sphere,2.000000,none,0,0.000155674,0.0,0.0,32,256
sphere,2.000000,none,0,0.000182174,0.0,0.0,32,256
sphere,2.000000,none,0,0.000192922,0.0,0.0,32,256
sphere,2.000000,none,0,0.00011318,0.0,0.0,32,256
sphere,2.000000,none,0,0.000223026,0.0,0.0,32,256
sphere,2.000000,none,0,0.000238747,0.0,0.0,32,256
sphere,2.000000,none,0,8.0072e-05,0.0,0.0,32,256
sphere,2.000000,none,0,0.000130656,0.0,0.0,32,256
sphere,2.000000,none,0,3.064e-05,0.0,0.0,32,256
sphere,2.000000,none,0,0.000126965,0.0,0.0,32,256
sphere,2.000000,none,0,0.000121659,0.0,0.0,32,256
sphere,2.000000,none,0,6.4343e-05,0.0,0.0,32,256
sphere,2.000000,none,0,0.000153832,0.0,0.0,32,256
sphere,2.000000,none,0,8.9745e-05,0.0,0.0,32,256
sphere,2.000000,none,0,0.000142137,0.0,0.0,32,256
sphere,2.000000,none,0,0.000155522,0.0,0.0,32,256
sphere,2.000000,none,0,0.00011434,0.0,0.0,32,256
sphere,2.000000,none,0,0.000163041,0.0,0.0,32,256
sphere,2.000000,none,0,5.7193e-05,0.0,0.0,32,256
sphere,2.000000,none,0,0.000179274,0.0,0.0,32,256
sphere,2.000000,none,0,0.000140042,0.0,0.0,32,256
sphere,2.000000,none,0,0.000129588,0.0,0.0,32,256
sphere,2.000000,none,0,0.000156133,0.0,0.0,32,256
sphere,2.000000,none,0,0.000130458,0.0,0.0,32,256
sphere,2.000000,none,0,0.000137937,0.0,0.0,32,256
sphere,2.000000,none,0,7.0115e-05,0.0,0.0,32,256
sphere,2.000000,none,0,8.9352e-05,0.0,0.0,32,256
sphere,2.000000,none,0,0.000135102,0.0,0.0,32,256
sphere,2.000000,none,0,0.00012926,0.0,0.0,32,256
sphere,2.000000,none,0,0.000185376,0.0,0.0,32,256
sphere,2.000000,none,0,0.00022018,0.0,0.0,32,256
sphere,2.000000,none,0,0.000179511,0.0,0.0,32,256
sphere,2.000000,none,0,7.0678e-05,0.0,0.0,32,256
sphere,2.000000,none,0,0.000113878,0.0,0.0,32,256
sphere,2.000000,none,0,0.000130578,0.0,0.0,32,256
sphere,2.000000,none,0,0.000150995,0.0,0.0,32,256
sphere,2.000000,none,0,9.0451e-05,0.0,0.0,32,256
sphere,2.000000,none,0,0.00013811,0.0,0.0,32,256
sphere,2.000000,none,0,0.000129814,0.0,0.0,32,256
sphere,2.000000,none,0,0.00012987,0.0,0.0,32,256
sphere,2.000000,none,0,7.2147e-05,0.0,0.0,32,256
sphere,2.000000,none,0,0.000137968,0.0,0.0,32,256
sphere,2.000000,none,0,0.000121555,0.0,0.0,32,256
sphere,2.000000,none,0,0.000108132,0.0,0.0,32,256
sphere,2.000000,none,0,2.6951e-05,0.0,0.0,32,256
sphere,2.000000,none,0,0.000107713,0.0,0.0,32,256
sphere,2.000000,none,0,6.4019e-05,0.0,0.0,32,256
sphere,2.000000,none,0,7.0428e-05,0.0,0.0,32,256
sphere,2.000000,none,0,0.000151917,0.0,0.0,32,256
sphere,2.000000,none,0,5.2319e-05,0.0,0.0,32,256
sphere,2.000000,none,0,0.000107905,0.0,0.0,32,256
sphere,2.000000,none,0,0.000127201,0.0,0.0,32,256
sphere,2.000000,none,0,0.00013792,0.0,0.0,32,256
sphere,2.000000,none,0,0.000111224,0.0,0.0,32,256
sphere,2.000000,none,0,0.000120261,0.0,0.0,32,256
sphere,2.000000,none,0,8.0711e-05,0.0,0.0,32,256
sphere,2.000000,none,0,0.000100765,0.0,0.0,32,256
sphere,2.000000,none,0,0.000101365,0.0,0.0,32,256
sphere,2.000000,none,0,0.000149816,0.0,0.0,32,256
sphere,2.000000,none,0,9.6741e-05,0.0,0.0,32,256
sphere,2.000000,none,0,0.000119786,0.0,0.0,32,256
sphere,2.000000,none,0,7.4517e-05,0.0,0.0,32,256
sphere,2.000000,none,0,0.000248145,0.0,0.0,32,256
sphere,2.000000,none,0,0.000181268,0.0,0.0,32,256
sphere,2.000000,none,0,0.000151309,0.0,0.0,32,256
sphere,2.000000,none,0,0.000140903,0.0,0.0,32,256
sphere,2.000000,none,0,9.8763e-05,0.0,0.0,32,256
sphere,2.000000,none,0,0.000289902,0.0,0.0,32,256
sphere,2.000000,none,0,0.000142519,0.0,0.0,32,256
sphere,2.000000,none,0,0.000143084,0.0,0.0,32,256
sphere,2.000000,none,0,0.000102051,0.0,0.0,32,256
sphere,2.000000,none,0,9.9214e-05,0.0,0.0,32,256
sphere,2.000000,none,0,7.7968e-05,0.0,0.0,32,256
sphere,2.000000,none,0,0.00012336,0.0,0.0,32,256
sphere,2.000000,none,0,0.000111941,0.0,0.0,32,256
sphere,2.000000,none,0,0.000125091,0.0,0.0,32,256
sphere,2.000000,none,0,0.000121435,0.0,0.0,32,256
sphere,2.000000,none,0,0.000112756,0.0,0.0,32,256
sphere,2.000000,none,0,0.000124584,0.0,0.0,32,256
sphere,2.000000,none,0,0.000344889,0.0,0.0,32,256
sphere,2.000000,none,0,9.3601e-05,0.0,0.0,32,256
sphere,2.000000,none,0,0.000116909,0.0,0.0,32,256
sphere,2.000000,none,0,4.004e-06,0.0,0.0,32,256
sphere,2.000000,none,0,8.1298e-05,0.0,0.0,32,256
sphere,2.000000,none,0,1.9345e-05,0.0,0.0,32,256
sphere,2.000000,none,0,9.4813e-05,0.0,0.0,32,256
sphere,2.000000,none,0,8.7491e-05,0.0,0.0,32,256
sphere,2.000000,none,0,0.000138296,0.0,0.0,32,256
sphere,2.000000,none,0,0.000145542,0.0,0.0,32,256
sphere,2.000000,none,0,0.000136777,0.0,0.0,32,256
sphere,2.000000,none,0,4.992e-05,0.0,0.0,32,256
sphere,2.000000,none,0,0.000145759,0.0,0.0,32,256
sphere,2.000000,none,0,0.000123124,0.0,0.0,32,256
sphere,2.000000,none,0,0.000135757,0.0,0.0,32,256
sphere,2.000000,none,0,0.000139687,0.0,0.0,32,256
sphere,2.000000,none,0,0.000109818,0.0,0.0,32,256
sphere,2.000000,none,0,0.000101478,0.0,0.0,32,256
sphere,2.000000,none,0,0.000111877,0.0,0.0,32,256
sphere,2.000000,none,0,9.2283e-05,0.0,0.0,32,256
sphere,2.000000,none,0,0.000116832,0.0,0.0,32,256
sphere,2.000000,none,0,0.000109848,0.0,0.0,32,256
sphere,2.000000,none,0,0.00012537,0.0,0.0,32,256
sphere,2.000000,none,0,8.3898e-05,0.0,0.0,32,256
sphere,2.000000,none,0,0.000124132,0.0,0.0,32,256
sphere,2.000000,none,0,5.8217e-05,0.0,0.0,32,256
sphere,2.000000,none,0,0.00014571,0.0,0.0,32,256
sphere,2.000000,none,0,9.2069e-05,0.0,0.0,32,256
sphere,2.000000,none,0,0.000145714,0.0,0.0,32,256
sphere,2.000000,none,0,0.000103477,0.0,0.0,32,256
sphere,2.000000,none,0,0.000119844,0.0,0.0,32,256
sphere,2.000000,none,0,0.000123055,0.0,0.0,32,256
sphere,2.000000,none,0,0.000146014,0.0,0.0,32,256
sphere,2.000000,none,0,0.000133641,0.0,0.0,32,256
sphere,2.000000,none,0,0.000196633,0.0,0.0,32,256
sphere,2.000000,none,0,0.000202023,0.0,0.0,32,256
sphere,2.000000,none,0,9.022e-05,0.0,0.0,32,256
sphere,2.000000,none,0,0.000192272,0.0,0.0,32,256
sphere,2.000000,none,0,0.0001426,0.0,0.0,32,256
sphere,2.000000,none,0,0.0001115,0.0,0.0,32,256
sphere,2.000000,none,0,0.000126284,0.0,0.0,32,256
sphere,2.000000,none,0,0.000137612,0.0,0.0,32,256
sphere,2.000000,none,0,0.000108463,0.0,0.0,32,256
sphere,2.000000,none,0,0.000132315,0.0,0.0,32,256
sphere,2.000000,none,0,0.000154302,0.0,0.0,32,256
sphere,2.000000,none,0,0.000167981,0.0,0.0,32,256
sphere,2.000000,none,0,6.8753e-05,0.0,0.0,32,256
sphere,2.000000,none,0,0.000118251,0.0,0.0,32,256
sphere,2.000000,none,0,0.000125022,0.0,0.0,32,256
sphere,2.000000,none,0,7.4691e-05,0.0,0.0,32,256
sphere,2.000000,none,0,0.000160265,0.0,0.0,32,256
sphere,2.000000,none,0,0.00014206,0.0,0.0,32,256
sphere,2.000000,none,0,0.000121775,0.0,0.0,32,256
sphere,2.000000,none,0,0.000157951,0.0,0.0,32,256
sphere,2.000000,none,0,0.00018563,0.0,0.0,32,256
sphere,2.000000,none,0,0.000141162,0.0,0.0,32,256
sphere,2.000000,none,0,8.1903e-05,0.0,0.0,32,256
sphere,2.000000,none,0,0.000142539,0.0,0.0,32,256
sphere,2.000000,none,0,0.00013249,0.0,0.0,32,256
sphere,2.000000,none,0,0.000103966,0.0,0.0,32,256
sphere,2.000000,none,0,7.977e-05,0.0,0.0,32,256
sphere,2.000000,none,0,0.000141968,0.0,0.0,32,256
sphere,2.000000,none,0,0.000141873,0.0,0.0,32,256
sphere,2.000000,none,0,8.4993e-05,0.0,0.0,32,256
sphere,2.000000,none,0,0.000153532,0.0,0.0,32,256
sphere,2.000000,none,0,0.000280392,0.0,0.0,32,256
sphere,2.000000,none,0,7.9864e-05,0.0,0.0,32,256
sphere,2.000000,none,0,0.000124473,0.0,0.0,32,256
sphere,2.000000,none,0,2.7413e-05,0.0,0.0,32,256
sphere,2.000000,none,0,0.000190393,0.0,0.0,32,256
sphere,2.000000,none,0,9.7542e-05,0.0,0.0,32,256
sphere,2.000000,none,0,1.8719e-05,0.0,0.0,32,256
sphere,2.000000,none,0,0.000150477,0.0,0.0,32,256
sphere,2.000000,none,0,0.000139987,0.0,0.0,32,256
sphere,2.000000,none,0,0.000130729,0.0,0.0,32,256
sphere,2.000000,none,0,3.364e-05,0.0,0.0,32,256
sphere,2.000000,none,0,0.000141387,0.0,0.0,32,256
sphere,2.000000,none,0,0.000164184,0.0,0.0,32,256
sphere,2.000000,none,0,0.0001229,0.0,0.0,32,256
sphere,2.000000,none,0,0.000122362,0.0,0.0,32,256
sphere,2.000000,none,0,0.000174522,0.0,0.0,32,256
sphere,2.000000,none,0,0.000253315,0.0,0.0,32,256
sphere,2.000000,none,0,0.000127012,0.0,0.0,32,256
sphere,2.000000,none,0,8.2588e-05,0.0,0.0,32,256
sphere,2.000000,none,0,0.000143847,0.0,0.0,32,256
sphere,2.000000,none,0,8.6519e-05,0.0,0.0,32,256
sphere,2.000000,none,0,6.0402e-05,0.0,0.0,32,256
sphere,2.000000,none,0,0.000153814,0.0,0.0,32,256
sphere,2.000000,none,0,0.000129551,0.0,0.0,32,256
sphere,2.000000,none,0,3.969e-05,0.0,0.0,32,256
sphere,2.000000,none,0,0.000193292,0.0,0.0,32,256
sphere,2.000000,none,0,0.00016485,0.0,0.0,32,256
sphere,2.000000,none,0,0.000194282,0.0,0.0,32,256
sphere,2.000000,none,0,0.000116765,0.0,0.0,32,256
sphere,2.000000,none,0,3.6411e-05,0.0,0.0,32,256
sphere,2.000000,none,0,0.000183143,0.0,0.0,32,256
sphere,2.000000,none,0,0.000115769,0.0,0.0,32,256
sphere,2.000000,none,0,1.9819e-05,0.0,0.0,32,256
sphere,2.000000,none,0,0.000136191,0.0,0.0,32,256
sphere,2.000000,none,0,8.1262e-05,0.0,0.0,32,256
sphere,2.000000,none,0,3.9254e-05,0.0,0.0,32,256
sphere,2.000000,none,0,0.000105483,0.0,0.0,32,256
sphere,2.000000,none,0,0.000137369,0.0,0.0,32,256
sphere,2.000000,none,0,1.8497e-05,0.0,0.0,32,256
sphere,2.000000,none,0,6.7809e-05,0.0,0.0,32,256
sphere,2.000000,none,0,8.6193e-05,0.0,0.0,32,256
sphere,2.000000,none,0,0.000103285,0.0,0.0,32,256
sphere,2.000000,none,0,0.000160059,0.0,0.0,32,256
sphere,2.000000,none,0,0.000120265,0.0,0.0,32,256
sphere,2.000000,none,0,0.000163079,0.0,0.0,32,256
sphere,2.000000,none,0,0.000105502,0.0,0.0,32,256
sphere,2.000000,none,0,7.744e-05,0.0,0.0,32,256
sphere,2.000000,none,0,0.000119711,0.0,0.0,32,256
sphere,2.000000,none,0,9.5864e-05,0.0,0.0,32,256
cube,2.000000,none,0,5.8152e-05,0.0,0.0,32,256
cube,2.000000,none,0,0.000178323,0.0,0.0,32,256
cube,2.000000,none,0,0.00012178,0.0,0.0,32,256
cube,2.000000,none,0,0.000113204,0.0,0.0,32,256
cube,2.000000,none,0,0.000161127,0.0,0.0,32,256
cube,2.000000,none,0,0.00014611,0.0,0.0,32,256
cube,2.000000,none,0,0.000135345,0.0,0.0,32,256
cube,2.000000,none,0,0.000145948,0.0,0.0,32,256
cube,2.000000,none,0,0.000126472,0.0,0.0,32,256
cube,2.000000,none,0,0.000120105,0.0,0.0,32,256
cube,2.000000,none,0,0.000126786,0.0,0.0,32,256
cube,2.000000,none,0,0.000134469,0.0,0.0,32,256
cube,2.000000,none,0,9.9498e-05,0.0,0.0,32,256
cube,2.000000,none,0,0.000178049,0.0,0.0,32,256
cube,2.000000,none,0,0.000182397,0.0,0.0,32,256
cube,2.000000,none,0,0.000134666,0.0,0.0,32,256
cube,2.000000,none,0,0.000157394,0.0,0.0,32,256
cube,2.000000,none,0,0.000137422,0.0,0.0,32,256
cube,2.000000,none,0,0.000136864,0.0,0.0,32,256
cube,2.000000,none,0,0.000209378,0.0,0.0,32,256
cube,2.000000,none,0,0.000161315,0.0,0.0,32,256
cube,2.000000,none,0,0.000184647,0.0,0.0,32,256
cube,2.000000,none,0,6.8251e-05,0.0,0.0,32,256
cube,2.000000,none,0,0.000199585,0.0,0.0,32,256
cube,2.000000,none,0,0.000151818,0.0,0.0,32,256
cube,2.000000,none,0,2.1568e-05,0.0,0.0,32,256
cube,2.000000,none,0,0.00010992,0.0,0.0,32,256
cube,2.000000,none,0,2.4331e-05,0.0,0.0,32,256
cube,2.000000,none,0,0.00019496,0.0,0.0,32,256
cube,2.000000,none,0,0.000453256,0.0,0.0,32,256
cube,2.000000,none,0,0.000138587,0.0,0.0,32,256
cube,2.000000,none,0,0.000225641,0.0,0.0,32,256
cube,2.000000,none,0,0.000226705,0.0,0.0,32,256
cube,2.000000,none,0,0.000184076,0.0,0.0,32,256
cube,2.000000,none,0,0.000139474,0.0,0.0,32,256
cube,2.000000,none,0,0.000215812,0.0,0.0,32,256
cube,2.000000,none,0,0.000135806,0.0,0.0,32,256
cube,2.000000,none,0,0.000277069,0.0,0.0,32,256
cube,2.000000,none,0,9.5891e-05,0.0,0.0,32,256
cube,2.000000,none,0,9.9892e-05,0.0,0.0,32,256
cube,2.000000,none,0,0.000104745,0.0,0.0,32,256
cube,2.000000,none,0,6.6043e-05,0.0,0.0,32,256
cube,2.000000,none,0,0.000103484,0.0,0.0,32,256
cube,2.000000,none,0,0.000142133,0.0,0.0,32,256
cube,2.000000,none,0,4.1009e-05,0.0,0.0,32,256
cube,2.000000,none,0,0.000125305,0.0,0.0,32,256
cube,2.000000,none,0,0.000110335,0.0,0.0,32,256
cube,2.000000,none,0,0.000193408,0.0,0.0,32,256
cube,2.000000,none,0,0.000177547,0.0,0.0,32,256
cube,2.000000,none,0,0.000129357,0.0,0.0,32,256
cube,2.000000,none,0,0.000102431,0.0,0.0,32,256
cube,2.000000,none,0,8.6364e-05,0.0,0.0,32,256
cube,2.000000,none,0,0.000156246,0.0,0.0,32,256
cube,2.000000,none,0,0.000182892,0.0,0.0,32,256
cube,2.000000,none,0,0.000190412,0.0,0.0,32,256
cube,2.000000,none,0,0.00013237,0.0,0.0,32,256
cube,2.000000,none,0,0.000257885,0.0,0.0,32,256
cube,2.000000,none,0,0.000166102,0.0,0.0,32,256
cube,2.000000,none,0,0.0001764,0.0,0.0,32,256
cube,2.000000,none,0,0.000221112,0.0,0.0,32,256
cube,2.000000,none,0,0.000155058,0.0,0.0,32,256
cube,2.000000,none,0,0.000125718,0.0,0.0,32,256
cube,2.000000,none,0,0.000126311,0.0,0.0,32,256
cube,2.000000,none,0,0.000154034,0.0,0.0,32,256
cube,2.000000,none,0,0.000131615,0.0,0.0,32,256
cube,2.000000,none,0,0.000138583,0.0,0.0,32,256
cube,2.000000,none,0,6.5239e-05,0.0,0.0,32,256
cube,2.000000,none,0,0.000114835,0.0,0.0,32,256
cube,2.000000,none,0,0.000128947,0.0,0.0,32,256
cube,2.000000,none,0,0.000178786,0.0,0.0,32,256
cube,2.000000,none,0,0.000180303,0.0,0.0,32,256
cube,2.000000,none,0,0.00039674,0.0,0.0,32,256
cube,2.000000,none,0,0.000221781,0.0,0.0,32,256
cube,2.000000,none,0,0.000151441,0.0,0.0,32,256
cube,2.000000,none,0,0.000137195,0.0,0.0,32,256
cube,2.000000,none,0,0.000224345,0.0,0.0,32,256
cube,2.000000,none,0,0.000178556,0.0,0.0,32,256
cube,2.000000,none,0,0.000182972,0.0,0.0,32,256
cube,2.000000,none,0,0.000216187,0.0,0.0,32,256
cube,2.000000,none,0,0.000199002,0.0,0.0,32,256
cube,2.000000,none,0,0.000136146,0.0,0.0,32,256
cube,2.000000,none,0,0.000111353,0.0,0.0,32,256
cube,2.000000,none,0,0.000191251,0.0,0.0,32,256
cube,2.000000,none,0,0.000140494,0.0,0.0,32,256
cube,2.000000,none,0,0.000124056,0.0,0.0,32,256
cube,2.000000,none,0,0.000107204,0.0,0.0,32,256
cube,2.000000,none,0,0.000164918,0.0,0.0,32,256
cube,2.000000,none,0,5.7432e-05,0.0,0.0,32,256
cube,2.000000,none,0,7.2689e-05,0.0,0.0,32,256
cube,2.000000,none,0,0.000101469,0.0,0.0,32,256
cube,2.000000,none,0,0.000164352,0.0,0.0,32,256
cube,2.000000,none,0,0.000171923,0.0,0.0,32,256
cube,2.000000,none,0,0.000187172,0.0,0.0,32,256
cube,2.000000,none,0,0.000101243,0.0,0.0,32,256
cube,2.000000,none,0,0.000121893,0.0,0.0,32,256
cube,2.000000,none,0,7.9288e-05,0.0,0.0,32,256
cube,2.000000,none,0,0.00016811,0.0,0.0,32,256
cube,2.000000,none,0,0.000127054,0.0,0.0,32,256
cube,2.000000,none,0,0.000131724,0.0,0.0,32,256
cube,2.000000,none,0,0.000133067,0.0,0.0,32,256
cube,2.000000,none,0,0.000150254,0.0,0.0,32,256
cube,2.000000,none,0,0.000207959,0.0,0.0,32,256
cube,2.000000,none,0,0.000216048,0.0,0.0,32,256
cube,2.000000,none,0,0.000178762,0.0,0.0,32,256
cube,2.000000,none,0,7.8192e-05,0.0,0.0,32,256
cube,2.000000,none,0,3.5413e-05,0.0,0.0,32,256
cube,2.000000,none,0,0.000138071,0.0,0.0,32,256
cube,2.000000,none,0,6.9085e-05,0.0,0.0,32,256
cube,2.000000,none,0,0.00013422,0.0,0.0,32,256
cube,2.000000,none,0,0.000136815,0.0,0.0,32,256
cube,2.000000,none,0,0.000146386,0.0,0.0,32,256
cube,2.000000,none,0,0.000122035,0.0,0.0,32,256
cube,2.000000,none,0,0.000142111,0.0,0.0,32,256
cube,2.000000,none,0,0.000174643,0.0,0.0,32,256
cube,2.000000,none,0,0.0001431,0.0,0.0,32,256
cube,2.000000,none,0,0.000177215,0.0,0.0,32,256
cube,2.000000,none,0,0.000179368,0.0,0.0,32,256
cube,2.000000,none,0,0.000102923,0.0,0.0,32,256
cube,2.000000,none,0,0.000175983,0.0,0.0,32,256
cube,2.000000,none,0,0.000132831,0.0,0.0,32,256
cube,2.000000,none,0,5.9333e-05,0.0,0.0,32,256
cube,2.000000,none,0,0.000114454,0.0,0.0,32,256
cube,2.000000,none,0,8.8189e-05,0.0,0.0,32,256
cube,2.000000,none,0,0.000158006,0.0,0.0,32,256
cube,2.000000,none,0,0.000148379,0.0,0.0,32,256
cube,2.000000,none,0,0.000140461,0.0,0.0,32,256
cube,2.000000,none,0,0.000138743,0.0,0.0,32,256
cube,2.000000,none,0,9.0791e-05,0.0,0.0,32,256
cube,2.000000,none,0,4.8989e-05,0.0,0.0,32,256
cube,2.000000,none,0,0.000129737,0.0,0.0,32,256
cube,2.000000,none,0,0.000143458,0.0,0.0,32,256
cube,2.000000,none,0,8.809e-05,0.0,0.0,32,256
cube,2.000000,none,0,0.000136765,0.0,0.0,32,256
cube,2.000000,none,0,0.000173933,0.0,0.0,32,256
cube,2.000000,none,0,0.000181865,0.0,0.0,32,256
cube,2.000000,none,0,0.000180881,0.0,0.0,32,256
cube,2.000000,none,0,0.0001231,0.0,0.0,32,256
cube,2.000000,none,0,0.000175262,0.0,0.0,32,256
cube,2.000000,none,0,0.00013141,0.0,0.0,32,256
cube,2.000000,none,0,0.000136437,0.0,0.0,32,256
cube,2.000000,none,0,0.000144114,0.0,0.0,32,256
cube,2.000000,none,0,7.9488e-05,0.0,0.0,32,256
cube,2.000000,none,0,0.000158216,0.0,0.0,32,256
cube,2.000000,none,0,5.7947e-05,0.0,0.0,32,256
cube,2.000000,none,0,0.000140671,0.0,0.0,32,256
cube,2.000000,none,0,0.000129205,0.0,0.0,32,256
cube,2.000000,none,0,0.000163044,0.0,0.0,32,256
cube,2.000000,none,0,0.000157013,0.0,0.0,32,256
cube,2.000000,none,0,0.00012587,0.0,0.0,32,256
cube,2.000000,none,0,0.000106559,0.0,0.0,32,256
cube,2.000000,none,0,0.000131061,0.0,0.0,32,256
cube,2.000000,none,0,8.9614e-05,0.0,0.0,32,256
cube,2.000000,none,0,0.00016553,0.0,0.0,32,256
cube,2.000000,none,0,0.000138133,0.0,0.0,32,256
cube,2.000000,none,0,0.000109639,0.0,0.0,32,256
cube,2.000000,none,0,4.4518e-05,0.0,0.0,32,256
cube,2.000000,none,0,0.000113764,0.0,0.0,32,256
cube,2.000000,none,0,0.000219161,0.0,0.0,32,256
cube,2.000000,none,0,0.0001005,0.0,0.0,32,256
cube,2.000000,none,0,0.000229659,0.0,0.0,32,256
cube,2.000000,none,0,0.000164755,0.0,0.0,32,256
cube,2.000000,none,0,0.00016762,0.0,0.0,32,256
cube,2.000000,none,0,0.000137819,0.0,0.0,32,256
cube,2.000000,none,0,0.000170754,0.0,0.0,32,256
cube,2.000000,none,0,0.000110098,0.0,0.0,32,256
cube,2.000000,none,0,0.000136242,0.0,0.0,32,256
cube,2.000000,none,0,0.00013592,0.0,0.0,32,256
cube,2.000000,none,0,2.6017e-05,0.0,0.0,32,256
cube,2.000000,none,0,0.000167662,0.0,0.0,32,256
cube,2.000000,none,0,0.000119068,0.0,0.0,32,256
cube,2.000000,none,0,8.3262e-05,0.0,0.0,32,256
cube,2.000000,none,0,0.000141021,0.0,0.0,32,256
cube,2.000000,none,0,0.000203227,0.0,0.0,32,256
cube,2.000000,none,0,0.000309488,0.0,0.0,32,256
cube,2.000000,none,0,0.000142505,0.0,0.0,32,256
cube,2.000000,none,0,0.000133899,0.0,0.0,32,256
cube,2.000000,none,0,0.00014665,0.0,0.0,32,256
cube,2.000000,none,0,0.000142101,0.0,0.0,32,256
cube,2.000000,none,0,0.000148854,0.0,0.0,32,256
cube,2.000000,none,0,8.8039e-05,0.0,0.0,32,256
cube,2.000000,none,0,0.000167103,0.0,0.0,32,256
cube,2.000000,none,0,9.9912e-05,0.0,0.0,32,256
cube,2.000000,none,0,0.000162933,0.0,0.0,32,256
cube,2.000000,none,0,0.000203015,0.0,0.0,32,256
cube,2.000000,none,0,0.000181808,0.0,0.0,32,256
cube,2.000000,none,0,0.000226748,0.0,0.0,32,256
cube,2.000000,none,0,0.000202046,0.0,0.0,32,256
cube,2.000000,none,0,0.000152243,0.0,0.0,32,256
cube,2.000000,none,0,0.000207209,0.0,0.0,32,256
cube,2.000000,none,0,5.9511e-05,0.0,0.0,32,256
cube,2.000000,none,0,0.000218212,0.0,0.0,32,256
cube,2.000000,none,0,0.000163886,0.0,0.0,32,256
cube,2.000000,none,0,0.000163463,0.0,0.0,32,256
cube,2.000000,none,0,0.000152459,0.0,0.0,32,256
cube,2.000000,none,0,0.000158977,0.0,0.0,32,256
cube,2.000000,none,0,0.000101073,0.0,0.0,32,256
cube,2.000000,none,0,0.000137861,0.0,0.0,32,256
cube,2.000000,none,0,0.000142859,0.0,0.0,32,256
cube,2.000000,none,0,0.000100141,0.0,0.0,32,256
cube,2.000000,none,0,0.000103631,0.0,0.0,32,256
cube,2.000000,none,0,0.00014156,0.0,0.0,32,256
cube,2.000000,none,0,3.2049e-05,0.0,0.0,32,256
cube,2.000000,none,0,0.000166048,0.0,0.0,32,256
cube,2.000000,none,0,0.000169886,0.0,0.0,32,256
cube,2.000000,none,0,0.000103413,0.0,0.0,32,256
cube,2.000000,none,0,0.000143652,0.0,0.0,32,256
cube,2.000000,none,0,0.000133075,0.0,0.0,32,256
cube,2.000000,none,0,0.000184542,0.0,0.0,32,256
cube,2.000000,none,0,0.000159022,0.0,0.0,32,256
cube,2.000000,none,0,0.000115599,0.0,0.0,32,256
cube,2.000000,none,0,0.000137186,0.0,0.0,32,256
cube,2.000000,none,0,0.000145234,0.0,0.0,32,256
cube,2.000000,none,0,4.9953e-05,0.0,0.0,32,256
cube,2.000000,none,0,0.000165871,0.0,0.0,32,256
cube,2.000000,none,0,0.000194604,0.0,0.0,32,256
cube,2.000000,none,0,0.000134784,0.0,0.0,32,256
cube,2.000000,none,0,0.000179935,0.0,0.0,32,256
cube,2.000000,none,0,0.000213886,0.0,0.0,32,256
cube,2.000000,none,0,0.000162902,0.0,0.0,32,256
cube,2.000000,none,0,0.00021698,0.0,0.0,32,256
cube,2.000000,none,0,0.000197677,0.0,0.0,32,256
cube,2.000000,none,0,0.000151225,0.0,0.0,32,256
cube,2.000000,none,0,0.000150895,0.0,0.0,32,256
cube,2.000000,none,0,0.0001089,0.0,0.0,32,256
cube,2.000000,none,0,6.8691e-05,0.0,0.0,32,256
cube,2.000000,none,0,0.00015128,0.0,0.0,32,256
cube,2.000000,none,0,0.000155355,0.0,0.0,32,256
cube,2.000000,none,0,9.5418e-05,0.0,0.0,32,256
cube,2.000000,none,0,0.000185505,0.0,0.0,32,256
cube,2.000000,none,0,0.000159101,0.0,0.0,32,256
cube,2.000000,none,0,0.00014068,0.0,0.0,32,256
cube,2.000000,none,0,0.000147517,0.0,0.0,32,256
cube,2.000000,none,0,0.000194425,0.0,0.0,32,256
cube,2.000000,none,0,0.000197314,0.0,0.0,32,256
cube,2.000000,none,0,0.000122409,0.0,0.0,32,256
cube,2.000000,none,0,6.7224e-05,0.0,0.0,32,256
cube,2.000000,none,0,0.000123075,0.0,0.0,32,256
cube,2.000000,none,0,0.000138113,0.0,0.0,32,256
cube,2.000000,none,0,0.000160905,0.0,0.0,32,256
cube,2.000000,none,0,0.000113088,0.0,0.0,32,256
cube,2.000000,none,0,0.000141697,0.0,0.0,32,256
cube,2.000000,none,0,0.00012905,0.0,0.0,32,256
cube,2.000000,none,0,0.00012789,0.0,0.0,32,256
cube,2.000000,none,0,0.000193879,0.0,0.0,32,256
cube,2.000000,none,0,4.9716e-05,0.0,0.0,32,256
cube,2.000000,none,0,0.000139332,0.0,0.0,32,256
cube,2.000000,none,0,0.000118187,0.0,0.0,32,256
cube,2.000000,none,0,0.000131572,0.0,0.0,32,256
cube,2.000000,none,0,0.000129383,0.0,0.0,32,256
cube,2.000000,none,0,0.000100935,0.0,0.0,32,256
cube,2.000000,none,0,9.2001e-05,0.0,0.0,32,256
cube,2.000000,none,0,2.019e-05,0.0,0.0,32,256
cube,2.000000,none,0,0.000133486,0.0,0.0,32,256
cube,2.000000,none,0,0.000135181,0.0,0.0,32,256
cube,2.000000,none,0,0.000121733,0.0,0.0,32,256
cube,2.000000,none,0,0.000173473,0.0,0.0,32,256
cube,2.000000,none,0,0.000136449,0.0,0.0,32,256
cube,2.000000,none,0,0.000121055,0.0,0.0,32,256
cube,2.000000,none,0,0.000134795,0.0,0.0,32,256
cube,2.000000,none,0,0.000172133,0.0,0.0,32,256
cube,2.000000,none,0,9.7148e-05,0.0,0.0,32,256
cube,2.000000,none,0,0.000203261,0.0,0.0,32,256
cube,2.000000,none,0,0.000137847,0.0,0.0,32,256
cube,2.000000,none,0,0.000107705,0.0,0.0,32,256
cube,2.000000,none,0,0.00014664,0.0,0.0,32,256
cube,2.000000,none,0,0.000107845,0.0,0.0,32,256
cube,2.000000,none,0,9.7889e-05,0.0,0.0,32,256
cube,2.000000,none,0,0.000153109,0.0,0.0,32,256
cube,2.000000,none,0,0.000122053,0.0,0.0,32,256
cube,2.000000,none,0,0.000150374,0.0,0.0,32,256
cube,2.000000,none,0,9.9209e-05,0.0,0.0,32,256
cube,2.000000,none,0,9.802e-05,0.0,0.0,32,256
cube,2.000000,none,0,7.68e-05,0.0,0.0,32,256
cube,2.000000,none,0,0.000135297,0.0,0.0,32,256
cube,2.000000,none,0,0.000130798,0.0,0.0,32,256
cube,2.000000,none,0,9.8527e-05,0.0,0.0,32,256
cube,2.000000,none,0,0.000133384,0.0,0.0,32,256
cube,2.000000,none,0,0.000132142,0.0,0.0,32,256
cube,2.000000,none,0,9.0874e-05,0.0,0.0,32,256
cube,2.000000,none,0,0.000107738,0.0,0.0,32,256
cube,2.000000,none,0,0.000156281,0.0,0.0,32,256
cube,2.000000,none,0,0.000126521,0.0,0.0,32,256
cube,2.000000,none,0,0.000138528,0.0,0.0,32,256
cube,2.000000,none,0,0.000133989,0.0,0.0,32,256
cube,2.000000,none,0,0.00013722,0.0,0.0,32,256
cube,2.000000,none,0,0.000150055,0.0,0.0,32,256
cube,2.000000,none,0,0.000144204,0.0,0.0,32,256
cube,2.000000,none,0,9.803e-05,0.0,0.0,32,256
cube,2.000000,none,0,0.000112988,0.0,0.0,32,256
cube,2.000000,none,0,7.8699e-05,0.0,0.0,32,256
cube,2.000000,none,0,0.000142464,0.0,0.0,32,256
cube,2.000000,none,0,0.00012668,0.0,0.0,32,256
cube,2.000000,none,0,9.7329e-05,0.0,0.0,32,256
cube,2.000000,none,0,0.000138424,0.0,0.0,32,256
cube,2.000000,none,0,0.000184728,0.0,0.0,32,256
cube,2.000000,none,0,5.9117e-05,0.0,0.0,32,256
cube,2.000000,none,0,0.000152188,0.0,0.0,32,256
cube,2.000000,none,0,0.000138466,0.0,0.0,32,256
cube,2.000000,none,0,0.000138539,0.0,0.0,32,256
cube,2.000000,none,0,0.000112497,0.0,0.0,32,256
cube,2.000000,none,0,0.000104936,0.0,0.0,32,256
cube,2.000000,none,0,0.000166511,0.0,0.0,32,256
cube,2.000000,none,0,0.000152452,0.0,0.0,32,256
cube,2.000000,none,0,0.000135796,0.0,0.0,32,256
cube,2.000000,none,0,0.000134377,0.0,0.0,32,256
cube,2.000000,none,0,0.000167472,0.0,0.0,32,256
cube,2.000000,none,0,0.000145616,0.0,0.0,32,256
cube,2.000000,none,0,0.000169469,0.0,0.0,32,256
cube,2.000000,none,0,0.000127915,0.0,0.0,32,256
cube,2.000000,none,0,0.000195903,0.0,0.0,32,256
cube,2.000000,none,0,0.000129002,0.0,0.0,32,256
cube,2.000000,none,0,0.000209202,0.0,0.0,32,256
cube,2.000000,none,0,0.000210686,0.0,0.0,32,256
cube,2.000000,none,0,0.000123119,0.0,0.0,32,256
cube,2.000000,none,0,0.000133795,0.0,0.0,32,256
cube,2.000000,none,0,3.4793e-05,0.0,0.0,32,256
cube,2.000000,none,0,0.000122625,0.0,0.0,32,256
cube,2.000000,none,0,0.000121325,0.0,0.0,32,256
cube,2.000000,none,0,0.000133058,0.0,0.0,32,256
cube,2.000000,none,0,0.000143606,0.0,0.0,32,256
cube,2.000000,none,0,0.00013605,0.0,0.0,32,256
cube,2.000000,none,0,0.000180282,0.0,0.0,32,256
cube,2.000000,none,0,0.000147736,0.0,0.0,32,256
cube,2.000000,none,0,0.000123148,0.0,0.0,32,256
cube,2.000000,none,0,0.000153038,0.0,0.0,32,256
cube,2.000000,none,0,6.8368e-05,0.0,0.0,32,256
cube,2.000000,none,0,0.000173506,0.0,0.0,32,256
cube,2.000000,none,0,0.000157927,0.0,0.0,32,256
cube,2.000000,none,0,0.000133286,0.0,0.0,32,256
cube,2.000000,none,0,0.000146955,0.0,0.0,32,256
cube,2.000000,none,0,0.000134185,0.0,0.0,32,256
cube,2.000000,none,0,0.000122881,0.0,0.0,32,256
cube,2.000000,none,0,7.9168e-05,0.0,0.0,32,256
cube,2.000000,none,0,0.000125292,0.0,0.0,32,256
cube,2.000000,none,0,0.000135305,0.0,0.0,32,256
cube,2.000000,none,0,0.000141274,0.0,0.0,32,256
cube,2.000000,none,0,0.000138699,0.0,0.0,32,256
cube,2.000000,none,0,0.000176024,0.0,0.0,32,256
cube,2.000000,none,0,0.000198916,0.0,0.0,32,256
cube,2.000000,none,0,0.000108538,0.0,0.0,32,256
cube,2.000000,none,0,0.000134477,0.0,0.0,32,256
cube,2.000000,none,0,0.000121743,0.0,0.0,32,256
cube,2.000000,none,0,0.000140495,0.0,0.0,32,256
cube,2.000000,none,0,0.000109654,0.0,0.0,32,256
cube,2.000000,none,0,0.000183178,0.0,0.0,32,256
cube,2.000000,none,0,0.000127736,0.0,0.0,32,256
cube,2.000000,none,0,0.000128503,0.0,0.0,32,256
cube,2.000000,none,0,9.2107e-05,0.0,0.0,32,256
cube,2.000000,none,0,0.000175353,0.0,0.0,32,256
cube,2.000000,none,0,0.000132221,0.0,0.0,32,256
cube,2.000000,none,0,0.000115033,0.0,0.0,32,256
cube,2.000000,none,0,4.1172e-05,0.0,0.0,32,256
cube,2.000000,none,0,0.000168874,0.0,0.0,32,256
cube,2.000000,none,0,6.8317e-05,0.0,0.0,32,256
cube,2.000000,none,0,7.0086e-05,0.0,0.0,32,256
cube,2.000000,none,0,0.000141551,0.0,0.0,32,256
cube,2.000000,none,0,7.296e-05,0.0,0.0,32,256
cube,2.000000,none,0,0.000134844,0.0,0.0,32,256
cube,2.000000,none,0,0.000119714,0.0,0.0,32,256
cube,2.000000,none,0,0.000138017,0.0,0.0,32,256
cube,2.000000,none,0,0.000128006,0.0,0.0,32,256
cube,2.000000,none,0,0.000156099,0.0,0.0,32,256
cube,2.000000,none,0,8.1564e-05,0.0,0.0,32,256
cube,2.000000,none,0,0.000100062,0.0,0.0,32,256
cube,2.000000,none,0,0.000145662,0.0,0.0,32,256
cube,2.000000,none,0,0.000258842,0.0,0.0,32,256
cube,2.000000,none,0,0.000104423,0.0,0.0,32,256
cube,2.000000,none,0,0.000209867,0.0,0.0,32,256
cube,2.000000,none,0,8.3172e-05,0.0,0.0,32,256
cube,2.000000,none,0,0.000123429,0.0,0.0,32,256
cube,2.000000,none,0,0.000188901,0.0,0.0,32,256
cube,2.000000,none,0,0.000130187,0.0,0.0,32,256
cube,2.000000,none,0,0.000148342,0.0,0.0,32,256
cube,2.000000,none,0,0.000110767,0.0,0.0,32,256
cube,2.000000,none,0,0.000195525,0.0,0.0,32,256
cube,2.000000,none,0,0.000133598,0.0,0.0,32,256
cube,2.000000,none,0,0.000142085,0.0,0.0,32,256
cube,2.000000,none,0,0.000149836,0.0,0.0,32,256
cube,2.000000,none,0,0.000115481,0.0,0.0,32,256
cube,2.000000,none,0,9.5446e-05,0.0,0.0,32,256
cube,2.000000,none,0,0.000125648,0.0,0.0,32,256
cube,2.000000,none,0,0.000130525,0.0,0.0,32,256
cube,2.000000,none,0,0.000145198,0.0,0.0,32,256
cube,2.000000,none,0,0.000135666,0.0,0.0,32,256
cube,2.000000,none,0,0.000141357,0.0,0.0,32,256
cube,2.000000,none,0,0.000105285,0.0,0.0,32,256
cube,2.000000,none,0,0.000184017,0.0,0.0,32,256
cube,2.000000,none,0,8.1991e-05,0.0,0.0,32,256
cube,2.000000,none,0,0.000115124,0.0,0.0,32,256
cube,2.000000,none,0,4.22e-06,0.0,0.0,32,256
cube,2.000000,none,0,9.2606e-05,0.0,0.0,32,256
cube,2.000000,none,0,3.372e-05,0.0,0.0,32,256
cube,2.000000,none,0,0.000118591,0.0,0.0,32,256
cube,2.000000,none,0,7.1285e-05,0.0,0.0,32,256
cube,2.000000,none,0,0.000133934,0.0,0.0,32,256
cube,2.000000,none,0,0.000192624,0.0,0.0,32,256
cube,2.000000,none,0,0.000180597,0.0,0.0,32,256
cube,2.000000,none,0,5.6601e-05,0.0,0.0,32,256
cube,2.000000,none,0,0.00017146,0.0,0.0,32,256
cube,2.000000,none,0,0.000188815,0.0,0.0,32,256
cube,2.000000,none,0,0.000147988,0.0,0.0,32,256
cube,2.000000,none,0,0.00016373,0.0,0.0,32,256
cube,2.000000,none,0,0.000114651,0.0,0.0,32,256
cube,2.000000,none,0,9.1577e-05,0.0,0.0,32,256
cube,2.000000,none,0,0.000133399,0.0,0.0,32,256
cube,2.000000,none,0,9.8119e-05,0.0,0.0,32,256
cube,2.000000,none,0,0.000101611,0.0,0.0,32,256
cube,2.000000,none,0,0.000114532,0.0,0.0,32,256
cube,2.000000,none,0,0.000121864,0.0,0.0,32,256
cube,2.000000,none,0,8.799e-05,0.0,0.0,32,256
cube,2.000000,none,0,0.000138132,0.0,0.0,32,256
cube,2.000000,none,0,6.9675e-05,0.0,0.0,32,256
cube,2.000000,none,0,0.000204944,0.0,0.0,32,256
cube,2.000000,none,0,9.2049e-05,0.0,0.0,32,256
cube,2.000000,none,0,0.00014299,0.0,0.0,32,256
cube,2.000000,none,0,0.000112756,0.0,0.0,32,256
cube,2.000000,none,0,0.000165067,0.0,0.0,32,256
cube,2.000000,none,0,0.000156332,0.0,0.0,32,256
cube,2.000000,none,0,0.000139739,0.0,0.0,32,256
cube,2.000000,none,0,0.000225941,0.0,0.0,32,256
cube,2.000000,none,0,0.000192719,0.0,0.0,32,256
cube,2.000000,none,0,0.000197419,0.0,0.0,32,256
cube,2.000000,none,0,0.00013384,0.0,0.0,32,256
cube,2.000000,none,0,0.000159126,0.0,0.0,32,256
cube,2.000000,none,0,0.00013105,0.0,0.0,32,256
cube,2.000000,none,0,0.000134911,0.0,0.0,32,256
cube,2.000000,none,0,0.000113567,0.0,0.0,32,256
cube,2.000000,none,0,0.000119588,0.0,0.0,32,256
cube,2.000000,none,0,0.000107538,0.0,0.0,32,256
cube,2.000000,none,0,0.000139874,0.0,0.0,32,256
cube,2.000000,none,0,0.000135208,0.0,0.0,32,256
cube,2.000000,none,0,0.000186009,0.0,0.0,32,256
cube,2.000000,none,0,0.000200265,0.0,0.0,32,256
cube,2.000000,none,0,0.000145928,0.0,0.0,32,256
cube,2.000000,none,0,0.000100536,0.0,0.0,32,256
cube,2.000000,none,0,9.478e-05,0.0,0.0,32,256
cube,2.000000,none,0,0.000196253,0.0,0.0,32,256
cube,2.000000,none,0,0.0001897,0.0,0.0,32,256
cube,2.000000,none,0,0.000158225,0.0,0.0,32,256
cube,2.000000,none,0,0.000164671,0.0,0.0,32,256
cube,2.000000,none,0,0.000188802,0.0,0.0,32,256
cube,2.000000,none,0,0.000146952,0.0,0.0,32,256
cube,2.000000,none,0,0.000111645,0.0,0.0,32,256
cube,2.000000,none,0,0.000179021,0.0,0.0,32,256
cube,2.000000,none,0,0.000146902,0.0,0.0,32,256
cube,2.000000,none,0,0.000111118,0.0,0.0,32,256
cube,2.000000,none,0,0.000110104,0.0,0.0,32,256
cube,2.000000,none,0,0.000158187,0.0,0.0,32,256
cube,2.000000,none,0,0.000128971,0.0,0.0,32,256
cube,2.000000,none,0,8.9074e-05,0.0,0.0,32,256
cube,2.000000,none,0,0.00015747,0.0,0.0,32,256
cube,2.000000,none,0,0.000132175,0.0,0.0,32,256
cube,2.000000,none,0,7.5868e-05,0.0,0.0,32,256
cube,2.000000,none,0,0.000128664,0.0,0.0,32,256
cube,2.000000,none,0,3.5763e-05,0.0,0.0,32,256
cube,2.000000,none,0,0.00016352,0.0,0.0,32,256
cube,2.000000,none,0,0.000116997,0.0,0.0,32,256
cube,2.000000,none,0,2.2496e-05,0.0,0.0,32,256
cube,2.000000,none,0,0.000184872,0.0,0.0,32,256
cube,2.000000,none,0,0.000202906,0.0,0.0,32,256
cube,2.000000,none,0,0.000138831,0.0,0.0,32,256
cube,2.000000,none,0,4.5538e-05,0.0,0.0,32,256
cube,2.000000,none,0,0.000145909,0.0,0.0,32,256
cube,2.000000,none,0,0.000182605,0.0,0.0,32,256
cube,2.000000,none,0,0.000272823,0.0,0.0,32,256
cube,2.000000,none,0,0.000147403,0.0,0.0,32,256
cube,2.000000,none,0,0.000211783,0.0,0.0,32,256
cube,2.000000,none,0,0.000144684,0.0,0.0,32,256
cube,2.000000,none,0,0.000132022,0.0,0.0,32,256
cube,2.000000,none,0,9.2876e-05,0.0,0.0,32,256
cube,2.000000,none,0,0.000136044,0.0,0.0,32,256
cube,2.000000,none,0,0.000105384,0.0,0.0,32,256
cube,2.000000,none,0,6.2616e-05,0.0,0.0,32,256
cube,2.000000,none,0,0.00016733,0.0,0.0,32,256
cube,2.000000,none,0,0.000211847,0.0,0.0,32,256
cube,2.000000,none,0,7.4234e-05,0.0,0.0,32,256
cube,2.000000,none,0,0.000188143,0.0,0.0,32,256
cube,2.000000,none,0,0.000179746,0.0,0.0,32,256
cube,2.000000,none,0,0.00013292,0.0,0.0,32,256
cube,2.000000,none,0,0.00011441,0.0,0.0,32,256
cube,2.000000,none,0,4.6203e-05,0.0,0.0,32,256
cube,2.000000,none,0,0.000192352,0.0,0.0,32,256
cube,2.000000,none,0,0.000113433,0.0,0.0,32,256
cube,2.000000,none,0,2.3028e-05,0.0,0.0,32,256
cube,2.000000,none,0,0.000146785,0.0,0.0,32,256
cube,2.000000,none,0,8.8978e-05,0.0,0.0,32,256
cube,2.000000,none,0,4.6164e-05,0.0,0.0,32,256
cube,2.000000,none,0,0.000124746,0.0,0.0,32,256
cube,2.000000,none,0,0.000146514,0.0,0.0,32,256
cube,2.000000,none,0,2.1353e-05,0.0,0.0,32,256
cube,2.000000,none,0,7.2599e-05,0.0,0.0,32,256
cube,2.000000,none,0,0.000120169,0.0,0.0,32,256
cube,2.000000,none,0,0.000111906,0.0,0.0,32,256
cube,2.000000,none,0,0.00018461,0.0,0.0,32,256
cube,2.000000,none,0,0.000194247,0.0,0.0,32,256
cube,2.000000,none,0,0.000141114,0.0,0.0,32,256
cube,2.000000,none,0,0.000111734,0.0,0.0,32,256
cube,2.000000,none,0,8.8361e-05,0.0,0.0,32,256
cube,2.000000,none,0,0.000122677,0.0,0.0,32,256
cube,2.000000,none,0,0.000107411,0.0,0.0,32,256
cube,2.000000,none,0,4.4398e-05,0.0,0.0,32,256
cube,2.000000,none,0,0.00013752,0.0,0.0,32,256
cube,2.000000,none,0,8.9931e-05,0.0,0.0,32,256
cube,2.000000,none,0,0.000114554,0.0,0.0,32,256
cube,2.000000,none,0,0.000155785,0.0,0.0,32,256
cube,2.000000,none,0,0.000119925,0.0,0.0,32,256
cube,2.000000,none,0,0.000136382,0.0,0.0,32,256
cube,2.000000,none,0,0.000129366,0.0,0.0,32,256
cube,2.000000,none,0,0.00013885,0.0,0.0,32,256
cube,2.000000,none,0,0.000120319,0.0,0.0,32,256
cube,2.000000,none,0,0.000116413,0.0,0.0,32,256
cube,2.000000,none,0,0.000140359,0.0,0.0,32,256
cube,2.000000,none,0,9.9504e-05,0.0,0.0,32,256
cube,2.000000,none,0,0.000166979,0.0,0.0,32,256
cube,2.000000,none,0,0.000173753,0.0,0.0,32,256
cube,2.000000,none,0,0.000100644,0.0,0.0,32,256
cube,2.000000,none,0,0.000145213,0.0,0.0,32,256
cube,2.000000,none,0,0.000131777,0.0,0.0,32,256
cube,2.000000,none,0,0.000144053,0.0,0.0,32,256
cube,2.000000,none,0,0.000192907,0.0,0.0,32,256
cube,2.000000,none,0,0.000132779,0.0,0.0,32,256
cube,2.000000,none,0,0.000135279,0.0,0.0,32,256
cube,2.000000,none,0,6.9309e-05,0.0,0.0,32,256
cube,2.000000,none,0,0.000172267,0.0,0.0,32,256
cube,2.000000,none,0,0.000120756,0.0,0.0,32,256
cube,2.000000,none,0,1.6876e-05,0.0,0.0,32,256
cube,2.000000,none,0,0.000127717,0.0,0.0,32,256
cube,2.000000,none,0,1.8409e-05,0.0,0.0,32,256
cube,2.000000,none,0,0.000118928,0.0,0.0,32,256
cube,2.000000,none,0,0.000151834,0.0,0.0,32,256
cube,2.000000,none,0,9.4491e-05,0.0,0.0,32,256
cube,2.000000,none,0,0.000145937,0.0,0.0,32,256
cube,2.000000,none,0,0.000166972,0.0,0.0,32,256
cube,2.000000,none,0,0.000133886,0.0,0.0,32,256
cube,2.000000,none,0,0.000101774,0.0,0.0,32,256
cube,2.000000,none,0,0.000172118,0.0,0.0,32,256
cube,2.000000,none,0,0.000129862,0.0,0.0,32,256
cube,2.000000,none,0,0.000162384,0.0,0.0,32,256
cube,2.000000,none,0,9.4149e-05,0.0,0.0,32,256
cube,2.000000,none,0,9.7528e-05,0.0,0.0,32,256
cube,2.000000,none,0,9.7709e-05,0.0,0.0,32,256
cube,2.000000,none,0,6.5807e-05,0.0,0.0,32,256
cube,2.000000,none,0,0.000134785,0.0,0.0,32,256
cube,2.000000,none,0,0.000186782,0.0,0.0,32,256
cube,2.000000,none,0,4.2576e-05,0.0,0.0,32,256
cube,2.000000,none,0,0.0001253,0.0,0.0,32,256
cube,2.000000,none,0,0.000106506,0.0,0.0,32,256
cube,2.000000,none,0,0.000142373,0.0,0.0,32,256
cube,2.000000,none,0,0.000177781,0.0,0.0,32,256
cube,2.000000,none,0,0.000127292,0.0,0.0,32,256
cube,2.000000,none,0,9.6152e-05,0.0,0.0,32,256
cube,2.000000,none,0,0.000100422,0.0,0.0,32,256
cube,2.000000,none,0,0.000108843,0.0,0.0,32,256
cube,2.000000,none,0,8.764e-05,0.0,0.0,32,256
cube,2.000000,none,0,0.000174094,0.0,0.0,32,256
cube,2.000000,none,0,0.000125309,0.0,0.0,32,256
cube,2.000000,none,0,0.000185977,0.0,0.0,32,256
cube,2.000000,none,0,0.000178237,0.0,0.0,32,256
cube,2.000000,none,0,0.000221053,0.0,0.0,32,256
cube,2.000000,none,0,0.000252651,0.0,0.0,32,256
cube,2.000000,none,0,0.000178628,0.0,0.0,32,256
cube,2.000000,none,0,0.000125906,0.0,0.0,32,256
cube,2.000000,none,0,0.000140036,0.0,0.0,32,256
cube,2.000000,none,0,0.000146313,0.0,0.0,32,256
cube,2.000000,none,0,0.000118223,0.0,0.0,32,256
cube,2.000000,none,0,0.00014075,0.0,0.0,32,256
cube,2.000000,none,0,6.2391e-05,0.0,0.0,32,256
cube,2.000000,none,0,0.000113208,0.0,0.0,32,256
cube,2.000000,none,0,0.00011856,0.0,0.0,32,256
cube,2.000000,none,0,0.000157094,0.0,0.0,32,256
cube,2.000000,none,0,0.000180069,0.0,0.0,32,256
cube,2.000000,none,0,9.8049e-05,0.0,0.0,32,256
cube,2.000000,none,0,0.000169172,0.0,0.0,32,256
cube,2.000000,none,0,0.000134933,0.0,0.0,32,256
cube,2.000000,none,0,0.000138502,0.0,0.0,32,256
cube,2.000000,none,0,0.000129055,0.0,0.0,32,256
cube,2.000000,none,0,0.000133226,0.0,0.0,32,256
cube,2.000000,none,0,0.000117917,0.0,0.0,32,256
cube,2.000000,none,0,0.000155315,0.0,0.0,32,256
cube,2.000000,none,0,0.000145127,0.0,0.0,32,256
cube,2.000000,none,0,0.000126545,0.0,0.0,32,256
cube,2.000000,none,0,0.000112117,0.0,0.0,32,256
cube,2.000000,none,0,0.000175214,0.0,0.0,32,256
cube,2.000000,none,0,0.000131479,0.0,0.0,32,256
cube,2.000000,none,0,0.000129267,0.0,0.0,32,256
cube,2.000000,none,0,0.000118112,0.0,0.0,32,256
cube,2.000000,none,0,0.000169189,0.0,0.0,32,256
cube,2.000000,none,0,3.4737e-05,0.0,0.0,32,256
cube,2.000000,none,0,7.1398e-05,0.0,0.0,32,256
cube,2.000000,none,0,9.5816e-05,0.0,0.0,32,256
cube,2.000000,none,0,0.00015832,0.0,0.0,32,256
cube,2.000000,none,0,0.00015974,0.0,0.0,32,256
cube,2.000000,none,0,0.000184919,0.0,0.0,32,256
cube,2.000000,none,0,9.9379e-05,0.0,0.0,32,256
cube,2.000000,none,0,0.000106888,0.0,0.0,32,256
cube,2.000000,none,0,7.7838e-05,0.0,0.0,32,256
cube,2.000000,none,0,0.000179525,0.0,0.0,32,256
cube,2.000000,none,0,0.000125395,0.0,0.0,32,256
cube,2.000000,none,0,0.000129239,0.0,0.0,32,256
cube,2.000000,none,0,0.000143201,0.0,0.0,32,256
cube,2.000000,none,0,0.000108549,0.0,0.0,32,256
cube,2.000000,none,0,0.00019562,0.0,0.0,32,256
cube,2.000000,none,0,0.000205385,0.0,0.0,32,256
cube,2.000000,none,0,0.000174098,0.0,0.0,32,256
cube,2.000000,none,0,8.0481e-05,0.0,0.0,32,256
cube,2.000000,none,0,3.8758e-05,0.0,0.0,32,256
cube,2.000000,none,0,0.00013551,0.0,0.0,32,256
cube,2.000000,none,0,6.2785e-05,0.0,0.0,32,256
cube,2.000000,none,0,0.000133306,0.0,0.0,32,256
cube,2.000000,none,0,0.000134927,0.0,0.0,32,256
cube,2.000000,none,0,0.000147883,0.0,0.0,32,256
cube,2.000000,none,0,0.000122245,0.0,0.0,32,256
cube,2.000000,none,0,0.000138317,0.0,0.0,32,256
cube,2.000000,none,0,0.000162211,0.0,0.0,32,256
cube,2.000000,none,0,0.000181422,0.0,0.0,32,256
cube,2.000000,none,0,0.000127437,0.0,0.0,32,256
cube,2.000000,none,0,0.000216629,0.0,0.0,32,256
cube,2.000000,none,0,0.000102666,0.0,0.0,32,256
cube,2.000000,none,0,0.000176634,0.0,0.0,32,256
cube,2.000000,none,0,0.000133609,0.0,0.0,32,256
cube,2.000000,none,0,6.1165e-05,0.0,0.0,32,256
cube,2.000000,none,0,0.000115634,0.0,0.0,32,256
cube,2.000000,none,0,8.6799e-05,0.0,0.0,32,256
cube,2.000000,none,0,0.000159091,0.0,0.0,32,256
cube,2.000000,none,0,0.000148267,0.0,0.0,32,256
cube,2.000000,none,0,0.000236001,0.0,0.0,32,256
cube,2.000000,none,0,0.000245462,0.0,0.0,32,256
cube,2.000000,none,0,0.000135737,0.0,0.0,32,256
cube,2.000000,none,0,5.1942e-05,0.0,0.0,32,256
cube,2.000000,none,0,0.000148566,0.0,0.0,32,256
cube,2.000000,none,0,0.000148338,0.0,0.0,32,256
cube,2.000000,none,0,7.5641e-05,0.0,0.0,32,256
cube,2.000000,none,0,0.000126843,0.0,0.0,32,256
cube,2.000000,none,0,0.000116957,0.0,0.0,32,256
cube,2.000000,none,0,0.000164173,0.0,0.0,32,256
cube,2.000000,none,0,0.000137991,0.0,0.0,32,256
cube,2.000000,none,0,9.0646e-05,0.0,0.0,32,256
cube,2.000000,none,0,0.000135629,0.0,0.0,32,256
cube,2.000000,none,0,0.000113544,0.0,0.0,32,256
cube,2.000000,none,0,0.000137755,0.0,0.0,32,256
cube,2.000000,none,0,0.000142463,0.0,0.0,32,256
cube,2.000000,none,0,7.8803e-05,0.0,0.0,32,256
cube,2.000000,none,0,0.000150838,0.0,0.0,32,256
cube,2.000000,none,0,6.9325e-05,0.0,0.0,32,256
cube,2.000000,none,0,0.000147389,0.0,0.0,32,256
cube,2.000000,none,0,0.000116598,0.0,0.0,32,256
cube,2.000000,none,0,0.000157154,0.0,0.0,32,256
cube,2.000000,none,0,0.00012049,0.0,0.0,32,256
cube,2.000000,none,0,0.000133138,0.0,0.0,32,256
cube,2.000000,none,0,0.000106335,0.0,0.0,32,256
cube,2.000000,none,0,0.000133365,0.0,0.0,32,256
cube,2.000000,none,0,9.0287e-05,0.0,0.0,32,256
cube,2.000000,none,0,0.000168862,0.0,0.0,32,256
cube,2.000000,none,0,0.000142203,0.0,0.0,32,256
cube,2.000000,none,0,9.365e-05,0.0,0.0,32,256
cube,2.000000,none,0,4.335e-05,0.0,0.0,32,256
cube,2.000000,none,0,0.000112919,0.0,0.0,32,256
cube,2.000000,none,0,0.00020488,0.0,0.0,32,256
cube,2.000000,none,0,7.807e-05,0.0,0.0,32,256
cube,2.000000,none,0,0.000148725,0.0,0.0,32,256
cube,2.000000,none,0,0.000131325,0.0,0.0,32,256
cube,2.000000,none,0,0.000129446,0.0,0.0,32,256
cube,2.000000,none,0,0.000126007,0.0,0.0,32,256
cube,2.000000,none,0,0.000183191,0.0,0.0,32,256
cube,2.000000,none,0,0.000110123,0.0,0.0,32,256
cube,2.000000,none,0,0.000136242,0.0,0.0,32,256
cube,2.000000,none,0,0.000132509,0.0,0.0,32,256
cube,2.000000,none,0,2.614e-05,0.0,0.0,32,256
cube,2.000000,none,0,0.000158068,0.0,0.0,32,256
cube,2.000000,none,0,0.000117922,0.0,0.0,32,256
cube,2.000000,none,0,8.1257e-05,0.0,0.0,32,256
cube,2.000000,none,0,0.000137693,0.0,0.0,32,256
cube,2.000000,none,0,0.000131847,0.0,0.0,32,256
cube,2.000000,none,0,0.000193625,0.0,0.0,32,256
cube,2.000000,none,0,0.000149036,0.0,0.0,32,256
cube,2.000000,none,0,0.000127808,0.0,0.0,32,256
cube,2.000000,none,0,0.000165288,0.0,0.0,32,256
cube,2.000000,none,0,0.000137868,0.0,0.0,32,256
cube,2.000000,none,0,0.000122135,0.0,0.0,32,256
cube,2.000000,none,0,7.8048e-05,0.0,0.0,32,256
cube,2.000000,none,0,0.000141937,0.0,0.0,32,256
cube,2.000000,none,0,0.000118988,0.0,0.0,32,256
cube,2.000000,none,0,0.00016267,0.0,0.0,32,256
cube,2.000000,none,0,0.00016118,0.0,0.0,32,256
cube,2.000000,none,0,0.000120696,0.0,0.0,32,256
cube,2.000000,none,0,0.000157901,0.0,0.0,32,256
cube,2.000000,none,0,0.000140098,0.0,0.0,32,256
cube,2.000000,none,0,0.000120568,0.0,0.0,32,256
cube,2.000000,none,0,0.000180843,0.0,0.0,32,256
cube,2.000000,none,0,4.7586e-05,0.0,0.0,32,256
cube,2.000000,none,0,0.000201524,0.0,0.0,32,256
cube,2.000000,none,0,0.000137841,0.0,0.0,32,256
cube,2.000000,none,0,0.000130628,0.0,0.0,32,256
cube,2.000000,none,0,0.000134329,0.0,0.0,32,256
cube,2.000000,none,0,0.00013259,0.0,0.0,32,256
cube,2.000000,none,0,0.000102713,0.0,0.0,32,256
cube,2.000000,none,0,0.000147993,0.0,0.0,32,256
cube,2.000000,none,0,0.000133881,0.0,0.0,32,256
cube,2.000000,none,0,9.3317e-05,0.0,0.0,32,256
cube,2.000000,none,0,0.000104759,0.0,0.0,32,256
cube,2.000000,none,0,0.000139728,0.0,0.0,32,256
cube,2.000000,none,0,3.2997e-05,0.0,0.0,32,256
cube,2.000000,none,0,0.000160578,0.0,0.0,32,256
cube,2.000000,none,0,0.000133104,0.0,0.0,32,256
cube,2.000000,none,0,0.000122197,0.0,0.0,32,256
cube,2.000000,none,0,0.000168307,0.0,0.0,32,256
cube,2.000000,none,0,0.000127806,0.0,0.0,32,256
cube,2.000000,none,0,0.000152639,0.0,0.0,32,256
cube,2.000000,none,0,0.000109348,0.0,0.0,32,256
cube,2.000000,none,0,0.000111654,0.0,0.0,32,256
cube,2.000000,none,0,0.000113567,0.0,0.0,32,256
cube,2.000000,none,0,0.000132694,0.0,0.0,32,256
cube,2.000000,none,0,4.4968e-05,0.0,0.0,32,256
cube,2.000000,none,0,0.000159171,0.0,0.0,32,256
cube,2.000000,none,0,0.000122275,0.0,0.0,32,256
cube,2.000000,none,0,9.3494e-05,0.0,0.0,32,256
cube,2.000000,none,0,0.000121751,0.0,0.0,32,256
cube,2.000000,none,0,0.000118238,0.0,0.0,32,256
cube,2.000000,none,0,0.000116561,0.0,0.0,32,256
cube,2.000000,none,0,0.000157605,0.0,0.0,32,256
cube,2.000000,none,0,0.000138972,0.0,0.0,32,256
cube,2.000000,none,0,0.000149087,0.0,0.0,32,256
cube,2.000000,none,0,0.000121831,0.0,0.0,32,256
cube,2.000000,none,0,0.000107999,0.0,0.0,32,256
cube,2.000000,none,0,7.6743e-05,0.0,0.0,32,256
cube,2.000000,none,0,0.000151445,0.0,0.0,32,256
cube,2.000000,none,0,0.000151366,0.0,0.0,32,256
cube,2.000000,none,0,8.7712e-05,0.0,0.0,32,256
cube,2.000000,none,0,0.000173569,0.0,0.0,32,256
cube,2.000000,none,0,0.000121307,0.0,0.0,32,256
cube,2.000000,none,0,0.000143504,0.0,0.0,32,256
cube,2.000000,none,0,0.00016157,0.0,0.0,32,256
cube,2.000000,none,0,0.000192576,0.0,0.0,32,256
cube,2.000000,none,0,0.000112584,0.0,0.0,32,256
cube,2.000000,none,0,0.000120664,0.0,0.0,32,256
cube,2.000000,none,0,6.1918e-05,0.0,0.0,32,256
cube,2.000000,none,0,0.000118594,0.0,0.0,32,256
cube,2.000000,none,0,0.000129058,0.0,0.0,32,256
cube,2.000000,none,0,0.000152505,0.0,0.0,32,256
cube,2.000000,none,0,0.000106108,0.0,0.0,32,256
cube,2.000000,none,0,0.000138393,0.0,0.0,32,256
cube,2.000000,none,0,0.000125974,0.0,0.0,32,256
cube,2.000000,none,0,0.00012686,0.0,0.0,32,256
cube,2.000000,none,0,0.000164717,0.0,0.0,32,256
cube,2.000000,none,0,5.0518e-05,0.0,0.0,32,256
cube,2.000000,none,0,0.000150035,0.0,0.0,32,256
cube,2.000000,none,0,9.3995e-05,0.0,0.0,32,256
cube,2.000000,none,0,0.000104781,0.0,0.0,32,256
cube,2.000000,none,0,0.000119448,0.0,0.0,32,256
cube,2.000000,none,0,0.000102101,0.0,0.0,32,256
cube,2.000000,none,0,9.6704e-05,0.0,0.0,32,256
cube,2.000000,none,0,6.8748e-05,0.0,0.0,32,256
cube,2.000000,none,0,0.000257469,0.0,0.0,32,256
cube,2.000000,none,0,0.000133117,0.0,0.0,32,256
cube,2.000000,none,0,0.000123635,0.0,0.0,32,256
cube,2.000000,none,0,0.000170691,0.0,0.0,32,256
cube,2.000000,none,0,0.000132363,0.0,0.0,32,256
cube,2.000000,none,0,0.000132556,0.0,0.0,32,256
cube,2.000000,none,0,0.000134854,0.0,0.0,32,256
cube,2.000000,none,0,0.000161226,0.0,0.0,32,256
cube,2.000000,none,0,9.5161e-05,0.0,0.0,32,256
cube,2.000000,none,0,0.0001939,0.0,0.0,32,256
cube,2.000000,none,0,0.000118695,0.0,0.0,32,256
cube,2.000000,none,0,0.000107686,0.0,0.0,32,256
cube,2.000000,none,0,0.00015507,0.0,0.0,32,256
cube,2.000000,none,0,0.000115842,0.0,0.0,32,256
cube,2.000000,none,0,0.000142137,0.0,0.0,32,256
cube,2.000000,none,0,0.000177396,0.0,0.0,32,256
cube,2.000000,none,0,0.000152059,0.0,0.0,32,256
cube,2.000000,none,0,0.000153469,0.0,0.0,32,256
cube,2.000000,none,0,0.000123476,0.0,0.0,32,256
cube,2.000000,none,0,9.786e-05,0.0,0.0,32,256
cube,2.000000,none,0,7.939e-05,0.0,0.0,32,256
cube,2.000000,none,0,0.000135416,0.0,0.0,32,256
cube,2.000000,none,0,0.000135085,0.0,0.0,32,256
cube,2.000000,none,0,6.6808e-05,0.0,0.0,32,256
cube,2.000000,none,0,0.000137137,0.0,0.0,32,256
cube,2.000000,none,0,0.000106707,0.0,0.0,32,256
cube,2.000000,none,0,0.000105831,0.0,0.0,32,256
cube,2.000000,none,0,0.000120906,0.0,0.0,32,256
cube,2.000000,none,0,0.000231576,0.0,0.0,32,256
cube,2.000000,none,0,0.00014555,0.0,0.0,32,256
cube,2.000000,none,0,0.000163905,0.0,0.0,32,256
cube,2.000000,none,0,0.000136229,0.0,0.0,32,256
cube,2.000000,none,0,0.000131966,0.0,0.0,32,256
cube,2.000000,none,0,0.000143527,0.0,0.0,32,256
cube,2.000000,none,0,0.000144093,0.0,0.0,32,256
cube,2.000000,none,0,9.6888e-05,0.0,0.0,32,256
cube,2.000000,none,0,0.000110652,0.0,0.0,32,256
cube,2.000000,none,0,7.9467e-05,0.0,0.0,32,256
cube,2.000000,none,0,0.000147792,0.0,0.0,32,256
cube,2.000000,none,0,0.00013575,0.0,0.0,32,256
cube,2.000000,none,0,9.6297e-05,0.0,0.0,32,256
cube,2.000000,none,0,0.000126844,0.0,0.0,32,256
cube,2.000000,none,0,0.000179611,0.0,0.0,32,256
cube,2.000000,none,0,5.8239e-05,0.0,0.0,32,256
cube,2.000000,none,0,0.000192407,0.0,0.0,32,256
cube,2.000000,none,0,0.000167859,0.0,0.0,32,256
cube,2.000000,none,0,0.000154303,0.0,0.0,32,256
cube,2.000000,none,0,0.000114689,0.0,0.0,32,256
cube,2.000000,none,0,0.000101143,0.0,0.0,32,256
cube,2.000000,none,0,0.000168908,0.0,0.0,32,256
cube,2.000000,none,0,0.00014768,0.0,0.0,32,256
cube,2.000000,none,0,0.000131754,0.0,0.0,32,256
cube,2.000000,none,0,0.00013241,0.0,0.0,32,256
cube,2.000000,none,0,0.000163636,0.0,0.0,32,256
cube,2.000000,none,0,0.000138746,0.0,0.0,32,256
cube,2.000000,none,0,0.000148948,0.0,0.0,32,256
cube,2.000000,none,0,0.000130725,0.0,0.0,32,256
cube,2.000000,none,0,0.000245551,0.0,0.0,32,256
cube,2.000000,none,0,0.000132364,0.0,0.0,32,256
cube,2.000000,none,0,0.000194394,0.0,0.0,32,256
cube,2.000000,none,0,0.000198512,0.0,0.0,32,256
cube,2.000000,none,0,8.303e-05,0.0,0.0,32,256
cube,2.000000,none,0,0.000139747,0.0,0.0,32,256
cube,2.000000,none,0,3.2235e-05,0.0,0.0,32,256
cube,2.000000,none,0,0.000123853,0.0,0.0,32,256
cube,2.000000,none,0,0.000124569,0.0,0.0,32,256
cube,2.000000,none,0,0.000132677,0.0,0.0,32,256
cube,2.000000,none,0,0.000142018,0.0,0.0,32,256
cube,2.000000,none,0,0.000109351,0.0,0.0,32,256
cube,2.000000,none,0,0.000152595,0.0,0.0,32,256
cube,2.000000,none,0,0.000193157,0.0,0.0,32,256
cube,2.000000,none,0,0.000155588,0.0,0.0,32,256
cube,2.000000,none,0,0.000246367,0.0,0.0,32,256
cube,2.000000,none,0,8.6186e-05,0.0,0.0,32,256
cube,2.000000,none,0,0.000158957,0.0,0.0,32,256
cube,2.000000,none,0,0.000168687,0.0,0.0,32,256
cube,2.000000,none,0,0.000130668,0.0,0.0,32,256
cube,2.000000,none,0,0.000143106,0.0,0.0,32,256
cube,2.000000,none,0,0.000135592,0.0,0.0,32,256
cube,2.000000,none,0,0.000129222,0.0,0.0,32,256
cube,2.000000,none,0,8.7586e-05,0.0,0.0,32,256
cube,2.000000,none,0,0.000223496,0.0,0.0,32,256
cube,2.000000,none,0,0.000142532,0.0,0.0,32,256
cube,2.000000,none,0,0.000145215,0.0,0.0,32,256
cube,2.000000,none,0,0.000143769,0.0,0.0,32,256
cube,2.000000,none,0,0.000180666,0.0,0.0,32,256
cube,2.000000,none,0,0.000192661,0.0,0.0,32,256
cube,2.000000,none,0,0.000103706,0.0,0.0,32,256
cube,2.000000,none,0,0.000120184,0.0,0.0,32,256
cube,2.000000,none,0,0.000120073,0.0,0.0,32,256
cube,2.000000,none,0,0.00013798,0.0,0.0,32,256
cube,2.000000,none,0,0.000108996,0.0,0.0,32,256
cube,2.000000,none,0,0.000151806,0.0,0.0,32,256
cube,2.000000,none,0,0.000140687,0.0,0.0,32,256
cube,2.000000,none,0,0.000132149,0.0,0.0,32,256
cube,2.000000,none,0,0.000164891,0.0,0.0,32,256
cube,2.000000,none,0,0.000153227,0.0,0.0,32,256
cube,2.000000,none,0,0.000125635,0.0,0.0,32,256
cube,2.000000,none,0,0.000118704,0.0,0.0,32,256
cube,2.000000,none,0,5.1925e-05,0.0,0.0,32,256
cube,2.000000,none,0,0.000166038,0.0,0.0,32,256
cube,2.000000,none,0,6.6414e-05,0.0,0.0,32,256
cube,2.000000,none,0,7.0688e-05,0.0,0.0,32,256
cube,2.000000,none,0,0.000140668,0.0,0.0,32,256
cube,2.000000,none,0,7.355e-05,0.0,0.0,32,256
cube,2.000000,none,0,0.000140032,0.0,0.0,32,256
cube,2.000000,none,0,0.000119011,0.0,0.0,32,256
cube,2.000000,none,0,0.000139376,0.0,0.0,32,256
cube,2.000000,none,0,0.000130628,0.0,0.0,32,256
cube,2.000000,none,0,0.000157106,0.0,0.0,32,256
cube,2.000000,none,0,9.5931e-05,0.0,0.0,32,256
cube,2.000000,none,0,0.000104618,0.0,0.0,32,256
cube,2.000000,none,0,0.000169393,0.0,0.0,32,256
cube,2.000000,none,0,0.000161403,0.0,0.0,32,256
cube,2.000000,none,0,9.8572e-05,0.0,0.0,32,256
cube,2.000000,none,0,0.000154233,0.0,0.0,32,256
cube,2.000000,none,0,8.3178e-05,0.0,0.0,32,256
cube,2.000000,none,0,0.000125144,0.0,0.0,32,256
cube,2.000000,none,0,0.000179185,0.0,0.0,32,256
cube,2.000000,none,0,0.000131053,0.0,0.0,32,256
cube,2.000000,none,0,0.000144217,0.0,0.0,32,256
cube,2.000000,none,0,0.000125623,0.0,0.0,32,256
cube,2.000000,none,0,0.000207678,0.0,0.0,32,256
cube,2.000000,none,0,0.00013419,0.0,0.0,32,256
cube,2.000000,none,0,0.000172938,0.0,0.0,32,256
cube,2.000000,none,0,0.000102891,0.0,0.0,32,256
cube,2.000000,none,0,0.000115721,0.0,0.0,32,256
cube,2.000000,none,0,7.9512e-05,0.0,0.0,32,256
cube,2.000000,none,0,0.000126706,0.0,0.0,32,256
cube,2.000000,none,0,0.000129615,0.0,0.0,32,256
cube,2.000000,none,0,0.000128658,0.0,0.0,32,256
cube,2.000000,none,0,0.000132576,0.0,0.0,32,256
cube,2.000000,none,0,0.000141659,0.0,0.0,32,256
cube,2.000000,none,0,0.000105036,0.0,0.0,32,256
cube,2.000000,none,0,0.000180768,0.0,0.0,32,256
cube,2.000000,none,0,8.3427e-05,0.0,0.0,32,256
cube,2.000000,none,0,0.000114948,0.0,0.0,32,256
cube,2.000000,none,0,4.103e-06,0.0,0.0,32,256
cube,2.000000,none,0,9.4622e-05,0.0,0.0,32,256
cube,2.000000,none,0,4.2539e-05,0.0,0.0,32,256
cube,2.000000,none,0,0.000137205,0.0,0.0,32,256
cube,2.000000,none,0,0.000136111,0.0,0.0,32,256
cube,2.000000,none,0,0.000208634,0.0,0.0,32,256
cube,2.000000,none,0,0.00022544,0.0,0.0,32,256
cube,2.000000,none,0,0.000194813,0.0,0.0,32,256
cube,2.000000,none,0,7.2928e-05,0.0,0.0,32,256
cube,2.000000,none,0,0.000200463,0.0,0.0,32,256
cube,2.000000,none,0,0.000205435,0.0,0.0,32,256
cube,2.000000,none,0,0.000212622,0.0,0.0,32,256
cube,2.000000,none,0,0.000201738,0.0,0.0,32,256
cube,2.000000,none,0,0.000161323,0.0,0.0,32,256
cube,2.000000,none,0,0.000125498,0.0,0.0,32,256
cube,2.000000,none,0,0.000152087,0.0,0.0,32,256
cube,2.000000,none,0,9.9968e-05,0.0,0.0,32,256
cube,2.000000,none,0,0.000101359,0.0,0.0,32,256
cube,2.000000,none,0,0.000143287,0.0,0.0,32,256
cube,2.000000,none,0,0.000154676,0.0,0.0,32,256
cube,2.000000,none,0,0.000103573,0.0,0.0,32,256
cube,2.000000,none,0,0.000195813,0.0,0.0,32,256
cube,2.000000,none,0,7.0437e-05,0.0,0.0,32,256
cube,2.000000,none,0,0.000201849,0.0,0.0,32,256
cube,2.000000,none,0,0.000106403,0.0,0.0,32,256
cube,2.000000,none,0,0.000140081,0.0,0.0,32,256
cube,2.000000,none,0,0.000120035,0.0,0.0,32,256
cube,2.000000,none,0,0.000173872,0.0,0.0,32,256
cube,2.000000,none,0,0.000178926,0.0,0.0,32,256
cube,2.000000,none,0,0.000189045,0.0,0.0,32,256
cube,2.000000,none,0,0.000173896,0.0,0.0,32,256
cube,2.000000,none,0,0.000178469,0.0,0.0,32,256
cube,2.000000,none,0,0.000175813,0.0,0.0,32,256
cube,2.000000,none,0,0.000120404,0.0,0.0,32,256
cube,2.000000,none,0,0.000197197,0.0,0.0,32,256
cube,2.000000,none,0,0.000177039,0.0,0.0,32,256
cube,2.000000,none,0,0.000123148,0.0,0.0,32,256
cube,2.000000,none,0,0.000119658,0.0,0.0,32,256
cube,2.000000,none,0,0.000160933,0.0,0.0,32,256
cube,2.000000,none,0,0.000113895,0.0,0.0,32,256
cube,2.000000,none,0,0.000142017,0.0,0.0,32,256
cube,2.000000,none,0,0.000135386,0.0,0.0,32,256
cube,2.000000,none,0,0.000197559,0.0,0.0,32,256
cube,2.000000,none,0,0.000208734,0.0,0.0,32,256
cube,2.000000,none,0,0.000147778,0.0,0.0,32,256
cube,2.000000,none,0,0.000109574,0.0,0.0,32,256
cube,2.000000,none,0,9.8993e-05,0.0,0.0,32,256
cube,2.000000,none,0,0.000161776,0.0,0.0,32,256
cube,2.000000,none,0,0.000143577,0.0,0.0,32,256
cube,2.000000,none,0,0.000144767,0.0,0.0,32,256
cube,2.000000,none,0,0.000148664,0.0,0.0,32,256
cube,2.000000,none,0,0.000211351,0.0,0.0,32,256
cube,2.000000,none,0,0.000143952,0.0,0.0,32,256
cube,2.000000,none,0,9.8063e-05,0.0,0.0,32,256
cube,2.000000,none,0,0.000157175,0.0,0.0,32,256
cube,2.000000,none,0,0.000150086,0.0,0.0,32,256
cube,2.000000,none,0,0.000113134,0.0,0.0,32,256
cube,2.000000,none,0,0.000136945,0.0,0.0,32,256
cube,2.000000,none,0,0.000179866,0.0,0.0,32,256
cube,2.000000,none,0,0.000137444,0.0,0.0,32,256
cube,2.000000,none,0,9.0472e-05,0.0,0.0,32,256
cube,2.000000,none,0,0.000150888,0.0,0.0,32,256
cube,2.000000,none,0,0.000133764,0.0,0.0,32,256
cube,2.000000,none,0,7.927e-05,0.0,0.0,32,256
cube,2.000000,none,0,0.00013994,0.0,0.0,32,256
cube,2.000000,none,0,4.6717e-05,0.0,0.0,32,256
cube,2.000000,none,0,0.00017395,0.0,0.0,32,256
cube,2.000000,none,0,0.000128772,0.0,0.0,32,256
cube,2.000000,none,0,2.8152e-05,0.0,0.0,32,256
cube,2.000000,none,0,0.000237988,0.0,0.0,32,256
cube,2.000000,none,0,0.00016948,0.0,0.0,32,256
cube,2.000000,none,0,0.00012672,0.0,0.0,32,256
cube,2.000000,none,0,4.0206e-05,0.0,0.0,32,256
cube,2.000000,none,0,0.000145712,0.0,0.0,32,256
cube,2.000000,none,0,0.000167331,0.0,0.0,32,256
cube,2.000000,none,0,0.000121538,0.0,0.0,32,256
cube,2.000000,none,0,0.000119266,0.0,0.0,32,256
cube,2.000000,none,0,0.000160635,0.0,0.0,32,256
cube,2.000000,none,0,0.000115092,0.0,0.0,32,256
cube,2.000000,none,0,0.000186619,0.0,0.0,32,256
cube,2.000000,none,0,0.000123791,0.0,0.0,32,256
cube,2.000000,none,0,0.000153808,0.0,0.0,32,256
cube,2.000000,none,0,9.9511e-05,0.0,0.0,32,256
cube,2.000000,none,0,6.1952e-05,0.0,0.0,32,256
cube,2.000000,none,0,0.000151952,0.0,0.0,32,256
cube,2.000000,none,0,0.000157921,0.0,0.0,32,256
cube,2.000000,none,0,5.5646e-05,0.0,0.0,32,256
cube,2.000000,none,0,0.000181411,0.0,0.0,32,256
cube,2.000000,none,0,0.000150381,0.0,0.0,32,256
cube,2.000000,none,0,0.000134363,0.0,0.0,32,256
cube,2.000000,none,0,0.000116404,0.0,0.0,32,256
cube,2.000000,none,0,5.1901e-05,0.0,0.0,32,256
cube,2.000000,none,0,0.000191654,0.0,0.0,32,256
cube,2.000000,none,0,0.000109955,0.0,0.0,32,256
cube,2.000000,none,0,2.3237e-05,0.0,0.0,32,256
cube,2.000000,none,0,0.000128104,0.0,0.0,32,256
cube,2.000000,none,0,0.000139567,0.0,0.0,32,256
cube,2.000000,none,0,7.2297e-05,0.0,0.0,32,256
cube,2.000000,none,0,0.00012779,0.0,0.0,32,256
cube,2.000000,none,0,0.00014493,0.0,0.0,32,256
cube,2.000000,none,0,2.2965e-05,0.0,0.0,32,256
cube,2.000000,none,0,7.0887e-05,0.0,0.0,32,256
cube,2.000000,none,0,0.000120714,0.0,0.0,32,256
cube,2.000000,none,0,0.000112198,0.0,0.0,32,256
cube,2.000000,none,0,0.00018211,0.0,0.0,32,256
cube,2.000000,none,0,0.000160568,0.0,0.0,32,256
cube,2.000000,none,0,0.000137143,0.0,0.0,32,256
cube,2.000000,none,0,0.000110465,0.0,0.0,32,256
cube,2.000000,none,0,8.7676e-05,0.0,0.0,32,256
cube,2.000000,none,0,0.000127092,0.0,0.0,32,256
cube,2.000000,none,0,0.000103149,0.0,0.0,32,256
sphere,2.000000,polar,6.4975e-05,0.00348819,0.0,0.0,32,256
sphere,2.000000,polar,0.0,0.0,4.6689e-05,1.0991e-05,32,256
sphere,2.000000,polar,0.000157527,0.00300112,0.0,0.0,32,256
sphere,2.000000,polar,0.0,0.0,8.8696e-05,3.423e-05,32,256
sphere,2.000000,polar,2.6132e-05,9.9115e-05,0.0,0.0,32,256
sphere,2.000000,polar,0.0,0.0,5.55e-06,6.827e-06,32,256
sphere,2.000000,polar,4.0147e-05,0.000113367,0.0,0.0,32,256
sphere,2.000000,polar,0.0,0.0,1.101e-05,1.3357e-05,32,256
sphere,2.000000,polar,4.8581e-05,0.000156952,0.0,0.0,32,256
sphere,2.000000,polar,0.0,0.0,9.59e-06,1.7124e-05,32,256
sphere,2.000000,polar,3.3452e-05,0.000118572,0.0,0.0,32,256
sphere,2.000000,polar,0.0,0.0,7.508e-06,1.1554e-05,32,256
sphere,2.000000,polar,6.0242e-05,0.000169317,0.0,0.0,32,256
sphere,2.000000,polar,0.0,0.0,1.5392e-05,2.3796e-05,32,256
sphere,2.000000,polar,7.2114e-05,0.000147872,0.0,0.0,32,256
sphere,2.000000,polar,0.0,0.0,1.659e-05,3.4892e-05,32,256
sphere,2.000000,polar,5.7634e-05,0.00015911,0.0,0.0,32,256
sphere,2.000000,polar,0.0,0.0,1.3136e-05,2.4339e-05,32,256
sphere,2.000000,polar,5.1939e-05,0.000118217,0.0,0.0,32,256
sphere,2.000000,polar,0.0,0.0,8.246e-06,2.5204e-05,32,256
sphere,2.000000,polar,6.999e-05,0.000154381,0.0,0.0,32,256
sphere,2.000000,polar,0.0,0.0,1.4866e-05,2.6909e-05,32,256
sphere,2.000000,polar,6.2837e-05,0.000159364,0.0,0.0,32,256
sphere,2.000000,polar,0.0,0.0,1.4826e-05,2.62e-05,32,256
sphere,2.000000,polar,4.8928e-05,0.000102082,0.0,0.0,32,256
sphere,2.000000,polar,0.0,0.0,1.076e-05,2.1595e-05,32,256
sphere,2.000000,polar,2.7263e-05,0.000167838,0.0,0.0,32,256
sphere,2.000000,polar,0.0,0.0,5.643e-06,4.609e-06,32,256
sphere,2.000000,polar,5.9339e-05,0.000144847,0.0,0.0,32,256
sphere,2.000000,polar,0.0,0.0,1.2872e-05,2.5729e-05,32,256
sphere,2.000000,polar,4.4833e-05,9.6659e-05,0.0,0.0,32,256
sphere,2.000000,polar,0.0,0.0,8.278e-06,1.9658e-05,32,256
sphere,2.000000,polar,6.3786e-05,0.000133386,0.0,0.0,32,256
sphere,2.000000,polar,0.0,0.0,1.361e-05,2.9462e-05,32,256
sphere,2.000000,polar,5.4943e-05,0.000133293,0.0,0.0,32,256
sphere,2.000000,polar,0.0,0.0,1.2777e-05,2.2588e-05,32,256
sphere,2.000000,polar,2.9671e-05,0.00012758,0.0,0.0,32,256
sphere,2.000000,polar,0.0,0.0,5.975e-06,6.871e-06,32,256
sphere,2.000000,polar,7.2713e-05,0.000189726,0.0,0.0,32,256
sphere,2.000000,polar,0.0,0.0,1.421e-05,3.3618e-05,32,256
sphere,2.000000,polar,5.4908e-05,0.000137131,0.0,0.0,32,256
sphere,2.000000,polar,0.0,0.0,1.3645e-05,1.9991e-05,32,256
sphere,2.000000,polar,6.0048e-05,0.000155844,0.0,0.0,32,256
sphere,2.000000,polar,0.0,0.0,1.241e-05,2.7169e-05,32,256
sphere,2.000000,polar,1.6686e-05,5.8547e-05,0.0,0.0,32,256
sphere,2.000000,polar,0.0,0.0,3.928e-06,4.201e-06,32,256
sphere,2.000000,polar,0.000100694,0.000159321,0.0,0.0,32,256
sphere,2.000000,polar,0.0,0.0,9.675e-06,6.8397e-05,32,256
sphere,2.000000,polar,5.4671e-05,0.000108425,0.0,0.0,32,256
sphere,2.000000,polar,0.0,0.0,9.834e-06,2.6754e-05,32,256
sphere,2.000000,polar,6.609e-06,1.6436e-05,0.0,0.0,32,256
sphere,2.000000,polar,0.0,0.0,1.48e-06,2.588e-06,32,256
sphere,2.000000,polar,4.9823e-05,7.6326e-05,0.0,0.0,32,256
sphere,2.000000,polar,0.0,0.0,2.1271e-05,1.6239e-05,32,256
sphere,2.000000,polar,1.3332e-05,1.649e-05,0.0,0.0,32,256
sphere,2.000000,polar,0.0,0.0,2.146e-06,7.729e-06,32,256
sphere,2.000000,polar,5.3259e-05,0.000112142,0.0,0.0,32,256
sphere,2.000000,polar,0.0,0.0,1.1039e-05,2.3244e-05,32,256
sphere,2.000000,polar,6.6186e-05,0.00012616,0.0,0.0,32,256
sphere,2.000000,polar,0.0,0.0,1.2695e-05,3.2531e-05,32,256
sphere,2.000000,polar,3.5182e-05,0.000101391,0.0,0.0,32,256
sphere,2.000000,polar,0.0,0.0,8.72e-06,1.1702e-05,32,256
sphere,2.000000,polar,5.6645e-05,0.000150806,0.0,0.0,32,256
sphere,2.000000,polar,0.0,0.0,1.1728e-05,2.5749e-05,32,256
sphere,2.000000,polar,5.7152e-05,0.000148822,0.0,0.0,32,256
sphere,2.000000,polar,0.0,0.0,1.0515e-05,2.3834e-05,32,256
sphere,2.000000,polar,4.9455e-05,0.000109579,0.0,0.0,32,256
sphere,2.000000,polar,0.0,0.0,1.0736e-05,2.0101e-05,32,256
sphere,2.000000,polar,3.5662e-05,0.000107097,0.0,0.0,32,256
sphere,2.000000,polar,0.0,0.0,6.605e-06,1.4158e-05,32,256
sphere,2.000000,polar,6.5098e-05,0.000126183,0.0,0.0,32,256
sphere,2.000000,polar,0.0,0.0,1.2722e-05,3.1953e-05,32,256
sphere,2.000000,polar,4.7767e-05,0.000132393,0.0,0.0,32,256
sphere,2.000000,polar,0.0,0.0,7.924e-06,1.9609e-05,32,256
sphere,2.000000,polar,5.3961e-05,0.000171653,0.0,0.0,32,256
sphere,2.000000,polar,0.0,0.0,1.2505e-05,2.1683e-05,32,256
sphere,2.000000,polar,3.3567e-05,9.8915e-05,0.0,0.0,32,256
sphere,2.000000,polar,0.0,0.0,6.291e-06,9.772e-06,32,256
sphere,2.000000,polar,2.83e-05,0.000107433,0.0,0.0,32,256
sphere,2.000000,polar,0.0,0.0,6.355e-06,9.342e-06,32,256
sphere,2.000000,polar,3.6797e-05,8.6925e-05,0.0,0.0,32,256
sphere,2.000000,polar,0.0,0.0,7.537e-06,1.5014e-05,32,256
sphere,2.000000,polar,1.8236e-05,6.5011e-05,0.0,0.0,32,256
sphere,2.000000,polar,0.0,0.0,4.242e-06,5.978e-06,32,256
sphere,2.000000,polar,5.1326e-05,0.000113708,0.0,0.0,32,256
sphere,2.000000,polar,0.0,0.0,1.144e-05,2.2072e-05,32,256
sphere,2.000000,polar,4.8521e-05,0.000130155,0.0,0.0,32,256
sphere,2.000000,polar,0.0,0.0,9.078e-06,2.192e-05,32,256
sphere,2.000000,polar,1.8393e-05,4.2733e-05,0.0,0.0,32,256
sphere,2.000000,polar,0.0,0.0,4.493e-06,6.364e-06,32,256
sphere,2.000000,polar,3.248e-05,9.833e-05,0.0,0.0,32,256
sphere,2.000000,polar,0.0,0.0,6.58e-06,1.1145e-05,32,256
sphere,2.000000,polar,4.3052e-05,8.3832e-05,0.0,0.0,32,256
sphere,2.000000,polar,0.0,0.0,6.955e-06,2.2867e-05,32,256
sphere,2.000000,polar,5.1473e-05,0.000130674,0.0,0.0,32,256
sphere,2.000000,polar,0.0,0.0,1.0836e-05,2.1847e-05,32,256
sphere,2.000000,polar,5.0261e-05,0.000156436,0.0,0.0,32,256
sphere,2.000000,polar,0.0,0.0,1.0164e-05,1.5525e-05,32,256
sphere,2.000000,polar,5.3376e-05,0.000125682,0.0,0.0,32,256
sphere,2.000000,polar,0.0,0.0,1.0987e-05,2.3434e-05,32,256
sphere,2.000000,polar,5.2829e-05,9.2926e-05,0.0,0.0,32,256
sphere,2.000000,polar,0.0,0.0,9.272e-06,2.9577e-05,32,256
sphere,2.000000,polar,3.2195e-05,7.448e-05,0.0,0.0,32,256
sphere,2.000000,polar,0.0,0.0,5.884e-06,1.3911e-05,32,256
sphere,2.000000,polar,4.6873e-05,0.000105093,0.0,0.0,32,256
sphere,2.000000,polar,0.0,0.0,1.0641e-05,2.0753e-05,32,256
sphere,2.000000,polar,4.6081e-05,5.6101e-05,0.0,0.0,32,256
sphere,2.000000,polar,0.0,0.0,7.15e-06,2.715e-05,32,256
sphere,2.000000,polar,8.9413e-05,0.000185516,0.0,0.0,32,256
sphere,2.000000,polar,0.0,0.0,1.7029e-05,4.3621e-05,32,256
sphere,2.000000,polar,5.1975e-05,0.000118234,0.0,0.0,32,256
sphere,2.000000,polar,0.0,0.0,1.0064e-05,2.3936e-05,32,256
sphere,2.000000,polar,8.3601e-05,0.000798888,0.0,0.0,32,256
sphere,2.000000,polar,0.0,0.0,1.8149e-05,3.2282e-05,32,256
sphere,2.000000,polar,2.1934e-05,0.000160846,0.0,0.0,32,256
sphere,2.000000,polar,0.0,0.0,4.801e-06,3.6e-08,32,256
sphere,2.000000,polar,5.1782e-05,0.00012871,0.0,0.0,32,256
sphere,2.000000,polar,0.0,0.0,1.0039e-05,2.2611e-05,32,256
sphere,2.000000,polar,6.4321e-05,0.000130558,0.0,0.0,32,256
sphere,2.000000,polar,0.0,0.0,1.3525e-05,2.7956e-05,32,256
sphere,2.000000,polar,6.7918e-05,0.000153304,0.0,0.0,32,256
sphere,2.000000,polar,0.0,0.0,1.1823e-05,2.4346e-05,32,256
sphere,2.000000,polar,6.1361e-05,8.5858e-05,0.0,0.0,32,256
sphere,2.000000,polar,0.0,0.0,7.732e-06,2.2502e-05,32,256
sphere,2.000000,polar,6.0091e-05,9.0324e-05,0.0,0.0,32,256
sphere,2.000000,polar,0.0,0.0,1.0751e-05,3.2331e-05,32,256
sphere,2.000000,polar,5.4456e-05,0.00015305,0.0,0.0,32,256
sphere,2.000000,polar,0.0,0.0,8.864e-06,2.5283e-05,32,256
sphere,2.000000,polar,5.0834e-05,0.000126646,0.0,0.0,32,256
sphere,2.000000,polar,0.0,0.0,1.1088e-05,2.0493e-05,32,256
sphere,2.000000,polar,3.5302e-05,0.000130877,0.0,0.0,32,256
sphere,2.000000,polar,0.0,0.0,7.536e-06,1.0513e-05,32,256
sphere,2.000000,polar,2.3822e-05,5.9206e-05,0.0,0.0,32,256
sphere,2.000000,polar,0.0,0.0,4.553e-06,1.0126e-05,32,256
sphere,2.000000,polar,2.5329e-05,0.00011789,0.0,0.0,32,256
sphere,2.000000,polar,0.0,0.0,5.459e-06,6.627e-06,32,256
sphere,2.000000,polar,3.8921e-05,0.00012427,0.0,0.0,32,256
sphere,2.000000,polar,0.0,0.0,7.222e-06,1.3553e-05,32,256
sphere,2.000000,polar,5.1529e-05,0.000122577,0.0,0.0,32,256
sphere,2.000000,polar,0.0,0.0,1.2503e-05,1.9115e-05,32,256
sphere,2.000000,polar,6.955e-05,0.000147091,0.0,0.0,32,256
sphere,2.000000,polar,0.0,0.0,1.1999e-05,3.5053e-05,32,256
sphere,2.000000,polar,4.6279e-05,6.1732e-05,0.0,0.0,32,256
sphere,2.000000,polar,0.0,0.0,6.93e-06,2.7633e-05,32,256
sphere,2.000000,polar,6.7906e-05,0.000148287,0.0,0.0,32,256
sphere,2.000000,polar,0.0,0.0,1.0118e-05,3.4514e-05,32,256
sphere,2.000000,polar,6.2932e-05,0.000123573,0.0,0.0,32,256
sphere,2.000000,polar,0.0,0.0,1.2973e-05,2.9797e-05,32,256
sphere,2.000000,polar,9.9238e-05,0.000121688,0.0,0.0,32,256
sphere,2.000000,polar,0.0,0.0,1.208e-05,6.7071e-05,32,256
sphere,2.000000,polar,4.4902e-05,9.1207e-05,0.0,0.0,32,256
sphere,2.000000,polar,0.0,0.0,8.195e-06,2.1336e-05,32,256
sphere,2.000000,polar,4.8399e-05,0.000150739,0.0,0.0,32,256
sphere,2.000000,polar,0.0,0.0,7.846e-06,2.0757e-05,32,256
sphere,2.000000,polar,4.9399e-05,0.000118192,0.0,0.0,32,256
sphere,2.000000,polar,0.0,0.0,1.0053e-05,2.1959e-05,32,256
sphere,2.000000,polar,3.3206e-05,0.000132866,0.0,0.0,32,256
sphere,2.000000,polar,0.0,0.0,7.974e-06,4.267e-06,32,256
sphere,2.000000,polar,3.8298e-05,0.000120043,0.0,0.0,32,256
sphere,2.000000,polar,0.0,0.0,6.268e-06,1.6473e-05,32,256
sphere,2.000000,polar,6.3785e-05,0.000118971,0.0,0.0,32,256
sphere,2.000000,polar,0.0,0.0,1.137e-05,3.3682e-05,32,256
sphere,2.000000,polar,5.7212e-05,0.000118238,0.0,0.0,32,256
sphere,2.000000,polar,0.0,0.0,1.0789e-05,2.8232e-05,32,256
sphere,2.000000,polar,9.1797e-05,0.000320618,0.0,0.0,32,256
sphere,2.000000,polar,0.0,0.0,1.8917e-05,4.1236e-05,32,256
sphere,2.000000,polar,6.2624e-05,0.00019724,0.0,0.0,32,256
sphere,2.000000,polar,0.0,0.0,1.3592e-05,2.6402e-05,32,256
sphere,2.000000,polar,6.1471e-05,0.000185809,0.0,0.0,32,256
sphere,2.000000,polar,0.0,0.0,1.3673e-05,2.6341e-05,32,256
sphere,2.000000,polar,5.2768e-05,0.00011568,0.0,0.0,32,256
sphere,2.000000,polar,0.0,0.0,1.0074e-05,2.5462e-05,32,256
sphere,2.000000,polar,4.9846e-05,0.000137756,0.0,0.0,32,256
sphere,2.000000,polar,0.0,0.0,9.987e-06,1.5358e-05,32,256
sphere,2.000000,polar,1.9574e-05,1.895e-05,0.0,0.0,32,256
sphere,2.000000,polar,0.0,0.0,3.434e-06,1.1779e-05,32,256
sphere,2.000000,polar,3.299e-05,7.1102e-05,0.0,0.0,32,256
sphere,2.000000,polar,0.0,0.0,6.884e-06,1.4509e-05,32,256
sphere,2.000000,polar,4.9745e-05,9.8292e-05,0.0,0.0,32,256
sphere,2.000000,polar,0.0,0.0,1.0431e-05,2.2709e-05,32,256
sphere,2.000000,polar,6.1477e-05,0.000136327,0.0,0.0,32,256
sphere,2.000000,polar,0.0,0.0,1.1488e-05,2.8381e-05,32,256
sphere,2.000000,polar,4.5718e-05,0.000132379,0.0,0.0,32,256
sphere,2.000000,polar,0.0,0.0,8.546e-06,1.6917e-05,32,256
sphere,2.000000,polar,5.3173e-05,0.000152296,0.0,0.0,32,256
sphere,2.000000,polar,0.0,0.0,9.537e-06,1.9514e-05,32,256
sphere,2.000000,polar,4.4161e-05,9.2875e-05,0.0,0.0,32,256
sphere,2.000000,polar,0.0,0.0,8.385e-06,2.2961e-05,32,256
sphere,2.000000,polar,3.4749e-05,9.533e-05,0.0,0.0,32,256
sphere,2.000000,polar,0.0,0.0,7.247e-06,1.5231e-05,32,256
sphere,2.000000,polar,3.0745e-05,9.0368e-05,0.0,0.0,32,256
sphere,2.000000,polar,0.0,0.0,7.286e-06,1.1956e-05,32,256
sphere,2.000000,polar,8.3349e-05,0.000184397,0.0,0.0,32,256
sphere,2.000000,polar,0.0,0.0,1.4947e-05,4.192e-05,32,256
sphere,2.000000,polar,5.0517e-05,0.000101843,0.0,0.0,32,256
sphere,2.000000,polar,0.0,0.0,9.135e-06,2.5316e-05,32,256
sphere,2.000000,polar,0.000130762,0.000133436,0.0,0.0,32,256
sphere,2.000000,polar,0.0,0.0,1.2296e-05,9.7426e-05,32,256
sphere,2.000000,polar,7.2197e-05,0.000159446,0.0,0.0,32,256
sphere,2.000000,polar,0.0,0.0,1.3988e-05,3.4284e-05,32,256
sphere,2.000000,polar,5.7914e-05,0.000111391,0.0,0.0,32,256
sphere,2.000000,polar,0.0,0.0,8.418e-06,3.1423e-05,32,256
sphere,2.000000,polar,6.9722e-05,0.000173244,0.0,0.0,32,256
sphere,2.000000,polar,0.0,0.0,1.351e-05,3.0998e-05,32,256
sphere,2.000000,polar,4.2491e-05,0.000150373,0.0,0.0,32,256
sphere,2.000000,polar,0.0,0.0,8.312e-06,1.5013e-05,32,256
sphere,2.000000,polar,3.5585e-05,0.00018492,0.0,0.0,32,256
sphere,2.000000,polar,0.0,0.0,7.364e-06,8.837e-06,32,256
sphere,2.000000,polar,2.1443e-05,5.85e-05,0.0,0.0,32,256
sphere,2.000000,polar,0.0,0.0,3.634e-06,8.142e-06,32,256
sphere,2.000000,polar,1.8568e-05,2.8697e-05,0.0,0.0,32,256
sphere,2.000000,polar,0.0,0.0,2.786e-06,1.1162e-05,32,256
sphere,2.000000,polar,4.7211e-05,0.00012463,0.0,0.0,32,256
sphere,2.000000,polar,0.0,0.0,7.901e-06,1.8593e-05,32,256
sphere,2.000000,polar,3.1168e-05,4.5158e-05,0.0,0.0,32,256
sphere,2.000000,polar,0.0,0.0,4.406e-06,1.9054e-05,32,256
sphere,2.000000,polar,6.0248e-05,0.0001617,0.0,0.0,32,256
sphere,2.000000,polar,0.0,0.0,1.0922e-05,2.7999e-05,32,256
sphere,2.000000,polar,3.7433e-05,0.000142625,0.0,0.0,32,256
sphere,2.000000,polar,0.0,0.0,7.159e-06,1.2047e-05,32,256
sphere,2.000000,polar,5.8258e-05,0.000140494,0.0,0.0,32,256
sphere,2.000000,polar,0.0,0.0,1.1166e-05,2.5157e-05,32,256
sphere,2.000000,polar,3.4005e-05,0.000127856,0.0,0.0,32,256
sphere,2.000000,polar,0.0,0.0,8.042e-06,9.215e-06,32,256
sphere,2.000000,polar,6.6038e-05,0.000136379,0.0,0.0,32,256
sphere,2.000000,polar,0.0,0.0,1.3015e-05,3.1918e-05,32,256
sphere,2.000000,polar,7.3978e-05,0.000171116,0.0,0.0,32,256
sphere,2.000000,polar,0.0,0.0,1.4999e-05,3.448e-05,32,256
sphere,2.000000,polar,7.1822e-05,0.00013546,0.0,0.0,32,256
sphere,2.000000,polar,0.0,0.0,1.2417e-05,3.9246e-05,32,256
sphere,2.000000,polar,5.1505e-05,0.0001158,0.0,0.0,32,256
sphere,2.000000,polar,0.0,0.0,9.185e-06,2.3591e-05,32,256
sphere,2.000000,polar,4.3695e-05,0.000140052,0.0,0.0,32,256
sphere,2.000000,polar,0.0,0.0,9.461e-06,1.5184e-05,32,256
sphere,2.000000,polar,2.3091e-05,0.000114821,0.0,0.0,32,256
sphere,2.000000,polar,0.0,0.0,4.785e-06,3.21e-06,32,256
sphere,2.000000,polar,2.0659e-05,0.000101882,0.0,0.0,32,256
sphere,2.000000,polar,0.0,0.0,4.519e-06,3.02e-06,32,256
sphere,2.000000,polar,7.2369e-05,0.00012325,0.0,0.0,32,256
sphere,2.000000,polar,0.0,0.0,1.2572e-05,3.9114e-05,32,256
sphere,2.000000,polar,2.0253e-05,5.5239e-05,0.0,0.0,32,256
sphere,2.000000,polar,0.0,0.0,4.009e-06,6.779e-06,32,256
sphere,2.000000,polar,5.8929e-05,0.000121469,0.0,0.0,32,256
sphere,2.000000,polar,0.0,0.0,1.0327e-05,2.6979e-05,32,256
sphere,2.000000,polar,5.1302e-05,8.5149e-05,0.0,0.0,32,256
sphere,2.000000,polar,0.0,0.0,8.213e-06,3.0622e-05,32,256
sphere,2.000000,polar,8.4959e-05,0.000290335,0.0,0.0,32,256
sphere,2.000000,polar,0.0,0.0,1.943e-05,3.5781e-05,32,256
sphere,2.000000,polar,5.9347e-05,0.000175386,0.0,0.0,32,256
sphere,2.000000,polar,0.0,0.0,1.4009e-05,1.9784e-05,32,256
sphere,2.000000,polar,7.1558e-05,0.000131495,0.0,0.0,32,256
sphere,2.000000,polar,0.0,0.0,1.5289e-05,3.397e-05,32,256
sphere,2.000000,polar,5.3196e-05,0.000147889,0.0,0.0,32,256
sphere,2.000000,polar,0.0,0.0,1.0201e-05,2.3218e-05,32,256
sphere,2.000000,polar,2.7419e-05,9.3661e-05,0.0,0.0,32,256
sphere,2.000000,polar,0.0,0.0,5.015e-06,9.243e-06,32,256
sphere,2.000000,polar,1.3469e-05,4.2714e-05,0.0,0.0,32,256
sphere,2.000000,polar,0.0,0.0,2.053e-06,6.374e-06,32,256
sphere,2.000000,polar,5.6506e-05,0.000120749,0.0,0.0,32,256
sphere,2.000000,polar,0.0,0.0,1.1871e-05,2.511e-05,32,256
sphere,2.000000,polar,5.9585e-05,0.00014059,0.0,0.0,32,256
sphere,2.000000,polar,0.0,0.0,1.3903e-05,2.2549e-05,32,256
sphere,2.000000,polar,3.3705e-05,6.1126e-05,0.0,0.0,32,256
sphere,2.000000,polar,0.0,0.0,6.175e-06,1.7573e-05,32,256
sphere,2.000000,polar,5.7342e-05,0.000120336,0.0,0.0,32,256
sphere,2.000000,polar,0.0,0.0,1.1009e-05,2.6339e-05,32,256
sphere,2.000000,polar,2.7412e-05,0.000113352,0.0,0.0,32,256
sphere,2.000000,polar,0.0,0.0,5.979e-06,6.752e-06,32,256
sphere,2.000000,polar,7.7352e-05,0.000135095,0.0,0.0,32,256
sphere,2.000000,polar,0.0,0.0,1.3466e-05,3.2082e-05,32,256
sphere,2.000000,polar,4.9696e-05,0.000228691,0.0,0.0,32,256
sphere,2.000000,polar,0.0,0.0,1.0443e-05,1.7852e-05,32,256
sphere,2.000000,polar,3.3665e-05,7.5836e-05,0.0,0.0,32,256
sphere,2.000000,polar,0.0,0.0,7.151e-06,1.5041e-05,32,256
sphere,2.000000,polar,6.6759e-05,0.000118556,0.0,0.0,32,256
sphere,2.000000,polar,0.0,0.0,1.2593e-05,3.3353e-05,32,256
sphere,2.000000,polar,4.6335e-05,0.000121774,0.0,0.0,32,256
sphere,2.000000,polar,0.0,0.0,1.04e-05,1.8067e-05,32,256
sphere,2.000000,polar,3.7435e-05,0.000136839,0.0,0.0,32,256
sphere,2.000000,polar,0.0,0.0,7.663e-06,1.1642e-05,32,256
sphere,2.000000,polar,3.5482e-05,0.000128978,0.0,0.0,32,256
sphere,2.000000,polar,0.0,0.0,6.111e-06,1.0853e-05,32,256
sphere,2.000000,polar,3.5606e-05,4.5904e-05,0.0,0.0,32,256
sphere,2.000000,polar,0.0,0.0,5.203e-06,2.188e-05,32,256
sphere,2.000000,polar,4.4992e-05,9.8158e-05,0.0,0.0,32,256
sphere,2.000000,polar,0.0,0.0,8.98e-06,1.9558e-05,32,256
sphere,2.000000,polar,2.079e-05,5.2425e-05,0.0,0.0,32,256
sphere,2.000000,polar,0.0,0.0,3.459e-06,1.0071e-05,32,256
sphere,2.000000,polar,4.8222e-05,0.00013265,0.0,0.0,32,256
sphere,2.000000,polar,0.0,0.0,9.265e-06,2.233e-05,32,256
sphere,2.000000,polar,6.1289e-05,0.000128264,0.0,0.0,32,256
sphere,2.000000,polar,0.0,0.0,1.2019e-05,3.0748e-05,32,256
sphere,2.000000,polar,7.1493e-05,0.000134639,0.0,0.0,32,256
sphere,2.000000,polar,0.0,0.0,1.4174e-05,3.368e-05,32,256
sphere,2.000000,polar,4.6584e-05,0.000107184,0.0,0.0,32,256
sphere,2.000000,polar,0.0,0.0,9.613e-06,2.1411e-05,32,256
sphere,2.000000,polar,2.656e-05,0.000186174,0.0,0.0,32,256
sphere,2.000000,polar,0.0,0.0,6.531e-06,2.25e-07,32,256
sphere,2.000000,polar,4.1968e-05,0.000100895,0.0,0.0,32,256
sphere,2.000000,polar,0.0,0.0,7.362e-06,1.9495e-05,32,256
sphere,2.000000,polar,3.1049e-05,0.000155352,0.0,0.0,32,256
sphere,2.000000,polar,0.0,0.0,6.569e-06,5.626e-06,32,256
sphere,2.000000,polar,3.7102e-05,9.108e-05,0.0,0.0,32,256
sphere,2.000000,polar,0.0,0.0,7.38e-06,1.7566e-05,32,256
sphere,2.000000,polar,4.1836e-05,0.000133609,0.0,0.0,32,256
sphere,2.000000,polar,0.0,0.0,8.162e-06,1.5535e-05,32,256
sphere,2.000000,polar,4.615e-05,0.000119273,0.0,0.0,32,256
sphere,2.000000,polar,0.0,0.0,9.834e-06,1.9816e-05,32,256
sphere,2.000000,polar,3.0674e-05,7.9415e-05,0.0,0.0,32,256
sphere,2.000000,polar,0.0,0.0,6.999e-06,1.1849e-05,32,256
sphere,2.000000,polar,1.4215e-05,3.0256e-05,0.0,0.0,32,256
sphere,2.000000,polar,0.0,0.0,2.551e-06,6.618e-06,32,256
sphere,2.000000,polar,3.9538e-05,0.000104915,0.0,0.0,32,256
sphere,2.000000,polar,0.0,0.0,6.809e-06,1.8188e-05,32,256
sphere,2.000000,polar,7.845e-05,0.000175209,0.0,0.0,32,256
sphere,2.000000,polar,0.0,0.0,1.5358e-05,3.5812e-05,32,256
sphere,2.000000,polar,3.6328e-05,7.3398e-05,0.0,0.0,32,256
sphere,2.000000,polar,0.0,0.0,6.655e-06,1.7859e-05,32,256
sphere,2.000000,polar,4.703e-05,0.000106295,0.0,0.0,32,256
sphere,2.000000,polar,0.0,0.0,8.831e-06,1.9109e-05,32,256
sphere,2.000000,polar,2.7042e-05,0.000127084,0.0,0.0,32,256
sphere,2.000000,polar,0.0,0.0,6.25e-06,3.789e-06,32,256
sphere,2.000000,polar,6.5007e-05,0.00013157,0.0,0.0,32,256
sphere,2.000000,polar,0.0,0.0,1.3471e-05,2.9587e-05,32,256
sphere,2.000000,polar,5.8834e-05,0.000189235,0.0,0.0,32,256
sphere,2.000000,polar,0.0,0.0,1.1615e-05,1.7774e-05,32,256
sphere,2.000000,polar,4.6979e-05,0.000250361,0.0,0.0,32,256
sphere,2.000000,polar,0.0,0.0,9.121e-06,1.4264e-05,32,256
sphere,2.000000,polar,3.7835e-05,0.000140916,0.0,0.0,32,256
sphere,2.000000,polar,0.0,0.0,8.084e-06,1.3077e-05,32,256
sphere,2.000000,polar,7.4081e-05,0.000162995,0.0,0.0,32,256
sphere,2.000000,polar,0.0,0.0,1.522e-05,3.6169e-05,32,256
sphere,2.000000,polar,6.7978e-05,0.000143391,0.0,0.0,32,256
sphere,2.000000,polar,0.0,0.0,1.2888e-05,3.2987e-05,32,256
sphere,2.000000,polar,1.2858e-05,1.1247e-05,0.0,0.0,32,256
sphere,2.000000,polar,0.0,0.0,2.632e-06,7.504e-06,32,256
sphere,2.000000,polar,3.2128e-05,0.000164641,0.0,0.0,32,256
sphere,2.000000,polar,0.0,0.0,8.033e-06,4.283e-06,32,256
sphere,2.000000,polar,8.6281e-05,0.000120945,0.0,0.0,32,256
sphere,2.000000,polar,0.0,0.0,1.3099e-05,5.3365e-05,32,256
sphere,2.000000,polar,2.6311e-05,8.6459e-05,0.0,0.0,32,256
sphere,2.000000,polar,0.0,0.0,4.498e-06,1.1146e-05,32,256
sphere,2.000000,polar,5.3297e-05,0.000123058,0.0,0.0,32,256
sphere,2.000000,polar,0.0,0.0,1.2226e-05,2.2003e-05,32,256
sphere,2.000000,polar,2.7901e-05,0.000146927,0.0,0.0,32,256
sphere,2.000000,polar,0.0,0.0,5.293e-06,4.4e-06,32,256
sphere,2.000000,polar,8.3986e-05,0.000277392,0.0,0.0,32,256
sphere,2.000000,polar,0.0,0.0,1.814e-05,3.5603e-05,32,256
sphere,2.000000,polar,6.0241e-05,0.000130486,0.0,0.0,32,256
sphere,2.000000,polar,0.0,0.0,1.1311e-05,2.8823e-05,32,256
sphere,2.000000,polar,5.1553e-05,9.5885e-05,0.0,0.0,32,256
sphere,2.000000,polar,0.0,0.0,8.391e-06,2.7365e-05,32,256
sphere,2.000000,polar,4.8046e-05,0.000141597,0.0,0.0,32,256
sphere,2.000000,polar,0.0,0.0,9.035e-06,1.8214e-05,32,256
sphere,2.000000,polar,6.3401e-05,0.000151007,0.0,0.0,32,256
sphere,2.000000,polar,0.0,0.0,1.4054e-05,2.6692e-05,32,256
sphere,2.000000,polar,5.7697e-05,0.000162763,0.0,0.0,32,256
sphere,2.000000,polar,0.0,0.0,1.095e-05,2.6167e-05,32,256
sphere,2.000000,polar,2.7933e-05,5.6054e-05,0.0,0.0,32,256
sphere,2.000000,polar,0.0,0.0,4.825e-06,1.3578e-05,32,256
sphere,2.000000,polar,5.4311e-05,0.000130974,0.0,0.0,32,256
sphere,2.000000,polar,0.0,0.0,1.0212e-05,2.555e-05,32,256
sphere,2.000000,polar,3.8954e-05,8.34e-05,0.0,0.0,32,256
sphere,2.000000,polar,0.0,0.0,7.146e-06,1.7917e-05,32,256
sphere,2.000000,polar,3.7947e-05,0.000142341,0.0,0.0,32,256
sphere,2.000000,polar,0.0,0.0,7.549e-06,9.83e-06,32,256
sphere,2.000000,polar,6.7962e-05,0.000123722,0.0,0.0,32,256
sphere,2.000000,polar,0.0,0.0,1.3671e-05,3.2373e-05,32,256
sphere,2.000000,polar,5.1676e-05,0.00013441,0.0,0.0,32,256
sphere,2.000000,polar,0.0,0.0,9.253e-06,2.5682e-05,32,256
sphere,2.000000,polar,3.6536e-05,0.000154223,0.0,0.0,32,256
sphere,2.000000,polar,0.0,0.0,9.082e-06,5.921e-06,32,256
sphere,2.000000,polar,6.8517e-05,0.000153319,0.0,0.0,32,256
sphere,2.000000,polar,0.0,0.0,1.5144e-05,2.9656e-05,32,256
sphere,2.000000,polar,6.1639e-05,0.000126254,0.0,0.0,32,256
sphere,2.000000,polar,0.0,0.0,1.24e-05,2.8156e-05,32,256
sphere,2.000000,polar,4.078e-05,0.000124366,0.0,0.0,32,256
sphere,2.000000,polar,0.0,0.0,7.649e-06,1.7734e-05,32,256
sphere,2.000000,polar,2.9622e-05,3.9497e-05,0.0,0.0,32,256
sphere,2.000000,polar,0.0,0.0,5.265e-06,1.6328e-05,32,256
sphere,2.000000,polar,8.5067e-05,0.000187929,0.0,0.0,32,256
sphere,2.000000,polar,0.0,0.0,1.7736e-05,3.9466e-05,32,256
sphere,2.000000,polar,6.5211e-05,0.000125913,0.0,0.0,32,256
sphere,2.000000,polar,0.0,0.0,1.3387e-05,2.9828e-05,32,256
sphere,2.000000,polar,6.9131e-05,0.000132423,0.0,0.0,32,256
sphere,2.000000,polar,0.0,0.0,1.2342e-05,3.3821e-05,32,256
sphere,2.000000,polar,4.3731e-05,0.000105872,0.0,0.0,32,256
sphere,2.000000,polar,0.0,0.0,7.466e-06,1.9514e-05,32,256
sphere,2.000000,polar,4.8262e-05,0.000119236,0.0,0.0,32,256
sphere,2.000000,polar,0.0,0.0,8.889e-06,2.2649e-05,32,256
sphere,2.000000,polar,3.4705e-05,0.000106564,0.0,0.0,32,256
sphere,2.000000,polar,0.0,0.0,7.829e-06,1.248e-05,32,256
sphere,2.000000,polar,6.2183e-05,0.000182693,0.0,0.0,32,256
sphere,2.000000,polar,0.0,0.0,1.5417e-05,2.375e-05,32,256
sphere,2.000000,polar,4.2671e-05,0.000202114,0.0,0.0,32,256
sphere,2.000000,polar,0.0,0.0,9.766e-06,1.1732e-05,32,256
sphere,2.000000,polar,5.1467e-05,0.000136867,0.0,0.0,32,256
sphere,2.000000,polar,0.0,0.0,1.2154e-05,2.2773e-05,32,256
sphere,2.000000,polar,4.0567e-05,0.000125693,0.0,0.0,32,256
sphere,2.000000,polar,0.0,0.0,9.245e-06,1.5238e-05,32,256
sphere,2.000000,polar,6.6178e-05,0.000141183,0.0,0.0,32,256
sphere,2.000000,polar,0.0,0.0,1.4236e-05,2.9079e-05,32,256
sphere,2.000000,polar,3.087e-06,1.7144e-05,0.0,0.0,32,256
sphere,2.000000,polar,0.0,0.0,4.24e-07,0,32,256
sphere,2.000000,polar,7.3064e-05,0.000162129,0.0,0.0,32,256
sphere,2.000000,polar,0.0,0.0,1.3539e-05,3.5529e-05,32,256
sphere,2.000000,polar,4.3966e-05,0.000115034,0.0,0.0,32,256
sphere,2.000000,polar,0.0,0.0,7.616e-06,2.1793e-05,32,256
sphere,2.000000,polar,3.088e-05,9.9538e-05,0.0,0.0,32,256
sphere,2.000000,polar,0.0,0.0,5.697e-06,1.2319e-05,32,256
sphere,2.000000,polar,4.8238e-05,0.000137858,0.0,0.0,32,256
sphere,2.000000,polar,0.0,0.0,1.1266e-05,1.855e-05,32,256
sphere,2.000000,polar,3.1876e-05,0.000109924,0.0,0.0,32,256
sphere,2.000000,polar,0.0,0.0,5.435e-06,1.2984e-05,32,256
sphere,2.000000,polar,5.3862e-05,0.000146569,0.0,0.0,32,256
sphere,2.000000,polar,0.0,0.0,1.0482e-05,2.1222e-05,32,256
sphere,2.000000,polar,0.000106113,9.922e-05,0.0,0.0,32,256
sphere,2.000000,polar,0.0,0.0,5.5443e-05,3.0558e-05,32,256
sphere,2.000000,polar,3.9135e-05,0.000100495,0.0,0.0,32,256
sphere,2.000000,polar,0.0,0.0,9.884e-06,1.3471e-05,32,256
sphere,2.000000,polar,7.0815e-05,0.000144985,0.0,0.0,32,256
sphere,2.000000,polar,0.0,0.0,1.4472e-05,3.4535e-05,32,256
sphere,2.000000,polar,5.7455e-05,0.00014957,0.0,0.0,32,256
sphere,2.000000,polar,0.0,0.0,1.1614e-05,2.4472e-05,32,256
sphere,2.000000,polar,2.3381e-05,5.1457e-05,0.0,0.0,32,256
sphere,2.000000,polar,0.0,0.0,3.685e-06,1.2986e-05,32,256
sphere,2.000000,polar,7.8115e-05,0.000236392,0.0,0.0,32,256
sphere,2.000000,polar,0.0,0.0,1.639e-05,3.2071e-05,32,256
sphere,2.000000,polar,4.5399e-05,0.000144952,0.0,0.0,32,256
sphere,2.000000,polar,0.0,0.0,8.787e-06,1.4601e-05,32,256
sphere,2.000000,polar,3.4753e-05,9.4464e-05,0.0,0.0,32,256
sphere,2.000000,polar,0.0,0.0,7.032e-06,1.3805e-05,32,256
sphere,2.000000,polar,5.682e-05,0.000122153,0.0,0.0,32,256
sphere,2.000000,polar,0.0,0.0,2.4451e-05,1.4207e-05,32,256
sphere,2.000000,polar,4.0909e-05,0.000101562,0.0,0.0,32,256
sphere,2.000000,polar,0.0,0.0,6.966e-06,1.8608e-05,32,256
sphere,2.000000,polar,4.7914e-05,9.1138e-05,0.0,0.0,32,256
sphere,2.000000,polar,0.0,0.0,8.601e-06,2.3615e-05,32,256
sphere,2.000000,polar,6.0482e-05,0.000149367,0.0,0.0,32,256
sphere,2.000000,polar,0.0,0.0,1.0714e-05,3.1638e-05,32,256
sphere,2.000000,polar,3.3944e-05,0.000116359,0.0,0.0,32,256
sphere,2.000000,polar,0.0,0.0,6.238e-06,8.385e-06,32,256
sphere,2.000000,polar,5.5681e-05,0.000146676,0.0,0.0,32,256
sphere,2.000000,polar,0.0,0.0,1.2737e-05,1.9907e-05,32,256
sphere,2.000000,polar,5.952e-05,0.000152019,0.0,0.0,32,256
sphere,2.000000,polar,0.0,0.0,1.6753e-05,2.1615e-05,32,256
sphere,2.000000,polar,3.8682e-05,0.000109514,0.0,0.0,32,256
sphere,2.000000,polar,0.0,0.0,7.603e-06,1.5524e-05,32,256
sphere,2.000000,polar,2.4957e-05,7.0673e-05,0.0,0.0,32,256
sphere,2.000000,polar,0.0,0.0,4.444e-06,9.396e-06,32,256
sphere,2.000000,polar,6.1182e-05,0.000149355,0.0,0.0,32,256
sphere,2.000000,polar,0.0,0.0,1.3526e-05,2.4963e-05,32,256
sphere,2.000000,polar,7.8605e-05,0.000140918,0.0,0.0,32,256
sphere,2.000000,polar,0.0,0.0,1.6221e-05,3.5385e-05,32,256
sphere,2.000000,polar,4.0019e-05,8.5253e-05,0.0,0.0,32,256
sphere,2.000000,polar,0.0,0.0,7.755e-06,1.6006e-05,32,256
sphere,2.000000,polar,7.7384e-05,0.000174284,0.0,0.0,32,256
sphere,2.000000,polar,0.0,0.0,1.6835e-05,3.3737e-05,32,256
sphere,2.000000,polar,5.94e-05,0.000122592,0.0,0.0,32,256
sphere,2.000000,polar,0.0,0.0,1.2317e-05,2.7091e-05,32,256
sphere,2.000000,polar,6.266e-05,0.000144354,0.0,0.0,32,256
sphere,2.000000,polar,0.0,0.0,1.2316e-05,3.1689e-05,32,256
sphere,2.000000,polar,5.2331e-05,0.00027115,0.0,0.0,32,256
sphere,2.000000,polar,0.0,0.0,9.02e-06,1.9225e-05,32,256
sphere,2.000000,polar,7.9098e-05,0.000209575,0.0,0.0,32,256
sphere,2.000000,polar,0.0,0.0,2.0603e-05,2.9143e-05,32,256
sphere,2.000000,polar,4.1201e-05,0.0001116,0.0,0.0,32,256
sphere,2.000000,polar,0.0,0.0,9.861e-06,1.5861e-05,32,256
sphere,2.000000,polar,4.4374e-05,0.000117669,0.0,0.0,32,256
sphere,2.000000,polar,0.0,0.0,9.343e-06,1.8835e-05,32,256
sphere,2.000000,polar,2.969e-05,6.9995e-05,0.0,0.0,32,256
sphere,2.000000,polar,0.0,0.0,5.51e-06,1.3051e-05,32,256
sphere,2.000000,polar,1.9684e-05,0.000112748,0.0,0.0,32,256
sphere,2.000000,polar,0.0,0.0,3.898e-06,2.3e-06,32,256
sphere,2.000000,polar,2.8909e-05,0.000130627,0.0,0.0,32,256
sphere,2.000000,polar,0.0,0.0,5.961e-06,7.863e-06,32,256
sphere,2.000000,polar,6.3635e-05,0.000185414,0.0,0.0,32,256
sphere,2.000000,polar,0.0,0.0,1.4596e-05,2.2901e-05,32,256
sphere,2.000000,polar,3.1148e-05,9.9903e-05,0.0,0.0,32,256
sphere,2.000000,polar,0.0,0.0,5.824e-06,1.1684e-05,32,256
sphere,2.000000,polar,6.3136e-05,0.000135122,0.0,0.0,32,256
sphere,2.000000,polar,0.0,0.0,1.3495e-05,2.6403e-05,32,256
sphere,2.000000,polar,5.0556e-05,0.000122298,0.0,0.0,32,256
sphere,2.000000,polar,0.0,0.0,1.0939e-05,2.0714e-05,32,256
sphere,2.000000,polar,6.3593e-05,0.000167914,0.0,0.0,32,256
sphere,2.000000,polar,0.0,0.0,9.201e-06,1.9188e-05,32,256
sphere,2.000000,polar,3.8974e-05,0.000150664,0.0,0.0,32,256
sphere,2.000000,polar,0.0,0.0,9.11e-06,1.079e-05,32,256
sphere,2.000000,polar,1.8837e-05,4.5959e-05,0.0,0.0,32,256
sphere,2.000000,polar,0.0,0.0,3.695e-06,9.186e-06,32,256
sphere,2.000000,polar,6.6462e-05,0.00014369,0.0,0.0,32,256
sphere,2.000000,polar,0.0,0.0,1.2972e-05,2.8591e-05,32,256
sphere,2.000000,polar,4.295e-05,9.9696e-05,0.0,0.0,32,256
sphere,2.000000,polar,0.0,0.0,9.862e-06,1.9107e-05,32,256
sphere,2.000000,polar,5.1759e-05,0.000111587,0.0,0.0,32,256
sphere,2.000000,polar,0.0,0.0,9.957e-06,2.5858e-05,32,256
sphere,2.000000,polar,6.0015e-05,0.000111426,0.0,0.0,32,256
sphere,2.000000,polar,0.0,0.0,1.0715e-05,3.199e-05,32,256
sphere,2.000000,polar,4.3198e-05,0.000112721,0.0,0.0,32,256
sphere,2.000000,polar,0.0,0.0,8.944e-06,1.6487e-05,32,256
sphere,2.000000,polar,4.343e-05,9.7256e-05,0.0,0.0,32,256
sphere,2.000000,polar,0.0,0.0,8.496e-06,2.0513e-05,32,256
sphere,2.000000,polar,1.3327e-05,1.7197e-05,0.0,0.0,32,256
sphere,2.000000,polar,0.0,0.0,2.373e-06,7.321e-06,32,256
sphere,2.000000,polar,6.3839e-05,0.000172417,0.0,0.0,32,256
sphere,2.000000,polar,0.0,0.0,1.3286e-05,2.8998e-05,32,256
sphere,2.000000,polar,4.8883e-05,0.00011606,0.0,0.0,32,256
sphere,2.000000,polar,0.0,0.0,9.016e-06,2.3949e-05,32,256
sphere,2.000000,polar,5.6466e-05,0.000120506,0.0,0.0,32,256
sphere,2.000000,polar,0.0,0.0,1.2493e-05,2.3533e-05,32,256
sphere,2.000000,polar,5.9078e-05,0.000181212,0.0,0.0,32,256
sphere,2.000000,polar,0.0,0.0,1.2196e-05,2.1606e-05,32,256
sphere,2.000000,polar,7.2545e-05,0.00014406,0.0,0.0,32,256
sphere,2.000000,polar,0.0,0.0,1.5417e-05,3.4657e-05,32,256
sphere,2.000000,polar,5.6725e-05,0.000107174,0.0,0.0,32,256
sphere,2.000000,polar,0.0,0.0,1.0012e-05,3.0659e-05,32,256
sphere,2.000000,polar,6.2014e-05,0.000136813,0.0,0.0,32,256
sphere,2.000000,polar,0.0,0.0,1.2298e-05,3.0582e-05,32,256
sphere,2.000000,polar,8.7961e-05,0.000164136,0.0,0.0,32,256
sphere,2.000000,polar,0.0,0.0,3.3498e-05,3.0306e-05,32,256
sphere,2.000000,polar,3.2767e-05,0.000110711,0.0,0.0,32,256
sphere,2.000000,polar,0.0,0.0,6.278e-06,1.0998e-05,32,256
sphere,2.000000,polar,8.0728e-05,0.000195483,0.0,0.0,32,256
sphere,2.000000,polar,0.0,0.0,1.7583e-05,3.4367e-05,32,256
sphere,2.000000,polar,5.7325e-05,0.000137721,0.0,0.0,32,256
sphere,2.000000,polar,0.0,0.0,1.0972e-05,2.7224e-05,32,256
sphere,2.000000,polar,2.8264e-05,0.000123717,0.0,0.0,32,256
sphere,2.000000,polar,0.0,0.0,4.843e-06,1.064e-05,32,256
sphere,2.000000,polar,5.2981e-05,0.000134955,0.0,0.0,32,256
sphere,2.000000,polar,0.0,0.0,1.0732e-05,2.443e-05,32,256
sphere,2.000000,polar,5.5648e-05,0.000116532,0.0,0.0,32,256
sphere,2.000000,polar,0.0,0.0,1.0371e-05,1.9334e-05,32,256
sphere,2.000000,polar,4.2599e-05,9.152e-05,0.0,0.0,32,256
sphere,2.000000,polar,0.0,0.0,8.13e-06,1.712e-05,32,256
sphere,2.000000,polar,6.5649e-05,0.000130639,0.0,0.0,32,256
sphere,2.000000,polar,0.0,0.0,1.1917e-05,3.303e-05,32,256
sphere,2.000000,polar,3.1197e-05,0.000111503,0.0,0.0,32,256
sphere,2.000000,polar,0.0,0.0,6.122e-06,1.019e-05,32,256
sphere,2.000000,polar,5.3605e-05,0.000116101,0.0,0.0,32,256
sphere,2.000000,polar,0.0,0.0,1.0931e-05,2.3498e-05,32,256
sphere,2.000000,polar,3.4629e-05,9.0041e-05,0.0,0.0,32,256
sphere,2.000000,polar,0.0,0.0,6.864e-06,1.1746e-05,32,256
sphere,2.000000,polar,4.4936e-05,9.5341e-05,0.0,0.0,32,256
sphere,2.000000,polar,0.0,0.0,9.184e-06,2.1269e-05,32,256
sphere,2.000000,polar,3.0073e-05,6.4657e-05,0.0,0.0,32,256
sphere,2.000000,polar,0.0,0.0,4.763e-06,1.5716e-05,32,256
sphere,2.000000,polar,5.171e-05,0.000136714,0.0,0.0,32,256
sphere,2.000000,polar,0.0,0.0,1.1341e-05,2.0024e-05,32,256
sphere,2.000000,polar,4.8452e-05,0.000128314,0.0,0.0,32,256
sphere,2.000000,polar,0.0,0.0,7.586e-06,2.43e-05,32,256
sphere,2.000000,polar,2.0583e-05,6.8807e-05,0.0,0.0,32,256
sphere,2.000000,polar,0.0,0.0,3.823e-06,8.033e-06,32,256
sphere,2.000000,polar,6.3408e-05,0.000142557,0.0,0.0,32,256
sphere,2.000000,polar,0.0,0.0,9.646e-06,1.9136e-05,32,256
sphere,2.000000,polar,4.1967e-05,0.000112968,0.0,0.0,32,256
sphere,2.000000,polar,0.0,0.0,1.0033e-05,1.4511e-05,32,256
sphere,2.000000,polar,1.9421e-05,7.0198e-05,0.0,0.0,32,256
sphere,2.000000,polar,0.0,0.0,4.516e-06,4.751e-06,32,256
sphere,2.000000,polar,3.7514e-05,7.9186e-05,0.0,0.0,32,256
sphere,2.000000,polar,0.0,0.0,7.627e-06,1.681e-05,32,256
sphere,2.000000,polar,4.1233e-05,0.000147224,0.0,0.0,32,256
sphere,2.000000,polar,0.0,0.0,8.207e-06,1.146e-05,32,256
sphere,2.000000,polar,9.3888e-05,8.9348e-05,0.0,0.0,32,256
sphere,2.000000,polar,0.0,0.0,9.099e-06,2.3933e-05,32,256
sphere,2.000000,polar,6.0724e-05,0.000118798,0.0,0.0,32,256
sphere,2.000000,polar,0.0,0.0,1.162e-05,2.991e-05,32,256
sphere,2.000000,polar,5.0499e-05,0.000126239,0.0,0.0,32,256
sphere,2.000000,polar,0.0,0.0,9.665e-06,2.1058e-05,32,256
sphere,2.000000,polar,6.1759e-05,0.000134322,0.0,0.0,32,256
sphere,2.000000,polar,0.0,0.0,1.1714e-05,2.8314e-05,32,256
sphere,2.000000,polar,6.8968e-05,0.00011958,0.0,0.0,32,256
sphere,2.000000,polar,0.0,0.0,1.0322e-05,3.5923e-05,32,256
sphere,2.000000,polar,5.0383e-05,0.000117046,0.0,0.0,32,256
sphere,2.000000,polar,0.0,0.0,8.518e-06,2.4222e-05,32,256
sphere,2.000000,polar,4.4937e-05,0.000100056,0.0,0.0,32,256
sphere,2.000000,polar,0.0,0.0,9.916e-06,1.9322e-05,32,256
sphere,2.000000,polar,5.2447e-05,0.000115835,0.0,0.0,32,256
sphere,2.000000,polar,0.0,0.0,8.036e-06,2.7594e-05,32,256
sphere,2.000000,polar,2.2654e-05,7.7936e-05,0.0,0.0,32,256
sphere,2.000000,polar,0.0,0.0,4.806e-06,7.653e-06,32,256
sphere,2.000000,polar,6.0716e-05,0.000136056,0.0,0.0,32,256
sphere,2.000000,polar,0.0,0.0,1.3254e-05,2.5172e-05,32,256
sphere,2.000000,polar,5.5803e-05,0.00012713,0.0,0.0,32,256
sphere,2.000000,polar,0.0,0.0,1.1896e-05,2.5096e-05,32,256
sphere,2.000000,polar,2.5874e-05,8.0658e-05,0.0,0.0,32,256
sphere,2.000000,polar,0.0,0.0,6.804e-06,5.264e-06,32,256
sphere,2.000000,polar,4.0197e-05,0.0001147,0.0,0.0,32,256
sphere,2.000000,polar,0.0,0.0,9.003e-06,1.2066e-05,32,256
sphere,2.000000,polar,2.6491e-05,0.00015387,0.0,0.0,32,256
sphere,2.000000,polar,0.0,0.0,6.025e-06,3.542e-06,32,256
sphere,2.000000,polar,2.0765e-05,2.9403e-05,0.0,0.0,32,256
sphere,2.000000,polar,0.0,0.0,2.981e-06,1.2797e-05,32,256
sphere,2.000000,polar,6.0285e-05,0.000132724,0.0,0.0,32,256
sphere,2.000000,polar,0.0,0.0,1.2361e-05,2.8407e-05,32,256
sphere,2.000000,polar,8.007e-05,0.000183954,0.0,0.0,32,256
sphere,2.000000,polar,0.0,0.0,1.7211e-05,3.7025e-05,32,256
sphere,2.000000,polar,5.1212e-05,0.000118081,0.0,0.0,32,256
sphere,2.000000,polar,0.0,0.0,8.31e-06,2.5601e-05,32,256
sphere,2.000000,polar,3.3462e-05,0.000125888,0.0,0.0,32,256
sphere,2.000000,polar,0.0,0.0,6.942e-06,1.119e-05,32,256
sphere,2.000000,polar,5.0735e-05,0.000114222,0.0,0.0,32,256
sphere,2.000000,polar,0.0,0.0,8.754e-06,2.3029e-05,32,256
sphere,2.000000,polar,8.0627e-05,0.000203706,0.0,0.0,32,256
sphere,2.000000,polar,0.0,0.0,1.6353e-05,3.4301e-05,32,256
sphere,2.000000,polar,8.6071e-05,0.000135676,0.0,0.0,32,256
sphere,2.000000,polar,0.0,0.0,3.3982e-05,2.9784e-05,32,256
sphere,2.000000,polar,4.8253e-05,0.000127134,0.0,0.0,32,256
sphere,2.000000,polar,0.0,0.0,9.153e-06,1.7808e-05,32,256
sphere,2.000000,polar,8.1769e-05,0.000171366,0.0,0.0,32,256
sphere,2.000000,polar,0.0,0.0,1.4536e-05,2.7991e-05,32,256
sphere,2.000000,polar,0.000163519,0.000174418,0.0,0.0,32,256
sphere,2.000000,polar,0.0,0.0,1.6925e-05,2.7797e-05,32,256
sphere,2.000000,polar,7.168e-05,0.000152184,0.0,0.0,32,256
sphere,2.000000,polar,0.0,0.0,1.4447e-05,3.1322e-05,32,256
sphere,2.000000,polar,3.7454e-05,0.000212659,0.0,0.0,32,256
sphere,2.000000,polar,0.0,0.0,8.593e-06,7.8e-06,32,256
sphere,2.000000,polar,5.7209e-05,0.000146288,0.0,0.0,32,256
sphere,2.000000,polar,0.0,0.0,1.3738e-05,2.3224e-05,32,256
sphere,2.000000,polar,7.6021e-05,0.000168216,0.0,0.0,32,256
sphere,2.000000,polar,0.0,0.0,1.4907e-05,3.5618e-05,32,256
sphere,2.000000,polar,6.2788e-05,0.000115211,0.0,0.0,32,256
sphere,2.000000,polar,0.0,0.0,1.162e-05,3.3431e-05,32,256
sphere,2.000000,polar,8.593e-05,0.000289742,0.0,0.0,32,256
sphere,2.000000,polar,0.0,0.0,2.1868e-05,3.074e-05,32,256
sphere,2.000000,polar,7.2244e-05,0.000163336,0.0,0.0,32,256
sphere,2.000000,polar,0.0,0.0,1.4979e-05,3.2165e-05,32,256
sphere,2.000000,polar,4.3732e-05,7.5795e-05,0.0,0.0,32,256
sphere,2.000000,polar,0.0,0.0,8.56e-06,2.1187e-05,32,256
sphere,2.000000,polar,0.000104848,0.000174167,0.0,0.0,32,256
sphere,2.000000,polar,0.0,0.0,1.6402e-05,6.11e-05,32,256
sphere,2.000000,polar,2.2392e-05,4.3349e-05,0.0,0.0,32,256
sphere,2.000000,polar,0.0,0.0,4.528e-06,1.0451e-05,32,256
sphere,2.000000,polar,4.9207e-05,0.000118915,0.0,0.0,32,256
sphere,2.000000,polar,0.0,0.0,1.1032e-05,2.0015e-05,32,256
sphere,2.000000,polar,6.2879e-05,0.000110645,0.0,0.0,32,256
sphere,2.000000,polar,0.0,0.0,1.2632e-05,3.061e-05,32,256
sphere,2.000000,polar,1.9589e-05,6.7243e-05,0.0,0.0,32,256
sphere,2.000000,polar,0.0,0.0,3.355e-06,7.331e-06,32,256
sphere,2.000000,polar,6.5498e-05,0.000152015,0.0,0.0,32,256
sphere,2.000000,polar,0.0,0.0,1.3142e-05,2.9846e-05,32,256
sphere,2.000000,polar,4.6397e-05,9.3513e-05,0.0,0.0,32,256
sphere,2.000000,polar,0.0,0.0,8.255e-06,2.2751e-05,32,256
sphere,2.000000,polar,7.776e-05,0.000145687,0.0,0.0,32,256
sphere,2.000000,polar,0.0,0.0,1.4586e-05,3.8945e-05,32,256
sphere,2.000000,polar,6.0755e-05,0.000151881,0.0,0.0,32,256
sphere,2.000000,polar,0.0,0.0,1.2381e-05,2.6645e-05,32,256
sphere,2.000000,polar,6.0641e-05,0.000109924,0.0,0.0,32,256
sphere,2.000000,polar,0.0,0.0,1.1271e-05,2.9286e-05,32,256
sphere,2.000000,polar,6.8794e-05,0.000176068,0.0,0.0,32,256
sphere,2.000000,polar,0.0,0.0,1.3042e-05,3.1577e-05,32,256
sphere,2.000000,polar,2.5913e-05,7.8935e-05,0.0,0.0,32,256
sphere,2.000000,polar,0.0,0.0,7.399e-06,6.645e-06,32,256
sphere,2.000000,polar,7.386e-05,0.000242534,0.0,0.0,32,256
sphere,2.000000,polar,0.0,0.0,1.7386e-05,3.0607e-05,32,256
sphere,2.000000,polar,7.0934e-05,0.000143854,0.0,0.0,32,256
sphere,2.000000,polar,0.0,0.0,1.5674e-05,3.0528e-05,32,256
sphere,2.000000,polar,5.9324e-05,0.000136017,0.0,0.0,32,256
sphere,2.000000,polar,0.0,0.0,1.1869e-05,2.6161e-05,32,256
sphere,2.000000,polar,6.5385e-05,0.000166157,0.0,0.0,32,256
sphere,2.000000,polar,0.0,0.0,1.416e-05,2.7052e-05,32,256
sphere,2.000000,polar,6.2799e-05,0.00012809,0.0,0.0,32,256
sphere,2.000000,polar,0.0,0.0,1.1918e-05,3.0062e-05,32,256
sphere,2.000000,polar,5.4865e-05,0.000147559,0.0,0.0,32,256
sphere,2.000000,polar,0.0,0.0,1.2905e-05,2.1912e-05,32,256
sphere,2.000000,polar,3.6785e-05,7.5694e-05,0.0,0.0,32,256
sphere,2.000000,polar,0.0,0.0,7.165e-06,1.7381e-05,32,256
sphere,2.000000,polar,4.2537e-05,9.7662e-05,0.0,0.0,32,256
sphere,2.000000,polar,0.0,0.0,6.326e-06,2.2423e-05,32,256
sphere,2.000000,polar,5.2364e-05,0.000144452,0.0,0.0,32,256
sphere,2.000000,polar,0.0,0.0,1.2006e-05,2.165e-05,32,256
sphere,2.000000,polar,6.017e-05,0.000192521,0.0,0.0,32,256
sphere,2.000000,polar,0.0,0.0,1.3677e-05,2.1026e-05,32,256
sphere,2.000000,polar,0.000166859,0.000170748,0.0,0.0,32,256
sphere,2.000000,polar,0.0,0.0,1.753e-05,3.1162e-05,32,256
sphere,2.000000,polar,7.592e-05,0.000149175,0.0,0.0,32,256
sphere,2.000000,polar,0.0,0.0,1.4229e-05,3.7629e-05,32,256
sphere,2.000000,polar,8.0306e-05,0.000177416,0.0,0.0,32,256
sphere,2.000000,polar,0.0,0.0,1.7452e-05,3.294e-05,32,256
sphere,2.000000,polar,1.8932e-05,7.7032e-05,0.0,0.0,32,256
sphere,2.000000,polar,0.0,0.0,3.717e-06,5.852e-06,32,256
sphere,2.000000,polar,3.8553e-05,0.000115267,0.0,0.0,32,256
sphere,2.000000,polar,0.0,0.0,6.716e-06,1.4619e-05,32,256
sphere,2.000000,polar,5.1882e-05,0.000137808,0.0,0.0,32,256
sphere,2.000000,polar,0.0,0.0,1.2253e-05,2.0521e-05,32,256
sphere,2.000000,polar,6.8915e-05,0.0001581,0.0,0.0,32,256
sphere,2.000000,polar,0.0,0.0,1.4052e-05,3.2025e-05,32,256
sphere,2.000000,polar,2.8714e-05,8.6121e-05,0.0,0.0,32,256
sphere,2.000000,polar,0.0,0.0,4.805e-06,1.2605e-05,32,256
sphere,2.000000,polar,6.4575e-05,0.000147944,0.0,0.0,32,256
sphere,2.000000,polar,0.0,0.0,1.2666e-05,2.9897e-05,32,256
sphere,2.000000,polar,3.369e-05,0.000121955,0.0,0.0,32,256
sphere,2.000000,polar,0.0,0.0,6.669e-06,1.064e-05,32,256
sphere,2.000000,polar,7.2575e-05,0.000174957,0.0,0.0,32,256
sphere,2.000000,polar,0.0,0.0,2.3835e-05,2.7688e-05,32,256
sphere,2.000000,polar,3.6642e-05,8.5401e-05,0.0,0.0,32,256
sphere,2.000000,polar,0.0,0.0,7.743e-06,1.6187e-05,32,256
sphere,2.000000,polar,6.6654e-05,0.000141944,0.0,0.0,32,256
sphere,2.000000,polar,0.0,0.0,1.39e-05,2.9347e-05,32,256
sphere,2.000000,polar,5.6102e-05,0.000123444,0.0,0.0,32,256
sphere,2.000000,polar,0.0,0.0,1.0515e-05,2.7641e-05,32,256
sphere,2.000000,polar,5.6724e-05,0.000107709,0.0,0.0,32,256
sphere,2.000000,polar,0.0,0.0,1.0208e-05,2.9151e-05,32,256
sphere,2.000000,polar,1.5516e-05,2.842e-05,0.0,0.0,32,256
sphere,2.000000,polar,0.0,0.0,2.545e-06,8.323e-06,32,256
sphere,2.000000,polar,2.5668e-05,0.000117086,0.0,0.0,32,256
sphere,2.000000,polar,0.0,0.0,5.266e-06,5.284e-06,32,256
sphere,2.000000,polar,1.6798e-05,6.0356e-05,0.0,0.0,32,256
sphere,2.000000,polar,0.0,0.0,4.333e-06,4.363e-06,32,256
sphere,2.000000,polar,2.2115e-05,6.4016e-05,0.0,0.0,32,256
sphere,2.000000,polar,0.0,0.0,4.765e-06,7.257e-06,32,256
sphere,2.000000,polar,5.4299e-05,0.000149419,0.0,0.0,32,256
sphere,2.000000,polar,0.0,0.0,9.622e-06,2.5624e-05,32,256
sphere,2.000000,polar,3.3932e-05,4.6519e-05,0.0,0.0,32,256
sphere,2.000000,polar,0.0,0.0,4.876e-06,2.0434e-05,32,256
sphere,2.000000,polar,3.4157e-05,0.000121038,0.0,0.0,32,256
sphere,2.000000,polar,0.0,0.0,7.43e-06,1.0611e-05,32,256
sphere,2.000000,polar,5.3106e-05,0.000124494,0.0,0.0,32,256
sphere,2.000000,polar,0.0,0.0,1.1295e-05,2.3234e-05,32,256
sphere,2.000000,polar,5.5634e-05,0.000145878,0.0,0.0,32,256
sphere,2.000000,polar,0.0,0.0,1.0769e-05,2.4599e-05,32,256
sphere,2.000000,polar,2.5649e-05,0.000128764,0.0,0.0,32,256
sphere,2.000000,polar,0.0,0.0,6.331e-06,1.731e-06,32,256
sphere,2.000000,polar,4.1232e-05,0.000194917,0.0,0.0,32,256
sphere,2.000000,polar,0.0,0.0,8.464e-06,1.4708e-05,32,256
sphere,2.000000,polar,3.527e-05,7.7062e-05,0.0,0.0,32,256
sphere,2.000000,polar,0.0,0.0,7.543e-06,1.496e-05,32,256
sphere,2.000000,polar,4.6437e-05,8.4661e-05,0.0,0.0,32,256
sphere,2.000000,polar,0.0,0.0,8.176e-06,2.3885e-05,32,256
sphere,2.000000,polar,3.4496e-05,0.00011259,0.0,0.0,32,256
sphere,2.000000,polar,0.0,0.0,5.868e-06,1.3325e-05,32,256
sphere,2.000000,polar,7.5246e-05,0.000157057,0.0,0.0,32,256
sphere,2.000000,polar,0.0,0.0,1.5468e-05,3.2132e-05,32,256
sphere,2.000000,polar,3.5179e-05,8.242e-05,0.0,0.0,32,256
sphere,2.000000,polar,0.0,0.0,6.57e-06,1.4203e-05,32,256
sphere,2.000000,polar,6.1993e-05,0.000125357,0.0,0.0,32,256
sphere,2.000000,polar,0.0,0.0,9.183e-06,3.1307e-05,32,256
sphere,2.000000,polar,4.3384e-05,7.3018e-05,0.0,0.0,32,256
sphere,2.000000,polar,0.0,0.0,7.454e-06,2.3843e-05,32,256
sphere,2.000000,polar,5.4463e-05,0.000112639,0.0,0.0,32,256
sphere,2.000000,polar,0.0,0.0,1.179e-05,2.3034e-05,32,256
sphere,2.000000,polar,7.5204e-05,0.000139711,0.0,0.0,32,256
sphere,2.000000,polar,0.0,0.0,1.3959e-05,3.6633e-05,32,256
sphere,2.000000,polar,5.1815e-05,0.000125951,0.0,0.0,32,256
sphere,2.000000,polar,0.0,0.0,1.0267e-05,2.2885e-05,32,256
sphere,2.000000,polar,7.0455e-05,0.000153601,0.0,0.0,32,256
sphere,2.000000,polar,0.0,0.0,1.3178e-05,3.4428e-05,32,256
sphere,2.000000,polar,4.7961e-05,9.8088e-05,0.0,0.0,32,256
sphere,2.000000,polar,0.0,0.0,9.203e-06,2.2852e-05,32,256
sphere,2.000000,polar,8.1839e-05,0.000316124,0.0,0.0,32,256
sphere,2.000000,polar,0.0,0.0,1.6066e-05,3.5669e-05,32,256
sphere,2.000000,polar,5.9866e-05,0.000148963,0.0,0.0,32,256
sphere,2.000000,polar,0.0,0.0,1.0922e-05,2.8787e-05,32,256
sphere,2.000000,polar,6.9879e-05,0.000243815,0.0,0.0,32,256
sphere,2.000000,polar,0.0,0.0,1.2043e-05,3.2811e-05,32,256
sphere,2.000000,polar,6.3537e-05,0.000139018,0.0,0.0,32,256
sphere,2.000000,polar,0.0,0.0,1.3611e-05,3.1146e-05,32,256
sphere,2.000000,polar,6.0534e-05,0.000132277,0.0,0.0,32,256
sphere,2.000000,polar,0.0,0.0,1.2525e-05,3.0656e-05,32,256
sphere,2.000000,polar,3.5834e-05,7.8626e-05,0.0,0.0,32,256
sphere,2.000000,polar,0.0,0.0,7.53e-06,1.5256e-05,32,256
sphere,2.000000,polar,5.9963e-05,0.000125176,0.0,0.0,32,256
sphere,2.000000,polar,0.0,0.0,1.0994e-05,2.8372e-05,32,256
sphere,2.000000,polar,4.7034e-05,0.00010655,0.0,0.0,32,256
sphere,2.000000,polar,0.0,0.0,7.612e-06,2.3004e-05,32,256
sphere,2.000000,polar,3.7304e-05,0.000151103,0.0,0.0,32,256
sphere,2.000000,polar,0.0,0.0,7.725e-06,8.052e-06,32,256
sphere,2.000000,polar,6.7877e-05,0.000223204,0.0,0.0,32,256
sphere,2.000000,polar,0.0,0.0,1.6677e-05,2.7593e-05,32,256
sphere,2.000000,polar,4.6984e-05,0.000131866,0.0,0.0,32,256
sphere,2.000000,polar,0.0,0.0,9.241e-06,2.0019e-05,32,256
sphere,2.000000,polar,3.6963e-05,0.000102531,0.0,0.0,32,256
sphere,2.000000,polar,0.0,0.0,7.052e-06,1.351e-05,32,256
sphere,2.000000,polar,0.000110966,0.0001818,0.0,0.0,32,256
sphere,2.000000,polar,0.0,0.0,2.9583e-05,5.3057e-05,32,256
sphere,2.000000,polar,3.9063e-05,8.8527e-05,0.0,0.0,32,256
sphere,2.000000,polar,0.0,0.0,6.886e-06,2.0179e-05,32,256
sphere,2.000000,polar,5.9393e-05,0.000128531,0.0,0.0,32,256
sphere,2.000000,polar,0.0,0.0,1.1551e-05,2.489e-05,32,256
sphere,2.000000,polar,4.3e-06,3.642e-06,0.0,0.0,32,256
sphere,2.000000,polar,0.0,0.0,4.15e-07,3.119e-06,32,256
sphere,2.000000,polar,2.1187e-05,0.000105667,0.0,0.0,32,256
sphere,2.000000,polar,0.0,0.0,5.059e-06,3.661e-06,32,256
sphere,2.000000,polar,5.932e-06,2.9461e-05,0.0,0.0,32,256
sphere,2.000000,polar,0.0,0.0,1.346e-06,1.902e-06,32,256
sphere,2.000000,polar,3.5934e-05,0.000143696,0.0,0.0,32,256
sphere,2.000000,polar,0.0,0.0,7.521e-06,1.0984e-05,32,256
sphere,2.000000,polar,4.8322e-05,0.000105328,0.0,0.0,32,256
sphere,2.000000,polar,0.0,0.0,1.1154e-05,2.2541e-05,32,256
sphere,2.000000,polar,4.6331e-05,0.000170175,0.0,0.0,32,256
sphere,2.000000,polar,0.0,0.0,1.2908e-05,9.773e-06,32,256
sphere,2.000000,polar,7.5812e-05,0.000163434,0.0,0.0,32,256
sphere,2.000000,polar,0.0,0.0,1.7538e-05,3.1073e-05,32,256
sphere,2.000000,polar,5.2926e-05,0.000150915,0.0,0.0,32,256
sphere,2.000000,polar,0.0,0.0,8.818e-06,1.5269e-05,32,256
sphere,2.000000,polar,1.8645e-05,5.2566e-05,0.0,0.0,32,256
sphere,2.000000,polar,0.0,0.0,3.822e-06,7.863e-06,32,256
sphere,2.000000,polar,7.1842e-05,0.000161786,0.0,0.0,32,256
sphere,2.000000,polar,0.0,0.0,1.2961e-05,3.5285e-05,32,256
sphere,2.000000,polar,4.3122e-05,0.000131262,0.0,0.0,32,256
sphere,2.000000,polar,0.0,0.0,7.545e-06,1.7494e-05,32,256
sphere,2.000000,polar,6.8378e-05,0.000136285,0.0,0.0,32,256
sphere,2.000000,polar,0.0,0.0,1.5194e-05,3.0258e-05,32,256
sphere,2.000000,polar,7.3861e-05,0.000150129,0.0,0.0,32,256
sphere,2.000000,polar,0.0,0.0,1.4475e-05,3.5579e-05,32,256
sphere,2.000000,polar,5.2506e-05,0.000118407,0.0,0.0,32,256
sphere,2.000000,polar,0.0,0.0,1.1228e-05,2.4091e-05,32,256
sphere,2.000000,polar,2.7525e-05,0.000101035,0.0,0.0,32,256
sphere,2.000000,polar,0.0,0.0,5.86e-06,8.321e-06,32,256
sphere,2.000000,polar,4.5989e-05,0.000107795,0.0,0.0,32,256
sphere,2.000000,polar,0.0,0.0,8.959e-06,2.1721e-05,32,256
sphere,2.000000,polar,4.3901e-05,8.3627e-05,0.0,0.0,32,256
sphere,2.000000,polar,0.0,0.0,9.562e-06,2.0115e-05,32,256
sphere,2.000000,polar,2.966e-05,0.000130351,0.0,0.0,32,256
sphere,2.000000,polar,0.0,0.0,6.985e-06,5.393e-06,32,256
sphere,2.000000,polar,7.4185e-05,0.000106774,0.0,0.0,32,256
sphere,2.000000,polar,0.0,0.0,1.462e-05,3.8891e-05,32,256
sphere,2.000000,polar,7.0697e-05,0.000135384,0.0,0.0,32,256
sphere,2.000000,polar,0.0,0.0,1.2854e-05,3.7461e-05,32,256
sphere,2.000000,polar,2.5303e-05,0.000113606,0.0,0.0,32,256
sphere,2.000000,polar,0.0,0.0,6.307e-06,7.971e-06,32,256
sphere,2.000000,polar,5.0679e-05,0.000113798,0.0,0.0,32,256
sphere,2.000000,polar,0.0,0.0,9.895e-06,2.4081e-05,32,256
sphere,2.000000,polar,3.137e-05,6.0369e-05,0.0,0.0,32,256
sphere,2.000000,polar,0.0,0.0,6.169e-06,1.4219e-05,32,256
sphere,2.000000,polar,6.4319e-05,0.000145067,0.0,0.0,32,256
sphere,2.000000,polar,0.0,0.0,1.2612e-05,2.8434e-05,32,256
sphere,2.000000,polar,3.289e-05,8.459e-05,0.0,0.0,32,256
sphere,2.000000,polar,0.0,0.0,5.295e-06,1.4806e-05,32,256
sphere,2.000000,polar,6.8483e-05,0.000137773,0.0,0.0,32,256
sphere,2.000000,polar,0.0,0.0,1.1896e-05,3.3858e-05,32,256
sphere,2.000000,polar,3.6165e-05,9.6939e-05,0.0,0.0,32,256
sphere,2.000000,polar,0.0,0.0,6.777e-06,1.5014e-05,32,256
sphere,2.000000,polar,4.6812e-05,0.000109683,0.0,0.0,32,256
sphere,2.000000,polar,0.0,0.0,9.105e-06,2.2156e-05,32,256
sphere,2.000000,polar,3.9236e-05,0.000114435,0.0,0.0,32,256
sphere,2.000000,polar,0.0,0.0,6.516e-06,1.6477e-05,32,256
sphere,2.000000,polar,5.8771e-05,0.000124437,0.0,0.0,32,256
sphere,2.000000,polar,0.0,0.0,1.1614e-05,2.7379e-05,32,256
sphere,2.000000,polar,4.87e-05,0.000140579,0.0,0.0,32,256
sphere,2.000000,polar,0.0,0.0,8.042e-06,1.908e-05,32,256
sphere,2.000000,polar,7.2505e-05,0.000197384,0.0,0.0,32,256
sphere,2.000000,polar,0.0,0.0,1.5143e-05,3.2758e-05,32,256
sphere,2.000000,polar,7.2144e-05,0.000256127,0.0,0.0,32,256
sphere,2.000000,polar,0.0,0.0,1.5471e-05,2.9071e-05,32,256
sphere,2.000000,polar,2.1875e-05,0.000105869,0.0,0.0,32,256
sphere,2.000000,polar,0.0,0.0,5.86e-06,3.047e-06,32,256
sphere,2.000000,polar,5.6109e-05,0.0001641,0.0,0.0,32,256
sphere,2.000000,polar,0.0,0.0,1.1823e-05,1.9816e-05,32,256
sphere,2.000000,polar,5.528e-05,0.000137886,0.0,0.0,32,256
sphere,2.000000,polar,0.0,0.0,1.178e-05,2.1394e-05,32,256
sphere,2.000000,polar,4.7461e-05,0.000111005,0.0,0.0,32,256
sphere,2.000000,polar,0.0,0.0,1.0395e-05,2e-05,32,256
sphere,2.000000,polar,5.991e-05,0.000120746,0.0,0.0,32,256
sphere,2.000000,polar,0.0,0.0,1.1538e-05,2.9455e-05,32,256
sphere,2.000000,polar,6.4975e-05,0.00013433,0.0,0.0,32,256
sphere,2.000000,polar,0.0,0.0,1.1985e-05,3.3351e-05,32,256
sphere,2.000000,polar,3.7523e-05,0.000104189,0.0,0.0,32,256
sphere,2.000000,polar,0.0,0.0,6.788e-06,1.5104e-05,32,256
sphere,2.000000,polar,5.4781e-05,0.000125626,0.0,0.0,32,256
sphere,2.000000,polar,0.0,0.0,1.1984e-05,2.1596e-05,32,256
sphere,2.000000,polar,6.3877e-05,0.000130772,0.0,0.0,32,256
sphere,2.000000,polar,0.0,0.0,1.1898e-05,3.175e-05,32,256
sphere,2.000000,polar,0.00013334,0.000190389,0.0,0.0,32,256
sphere,2.000000,polar,0.0,0.0,6.428e-05,3.9563e-05,32,256
sphere,2.000000,polar,2.3034e-05,5.8087e-05,0.0,0.0,32,256
sphere,2.000000,polar,0.0,0.0,3.698e-06,9.541e-06,32,256
sphere,2.000000,polar,5.8034e-05,0.000122085,0.0,0.0,32,256
sphere,2.000000,polar,0.0,0.0,1.133e-05,2.8084e-05,32,256
sphere,2.000000,polar,3.9095e-05,0.000128823,0.0,0.0,32,256
sphere,2.000000,polar,0.0,0.0,7.515e-06,1.4337e-05,32,256
sphere,2.000000,polar,3.9374e-05,8.6709e-05,0.0,0.0,32,256
sphere,2.000000,polar,0.0,0.0,7.113e-06,1.9824e-05,32,256
sphere,2.000000,polar,7.1261e-05,0.000150764,0.0,0.0,32,256
sphere,2.000000,polar,0.0,0.0,1.3152e-05,3.598e-05,32,256
sphere,2.000000,polar,5.3419e-05,0.000131536,0.0,0.0,32,256
sphere,2.000000,polar,0.0,0.0,8.72e-06,2.4542e-05,32,256
sphere,2.000000,polar,5.4881e-05,0.000117762,0.0,0.0,32,256
sphere,2.000000,polar,0.0,0.0,1.1523e-05,2.4616e-05,32,256
sphere,2.000000,polar,3.1791e-05,0.000166551,0.0,0.0,32,256
sphere,2.000000,polar,0.0,0.0,7.502e-06,5.057e-06,32,256
sphere,2.000000,polar,8.756e-05,0.000169151,0.0,0.0,32,256
sphere,2.000000,polar,0.0,0.0,1.7306e-05,4.0193e-05,32,256
sphere,2.000000,polar,5.8215e-05,0.000151138,0.0,0.0,32,256
sphere,2.000000,polar,0.0,0.0,2.0224e-05,1.9424e-05,32,256
sphere,2.000000,polar,3.2981e-05,8.1212e-05,0.0,0.0,32,256
sphere,2.000000,polar,0.0,0.0,6.502e-06,1.5761e-05,32,256
sphere,2.000000,polar,8.2739e-05,0.000169392,0.0,0.0,32,256
sphere,2.000000,polar,0.0,0.0,1.6655e-05,3.8964e-05,32,256
sphere,2.000000,polar,6.6324e-05,0.000132569,0.0,0.0,32,256
sphere,2.000000,polar,0.0,0.0,1.277e-05,3.2134e-05,32,256
sphere,2.000000,polar,5.17e-05,0.000100705,0.0,0.0,32,256
sphere,2.000000,polar,0.0,0.0,8.482e-06,2.5256e-05,32,256
sphere,2.000000,polar,3.9937e-05,8.5167e-05,0.0,0.0,32,256
sphere,2.000000,polar,0.0,0.0,7.913e-06,1.8122e-05,32,256
sphere,2.000000,polar,6.6524e-05,0.000150595,0.0,0.0,32,256
sphere,2.000000,polar,0.0,0.0,1.222e-05,3.1705e-05,32,256
sphere,2.000000,polar,5.4786e-05,0.000123981,0.0,0.0,32,256
sphere,2.000000,polar,0.0,0.0,1.0567e-05,2.5878e-05,32,256
sphere,2.000000,polar,3.8288e-05,8.8753e-05,0.0,0.0,32,256
sphere,2.000000,polar,0.0,0.0,7.745e-06,1.6689e-05,32,256
sphere,2.000000,polar,5.2775e-05,0.000125457,0.0,0.0,32,256
sphere,2.000000,polar,0.0,0.0,1.0785e-05,2.2584e-05,32,256
sphere,2.000000,polar,5.9093e-05,0.000140322,0.0,0.0,32,256
sphere,2.000000,polar,0.0,0.0,1.3276e-05,2.3782e-05,32,256
sphere,2.000000,polar,1.887e-05,7.832e-05,0.0,0.0,32,256
sphere,2.000000,polar,0.0,0.0,4.072e-06,4.103e-06,32,256
sphere,2.000000,polar,3.7638e-05,0.000125411,0.0,0.0,32,256
sphere,2.000000,polar,0.0,0.0,8.051e-06,8.621e-06,32,256
sphere,2.000000,polar,1.1117e-05,3.2568e-05,0.0,0.0,32,256
sphere,2.000000,polar,0.0,0.0,2.603e-06,3.817e-06,32,256
sphere,2.000000,polar,6.7735e-05,0.000218451,0.0,0.0,32,256
sphere,2.000000,polar,0.0,0.0,1.4688e-05,2.6622e-05,32,256
sphere,2.000000,polar,2.359e-05,0.000166021,0.0,0.0,32,256
sphere,2.000000,polar,0.0,0.0,5.416e-06,4.022e-06,32,256
sphere,2.000000,polar,9.609e-06,2.0183e-05,0.0,0.0,32,256
sphere,2.000000,polar,0.0,0.0,2.597e-06,3.425e-06,32,256
sphere,2.000000,polar,6.6564e-05,0.000161328,0.0,0.0,32,256
sphere,2.000000,polar,0.0,0.0,1.3961e-05,2.9486e-05,32,256
sphere,2.000000,polar,5.6644e-05,0.000158363,0.0,0.0,32,256
sphere,2.000000,polar,0.0,0.0,8.393e-06,2.8696e-05,32,256
sphere,2.000000,polar,5.6766e-05,0.000138859,0.0,0.0,32,256
sphere,2.000000,polar,0.0,0.0,1.3621e-05,2.098e-05,32,256
sphere,2.000000,polar,1.2349e-05,5.0577e-05,0.0,0.0,32,256
sphere,2.000000,polar,0.0,0.0,2.958e-06,3.624e-06,32,256
sphere,2.000000,polar,5.5394e-05,0.000168425,0.0,0.0,32,256
sphere,2.000000,polar,0.0,0.0,1.0991e-05,2.2903e-05,32,256
sphere,2.000000,polar,7.1285e-05,0.000138616,0.0,0.0,32,256
sphere,2.000000,polar,0.0,0.0,1.4377e-05,3.4714e-05,32,256
sphere,2.000000,polar,5.6687e-05,0.000125671,0.0,0.0,32,256
sphere,2.000000,polar,0.0,0.0,1.1148e-05,2.7261e-05,32,256
sphere,2.000000,polar,5.3736e-05,0.000102145,0.0,0.0,32,256
sphere,2.000000,polar,0.0,0.0,1.1216e-05,2.4752e-05,32,256
sphere,2.000000,polar,8.0347e-05,0.000143796,0.0,0.0,32,256
sphere,2.000000,polar,0.0,0.0,1.6687e-05,3.8702e-05,32,256
sphere,2.000000,polar,0.000130681,0.000155879,0.0,0.0,32,256
sphere,2.000000,polar,0.0,0.0,1.5413e-05,9.1016e-05,32,256
sphere,2.000000,polar,5.2466e-05,0.000143214,0.0,0.0,32,256
sphere,2.000000,polar,0.0,0.0,1.2677e-05,2.0391e-05,32,256
sphere,2.000000,polar,4.3931e-05,6.8789e-05,0.0,0.0,32,256
sphere,2.000000,polar,0.0,0.0,9.062e-06,2.2064e-05,32,256
sphere,2.000000,polar,4.5576e-05,0.000144669,0.0,0.0,32,256
sphere,2.000000,polar,0.0,0.0,7.44e-06,1.8782e-05,32,256
sphere,2.000000,polar,4.6707e-05,9.0237e-05,0.0,0.0,32,256
sphere,2.000000,polar,0.0,0.0,8.796e-06,2.483e-05,32,256
sphere,2.000000,polar,3.1351e-05,5.9709e-05,0.0,0.0,32,256
sphere,2.000000,polar,0.0,0.0,5.408e-06,1.6984e-05,32,256
sphere,2.000000,polar,6.8988e-05,0.000176216,0.0,0.0,32,256
sphere,2.000000,polar,0.0,0.0,1.4594e-05,2.9518e-05,32,256
sphere,2.000000,polar,5.707e-05,0.000118953,0.0,0.0,32,256
sphere,2.000000,polar,0.0,0.0,1.0202e-05,2.9349e-05,32,256
sphere,2.000000,polar,1.3786e-05,3.6884e-05,0.0,0.0,32,256
sphere,2.000000,polar,0.0,0.0,3.459e-06,3.996e-06,32,256
sphere,2.000000,polar,7.3809e-05,0.00018754,0.0,0.0,32,256
sphere,2.000000,polar,0.0,0.0,1.5787e-05,2.9499e-05,32,256
sphere,2.000000,polar,5.6494e-05,0.000128752,0.0,0.0,32,256
sphere,2.000000,polar,0.0,0.0,9.907e-06,2.8139e-05,32,256
sphere,2.000000,polar,6.1146e-05,0.000137899,0.0,0.0,32,256
sphere,2.000000,polar,0.0,0.0,1.2653e-05,2.605e-05,32,256
sphere,2.000000,polar,5.0196e-05,0.000156514,0.0,0.0,32,256
sphere,2.000000,polar,0.0,0.0,1.1704e-05,2.1142e-05,32,256
sphere,2.000000,polar,2.9116e-05,3.2651e-05,0.0,0.0,32,256
sphere,2.000000,polar,0.0,0.0,4.022e-06,1.8396e-05,32,256
sphere,2.000000,polar,6.1925e-05,0.000167369,0.0,0.0,32,256
sphere,2.000000,polar,0.0,0.0,1.3263e-05,2.4621e-05,32,256
sphere,2.000000,polar,4.0785e-05,9.8521e-05,0.0,0.0,32,256
sphere,2.000000,polar,0.0,0.0,6.97e-06,1.9046e-05,32,256
sphere,2.000000,polar,1.3105e-05,2.4834e-05,0.0,0.0,32,256
sphere,2.000000,polar,0.0,0.0,1.987e-06,7.458e-06,32,256
sphere,2.000000,polar,4.7316e-05,0.000110012,0.0,0.0,32,256
sphere,2.000000,polar,0.0,0.0,8.438e-06,2.0847e-05,32,256
sphere,2.000000,polar,3.4869e-05,8.0853e-05,0.0,0.0,32,256
sphere,2.000000,polar,0.0,0.0,5.396e-06,1.7438e-05,32,256
sphere,2.000000,polar,2.2417e-05,2.8769e-05,0.0,0.0,32,256
sphere,2.000000,polar,0.0,0.0,3.167e-06,1.3217e-05,32,256
sphere,2.000000,polar,5.4892e-05,0.000113285,0.0,0.0,32,256
sphere,2.000000,polar,0.0,0.0,7.053e-06,2.1676e-05,32,256
sphere,2.000000,polar,5.8347e-05,0.000129842,0.0,0.0,32,256
sphere,2.000000,polar,0.0,0.0,1.2391e-05,2.5468e-05,32,256
sphere,2.000000,polar,1.1013e-05,1.5944e-05,0.0,0.0,32,256
sphere,2.000000,polar,0.0,0.0,2.063e-06,6.061e-06,32,256
sphere,2.000000,polar,2.043e-05,7.0465e-05,0.0,0.0,32,256
sphere,2.000000,polar,0.0,0.0,4.191e-06,5.032e-06,32,256
sphere,2.000000,polar,2.7901e-05,8.6043e-05,0.0,0.0,32,256
sphere,2.000000,polar,0.0,0.0,6.527e-06,8.738e-06,32,256
sphere,2.000000,polar,3.389e-05,0.000107293,0.0,0.0,32,256
sphere,2.000000,polar,0.0,0.0,7.661e-06,1.0586e-05,32,256
sphere,2.000000,polar,7.1536e-05,0.00015774,0.0,0.0,32,256
sphere,2.000000,polar,0.0,0.0,1.4003e-05,3.2157e-05,32,256
sphere,2.000000,polar,4.8948e-05,0.000121017,0.0,0.0,32,256
sphere,2.000000,polar,0.0,0.0,8.827e-06,2.0153e-05,32,256
sphere,2.000000,polar,6.1794e-05,0.000187729,0.0,0.0,32,256
sphere,2.000000,polar,0.0,0.0,1.2967e-05,2.4003e-05,32,256
sphere,2.000000,polar,3.9593e-05,9.9148e-05,0.0,0.0,32,256
sphere,2.000000,polar,0.0,0.0,6.959e-06,1.6663e-05,32,256
sphere,2.000000,polar,2.1844e-05,7.8029e-05,0.0,0.0,32,256
sphere,2.000000,polar,0.0,0.0,5.105e-06,3.687e-06,32,256
sphere,2.000000,polar,6.104e-05,0.00012214,0.0,0.0,32,256
sphere,2.000000,polar,0.0,0.0,1.2034e-05,2.9576e-05,32,256
sphere,2.000000,polar,3.6981e-05,9.1295e-05,0.0,0.0,32,256
sphere,2.000000,polar,0.0,0.0,7.73e-06,1.4786e-05,32,256
sphere,2.000000,polar,1.8747e-05,3.0721e-05,0.0,0.0,32,256
sphere,2.000000,polar,0.0,0.0,3.409e-06,1.074e-05,32,256
sphere,2.000000,polar,6.4771e-05,0.000148648,0.0,0.0,32,256
sphere,2.000000,polar,0.0,0.0,1.2333e-05,3.0519e-05,32,256
sphere,2.000000,polar,2.422e-05,9.2066e-05,0.0,0.0,32,256
sphere,2.000000,polar,0.0,0.0,5.05e-06,6.393e-06,32,256
sphere,2.000000,polar,3.6206e-05,9.7817e-05,0.0,0.0,32,256
sphere,2.000000,polar,0.0,0.0,8.337e-06,1.3437e-05,32,256
sphere,2.000000,polar,4.6633e-05,0.000148246,0.0,0.0,32,256
sphere,2.000000,polar,0.0,0.0,9.132e-06,1.6547e-05,32,256
sphere,2.000000,polar,3.2448e-05,9.7572e-05,0.0,0.0,32,256
sphere,2.000000,polar,0.0,0.0,7.047e-06,1.1856e-05,32,256
sphere,2.000000,polar,5.5067e-05,0.000143115,0.0,0.0,32,256
sphere,2.000000,polar,0.0,0.0,1.2753e-05,2.2985e-05,32,256
sphere,2.000000,polar,6.7673e-05,0.000148406,0.0,0.0,32,256
sphere,2.000000,polar,0.0,0.0,1.3539e-05,3.3496e-05,32,256
sphere,2.000000,polar,5.8268e-05,0.000247214,0.0,0.0,32,256
sphere,2.000000,polar,0.0,0.0,1.2889e-05,2.3743e-05,32,256
sphere,2.000000,polar,4.9631e-05,0.000115823,0.0,0.0,32,256
sphere,2.000000,polar,0.0,0.0,8.03e-06,2.3959e-05,32,256
sphere,2.000000,polar,5.5202e-05,0.000124181,0.0,0.0,32,256
sphere,2.000000,polar,0.0,0.0,1.215e-05,2.4435e-05,32,256
sphere,2.000000,polar,5.6109e-05,0.000144395,0.0,0.0,32,256
sphere,2.000000,polar,0.0,0.0,1.1316e-05,2.405e-05,32,256
sphere,2.000000,polar,5.9935e-05,9.9299e-05,0.0,0.0,32,256
sphere,2.000000,polar,0.0,0.0,8.93e-06,3.4957e-05,32,256
sphere,2.000000,polar,2.6833e-05,0.000169149,0.0,0.0,32,256
sphere,2.000000,polar,0.0,0.0,5.521e-06,3.842e-06,32,256
sphere,2.000000,polar,5.7994e-05,0.000137121,0.0,0.0,32,256
sphere,2.000000,polar,0.0,0.0,1.1847e-05,2.6647e-05,32,256
sphere,2.000000,polar,4.2355e-05,9.5393e-05,0.0,0.0,32,256
sphere,2.000000,polar,0.0,0.0,7.831e-06,1.8167e-05,32,256
sphere,2.000000,polar,6.1722e-05,0.000128512,0.0,0.0,32,256
sphere,2.000000,polar,0.0,0.0,1.2294e-05,2.9128e-05,32,256
sphere,2.000000,polar,5.2161e-05,0.000121474,0.0,0.0,32,256
sphere,2.000000,polar,0.0,0.0,1.0698e-05,2.1671e-05,32,256
sphere,2.000000,polar,3.0528e-05,0.00014339,0.0,0.0,32,256
sphere,2.000000,polar,0.0,0.0,6.097e-06,7.195e-06,32,256
sphere,2.000000,polar,0.000195563,0.000223603,0.0,0.0,32,256
sphere,2.000000,polar,0.0,0.0,9.8481e-05,6.5211e-05,32,256
sphere,2.000000,polar,6.622e-05,0.000162475,0.0,0.0,32,256
sphere,2.000000,polar,0.0,0.0,1.6725e-05,2.2124e-05,32,256
sphere,2.000000,polar,5.9165e-05,0.000129554,0.0,0.0,32,256
sphere,2.000000,polar,0.0,0.0,1.1699e-05,2.7683e-05,32,256
sphere,2.000000,polar,1.605e-05,5.8508e-05,0.0,0.0,32,256
sphere,2.000000,polar,0.0,0.0,3.488e-06,4.122e-06,32,256
sphere,2.000000,polar,5.4661e-05,0.000155262,0.0,0.0,32,256
sphere,2.000000,polar,0.0,0.0,9.016e-06,2.4131e-05,32,256
sphere,2.000000,polar,5.3968e-05,0.000123225,0.0,0.0,32,256
sphere,2.000000,polar,0.0,0.0,9.53e-06,2.7003e-05,32,256
sphere,2.000000,polar,6.675e-06,1.678e-05,0.0,0.0,32,256
sphere,2.000000,polar,0.0,0.0,1.388e-06,2.705e-06,32,256
sphere,2.000000,polar,3.5077e-05,7.3006e-05,0.0,0.0,32,256
sphere,2.000000,polar,0.0,0.0,7.399e-06,1.5383e-05,32,256
sphere,2.000000,polar,1.3933e-05,1.5709e-05,0.0,0.0,32,256
sphere,2.000000,polar,0.0,0.0,2.308e-06,8.287e-06,32,256
sphere,2.000000,polar,5.1249e-05,0.000111188,0.0,0.0,32,256
sphere,2.000000,polar,0.0,0.0,1.0149e-05,2.2405e-05,32,256
sphere,2.000000,polar,6.3384e-05,0.000126867,0.0,0.0,32,256
sphere,2.000000,polar,0.0,0.0,1.149e-05,3.1125e-05,32,256
sphere,2.000000,polar,3.3355e-05,0.000102304,0.0,0.0,32,256
sphere,2.000000,polar,0.0,0.0,8.204e-06,1.0784e-05,32,256
sphere,2.000000,polar,5.4055e-05,0.000164717,0.0,0.0,32,256
sphere,2.000000,polar,0.0,0.0,1.1279e-05,2.3615e-05,32,256
sphere,2.000000,polar,5.7771e-05,0.000161358,0.0,0.0,32,256
sphere,2.000000,polar,0.0,0.0,1.1042e-05,2.3526e-05,32,256
sphere,2.000000,polar,4.9538e-05,0.000147351,0.0,0.0,32,256
sphere,2.000000,polar,0.0,0.0,1.0703e-05,1.8862e-05,32,256
sphere,2.000000,polar,3.4131e-05,0.000108001,0.0,0.0,32,256
sphere,2.000000,polar,0.0,0.0,6.687e-06,1.318e-05,32,256
sphere,2.000000,polar,6.4167e-05,0.000127604,0.0,0.0,32,256
sphere,2.000000,polar,0.0,0.0,1.2164e-05,3.2383e-05,32,256
sphere,2.000000,polar,4.6686e-05,0.000134031,0.0,0.0,32,256
sphere,2.000000,polar,0.0,0.0,7.807e-06,1.9375e-05,32,256
sphere,2.000000,polar,5.3643e-05,0.000146507,0.0,0.0,32,256
sphere,2.000000,polar,0.0,0.0,1.1351e-05,2.2465e-05,32,256
sphere,2.000000,polar,3.1535e-05,9.7819e-05,0.0,0.0,32,256
sphere,2.000000,polar,0.0,0.0,6.077e-06,9e-06,32,256
sphere,2.000000,polar,2.9554e-05,0.000107904,0.0,0.0,32,256
sphere,2.000000,polar,0.0,0.0,6.141e-06,1.1498e-05,32,256
sphere,2.000000,polar,3.5872e-05,8.8404e-05,0.0,0.0,32,256
sphere,2.000000,polar,0.0,0.0,7.543e-06,1.4238e-05,32,256
sphere,2.000000,polar,1.7998e-05,6.2678e-05,0.0,0.0,32,256
sphere,2.000000,polar,0.0,0.0,4.203e-06,5.448e-06,32,256
sphere,2.000000,polar,5.2017e-05,0.00011449,0.0,0.0,32,256
sphere,2.000000,polar,0.0,0.0,1.1215e-05,2.3405e-05,32,256
sphere,2.000000,polar,5.0393e-05,0.000116249,0.0,0.0,32,256
sphere,2.000000,polar,0.0,0.0,8.685e-06,2.3876e-05,32,256
sphere,2.000000,polar,1.9153e-05,4.2413e-05,0.0,0.0,32,256
sphere,2.000000,polar,0.0,0.0,4.543e-06,6.917e-06,32,256
sphere,2.000000,polar,3.4107e-05,9.9703e-05,0.0,0.0,32,256
sphere,2.000000,polar,0.0,0.0,6.829e-06,1.2642e-05,32,256
sphere,2.000000,polar,4.2754e-05,8.1331e-05,0.0,0.0,32,256
sphere,2.000000,polar,0.0,0.0,6.709e-06,2.2292e-05,32,256
sphere,2.000000,polar,5.0829e-05,0.000151442,0.0,0.0,32,256
sphere,2.000000,polar,0.0,0.0,1.0877e-05,2.0908e-05,32,256
sphere,2.000000,polar,5.1447e-05,0.000182249,0.0,0.0,32,256
sphere,2.000000,polar,0.0,0.0,1.0792e-05,1.5796e-05,32,256
sphere,2.000000,polar,5.2131e-05,0.000123216,0.0,0.0,32,256
sphere,2.000000,polar,0.0,0.0,1.0902e-05,2.2413e-05,32,256
sphere,2.000000,polar,4.1388e-05,8.8088e-05,0.0,0.0,32,256
sphere,2.000000,polar,0.0,0.0,8.067e-06,1.9342e-05,32,256
sphere,2.000000,polar,3.1253e-05,7.7559e-05,0.0,0.0,32,256
sphere,2.000000,polar,0.0,0.0,5.932e-06,1.2565e-05,32,256
sphere,2.000000,polar,4.4256e-05,9.075e-05,0.0,0.0,32,256
sphere,2.000000,polar,0.0,0.0,8.806e-06,2.0772e-05,32,256
sphere,2.000000,polar,4.7891e-05,5.3977e-05,0.0,0.0,32,256
sphere,2.000000,polar,0.0,0.0,7.185e-06,2.8595e-05,32,256
sphere,2.000000,polar,8.8254e-05,0.000179555,0.0,0.0,32,256
sphere,2.000000,polar,0.0,0.0,1.5873e-05,4.3931e-05,32,256
sphere,2.000000,polar,5.0235e-05,0.000121183,0.0,0.0,32,256
sphere,2.000000,polar,0.0,0.0,9.693e-06,2.3433e-05,32,256
sphere,2.000000,polar,8.4329e-05,0.000287919,0.0,0.0,32,256
sphere,2.000000,polar,0.0,0.0,1.7532e-05,3.2527e-05,32,256
sphere,2.000000,polar,2.1912e-05,0.000161964,0.0,0.0,32,256
sphere,2.000000,polar,0.0,0.0,4.962e-06,3.6e-08,32,256
sphere,2.000000,polar,5.1935e-05,0.000134199,0.0,0.0,32,256
sphere,2.000000,polar,0.0,0.0,1.0008e-05,2.2816e-05,32,256
sphere,2.000000,polar,7.6755e-05,0.000156758,0.0,0.0,32,256
sphere,2.000000,polar,0.0,0.0,1.5551e-05,3.6207e-05,32,256
sphere,2.000000,polar,5.4743e-05,0.000155303,0.0,0.0,32,256
sphere,2.000000,polar,0.0,0.0,1.0722e-05,2.4746e-05,32,256
sphere,2.000000,polar,4.378e-05,8.1839e-05,0.0,0.0,32,256
sphere,2.000000,polar,0.0,0.0,6.893e-06,2.3074e-05,32,256
sphere,2.000000,polar,6.229e-05,9.2703e-05,0.0,0.0,32,256
sphere,2.000000,polar,0.0,0.0,1.1659e-05,3.2955e-05,32,256
sphere,2.000000,polar,5.4191e-05,0.000151556,0.0,0.0,32,256
sphere,2.000000,polar,0.0,0.0,9.017e-06,2.4726e-05,32,256
sphere,2.000000,polar,5.2855e-05,0.000129429,0.0,0.0,32,256
sphere,2.000000,polar,0.0,0.0,1.2457e-05,2.046e-05,32,256
sphere,2.000000,polar,3.5055e-05,0.000132407,0.0,0.0,32,256
sphere,2.000000,polar,0.0,0.0,8.04e-06,9.891e-06,32,256
sphere,2.000000,polar,2.3173e-05,5.7677e-05,0.0,0.0,32,256
sphere,2.000000,polar,0.0,0.0,4.419e-06,1.0215e-05,32,256
sphere,2.000000,polar,2.5702e-05,0.000108906,0.0,0.0,32,256
sphere,2.000000,polar,0.0,0.0,5.428e-06,6.944e-06,32,256
sphere,2.000000,polar,3.635e-05,0.000121872,0.0,0.0,32,256
sphere,2.000000,polar,0.0,0.0,7.464e-06,1.1783e-05,32,256
sphere,2.000000,polar,5.1914e-05,0.000118803,0.0,0.0,32,256
sphere,2.000000,polar,0.0,0.0,1.28e-05,1.936e-05,32,256
sphere,2.000000,polar,7.218e-05,0.000144253,0.0,0.0,32,256
sphere,2.000000,polar,0.0,0.0,1.1701e-05,3.7893e-05,32,256
sphere,2.000000,polar,4.9576e-05,7.1533e-05,0.0,0.0,32,256
sphere,2.000000,polar,0.0,0.0,8.282e-06,2.83e-05,32,256
sphere,2.000000,polar,0.000177765,0.000156093,0.0,0.0,32,256
sphere,2.000000,polar,0.0,0.0,1.1775e-05,3.5321e-05,32,256
sphere,2.000000,polar,6.2761e-05,0.000125835,0.0,0.0,32,256
sphere,2.000000,polar,0.0,0.0,1.2841e-05,2.9194e-05,32,256
sphere,2.000000,polar,6.4738e-05,0.000124955,0.0,0.0,32,256
sphere,2.000000,polar,0.0,0.0,1.2276e-05,3.1439e-05,32,256
sphere,2.000000,polar,4.6047e-05,9.1137e-05,0.0,0.0,32,256
sphere,2.000000,polar,0.0,0.0,8.231e-06,2.2144e-05,32,256
sphere,2.000000,polar,4.924e-05,0.000149685,0.0,0.0,32,256
sphere,2.000000,polar,0.0,0.0,7.791e-06,2.1732e-05,32,256
sphere,2.000000,polar,4.9432e-05,0.000115882,0.0,0.0,32,256
sphere,2.000000,polar,0.0,0.0,9.967e-06,2.2251e-05,32,256
sphere,2.000000,polar,3.1909e-05,0.000135956,0.0,0.0,32,256
sphere,2.000000,polar,0.0,0.0,8.235e-06,3.725e-06,32,256
sphere,2.000000,polar,3.9394e-05,0.000126319,0.0,0.0,32,256
sphere,2.000000,polar,0.0,0.0,6.133e-06,1.7531e-05,32,256
sphere,2.000000,polar,6.5855e-05,0.00011925,0.0,0.0,32,256
sphere,2.000000,polar,0.0,0.0,1.2174e-05,3.5129e-05,32,256
sphere,2.000000,polar,5.404e-05,0.00010624,0.0,0.0,32,256
sphere,2.000000,polar,0.0,0.0,9.964e-06,2.734e-05,32,256
sphere,2.000000,polar,8.1675e-05,0.000272366,0.0,0.0,32,256
sphere,2.000000,polar,0.0,0.0,1.5446e-05,3.9637e-05,32,256
sphere,2.000000,polar,5.8549e-05,0.000210107,0.0,0.0,32,256
sphere,2.000000,polar,0.0,0.0,1.2339e-05,2.6392e-05,32,256
sphere,2.000000,polar,5.7679e-05,0.00012198,0.0,0.0,32,256
sphere,2.000000,polar,0.0,0.0,1.1893e-05,2.5107e-05,32,256
sphere,2.000000,polar,5.2554e-05,0.000115303,0.0,0.0,32,256
sphere,2.000000,polar,0.0,0.0,9.385e-06,2.5642e-05,32,256
sphere,2.000000,polar,4.9165e-05,0.000190421,0.0,0.0,32,256
sphere,2.000000,polar,0.0,0.0,9.963e-06,1.5302e-05,32,256
sphere,2.000000,polar,1.9132e-05,1.7762e-05,0.0,0.0,32,256
sphere,2.000000,polar,0.0,0.0,3.4e-06,1.1246e-05,32,256
sphere,2.000000,polar,3.2734e-05,8.5747e-05,0.0,0.0,32,256
sphere,2.000000,polar,0.0,0.0,6.393e-06,1.5227e-05,32,256
sphere,2.000000,polar,4.8323e-05,9.8293e-05,0.0,0.0,32,256
sphere,2.000000,polar,0.0,0.0,9.624e-06,2.1542e-05,32,256
sphere,2.000000,polar,6.1722e-05,0.00013371,0.0,0.0,32,256
sphere,2.000000,polar,0.0,0.0,1.0716e-05,2.9866e-05,32,256
sphere,2.000000,polar,4.679e-05,0.000135368,0.0,0.0,32,256
sphere,2.000000,polar,0.0,0.0,8.703e-06,1.7739e-05,32,256
sphere,2.000000,polar,5.1069e-05,0.0001561,0.0,0.0,32,256
sphere,2.000000,polar,0.0,0.0,9.593e-06,1.804e-05,32,256
sphere,2.000000,polar,4.1911e-05,8.2454e-05,0.0,0.0,32,256
sphere,2.000000,polar,0.0,0.0,7.521e-06,2.168e-05,32,256
sphere,2.000000,polar,3.5982e-05,0.000106906,0.0,0.0,32,256
sphere,2.000000,polar,0.0,0.0,6.955e-06,1.6155e-05,32,256
sphere,2.000000,polar,3.1755e-05,7.66e-05,0.0,0.0,32,256
sphere,2.000000,polar,0.0,0.0,7.39e-06,1.2534e-05,32,256
sphere,2.000000,polar,8.8341e-05,0.000238303,0.0,0.0,32,256
sphere,2.000000,polar,0.0,0.0,1.6029e-05,4.4968e-05,32,256
sphere,2.000000,polar,5.4231e-05,0.000112544,0.0,0.0,32,256
sphere,2.000000,polar,0.0,0.0,1.002e-05,2.7096e-05,32,256
sphere,2.000000,polar,6.8223e-05,0.000199123,0.0,0.0,32,256
sphere,2.000000,polar,0.0,0.0,1.675e-05,2.7705e-05,32,256
sphere,2.000000,polar,7.4445e-05,0.000157187,0.0,0.0,32,256
sphere,2.000000,polar,0.0,0.0,1.451e-05,3.5524e-05,32,256
sphere,2.000000,polar,5.7581e-05,0.000111016,0.0,0.0,32,256
sphere,2.000000,polar,0.0,0.0,8.375e-06,3.1884e-05,32,256
sphere,2.000000,polar,7.1008e-05,0.000178552,0.0,0.0,32,256
sphere,2.000000,polar,0.0,0.0,1.4259e-05,3.1504e-05,32,256
sphere,2.000000,polar,4.318e-05,0.000150625,0.0,0.0,32,256
sphere,2.000000,polar,0.0,0.0,8.419e-06,1.5347e-05,32,256
sphere,2.000000,polar,3.516e-05,0.000181956,0.0,0.0,32,256
sphere,2.000000,polar,0.0,0.0,7.526e-06,8.223e-06,32,256
sphere,2.000000,polar,1.7991e-05,5.9364e-05,0.0,0.0,32,256
sphere,2.000000,polar,0.0,0.0,3.426e-06,5.412e-06,32,256
sphere,2.000000,polar,1.8992e-05,2.7735e-05,0.0,0.0,32,256
sphere,2.000000,polar,0.0,0.0,2.971e-06,1.1613e-05,32,256
sphere,2.000000,polar,4.7908e-05,0.000124321,0.0,0.0,32,256
sphere,2.000000,polar,0.0,0.0,7.777e-06,1.9118e-05,32,256
sphere,2.000000,polar,4.221e-05,5.2193e-05,0.0,0.0,32,256
sphere,2.000000,polar,0.0,0.0,4.913e-06,2.9107e-05,32,256
sphere,2.000000,polar,6.9091e-05,0.000261874,0.0,0.0,32,256
sphere,2.000000,polar,0.0,0.0,1.2337e-05,3.6008e-05,32,256
sphere,2.000000,polar,3.7361e-05,0.000142296,0.0,0.0,32,256
sphere,2.000000,polar,0.0,0.0,7.265e-06,1.1533e-05,32,256
sphere,2.000000,polar,7.1781e-05,0.000131444,0.0,0.0,32,256
sphere,2.000000,polar,0.0,0.0,1.0177e-05,2.4855e-05,32,256
sphere,2.000000,polar,3.2659e-05,0.000115126,0.0,0.0,32,256
sphere,2.000000,polar,0.0,0.0,7.856e-06,9.044e-06,32,256
sphere,2.000000,polar,6.2425e-05,0.000130226,0.0,0.0,32,256
sphere,2.000000,polar,0.0,0.0,1.2302e-05,2.9435e-05,32,256
sphere,2.000000,polar,7.199e-05,0.000168801,0.0,0.0,32,256
sphere,2.000000,polar,0.0,0.0,1.3844e-05,3.3073e-05,32,256
sphere,2.000000,polar,6.5288e-05,0.000119588,0.0,0.0,32,256
sphere,2.000000,polar,0.0,0.0,1.1457e-05,3.4745e-05,32,256
sphere,2.000000,polar,5.1778e-05,0.000128876,0.0,0.0,32,256
sphere,2.000000,polar,0.0,0.0,8.815e-06,2.3324e-05,32,256
sphere,2.000000,polar,4.3153e-05,0.00014284,0.0,0.0,32,256
sphere,2.000000,polar,0.0,0.0,9.138e-06,1.5069e-05,32,256
sphere,2.000000,polar,2.4417e-05,0.000121319,0.0,0.0,32,256
sphere,2.000000,polar,0.0,0.0,4.783e-06,3.065e-06,32,256
sphere,2.000000,polar,2.108e-05,0.000105773,0.0,0.0,32,256
sphere,2.000000,polar,0.0,0.0,4.668e-06,2.769e-06,32,256
sphere,2.000000,polar,7.1247e-05,0.000141754,0.0,0.0,32,256
sphere,2.000000,polar,0.0,0.0,1.3258e-05,3.6858e-05,32,256
sphere,2.000000,polar,1.9885e-05,5.6691e-05,0.0,0.0,32,256
sphere,2.000000,polar,0.0,0.0,3.878e-06,6.465e-06,32,256
sphere,2.000000,polar,5.8561e-05,0.000126468,0.0,0.0,32,256
sphere,2.000000,polar,0.0,0.0,1.0357e-05,2.6474e-05,32,256
sphere,2.000000,polar,4.0183e-05,8.2111e-05,0.0,0.0,32,256
sphere,2.000000,polar,0.0,0.0,7.601e-06,2.0372e-05,32,256
sphere,2.000000,polar,7.5727e-05,0.000171256,0.0,0.0,32,256
sphere,2.000000,polar,0.0,0.0,1.5199e-05,3.4121e-05,32,256
sphere,2.000000,polar,5.6115e-05,0.000169214,0.0,0.0,32,256
sphere,2.000000,polar,0.0,0.0,1.2781e-05,1.821e-05,32,256
sphere,2.000000,polar,6.7949e-05,0.000129735,0.0,0.0,32,256
sphere,2.000000,polar,0.0,0.0,1.3526e-05,3.3205e-05,32,256
sphere,2.000000,polar,5.2844e-05,0.000174744,0.0,0.0,32,256
sphere,2.000000,polar,0.0,0.0,9.899e-06,2.3085e-05,32,256
sphere,2.000000,polar,2.6643e-05,0.000105101,0.0,0.0,32,256
sphere,2.000000,polar,0.0,0.0,5.064e-06,7.88e-06,32,256
sphere,2.000000,polar,1.4116e-05,4.3689e-05,0.0,0.0,32,256
sphere,2.000000,polar,0.0,0.0,2.111e-06,6.349e-06,32,256
sphere,2.000000,polar,5.7521e-05,0.000117877,0.0,0.0,32,256
sphere,2.000000,polar,0.0,0.0,1.1706e-05,2.6423e-05,32,256
sphere,2.000000,polar,5.7952e-05,0.000143492,0.0,0.0,32,256
sphere,2.000000,polar,0.0,0.0,1.3043e-05,2.2794e-05,32,256
sphere,2.000000,polar,3.3911e-05,6.1143e-05,0.0,0.0,32,256
sphere,2.000000,polar,0.0,0.0,5.768e-06,1.8377e-05,32,256
sphere,2.000000,polar,5.8152e-05,0.00013609,0.0,0.0,32,256
sphere,2.000000,polar,0.0,0.0,1.1994e-05,2.4936e-05,32,256
sphere,2.000000,polar,3.0546e-05,0.000171853,0.0,0.0,32,256
sphere,2.000000,polar,0.0,0.0,7.129e-06,6.445e-06,32,256
sphere,2.000000,polar,6.8006e-05,0.000135072,0.0,0.0,32,256
sphere,2.000000,polar,0.0,0.0,1.3311e-05,3.2084e-05,32,256
sphere,2.000000,polar,4.936e-05,0.000141896,0.0,0.0,32,256
sphere,2.000000,polar,0.0,0.0,1.0452e-05,1.7601e-05,32,256
sphere,2.000000,polar,3.4379e-05,7.8429e-05,0.0,0.0,32,256
sphere,2.000000,polar,0.0,0.0,7.277e-06,1.5502e-05,32,256
sphere,2.000000,polar,6.8622e-05,0.00012173,0.0,0.0,32,256
sphere,2.000000,polar,0.0,0.0,1.2687e-05,3.469e-05,32,256
sphere,2.000000,polar,4.7476e-05,0.000110384,0.0,0.0,32,256
sphere,2.000000,polar,0.0,0.0,1.0721e-05,1.8648e-05,32,256
sphere,2.000000,polar,3.8059e-05,0.00013425,0.0,0.0,32,256
sphere,2.000000,polar,0.0,0.0,7.387e-06,1.2074e-05,32,256
sphere,2.000000,polar,4.0345e-05,0.000150277,0.0,0.0,32,256
sphere,2.000000,polar,0.0,0.0,7.957e-06,1.2149e-05,32,256
sphere,2.000000,polar,4.0535e-05,5.5565e-05,0.0,0.0,32,256
sphere,2.000000,polar,0.0,0.0,6.774e-06,2.4427e-05,32,256
sphere,2.000000,polar,4.6654e-05,0.000101304,0.0,0.0,32,256
sphere,2.000000,polar,0.0,0.0,1.0079e-05,2.0665e-05,32,256
sphere,2.000000,polar,2.0508e-05,5.3065e-05,0.0,0.0,32,256
sphere,2.000000,polar,0.0,0.0,3.729e-06,9.567e-06,32,256
sphere,2.000000,polar,4.8726e-05,0.000159149,0.0,0.0,32,256
sphere,2.000000,polar,0.0,0.0,9.593e-06,2.2567e-05,32,256
sphere,2.000000,polar,9.7243e-05,0.000139345,0.0,0.0,32,256
sphere,2.000000,polar,0.0,0.0,1.3086e-05,6.3876e-05,32,256
sphere,2.000000,polar,7.4712e-05,0.000138257,0.0,0.0,32,256
sphere,2.000000,polar,0.0,0.0,1.5445e-05,3.4688e-05,32,256
sphere,2.000000,polar,5.9064e-05,9.7533e-05,0.0,0.0,32,256
sphere,2.000000,polar,0.0,0.0,9.53e-06,3.4084e-05,32,256
sphere,2.000000,polar,2.4567e-05,0.000144241,0.0,0.0,32,256
sphere,2.000000,polar,0.0,0.0,5.941e-06,2.53e-07,32,256
sphere,2.000000,polar,4.1224e-05,9.7528e-05,0.0,0.0,32,256
sphere,2.000000,polar,0.0,0.0,7.525e-06,1.889e-05,32,256
sphere,2.000000,polar,3.0827e-05,0.000132744,0.0,0.0,32,256
sphere,2.000000,polar,0.0,0.0,6.617e-06,5.546e-06,32,256
sphere,2.000000,polar,3.5277e-05,8.6389e-05,0.0,0.0,32,256
sphere,2.000000,polar,0.0,0.0,6.672e-06,1.7095e-05,32,256
sphere,2.000000,polar,4.1279e-05,0.000131993,0.0,0.0,32,256
sphere,2.000000,polar,0.0,0.0,8.056e-06,1.4974e-05,32,256
sphere,2.000000,polar,4.8762e-05,0.000120711,0.0,0.0,32,256
sphere,2.000000,polar,0.0,0.0,1.0061e-05,2.1011e-05,32,256
sphere,2.000000,polar,3.1624e-05,7.672e-05,0.0,0.0,32,256
sphere,2.000000,polar,0.0,0.0,7.067e-06,1.24e-05,32,256
sphere,2.000000,polar,4.1988e-05,3.1146e-05,0.0,0.0,32,256
sphere,2.000000,polar,0.0,0.0,3.049e-06,3.3769e-05,32,256
sphere,2.000000,polar,4.0256e-05,0.000103879,0.0,0.0,32,256
sphere,2.000000,polar,0.0,0.0,7.076e-06,1.7879e-05,32,256
sphere,2.000000,polar,8.1851e-05,0.000174028,0.0,0.0,32,256
sphere,2.000000,polar,0.0,0.0,1.667e-05,3.6471e-05,32,256
sphere,2.000000,polar,3.702e-05,8.6693e-05,0.0,0.0,32,256
sphere,2.000000,polar,0.0,0.0,7.149e-06,1.7933e-05,32,256
sphere,2.000000,polar,0.000121075,0.000119272,0.0,0.0,32,256
sphere,2.000000,polar,0.0,0.0,8.0626e-05,2.1018e-05,32,256
sphere,2.000000,polar,2.7531e-05,0.000127682,0.0,0.0,32,256
sphere,2.000000,polar,0.0,0.0,6.28e-06,4.068e-06,32,256
sphere,2.000000,polar,6.1772e-05,0.000116011,0.0,0.0,32,256
sphere,2.000000,polar,0.0,0.0,1.2319e-05,2.8792e-05,32,256
sphere,2.000000,polar,4.7356e-05,0.000157309,0.0,0.0,32,256
sphere,2.000000,polar,0.0,0.0,1.0521e-05,1.7725e-05,32,256
sphere,2.000000,polar,4.1183e-05,0.000180447,0.0,0.0,32,256
sphere,2.000000,polar,0.0,0.0,7.297e-06,1.3742e-05,32,256
sphere,2.000000,polar,3.1846e-05,9.6696e-05,0.0,0.0,32,256
sphere,2.000000,polar,0.0,0.0,6.55e-06,1.1672e-05,32,256
sphere,2.000000,polar,6.5016e-05,0.000116444,0.0,0.0,32,256
sphere,2.000000,polar,0.0,0.0,1.2264e-05,3.2985e-05,32,256
sphere,2.000000,polar,6.5948e-05,0.000130152,0.0,0.0,32,256
sphere,2.000000,polar,0.0,0.0,1.2036e-05,3.1964e-05,32,256
sphere,2.000000,polar,1.2877e-05,1.1459e-05,0.0,0.0,32,256
sphere,2.000000,polar,0.0,0.0,2.445e-06,7.493e-06,32,256
sphere,2.000000,polar,3.2592e-05,0.000166088,0.0,0.0,32,256
sphere,2.000000,polar,0.0,0.0,7.788e-06,4.13e-06,32,256
sphere,2.000000,polar,4.4909e-05,0.000152982,0.0,0.0,32,256
sphere,2.000000,polar,0.0,0.0,9.604e-06,1.8042e-05,32,256
sphere,2.000000,polar,2.3235e-05,6.8185e-05,0.0,0.0,32,256
sphere,2.000000,polar,0.0,0.0,3.937e-06,9.829e-06,32,256
sphere,2.000000,polar,6.4045e-05,0.000165577,0.0,0.0,32,256
sphere,2.000000,polar,0.0,0.0,1.294e-05,3.0291e-05,32,256
sphere,2.000000,polar,3.2415e-05,0.000197518,0.0,0.0,32,256
sphere,2.000000,polar,0.0,0.0,7.072e-06,4.968e-06,32,256
sphere,2.000000,polar,8.5e-05,0.000262144,0.0,0.0,32,256
sphere,2.000000,polar,0.0,0.0,1.8874e-05,3.4511e-05,32,256
sphere,2.000000,polar,5.8753e-05,0.000132286,0.0,0.0,32,256
sphere,2.000000,polar,0.0,0.0,1.1017e-05,2.7962e-05,32,256
sphere,2.000000,polar,5.1272e-05,9.7282e-05,0.0,0.0,32,256
sphere,2.000000,polar,0.0,0.0,8.044e-06,2.8476e-05,32,256
sphere,2.000000,polar,4.9201e-05,0.000141231,0.0,0.0,32,256
sphere,2.000000,polar,0.0,0.0,8.686e-06,1.9453e-05,32,256
sphere,2.000000,polar,6.0925e-05,0.000146783,0.0,0.0,32,256
sphere,2.000000,polar,0.0,0.0,1.3666e-05,2.5725e-05,32,256
sphere,2.000000,polar,5.4424e-05,0.000143593,0.0,0.0,32,256
sphere,2.000000,polar,0.0,0.0,1.0627e-05,2.4301e-05,32,256
sphere,2.000000,polar,2.7282e-05,5.3043e-05,0.0,0.0,32,256
sphere,2.000000,polar,0.0,0.0,4.664e-06,1.3607e-05,32,256
sphere,2.000000,polar,5.3474e-05,0.000129289,0.0,0.0,32,256
sphere,2.000000,polar,0.0,0.0,9.567e-06,2.5281e-05,32,256
sphere,2.000000,polar,0.000120473,0.000108203,0.0,0.0,32,256
sphere,2.000000,polar,0.0,0.0,9.08e-06,9.5895e-05,32,256
sphere,2.000000,polar,9.052e-05,0.00021983,0.0,0.0,32,256
sphere,2.000000,polar,0.0,0.0,1.2393e-05,4.9568e-05,32,256
sphere,2.000000,polar,6.7304e-05,0.000126024,0.0,0.0,32,256
sphere,2.000000,polar,0.0,0.0,1.3246e-05,3.24e-05,32,256
sphere,2.000000,polar,5.1725e-05,0.000113463,0.0,0.0,32,256
sphere,2.000000,polar,0.0,0.0,8.063e-06,2.6465e-05,32,256
sphere,2.000000,polar,3.4019e-05,0.000136913,0.0,0.0,32,256
sphere,2.000000,polar,0.0,0.0,8.474e-06,5.86e-06,32,256
sphere,2.000000,polar,6.5315e-05,0.000144956,0.0,0.0,32,256
sphere,2.000000,polar,0.0,0.0,1.4429e-05,2.8045e-05,32,256
sphere,2.000000,polar,6.0317e-05,0.000122827,0.0,0.0,32,256
sphere,2.000000,polar,0.0,0.0,1.2159e-05,2.8173e-05,32,256
sphere,2.000000,polar,4.1523e-05,0.000121836,0.0,0.0,32,256
sphere,2.000000,polar,0.0,0.0,8.125e-06,1.7594e-05,32,256
sphere,2.000000,polar,2.8797e-05,3.9941e-05,0.0,0.0,32,256
sphere,2.000000,polar,0.0,0.0,5.055e-06,1.5513e-05,32,256
sphere,2.000000,polar,8.4196e-05,0.000169976,0.0,0.0,32,256
sphere,2.000000,polar,0.0,0.0,1.7135e-05,3.9626e-05,32,256
sphere,2.000000,polar,6.7481e-05,0.000130317,0.0,0.0,32,256
sphere,2.000000,polar,0.0,0.0,1.3122e-05,3.1008e-05,32,256
sphere,2.000000,polar,0.000131767,0.000138775,0.0,0.0,32,256
sphere,2.000000,polar,0.0,0.0,1.3933e-05,3.5449e-05,32,256
sphere,2.000000,polar,4.882e-05,0.000136363,0.0,0.0,32,256
sphere,2.000000,polar,0.0,0.0,9.757e-06,2.0721e-05,32,256
sphere,2.000000,polar,4.9749e-05,0.00012682,0.0,0.0,32,256
sphere,2.000000,polar,0.0,0.0,9.646e-06,2.2841e-05,32,256
sphere,2.000000,polar,3.1422e-05,9.0044e-05,0.0,0.0,32,256
sphere,2.000000,polar,0.0,0.0,6.657e-06,1.1877e-05,32,256
sphere,2.000000,polar,5.375e-05,0.00012875,0.0,0.0,32,256
sphere,2.000000,polar,0.0,0.0,1.1534e-05,2.2634e-05,32,256
sphere,2.000000,polar,3.7611e-05,0.000146115,0.0,0.0,32,256
sphere,2.000000,polar,0.0,0.0,7.79e-06,1.157e-05,32,256
sphere,2.000000,polar,4.3392e-05,9.6415e-05,0.0,0.0,32,256
sphere,2.000000,polar,0.0,0.0,8.943e-06,2.0796e-05,32,256
sphere,2.000000,polar,3.4692e-05,8.794e-05,0.0,0.0,32,256
sphere,2.000000,polar,0.0,0.0,7.078e-06,1.4549e-05,32,256
sphere,2.000000,polar,6.2159e-05,0.000134174,0.0,0.0,32,256
sphere,2.000000,polar,0.0,0.0,1.288e-05,2.7973e-05,32,256
sphere,2.000000,polar,2.414e-06,1.6407e-05,0.0,0.0,32,256
sphere,2.000000,polar,0.0,0.0,4.14e-07,0,32,256
sphere,2.000000,polar,7.1332e-05,0.00016099,0.0,0.0,32,256
sphere,2.000000,polar,0.0,0.0,1.2703e-05,3.5695e-05,32,256
sphere,2.000000,polar,4.1368e-05,9.5135e-05,0.0,0.0,32,256
sphere,2.000000,polar,0.0,0.0,6.734e-06,2.0955e-05,32,256
sphere,2.000000,polar,2.9447e-05,9.6379e-05,0.0,0.0,32,256
sphere,2.000000,polar,0.0,0.0,5.53e-06,1.2021e-05,32,256
sphere,2.000000,polar,4.8099e-05,0.000132897,0.0,0.0,32,256
sphere,2.000000,polar,0.0,0.0,1.1453e-05,1.8552e-05,32,256
sphere,2.000000,polar,3.4126e-05,0.000170162,0.0,0.0,32,256
sphere,2.000000,polar,0.0,0.0,6.353e-06,1.349e-05,32,256
sphere,2.000000,polar,5.0509e-05,0.000133383,0.0,0.0,32,256
sphere,2.000000,polar,0.0,0.0,9.071e-06,2.1614e-05,32,256
sphere,2.000000,polar,5.6389e-05,0.000107415,0.0,0.0,32,256
sphere,2.000000,polar,0.0,0.0,9.626e-06,2.8898e-05,32,256
sphere,2.000000,polar,3.7328e-05,0.000100832,0.0,0.0,32,256
sphere,2.000000,polar,0.0,0.0,9.172e-06,1.2606e-05,32,256
sphere,2.000000,polar,6.0238e-05,0.000112625,0.0,0.0,32,256
sphere,2.000000,polar,0.0,0.0,1.0929e-05,3.1091e-05,32,256
sphere,2.000000,polar,5.8245e-05,0.000147902,0.0,0.0,32,256
sphere,2.000000,polar,0.0,0.0,1.1079e-05,2.535e-05,32,256
sphere,2.000000,polar,2.406e-05,5.1774e-05,0.0,0.0,32,256
sphere,2.000000,polar,0.0,0.0,3.091e-06,1.4437e-05,32,256
sphere,2.000000,polar,7.9494e-05,0.000253848,0.0,0.0,32,256
sphere,2.000000,polar,0.0,0.0,1.6525e-05,3.3721e-05,32,256
sphere,2.000000,polar,4.5967e-05,0.000157058,0.0,0.0,32,256
sphere,2.000000,polar,0.0,0.0,8.852e-06,1.5733e-05,32,256
sphere,2.000000,polar,3.4186e-05,9.0271e-05,0.0,0.0,32,256
sphere,2.000000,polar,0.0,0.0,6.688e-06,1.3695e-05,32,256
sphere,2.000000,polar,4.0926e-05,0.000120574,0.0,0.0,32,256
sphere,2.000000,polar,0.0,0.0,1.004e-05,1.3361e-05,32,256
sphere,2.000000,polar,4.0491e-05,9.755e-05,0.0,0.0,32,256
sphere,2.000000,polar,0.0,0.0,6.925e-06,1.8225e-05,32,256
sphere,2.000000,polar,4.7171e-05,9.3258e-05,0.0,0.0,32,256
sphere,2.000000,polar,0.0,0.0,9.762e-06,2.3212e-05,32,256
sphere,2.000000,polar,5.6928e-05,0.00025993,0.0,0.0,32,256
sphere,2.000000,polar,0.0,0.0,1.0491e-05,2.8328e-05,32,256
sphere,2.000000,polar,4.6624e-05,0.000103798,0.0,0.0,32,256
sphere,2.000000,polar,0.0,0.0,5.863e-06,8.783e-06,32,256
sphere,2.000000,polar,4.6039e-05,0.000101482,0.0,0.0,32,256
sphere,2.000000,polar,0.0,0.0,8.225e-06,1.8818e-05,32,256
sphere,2.000000,polar,5.1267e-05,0.000120407,0.0,0.0,32,256
sphere,2.000000,polar,0.0,0.0,1.069e-05,2.1895e-05,32,256
sphere,2.000000,polar,3.8144e-05,0.000108774,0.0,0.0,32,256
sphere,2.000000,polar,0.0,0.0,7.499e-06,1.5303e-05,32,256
sphere,2.000000,polar,2.4324e-05,6.8282e-05,0.0,0.0,32,256
sphere,2.000000,polar,0.0,0.0,4.119e-06,9.208e-06,32,256
sphere,2.000000,polar,6.4995e-05,0.000166669,0.0,0.0,32,256
sphere,2.000000,polar,0.0,0.0,1.3182e-05,2.791e-05,32,256
sphere,2.000000,polar,8.9623e-05,0.000208386,0.0,0.0,32,256
sphere,2.000000,polar,0.0,0.0,2.1184e-05,3.9243e-05,32,256
sphere,2.000000,polar,4.5145e-05,0.000115174,0.0,0.0,32,256
sphere,2.000000,polar,0.0,0.0,1.0291e-05,1.671e-05,32,256
sphere,2.000000,polar,8.9285e-05,0.000241937,0.0,0.0,32,256
sphere,2.000000,polar,0.0,0.0,2.0731e-05,3.7574e-05,32,256
sphere,2.000000,polar,6.5972e-05,0.000148893,0.0,0.0,32,256
sphere,2.000000,polar,0.0,0.0,1.568e-05,2.8008e-05,32,256
sphere,2.000000,polar,6.4337e-05,0.000136253,0.0,0.0,32,256
sphere,2.000000,polar,0.0,0.0,1.1379e-05,3.3526e-05,32,256
sphere,2.000000,polar,5.0781e-05,0.000154713,0.0,0.0,32,256
sphere,2.000000,polar,0.0,0.0,8.474e-06,2.0144e-05,32,256
sphere,2.000000,polar,6.7598e-05,0.000159799,0.0,0.0,32,256
sphere,2.000000,polar,0.0,0.0,1.5622e-05,2.7706e-05,32,256
sphere,2.000000,polar,4.0188e-05,0.00011161,0.0,0.0,32,256
sphere,2.000000,polar,0.0,0.0,9.169e-06,1.5504e-05,32,256
sphere,2.000000,polar,4.4842e-05,0.000115653,0.0,0.0,32,256
sphere,2.000000,polar,0.0,0.0,9.469e-06,1.8795e-05,32,256
sphere,2.000000,polar,2.8868e-05,6.9003e-05,0.0,0.0,32,256
sphere,2.000000,polar,0.0,0.0,5.371e-06,1.2209e-05,32,256
sphere,2.000000,polar,1.896e-05,8.9431e-05,0.0,0.0,32,256
sphere,2.000000,polar,0.0,0.0,3.796e-06,2.219e-06,32,256
sphere,2.000000,polar,2.8523e-05,0.000126761,0.0,0.0,32,256
sphere,2.000000,polar,0.0,0.0,5.434e-06,8.785e-06,32,256
sphere,2.000000,polar,6.2561e-05,0.000202672,0.0,0.0,32,256
sphere,2.000000,polar,0.0,0.0,1.3554e-05,2.3148e-05,32,256
sphere,2.000000,polar,3.1361e-05,0.000100797,0.0,0.0,32,256
sphere,2.000000,polar,0.0,0.0,5.869e-06,1.1923e-05,32,256
sphere,2.000000,polar,6.268e-05,0.000158461,0.0,0.0,32,256
sphere,2.000000,polar,0.0,0.0,1.4327e-05,2.603e-05,32,256
sphere,2.000000,polar,4.9703e-05,0.000208669,0.0,0.0,32,256
sphere,2.000000,polar,0.0,0.0,1.0431e-05,2.1466e-05,32,256
sphere,2.000000,polar,4.8117e-05,0.000131852,0.0,0.0,32,256
sphere,2.000000,polar,0.0,0.0,8.891e-06,1.9296e-05,32,256
sphere,2.000000,polar,3.8668e-05,0.000152702,0.0,0.0,32,256
sphere,2.000000,polar,0.0,0.0,8.767e-06,1.0623e-05,32,256
sphere,2.000000,polar,1.9319e-05,4.8905e-05,0.0,0.0,32,256
sphere,2.000000,polar,0.0,0.0,3.815e-06,8.745e-06,32,256
sphere,2.000000,polar,6.2618e-05,0.000124187,0.0,0.0,32,256
sphere,2.000000,polar,0.0,0.0,1.0936e-05,2.8568e-05,32,256
sphere,2.000000,polar,4.0932e-05,8.75e-05,0.0,0.0,32,256
sphere,2.000000,polar,0.0,0.0,7.897e-06,1.9369e-05,32,256
sphere,2.000000,polar,4.9328e-05,0.000112443,0.0,0.0,32,256
sphere,2.000000,polar,0.0,0.0,9.718e-06,2.4152e-05,32,256
sphere,2.000000,polar,4.497e-05,0.000112118,0.0,0.0,32,256
sphere,2.000000,polar,0.0,0.0,1.0143e-05,1.7233e-05,32,256
sphere,2.000000,polar,5.9322e-05,0.00011475,0.0,0.0,32,256
sphere,2.000000,polar,0.0,0.0,8.701e-06,3.2298e-05,32,256
sphere,2.000000,polar,4.5582e-05,0.000105959,0.0,0.0,32,256
sphere,2.000000,polar,0.0,0.0,8.463e-06,2.2262e-05,32,256
sphere,2.000000,polar,1.3528e-05,1.8057e-05,0.0,0.0,32,256
sphere,2.000000,polar,0.0,0.0,2.49e-06,7.276e-06,32,256
sphere,2.000000,polar,5.8676e-05,0.000139802,0.0,0.0,32,256
sphere,2.000000,polar,0.0,0.0,1.0547e-05,2.726e-05,32,256
sphere,2.000000,polar,4.6527e-05,0.000114139,0.0,0.0,32,256
sphere,2.000000,polar,0.0,0.0,7.965e-06,2.2704e-05,32,256
sphere,2.000000,polar,5.4012e-05,0.000119111,0.0,0.0,32,256
sphere,2.000000,polar,0.0,0.0,1.2488e-05,2.1766e-05,32,256
sphere,2.000000,polar,6.406e-05,0.000226162,0.0,0.0,32,256
sphere,2.000000,polar,0.0,0.0,1.2173e-05,1.9635e-05,32,256
sphere,2.000000,polar,6.8729e-05,0.00013541,0.0,0.0,32,256
sphere,2.000000,polar,0.0,0.0,1.337e-05,3.3509e-05,32,256
sphere,2.000000,polar,5.3436e-05,0.000103809,0.0,0.0,32,256
sphere,2.000000,polar,0.0,0.0,8.54e-06,3.0414e-05,32,256
sphere,2.000000,polar,5.6204e-05,0.000141388,0.0,0.0,32,256
sphere,2.000000,polar,0.0,0.0,1.0805e-05,2.6931e-05,32,256
sphere,2.000000,polar,6.8246e-05,0.000157758,0.0,0.0,32,256
sphere,2.000000,polar,0.0,0.0,1.44e-05,3.0323e-05,32,256
sphere,2.000000,polar,3.2978e-05,0.000110476,0.0,0.0,32,256
sphere,2.000000,polar,0.0,0.0,6.16e-06,1.1732e-05,32,256
sphere,2.000000,polar,7.9649e-05,0.00020162,0.0,0.0,32,256
sphere,2.000000,polar,0.0,0.0,1.6605e-05,3.3737e-05,32,256
sphere,2.000000,polar,5.6884e-05,0.00013684,0.0,0.0,32,256
sphere,2.000000,polar,0.0,0.0,1.0777e-05,2.6726e-05,32,256
sphere,2.000000,polar,2.8675e-05,0.000108257,0.0,0.0,32,256
sphere,2.000000,polar,0.0,0.0,4.633e-06,1.1406e-05,32,256
sphere,2.000000,polar,5.2123e-05,0.000137553,0.0,0.0,32,256
sphere,2.000000,polar,0.0,0.0,1.0646e-05,2.4354e-05,32,256
sphere,2.000000,polar,4.7195e-05,0.000146203,0.0,0.0,32,256
sphere,2.000000,polar,0.0,0.0,1.0341e-05,2.0296e-05,32,256
sphere,2.000000,polar,8.7143e-05,0.000107095,0.0,0.0,32,256
sphere,2.000000,polar,0.0,0.0,1.0127e-05,5.9215e-05,32,256
sphere,2.000000,polar,7.4557e-05,0.000157534,0.0,0.0,32,256
sphere,2.000000,polar,0.0,0.0,1.4423e-05,3.787e-05,32,256
sphere,2.000000,polar,3.383e-05,0.000147944,0.0,0.0,32,256
sphere,2.000000,polar,0.0,0.0,7.05e-06,1.0001e-05,32,256
sphere,2.000000,polar,5.9031e-05,0.000151579,0.0,0.0,32,256
sphere,2.000000,polar,0.0,0.0,1.3342e-05,2.4391e-05,32,256
sphere,2.000000,polar,3.7946e-05,0.000106476,0.0,0.0,32,256
sphere,2.000000,polar,0.0,0.0,8.531e-06,1.2472e-05,32,256
sphere,2.000000,polar,4.3345e-05,9.6968e-05,0.0,0.0,32,256
sphere,2.000000,polar,0.0,0.0,9.148e-06,2.0218e-05,32,256
sphere,2.000000,polar,2.8489e-05,6.3557e-05,0.0,0.0,32,256
sphere,2.000000,polar,0.0,0.0,4.642e-06,1.4666e-05,32,256
sphere,2.000000,polar,5.1198e-05,0.000137589,0.0,0.0,32,256
sphere,2.000000,polar,0.0,0.0,1.117e-05,1.9937e-05,32,256
sphere,2.000000,polar,4.8451e-05,0.000125081,0.0,0.0,32,256
sphere,2.000000,polar,0.0,0.0,7.412e-06,2.4078e-05,32,256
sphere,2.000000,polar,2.0577e-05,6.9721e-05,0.0,0.0,32,256
sphere,2.000000,polar,0.0,0.0,3.994e-06,7.719e-06,32,256
sphere,2.000000,polar,4.9011e-05,0.000139779,0.0,0.0,32,256
sphere,2.000000,polar,0.0,0.0,9.563e-06,1.9479e-05,32,256
sphere,2.000000,polar,4.0407e-05,0.000113187,0.0,0.0,32,256
sphere,2.000000,polar,0.0,0.0,9.703e-06,1.3989e-05,32,256
sphere,2.000000,polar,2.1885e-05,9.1198e-05,0.0,0.0,32,256
sphere,2.000000,polar,0.0,0.0,5.948e-06,4.779e-06,32,256
sphere,2.000000,polar,4.1559e-05,0.000148457,0.0,0.0,32,256
sphere,2.000000,polar,0.0,0.0,9.746e-06,1.8049e-05,32,256
sphere,2.000000,polar,4.0985e-05,0.000134179,0.0,0.0,32,256
sphere,2.000000,polar,0.0,0.0,7.645e-06,1.2343e-05,32,256
sphere,2.000000,polar,4.2648e-05,7.814e-05,0.0,0.0,32,256
sphere,2.000000,polar,0.0,0.0,7.672e-06,2.1985e-05,32,256
sphere,2.000000,polar,6.121e-05,0.000120931,0.0,0.0,32,256
sphere,2.000000,polar,0.0,0.0,1.1184e-05,3.101e-05,32,256
sphere,2.000000,polar,5.108e-05,0.000126629,0.0,0.0,32,256
sphere,2.000000,polar,0.0,0.0,1.0113e-05,2.0603e-05,32,256
sphere,2.000000,polar,5.9077e-05,0.00014908,0.0,0.0,32,256
sphere,2.000000,polar,0.0,0.0,1.1168e-05,2.7312e-05,32,256
sphere,2.000000,polar,6.66e-05,0.00011368,0.0,0.0,32,256
sphere,2.000000,polar,0.0,0.0,9.949e-06,3.4592e-05,32,256
sphere,2.000000,polar,4.9751e-05,0.000113912,0.0,0.0,32,256
sphere,2.000000,polar,0.0,0.0,8.215e-06,2.4356e-05,32,256
sphere,2.000000,polar,4.4731e-05,9.7227e-05,0.0,0.0,32,256
sphere,2.000000,polar,0.0,0.0,9.329e-06,1.9521e-05,32,256
sphere,2.000000,polar,4.1342e-05,0.000119755,0.0,0.0,32,256
sphere,2.000000,polar,0.0,0.0,7.819e-06,1.6708e-05,32,256
sphere,2.000000,polar,2.2494e-05,7.5631e-05,0.0,0.0,32,256
sphere,2.000000,polar,0.0,0.0,4.627e-06,7.674e-06,32,256
sphere,2.000000,polar,6.4764e-05,0.000137982,0.0,0.0,32,256
sphere,2.000000,polar,0.0,0.0,1.2962e-05,2.9843e-05,32,256
sphere,2.000000,polar,5.7174e-05,0.000146679,0.0,0.0,32,256
sphere,2.000000,polar,0.0,0.0,1.2348e-05,2.5282e-05,32,256
sphere,2.000000,polar,2.5601e-05,0.000211271,0.0,0.0,32,256
sphere,2.000000,polar,0.0,0.0,6.831e-06,5.192e-06,32,256
sphere,2.000000,polar,3.8961e-05,0.000102864,0.0,0.0,32,256
sphere,2.000000,polar,0.0,0.0,8.22e-06,1.2362e-05,32,256
sphere,2.000000,polar,2.483e-05,0.000147024,0.0,0.0,32,256
sphere,2.000000,polar,0.0,0.0,5.619e-06,3.146e-06,32,256
sphere,2.000000,polar,1.9865e-05,2.6583e-05,0.0,0.0,32,256
sphere,2.000000,polar,0.0,0.0,3.058e-06,1.2147e-05,32,256
sphere,2.000000,polar,5.8471e-05,0.000125554,0.0,0.0,32,256
sphere,2.000000,polar,0.0,0.0,1.1722e-05,2.7415e-05,32,256
sphere,2.000000,polar,6.3099e-05,0.000125674,0.0,0.0,32,256
sphere,2.000000,polar,0.0,0.0,1.2345e-05,2.9547e-05,32,256
sphere,2.000000,polar,4.949e-05,0.000112764,0.0,0.0,32,256
sphere,2.000000,polar,0.0,0.0,8.246e-06,2.3414e-05,32,256
sphere,2.000000,polar,3.4072e-05,0.000140223,0.0,0.0,32,256
sphere,2.000000,polar,0.0,0.0,6.822e-06,1.0631e-05,32,256
sphere,2.000000,polar,5.0682e-05,9.9019e-05,0.0,0.0,32,256
sphere,2.000000,polar,0.0,0.0,8.763e-06,2.2905e-05,32,256
sphere,2.000000,polar,7.8104e-05,0.000202141,0.0,0.0,32,256
sphere,2.000000,polar,0.0,0.0,1.5222e-05,3.4011e-05,32,256
sphere,2.000000,polar,6.3844e-05,0.0001466,0.0,0.0,32,256
sphere,2.000000,polar,0.0,0.0,1.2906e-05,2.9729e-05,32,256
sphere,2.000000,polar,4.5744e-05,0.000121556,0.0,0.0,32,256
sphere,2.000000,polar,0.0,0.0,9.21e-06,1.6675e-05,32,256
sphere,2.000000,polar,6.1576e-05,0.000155001,0.0,0.0,32,256
sphere,2.000000,polar,0.0,0.0,1.3005e-05,2.6754e-05,32,256
sphere,2.000000,polar,6.7432e-05,0.000200761,0.0,0.0,32,256
sphere,2.000000,polar,0.0,0.0,1.4264e-05,2.6386e-05,32,256
sphere,2.000000,polar,7.0139e-05,0.000151843,0.0,0.0,32,256
sphere,2.000000,polar,0.0,0.0,1.3303e-05,3.1778e-05,32,256
sphere,2.000000,polar,3.3091e-05,0.000177033,0.0,0.0,32,256
sphere,2.000000,polar,0.0,0.0,7.148e-06,7.762e-06,32,256
sphere,2.000000,polar,5.368e-05,0.000130964,0.0,0.0,32,256
sphere,2.000000,polar,0.0,0.0,1.1499e-05,2.3821e-05,32,256
sphere,2.000000,polar,7.5094e-05,0.000171292,0.0,0.0,32,256
sphere,2.000000,polar,0.0,0.0,1.408e-05,3.4899e-05,32,256
sphere,2.000000,polar,5.8798e-05,0.000108203,0.0,0.0,32,256
sphere,2.000000,polar,0.0,0.0,1.0011e-05,3.1442e-05,32,256
sphere,2.000000,polar,8.112e-05,0.000254314,0.0,0.0,32,256
sphere,2.000000,polar,0.0,0.0,1.8222e-05,3.0993e-05,32,256
sphere,2.000000,polar,8.6732e-05,0.000273391,0.0,0.0,32,256
sphere,2.000000,polar,0.0,0.0,2.0088e-05,3.5906e-05,32,256
sphere,2.000000,polar,5.0158e-05,0.000100751,0.0,0.0,32,256
sphere,2.000000,polar,0.0,0.0,1.1103e-05,2.4208e-05,32,256
sphere,2.000000,polar,5.6752e-05,0.00014782,0.0,0.0,32,256
sphere,2.000000,polar,0.0,0.0,1.2407e-05,2.35e-05,32,256
sphere,2.000000,polar,2.0774e-05,3.5154e-05,0.0,0.0,32,256
sphere,2.000000,polar,0.0,0.0,3.477e-06,1.1624e-05,32,256
sphere,2.000000,polar,5.2915e-05,0.000133193,0.0,0.0,32,256
sphere,2.000000,polar,0.0,0.0,1.2509e-05,2.1277e-05,32,256
sphere,2.000000,polar,6.3253e-05,0.00011126,0.0,0.0,32,256
sphere,2.000000,polar,0.0,0.0,1.257e-05,3.1522e-05,32,256
sphere,2.000000,polar,2.097e-05,6.7921e-05,0.0,0.0,32,256
sphere,2.000000,polar,0.0,0.0,3.439e-06,8.394e-06,32,256
sphere,2.000000,polar,6.8104e-05,0.000154883,0.0,0.0,32,256
sphere,2.000000,polar,0.0,0.0,1.4356e-05,3.0561e-05,32,256
sphere,2.000000,polar,4.6998e-05,9.1283e-05,0.0,0.0,32,256
sphere,2.000000,polar,0.0,0.0,8.418e-06,2.3019e-05,32,256
sphere,2.000000,polar,7.6215e-05,0.000146803,0.0,0.0,32,256
sphere,2.000000,polar,0.0,0.0,1.4992e-05,3.7129e-05,32,256
sphere,2.000000,polar,6.3083e-05,0.00014676,0.0,0.0,32,256
sphere,2.000000,polar,0.0,0.0,1.2905e-05,2.7571e-05,32,256
sphere,2.000000,polar,5.8184e-05,0.00010699,0.0,0.0,32,256
sphere,2.000000,polar,0.0,0.0,1.1175e-05,2.7194e-05,32,256
sphere,2.000000,polar,6.663e-05,0.000239375,0.0,0.0,32,256
sphere,2.000000,polar,0.0,0.0,1.357e-05,2.9419e-05,32,256
sphere,2.000000,polar,1.9953e-05,6.708e-05,0.0,0.0,32,256
sphere,2.000000,polar,0.0,0.0,4.843e-06,6.407e-06,32,256
sphere,2.000000,polar,7.9288e-05,0.000232647,0.0,0.0,32,256
sphere,2.000000,polar,0.0,0.0,1.4844e-05,4.0595e-05,32,256
sphere,2.000000,polar,7.2534e-05,0.000136869,0.0,0.0,32,256
sphere,2.000000,polar,0.0,0.0,1.5615e-05,3.2541e-05,32,256
sphere,2.000000,polar,5.9998e-05,0.000133514,0.0,0.0,32,256
sphere,2.000000,polar,0.0,0.0,1.1775e-05,2.6184e-05,32,256
sphere,2.000000,polar,6.7104e-05,0.000160341,0.0,0.0,32,256
sphere,2.000000,polar,0.0,0.0,1.5106e-05,2.7729e-05,32,256
sphere,2.000000,polar,8.1366e-05,0.000131789,0.0,0.0,32,256
sphere,2.000000,polar,0.0,0.0,1.2806e-05,3.0413e-05,32,256
sphere,2.000000,polar,4.9318e-05,0.000117474,0.0,0.0,32,256
sphere,2.000000,polar,0.0,0.0,1.0496e-05,2.0085e-05,32,256
sphere,2.000000,polar,3.6652e-05,7.4068e-05,0.0,0.0,32,256
sphere,2.000000,polar,0.0,0.0,6.991e-06,1.7519e-05,32,256
sphere,2.000000,polar,4.2694e-05,0.0001101,0.0,0.0,32,256
sphere,2.000000,polar,0.0,0.0,6.563e-06,2.207e-05,32,256
sphere,2.000000,polar,4.6257e-05,0.000121957,0.0,0.0,32,256
sphere,2.000000,polar,0.0,0.0,1.0376e-05,1.9785e-05,32,256
sphere,2.000000,polar,4.7607e-05,0.000130624,0.0,0.0,32,256
sphere,2.000000,polar,0.0,0.0,9.422e-06,1.8386e-05,32,256
sphere,2.000000,polar,6.1302e-05,0.000128416,0.0,0.0,32,256
sphere,2.000000,polar,0.0,0.0,1.3166e-05,2.6385e-05,32,256
sphere,2.000000,polar,7.5701e-05,0.000147252,0.0,0.0,32,256
sphere,2.000000,polar,0.0,0.0,1.4199e-05,3.8199e-05,32,256
sphere,2.000000,polar,9.1113e-05,0.000180746,0.0,0.0,32,256
sphere,2.000000,polar,0.0,0.0,1.6574e-05,4.6005e-05,32,256
sphere,2.000000,polar,1.8744e-05,7.5583e-05,0.0,0.0,32,256
sphere,2.000000,polar,0.0,0.0,3.723e-06,5.88e-06,32,256
sphere,2.000000,polar,3.8223e-05,0.000111879,0.0,0.0,32,256
sphere,2.000000,polar,0.0,0.0,6.481e-06,1.5086e-05,32,256
sphere,2.000000,polar,5.0163e-05,0.000138486,0.0,0.0,32,256
sphere,2.000000,polar,0.0,0.0,1.1633e-05,2.0037e-05,32,256
sphere,2.000000,polar,7.2383e-05,0.000163248,0.0,0.0,32,256
sphere,2.000000,polar,0.0,0.0,1.4771e-05,3.3359e-05,32,256
sphere,2.000000,polar,2.9349e-05,8.6198e-05,0.0,0.0,32,256
sphere,2.000000,polar,0.0,0.0,4.673e-06,1.3165e-05,32,256
sphere,2.000000,polar,6.3375e-05,0.00016216,0.0,0.0,32,256
sphere,2.000000,polar,0.0,0.0,1.2356e-05,2.9671e-05,32,256
sphere,2.000000,polar,3.1414e-05,0.000117682,0.0,0.0,32,256
sphere,2.000000,polar,0.0,0.0,6.486e-06,9.828e-06,32,256
sphere,2.000000,polar,5.7849e-05,0.000126861,0.0,0.0,32,256
sphere,2.000000,polar,0.0,0.0,1.1218e-05,2.7572e-05,32,256
sphere,2.000000,polar,3.4142e-05,8.758e-05,0.0,0.0,32,256
sphere,2.000000,polar,0.0,0.0,6.765e-06,1.4951e-05,32,256
sphere,2.000000,polar,6.5919e-05,0.000146059,0.0,0.0,32,256
sphere,2.000000,polar,0.0,0.0,1.3809e-05,2.8819e-05,32,256
sphere,2.000000,polar,5.6542e-05,0.000123307,0.0,0.0,32,256
sphere,2.000000,polar,0.0,0.0,9.99e-06,2.8059e-05,32,256
sphere,2.000000,polar,5.6152e-05,0.000105541,0.0,0.0,32,256
sphere,2.000000,polar,0.0,0.0,1.0283e-05,2.8755e-05,32,256
sphere,2.000000,polar,1.5988e-05,2.8006e-05,0.0,0.0,32,256
sphere,2.000000,polar,0.0,0.0,2.7e-06,8.431e-06,32,256
sphere,2.000000,polar,2.7263e-05,0.000126185,0.0,0.0,32,256
sphere,2.000000,polar,0.0,0.0,5.918e-06,5.438e-06,32,256
sphere,2.000000,polar,1.6711e-05,5.9994e-05,0.0,0.0,32,256
sphere,2.000000,polar,0.0,0.0,4.254e-06,4.68e-06,32,256
sphere,2.000000,polar,2.0685e-05,8.9811e-05,0.0,0.0,32,256
sphere,2.000000,polar,0.0,0.0,4.809e-06,6.096e-06,32,256
sphere,2.000000,polar,5.2776e-05,0.000131776,0.0,0.0,32,256
sphere,2.000000,polar,0.0,0.0,9.31e-06,2.4987e-05,32,256
sphere,2.000000,polar,3.2593e-05,4.5172e-05,0.0,0.0,32,256
sphere,2.000000,polar,0.0,0.0,4.738e-06,1.9629e-05,32,256
sphere,2.000000,polar,3.3231e-05,0.000127484,0.0,0.0,32,256
sphere,2.000000,polar,0.0,0.0,7.314e-06,1.047e-05,32,256
sphere,2.000000,polar,5.252e-05,0.000124802,0.0,0.0,32,256
sphere,2.000000,polar,0.0,0.0,1.1269e-05,2.2731e-05,32,256
sphere,2.000000,polar,5.4304e-05,0.000147067,0.0,0.0,32,256
sphere,2.000000,polar,0.0,0.0,1.0925e-05,2.3606e-05,32,256
sphere,2.000000,polar,2.5368e-05,0.000117722,0.0,0.0,32,256
sphere,2.000000,polar,0.0,0.0,6.059e-06,2.02e-06,32,256
sphere,2.000000,polar,4.0194e-05,0.000139424,0.0,0.0,32,256
sphere,2.000000,polar,0.0,0.0,7.917e-06,1.4384e-05,32,256
sphere,2.000000,polar,3.7449e-05,8.6988e-05,0.0,0.0,32,256
sphere,2.000000,polar,0.0,0.0,9.19e-06,1.5474e-05,32,256
sphere,2.000000,polar,5.2305e-05,0.000105476,0.0,0.0,32,256
sphere,2.000000,polar,0.0,0.0,9.79e-06,2.7007e-05,32,256
sphere,2.000000,polar,3.4271e-05,0.000109758,0.0,0.0,32,256
sphere,2.000000,polar,0.0,0.0,5.945e-06,1.2821e-05,32,256
sphere,2.000000,polar,7.3129e-05,0.000158205,0.0,0.0,32,256
sphere,2.000000,polar,0.0,0.0,1.5982e-05,3.0172e-05,32,256
sphere,2.000000,polar,3.5972e-05,8.1861e-05,0.0,0.0,32,256
sphere,2.000000,polar,0.0,0.0,6.778e-06,1.5052e-05,32,256
sphere,2.000000,polar,6.0835e-05,0.000120078,0.0,0.0,32,256
sphere,2.000000,polar,0.0,0.0,9.585e-06,2.9954e-05,32,256
sphere,2.000000,polar,4.328e-05,7.3358e-05,0.0,0.0,32,256
sphere,2.000000,polar,0.0,0.0,7.735e-06,2.3249e-05,32,256
sphere,2.000000,polar,5.4684e-05,0.000112624,0.0,0.0,32,256
sphere,2.000000,polar,0.0,0.0,1.2102e-05,2.3353e-05,32,256
sphere,2.000000,polar,7.857e-05,0.000146893,0.0,0.0,32,256
sphere,2.000000,polar,0.0,0.0,1.5752e-05,3.6935e-05,32,256
sphere,2.000000,polar,5.5698e-05,0.000139008,0.0,0.0,32,256
sphere,2.000000,polar,0.0,0.0,1.0509e-05,2.5486e-05,32,256
sphere,2.000000,polar,6.937e-05,0.000137334,0.0,0.0,32,256
sphere,2.000000,polar,0.0,0.0,1.2825e-05,3.3731e-05,32,256
sphere,2.000000,polar,5.1626e-05,0.000132392,0.0,0.0,32,256
sphere,2.000000,polar,0.0,0.0,1.0368e-05,2.3793e-05,32,256
sphere,2.000000,polar,0.000113791,0.00022359,0.0,0.0,32,256
sphere,2.000000,polar,0.0,0.0,3.9022e-05,3.6007e-05,32,256
sphere,2.000000,polar,6.0668e-05,0.000153868,0.0,0.0,32,256
sphere,2.000000,polar,0.0,0.0,1.1665e-05,2.8262e-05,32,256
sphere,2.000000,polar,5.8173e-05,0.000158547,0.0,0.0,32,256
sphere,2.000000,polar,0.0,0.0,9.835e-06,2.7482e-05,32,256
sphere,2.000000,polar,5.3008e-05,9.7525e-05,0.0,0.0,32,256
sphere,2.000000,polar,0.0,0.0,9.412e-06,2.8071e-05,32,256
sphere,2.000000,polar,5.2507e-05,0.000104665,0.0,0.0,32,256
sphere,2.000000,polar,0.0,0.0,1.0141e-05,2.7287e-05,32,256
sphere,2.000000,polar,3.3253e-05,7.4352e-05,0.0,0.0,32,256
sphere,2.000000,polar,0.0,0.0,6.745e-06,1.3798e-05,32,256
sphere,2.000000,polar,5.7175e-05,0.000121752,0.0,0.0,32,256
sphere,2.000000,polar,0.0,0.0,1.0497e-05,2.6822e-05,32,256
sphere,2.000000,polar,4.6875e-05,0.0001109,0.0,0.0,32,256
sphere,2.000000,polar,0.0,0.0,7.564e-06,2.2407e-05,32,256
sphere,2.000000,polar,3.4181e-05,0.000122895,0.0,0.0,32,256
sphere,2.000000,polar,0.0,0.0,7.266e-06,7.25e-06,32,256
sphere,2.000000,polar,4.8864e-05,0.000135332,0.0,0.0,32,256
sphere,2.000000,polar,0.0,0.0,1.2201e-05,1.6194e-05,32,256
sphere,2.000000,polar,4.2304e-05,0.000116416,0.0,0.0,32,256
sphere,2.000000,polar,0.0,0.0,7.88e-06,1.7844e-05,32,256
sphere,2.000000,polar,3.8721e-05,0.000123128,0.0,0.0,32,256
sphere,2.000000,polar,0.0,0.0,8.141e-06,1.3325e-05,32,256
sphere,2.000000,polar,8.1541e-05,0.000193528,0.0,0.0,32,256
sphere,2.000000,polar,0.0,0.0,1.6493e-05,3.685e-05,32,256
sphere,2.000000,polar,3.5253e-05,8.1322e-05,0.0,0.0,32,256
sphere,2.000000,polar,0.0,0.0,6.186e-06,1.8599e-05,32,256
sphere,2.000000,polar,5.2754e-05,0.000108941,0.0,0.0,32,256
sphere,2.000000,polar,0.0,0.0,9.882e-06,2.2155e-05,32,256
sphere,2.000000,polar,3.769e-06,3.49e-06,0.0,0.0,32,256
sphere,2.000000,polar,0.0,0.0,5.31e-07,2.489e-06,32,256
sphere,2.000000,polar,1.8354e-05,8.4082e-05,0.0,0.0,32,256
sphere,2.000000,polar,0.0,0.0,4.284e-06,2.912e-06,32,256
sphere,2.000000,polar,5.148e-06,2.342e-05,0.0,0.0,32,256
sphere,2.000000,polar,0.0,0.0,1.099e-06,1.848e-06,32,256
sphere,2.000000,polar,2.8507e-05,0.0001026,0.0,0.0,32,256
sphere,2.000000,polar,0.0,0.0,5.485e-06,9.169e-06,32,256
sphere,2.000000,polar,4.0667e-05,7.5942e-05,0.0,0.0,32,256
sphere,2.000000,polar,0.0,0.0,7.965e-06,2.0969e-05,32,256
sphere,2.000000,polar,3.9789e-05,0.00011919,0.0,0.0,32,256
sphere,2.000000,polar,0.0,0.0,9.622e-06,9.719e-06,32,256
sphere,2.000000,polar,6.9126e-05,0.000145795,0.0,0.0,32,256
sphere,2.000000,polar,0.0,0.0,1.3874e-05,2.9965e-05,32,256
sphere,2.000000,polar,4.0822e-05,0.00013986,0.0,0.0,32,256
sphere,2.000000,polar,0.0,0.0,7.908e-06,1.4581e-05,32,256
sphere,2.000000,polar,1.8008e-05,4.8079e-05,0.0,0.0,32,256
sphere,2.000000,polar,0.0,0.0,3.644e-06,7.555e-06,32,256
sphere,2.000000,polar,8.5628e-05,0.000164756,0.0,0.0,32,256
sphere,2.000000,polar,0.0,0.0,1.303e-05,3.6423e-05,32,256
sphere,2.000000,polar,4.5014e-05,0.0001306,0.0,0.0,32,256
sphere,2.000000,polar,0.0,0.0,7.291e-06,2.0056e-05,32,256
sphere,2.000000,polar,7.1014e-05,0.000145725,0.0,0.0,32,256
sphere,2.000000,polar,0.0,0.0,1.4515e-05,3.2848e-05,32,256
sphere,2.000000,polar,8.3829e-05,0.000184481,0.0,0.0,32,256
sphere,2.000000,polar,0.0,0.0,1.7401e-05,3.9952e-05,32,256
sphere,2.000000,polar,5.3322e-05,0.000150782,0.0,0.0,32,256
sphere,2.000000,polar,0.0,0.0,1.1385e-05,2.4076e-05,32,256
sphere,2.000000,polar,2.9537e-05,0.000119977,0.0,0.0,32,256
sphere,2.000000,polar,0.0,0.0,6.07e-06,8.844e-06,32,256
sphere,2.000000,polar,4.7548e-05,0.000115956,0.0,0.0,32,256
sphere,2.000000,polar,0.0,0.0,9.73e-06,2.1497e-05,32,256
sphere,2.000000,polar,4.4851e-05,8.4208e-05,0.0,0.0,32,256
sphere,2.000000,polar,0.0,0.0,8.658e-06,2.1936e-05,32,256
sphere,2.000000,polar,2.8043e-05,0.000128246,0.0,0.0,32,256
sphere,2.000000,polar,0.0,0.0,6.745e-06,5.191e-06,32,256
sphere,2.000000,polar,7.2837e-05,0.000106448,0.0,0.0,32,256
sphere,2.000000,polar,0.0,0.0,1.3437e-05,3.8023e-05,32,256
sphere,2.000000,polar,6.2234e-05,0.000136001,0.0,0.0,32,256
sphere,2.000000,polar,0.0,0.0,1.2476e-05,2.901e-05,32,256
sphere,2.000000,polar,2.467e-05,9.781e-05,0.0,0.0,32,256
sphere,2.000000,polar,0.0,0.0,5.763e-06,7.882e-06,32,256
sphere,2.000000,polar,5.2128e-05,0.000114065,0.0,0.0,32,256
sphere,2.000000,polar,0.0,0.0,1.01e-05,2.489e-05,32,256
sphere,2.000000,polar,5.4331e-05,6.4336e-05,0.0,0.0,32,256
sphere,2.000000,polar,0.0,0.0,2.7464e-05,1.4914e-05,32,256
sphere,2.000000,polar,6.662e-05,0.000161726,0.0,0.0,32,256
sphere,2.000000,polar,0.0,0.0,1.5105e-05,2.887e-05,32,256
sphere,2.000000,polar,3.6308e-05,9.6102e-05,0.0,0.0,32,256
sphere,2.000000,polar,0.0,0.0,6.451e-06,1.5519e-05,32,256
sphere,2.000000,polar,7.4551e-05,0.000159821,0.0,0.0,32,256
sphere,2.000000,polar,0.0,0.0,1.4979e-05,3.6101e-05,32,256
sphere,2.000000,polar,3.6999e-05,0.000105553,0.0,0.0,32,256
sphere,2.000000,polar,0.0,0.0,6.924e-06,1.4678e-05,32,256
sphere,2.000000,polar,4.9942e-05,0.000115181,0.0,0.0,32,256
sphere,2.000000,polar,0.0,0.0,1.0026e-05,2.3021e-05,32,256
sphere,2.000000,polar,3.8701e-05,0.000110265,0.0,0.0,32,256
sphere,2.000000,polar,0.0,0.0,6.298e-06,1.7214e-05,32,256
sphere,2.000000,polar,6.0247e-05,0.000130433,0.0,0.0,32,256
sphere,2.000000,polar,0.0,0.0,1.3627e-05,2.5882e-05,32,256
sphere,2.000000,polar,5.0679e-05,0.000239981,0.0,0.0,32,256
sphere,2.000000,polar,0.0,0.0,9.221e-06,1.9316e-05,32,256
sphere,2.000000,polar,7.6984e-05,0.000242539,0.0,0.0,32,256
sphere,2.000000,polar,0.0,0.0,1.7306e-05,3.2812e-05,32,256
sphere,2.000000,polar,8.5658e-05,0.000315012,0.0,0.0,32,256
sphere,2.000000,polar,0.0,0.0,2.7282e-05,2.7999e-05,32,256
sphere,2.000000,polar,2.2494e-05,0.000109244,0.0,0.0,32,256
sphere,2.000000,polar,0.0,0.0,6.036e-06,2.878e-06,32,256
sphere,2.000000,polar,5.8482e-05,0.000167393,0.0,0.0,32,256
sphere,2.000000,polar,0.0,0.0,1.2412e-05,2.0871e-05,32,256
sphere,2.000000,polar,5.7612e-05,0.000154629,0.0,0.0,32,256
sphere,2.000000,polar,0.0,0.0,1.2756e-05,2.1703e-05,32,256
sphere,2.000000,polar,5.0818e-05,0.00012768,0.0,0.0,32,256
sphere,2.000000,polar,0.0,0.0,1.236e-05,2.1074e-05,32,256
sphere,2.000000,polar,6.3334e-05,0.000124592,0.0,0.0,32,256
sphere,2.000000,polar,0.0,0.0,1.3141e-05,3.0788e-05,32,256
sphere,2.000000,polar,7.107e-05,0.000151081,0.0,0.0,32,256
sphere,2.000000,polar,0.0,0.0,1.3922e-05,3.6654e-05,32,256
sphere,2.000000,polar,3.9477e-05,0.000109509,0.0,0.0,32,256
sphere,2.000000,polar,0.0,0.0,6.952e-06,1.6617e-05,32,256
sphere,2.000000,polar,5.7239e-05,0.00012668,0.0,0.0,32,256
sphere,2.000000,polar,0.0,0.0,1.3605e-05,2.2664e-05,32,256
sphere,2.000000,polar,8.3338e-05,0.000134794,0.0,0.0,32,256
sphere,2.000000,polar,0.0,0.0,1.3389e-05,3.3335e-05,32,256
sphere,2.000000,polar,7.4917e-05,0.000208363,0.0,0.0,32,256
sphere,2.000000,polar,0.0,0.0,1.7332e-05,2.9851e-05,32,256
sphere,2.000000,polar,2.3724e-05,5.8526e-05,0.0,0.0,32,256
sphere,2.000000,polar,0.0,0.0,3.749e-06,9.839e-06,32,256
sphere,2.000000,polar,0.000171032,0.000121254,0.0,0.0,32,256
sphere,2.000000,polar,0.0,0.0,1.3403e-05,0.000138893,32,256
sphere,2.000000,polar,3.9221e-05,0.000130418,0.0,0.0,32,256
sphere,2.000000,polar,0.0,0.0,7.524e-06,1.3731e-05,32,256
sphere,2.000000,polar,4.0821e-05,7.9762e-05,0.0,0.0,32,256
sphere,2.000000,polar,0.0,0.0,7.462e-06,1.9944e-05,32,256
sphere,2.000000,polar,8.0875e-05,0.000189705,0.0,0.0,32,256
sphere,2.000000,polar,0.0,0.0,1.5653e-05,3.9923e-05,32,256
sphere,2.000000,polar,6.2911e-05,0.000197836,0.0,0.0,32,256
sphere,2.000000,polar,0.0,0.0,1.0814e-05,2.7557e-05,32,256
sphere,2.000000,polar,6.5805e-05,0.000153226,0.0,0.0,32,256
sphere,2.000000,polar,0.0,0.0,1.5059e-05,2.9512e-05,32,256
sphere,2.000000,polar,3.4445e-05,0.000211228,0.0,0.0,32,256
sphere,2.000000,polar,0.0,0.0,8.258e-06,6.023e-06,32,256
sphere,2.000000,polar,0.000100173,0.000194844,0.0,0.0,32,256
sphere,2.000000,polar,0.0,0.0,2.2719e-05,4.4959e-05,32,256
sphere,2.000000,polar,5.0871e-05,0.000172653,0.0,0.0,32,256
sphere,2.000000,polar,0.0,0.0,9.794e-06,2.164e-05,32,256
sphere,2.000000,polar,3.5087e-05,0.000112382,0.0,0.0,32,256
sphere,2.000000,polar,0.0,0.0,7.399e-06,1.6267e-05,32,256
sphere,2.000000,polar,7.7459e-05,0.00017645,0.0,0.0,32,256
sphere,2.000000,polar,0.0,0.0,1.9673e-05,3.1964e-05,32,256
sphere,2.000000,polar,7.1713e-05,0.00013585,0.0,0.0,32,256
sphere,2.000000,polar,0.0,0.0,1.5486e-05,3.3831e-05,32,256
sphere,2.000000,polar,5.3693e-05,0.0001018,0.0,0.0,32,256
sphere,2.000000,polar,0.0,0.0,8.721e-06,2.6779e-05,32,256
sphere,2.000000,polar,4.0905e-05,8.1008e-05,0.0,0.0,32,256
sphere,2.000000,polar,0.0,0.0,7.261e-06,1.9575e-05,32,256
sphere,2.000000,polar,6.7928e-05,0.00014919,0.0,0.0,32,256
sphere,2.000000,polar,0.0,0.0,1.3305e-05,3.2502e-05,32,256
sphere,2.000000,polar,5.7825e-05,0.000140975,0.0,0.0,32,256
sphere,2.000000,polar,0.0,0.0,1.1613e-05,2.767e-05,32,256
sphere,2.000000,polar,3.9707e-05,8.841e-05,0.0,0.0,32,256
sphere,2.000000,polar,0.0,0.0,8.773e-06,1.7385e-05,32,256
sphere,2.000000,polar,5.3368e-05,0.00012701,0.0,0.0,32,256
sphere,2.000000,polar,0.0,0.0,1.1358e-05,2.2715e-05,32,256
sphere,2.000000,polar,6.1471e-05,0.000144033,0.0,0.0,32,256
sphere,2.000000,polar,0.0,0.0,1.3446e-05,2.5347e-05,32,256
sphere,2.000000,polar,2.0565e-05,8.6299e-05,0.0,0.0,32,256
sphere,2.000000,polar,0.0,0.0,4.052e-06,5.022e-06,32,256
sphere,2.000000,polar,4.0166e-05,0.000137244,0.0,0.0,32,256
sphere,2.000000,polar,0.0,0.0,8.293e-06,9.502e-06,32,256
sphere,2.000000,polar,1.1765e-05,3.2657e-05,0.0,0.0,32,256
sphere,2.000000,polar,0.0,0.0,2.559e-06,4.354e-06,32,256
sphere,2.000000,polar,7.7053e-05,0.00024018,0.0,0.0,32,256
sphere,2.000000,polar,0.0,0.0,1.9023e-05,3.0029e-05,32,256
sphere,2.000000,polar,2.4599e-05,0.000117104,0.0,0.0,32,256
sphere,2.000000,polar,0.0,0.0,5.646e-06,4.212e-06,32,256
sphere,2.000000,polar,1.0335e-05,1.9673e-05,0.0,0.0,32,256
sphere,2.000000,polar,0.0,0.0,3.132e-06,3.425e-06,32,256
sphere,2.000000,polar,7.0109e-05,0.000162888,0.0,0.0,32,256
sphere,2.000000,polar,0.0,0.0,1.5616e-05,3.0946e-05,32,256
sphere,2.000000,polar,5.8215e-05,0.000153008,0.0,0.0,32,256
sphere,2.000000,polar,0.0,0.0,8.776e-06,2.9863e-05,32,256
sphere,2.000000,polar,5.143e-05,0.000146257,0.0,0.0,32,256
sphere,2.000000,polar,0.0,0.0,1.2533e-05,1.871e-05,32,256
sphere,2.000000,polar,9.272e-06,3.4922e-05,0.0,0.0,32,256
sphere,2.000000,polar,0.0,0.0,1.995e-06,2.849e-06,32,256
sphere,2.000000,polar,5.3956e-05,0.00015406,0.0,0.0,32,256
sphere,2.000000,polar,0.0,0.0,9.171e-06,2.3406e-05,32,256
sphere,2.000000,polar,7.2225e-05,0.000136529,0.0,0.0,32,256
sphere,2.000000,polar,0.0,0.0,1.438e-05,3.5525e-05,32,256
sphere,2.000000,polar,5.7333e-05,0.000126037,0.0,0.0,32,256
sphere,2.000000,polar,0.0,0.0,1.194e-05,2.6565e-05,32,256
sphere,2.000000,polar,5.5231e-05,0.000101359,0.0,0.0,32,256
sphere,2.000000,polar,0.0,0.0,1.1541e-05,2.5883e-05,32,256
sphere,2.000000,polar,0.000106761,0.000167096,0.0,0.0,32,256
sphere,2.000000,polar,0.0,0.0,4.2134e-05,3.8359e-05,32,256
sphere,2.000000,polar,6.3024e-05,0.000133501,0.0,0.0,32,256
sphere,2.000000,polar,0.0,0.0,1.3873e-05,2.639e-05,32,256
sphere,2.000000,polar,4.9809e-05,0.000124565,0.0,0.0,32,256
sphere,2.000000,polar,0.0,0.0,1.1114e-05,2.0877e-05,32,256
sphere,2.000000,polar,4.5549e-05,7.5906e-05,0.0,0.0,32,256
sphere,2.000000,polar,0.0,0.0,9.143e-06,2.3111e-05,32,256
sphere,2.000000,polar,4.7647e-05,0.000147664,0.0,0.0,32,256
sphere,2.000000,polar,0.0,0.0,7.639e-06,2.0303e-05,32,256
sphere,2.000000,polar,4.8025e-05,8.9492e-05,0.0,0.0,32,256
sphere,2.000000,polar,0.0,0.0,8.412e-06,2.611e-05,32,256
sphere,2.000000,polar,3.2966e-05,6.2509e-05,0.0,0.0,32,256
sphere,2.000000,polar,0.0,0.0,5.195e-06,1.7822e-05,32,256
sphere,2.000000,polar,7.4949e-05,0.00017606,0.0,0.0,32,256
sphere,2.000000,polar,0.0,0.0,1.4704e-05,3.3268e-05,32,256
sphere,2.000000,polar,6.249e-05,0.000124073,0.0,0.0,32,256
sphere,2.000000,polar,0.0,0.0,1.1759e-05,3.2728e-05,32,256
sphere,2.000000,polar,1.4709e-05,5.2471e-05,0.0,0.0,32,256
sphere,2.000000,polar,0.0,0.0,3.648e-06,4.418e-06,32,256
sphere,2.000000,polar,7.6195e-05,0.000194537,0.0,0.0,32,256
sphere,2.000000,polar,0.0,0.0,1.6317e-05,3.0737e-05,32,256
sphere,2.000000,polar,7.3055e-05,0.000571317,0.0,0.0,32,256
sphere,2.000000,polar,0.0,0.0,1.7039e-05,3.1334e-05,32,256
sphere,2.000000,polar,9.2553e-05,0.000251859,0.0,0.0,32,256
sphere,2.000000,polar,0.0,0.0,2.3219e-05,3.3493e-05,32,256
sphere,2.000000,polar,6.121e-05,0.000159165,0.0,0.0,32,256
sphere,2.000000,polar,0.0,0.0,1.6117e-05,2.3387e-05,32,256
sphere,2.000000,polar,3.717e-05,5.0549e-05,0.0,0.0,32,256
sphere,2.000000,polar,0.0,0.0,4.976e-06,2.2975e-05,32,256
sphere,2.000000,polar,8.2638e-05,0.000251026,0.0,0.0,32,256
sphere,2.000000,polar,0.0,0.0,2.0967e-05,2.9021e-05,32,256
sphere,2.000000,polar,4.6536e-05,0.000133799,0.0,0.0,32,256
sphere,2.000000,polar,0.0,0.0,9.062e-06,2.0099e-05,32,256
sphere,2.000000,polar,1.5094e-05,3.73e-05,0.0,0.0,32,256
sphere,2.000000,polar,0.0,0.0,2.472e-06,8.24e-06,32,256
sphere,2.000000,polar,5.6253e-05,0.000164277,0.0,0.0,32,256
sphere,2.000000,polar,0.0,0.0,1.1069e-05,2.1124e-05,32,256
sphere,2.000000,polar,4.4762e-05,0.000138981,0.0,0.0,32,256
sphere,2.000000,polar,0.0,0.0,8.085e-06,2.1353e-05,32,256
sphere,2.000000,polar,2.9539e-05,9.149e-05,0.0,0.0,32,256
sphere,2.000000,polar,0.0,0.0,4.933e-06,1.6404e-05,32,256
sphere,2.000000,polar,0.000177041,0.000195886,0.0,0.0,32,256
sphere,2.000000,polar,0.0,0.0,1.0473e-05,0.000143264,32,256
sphere,2.000000,polar,7.1901e-05,0.000175354,0.0,0.0,32,256
sphere,2.000000,polar,0.0,0.0,1.736e-05,2.99e-05,32,256
sphere,2.000000,polar,1.3887e-05,2.2453e-05,0.0,0.0,32,256
sphere,2.000000,polar,0.0,0.0,2.739e-06,7.567e-06,32,256
sphere,2.000000,polar,2.3437e-05,9.866e-05,0.0,0.0,32,256
sphere,2.000000,polar,0.0,0.0,5.044e-06,5.482e-06,32,256
sphere,2.000000,polar,3.3583e-05,0.000121013,0.0,0.0,32,256
sphere,2.000000,polar,0.0,0.0,9.018e-06,9.541e-06,32,256
sphere,2.000000,polar,4.2034e-05,0.00014276,0.0,0.0,32,256
sphere,2.000000,polar,0.0,0.0,1.0474e-05,1.3041e-05,32,256
sphere,2.000000,polar,8.4757e-05,0.000238548,0.0,0.0,32,256
sphere,2.000000,polar,0.0,0.0,2.0562e-05,3.4873e-05,32,256
sphere,2.000000,polar,5.5686e-05,0.000159876,0.0,0.0,32,256
sphere,2.000000,polar,0.0,0.0,1.0201e-05,2.2822e-05,32,256
sphere,2.000000,polar,7.2996e-05,0.0002195,0.0,0.0,32,256
sphere,2.000000,polar,0.0,0.0,1.83e-05,2.7631e-05,32,256
sphere,2.000000,polar,4.5149e-05,0.000144514,0.0,0.0,32,256
sphere,2.000000,polar,0.0,0.0,8.973e-06,1.9124e-05,32,256
sphere,2.000000,polar,2.6771e-05,0.000114886,0.0,0.0,32,256
sphere,2.000000,polar,0.0,0.0,6.931e-06,4.076e-06,32,256
sphere,2.000000,polar,7.4957e-05,0.000164964,0.0,0.0,32,256
sphere,2.000000,polar,0.0,0.0,1.7448e-05,3.322e-05,32,256
sphere,2.000000,polar,4.1687e-05,0.00011044,0.0,0.0,32,256
sphere,2.000000,polar,0.0,0.0,1.0182e-05,1.5516e-05,32,256
cube,2.000000,polar,2.6859e-05,4.273e-05,0.0,0.0,32,256
cube,2.000000,polar,0.0,0.0,3.776e-06,1.671e-05,32,256
cube,2.000000,polar,3.4673e-05,0.000177288,0.0,0.0,32,256
cube,2.000000,polar,0.0,0.0,7.077e-06,8.331e-06,32,256
cube,2.000000,polar,3.4572e-05,0.000104689,0.0,0.0,32,256
cube,2.000000,polar,0.0,0.0,7.581e-06,1.1246e-05,32,256
cube,2.000000,polar,1.8044e-05,0.000131209,0.0,0.0,32,256
cube,2.000000,polar,0.0,0.0,4.159e-06,2.7e-08,32,256
cube,2.000000,polar,2.8196e-05,0.000174012,0.0,0.0,32,256
cube,2.000000,polar,0.0,0.0,5.916e-06,1.073e-06,32,256
cube,2.000000,polar,2.4981e-05,0.000178447,0.0,0.0,32,256
cube,2.000000,polar,0.0,0.0,6.952e-06,1.552e-06,32,256
cube,2.000000,polar,3.1177e-05,0.000229125,0.0,0.0,32,256
cube,2.000000,polar,0.0,0.0,7.445e-06,4.399e-06,32,256
cube,2.000000,polar,3.5655e-05,0.000295908,0.0,0.0,32,256
cube,2.000000,polar,0.0,0.0,8.8e-06,4.869e-06,32,256
cube,2.000000,polar,2.6145e-05,0.000193303,0.0,0.0,32,256
cube,2.000000,polar,0.0,0.0,6.259e-06,9.9e-08,32,256
cube,2.000000,polar,2.6415e-05,0.000182419,0.0,0.0,32,256
cube,2.000000,polar,0.0,0.0,5.521e-06,0,32,256
cube,2.000000,polar,3.1484e-05,0.000216822,0.0,0.0,32,256
cube,2.000000,polar,0.0,0.0,7.802e-06,2.237e-06,32,256
cube,2.000000,polar,2.7589e-05,0.000149107,0.0,0.0,32,256
cube,2.000000,polar,0.0,0.0,6.211e-06,2.353e-06,32,256
cube,2.000000,polar,1.744e-05,0.000106662,0.0,0.0,32,256
cube,2.000000,polar,0.0,0.0,3.896e-06,3.6e-08,32,256
cube,2.000000,polar,2.8732e-05,0.000163891,0.0,0.0,32,256
cube,2.000000,polar,0.0,0.0,6.083e-06,5.59e-06,32,256
cube,2.000000,polar,4.1109e-05,0.000226371,0.0,0.0,32,256
cube,2.000000,polar,0.0,0.0,1.0142e-05,7.622e-06,32,256
cube,2.000000,polar,3.102e-05,0.000153113,0.0,0.0,32,256
cube,2.000000,polar,0.0,0.0,8.369e-06,3.93e-06,32,256
cube,2.000000,polar,6.1174e-05,0.000251305,0.0,0.0,32,256
cube,2.000000,polar,0.0,0.0,9.522e-06,2.904e-06,32,256
cube,2.000000,polar,3.229e-05,0.000219379,0.0,0.0,32,256
cube,2.000000,polar,0.0,0.0,7.085e-06,3.328e-06,32,256
cube,2.000000,polar,3.2388e-05,0.000205867,0.0,0.0,32,256
cube,2.000000,polar,0.0,0.0,8.906e-06,3.182e-06,32,256
cube,2.000000,polar,4.8777e-05,0.000295881,0.0,0.0,32,256
cube,2.000000,polar,0.0,0.0,1.3519e-05,6.033e-06,32,256
cube,2.000000,polar,2.2003e-05,0.000136949,0.0,0.0,32,256
cube,2.000000,polar,0.0,0.0,4.416e-06,0,32,256
cube,2.000000,polar,2.6241e-05,0.000178432,0.0,0.0,32,256
cube,2.000000,polar,0.0,0.0,6.427e-06,1.226e-06,32,256
cube,2.000000,polar,2.9521e-05,6.0994e-05,0.0,0.0,32,256
cube,2.000000,polar,0.0,0.0,6.246e-06,1.259e-05,32,256
cube,2.000000,polar,3.2648e-05,0.000213997,0.0,0.0,32,256
cube,2.000000,polar,0.0,0.0,7.521e-06,2.633e-06,32,256
cube,2.000000,polar,4.0523e-05,0.00018384,0.0,0.0,32,256
cube,2.000000,polar,0.0,0.0,9.434e-06,9.007e-06,32,256
cube,2.000000,polar,8.477e-06,2.3661e-05,0.0,0.0,32,256
cube,2.000000,polar,0.0,0.0,2.102e-06,3.507e-06,32,256
cube,2.000000,polar,2.0272e-05,0.000115533,0.0,0.0,32,256
cube,2.000000,polar,0.0,0.0,4.268e-06,3.318e-06,32,256
cube,2.000000,polar,1.1885e-05,2.4812e-05,0.0,0.0,32,256
cube,2.000000,polar,0.0,0.0,3.028e-06,5.212e-06,32,256
cube,2.000000,polar,3.2868e-05,0.000162964,0.0,0.0,32,256
cube,2.000000,polar,0.0,0.0,7.91e-06,5.095e-06,32,256
cube,2.000000,polar,3.5313e-05,0.000220092,0.0,0.0,32,256
cube,2.000000,polar,0.0,0.0,8.865e-06,5.871e-06,32,256
cube,2.000000,polar,1.7998e-05,0.00011021,0.0,0.0,32,256
cube,2.000000,polar,0.0,0.0,4.461e-06,8.1e-08,32,256
cube,2.000000,polar,3.6394e-05,0.000191541,0.0,0.0,32,256
cube,2.000000,polar,0.0,0.0,9.73e-06,3.915e-06,32,256
cube,2.000000,polar,3.915e-05,0.000318358,0.0,0.0,32,256
cube,2.000000,polar,0.0,0.0,1.0413e-05,1.667e-06,32,256
cube,2.000000,polar,3.146e-05,0.000211005,0.0,0.0,32,256
cube,2.000000,polar,0.0,0.0,7.987e-06,3.66e-06,32,256
cube,2.000000,polar,1.8188e-05,0.000124625,0.0,0.0,32,256
cube,2.000000,polar,0.0,0.0,4.646e-06,1.325e-06,32,256
cube,2.000000,polar,2.5978e-05,0.000185367,0.0,0.0,32,256
cube,2.000000,polar,0.0,0.0,5.599e-06,2.273e-06,32,256
cube,2.000000,polar,2.1801e-05,0.000138455,0.0,0.0,32,256
cube,2.000000,polar,0.0,0.0,5.036e-06,8.1e-08,32,256
cube,2.000000,polar,2.7802e-05,0.000160691,0.0,0.0,32,256
cube,2.000000,polar,0.0,0.0,6.293e-06,1.758e-06,32,256
cube,2.000000,polar,1.8346e-05,9.8065e-05,0.0,0.0,32,256
cube,2.000000,polar,0.0,0.0,3.777e-06,0,32,256
cube,2.000000,polar,1.5776e-05,0.000109935,0.0,0.0,32,256
cube,2.000000,polar,0.0,0.0,3.434e-06,1.38e-06,32,256
cube,2.000000,polar,2.6559e-05,0.000193242,0.0,0.0,32,256
cube,2.000000,polar,0.0,0.0,6.385e-06,3.057e-06,32,256
cube,2.000000,polar,2.6813e-05,0.000105926,0.0,0.0,32,256
cube,2.000000,polar,0.0,0.0,6.159e-06,9.385e-06,32,256
cube,2.000000,polar,3.3081e-05,0.000153392,0.0,0.0,32,256
cube,2.000000,polar,0.0,0.0,8.875e-06,4.897e-06,32,256
cube,2.000000,polar,3.2246e-05,0.000186852,0.0,0.0,32,256
cube,2.000000,polar,0.0,0.0,7.828e-06,4.697e-06,32,256
cube,2.000000,polar,1.0343e-05,4.4129e-05,0.0,0.0,32,256
cube,2.000000,polar,0.0,0.0,2.239e-06,1.515e-06,32,256
cube,2.000000,polar,2.0444e-05,0.000138478,0.0,0.0,32,256
cube,2.000000,polar,0.0,0.0,4.711e-06,7.2e-08,32,256
cube,2.000000,polar,3.0453e-05,0.000115801,0.0,0.0,32,256
cube,2.000000,polar,0.0,0.0,5.519e-06,9.952e-06,32,256
cube,2.000000,polar,2.1778e-05,0.000154269,0.0,0.0,32,256
cube,2.000000,polar,0.0,0.0,4.5e-06,0,32,256
cube,2.000000,polar,3.1705e-05,0.000234479,0.0,0.0,32,256
cube,2.000000,polar,0.0,0.0,6.592e-06,0,32,256
cube,2.000000,polar,2.3695e-05,0.000148656,0.0,0.0,32,256
cube,2.000000,polar,0.0,0.0,4.805e-06,0,32,256
cube,2.000000,polar,2.7056e-05,0.000127862,0.0,0.0,32,256
cube,2.000000,polar,0.0,0.0,8.507e-06,3.733e-06,32,256
cube,2.000000,polar,2.4654e-05,8.9087e-05,0.0,0.0,32,256
cube,2.000000,polar,0.0,0.0,5.782e-06,4.822e-06,32,256
cube,2.000000,polar,3.0051e-05,0.000117688,0.0,0.0,32,256
cube,2.000000,polar,0.0,0.0,5.718e-06,8.311e-06,32,256
cube,2.000000,polar,3.801e-05,0.000178667,0.0,0.0,32,256
cube,2.000000,polar,0.0,0.0,9.835e-06,1.1689e-05,32,256
cube,2.000000,polar,3.7723e-05,0.000311597,0.0,0.0,32,256
cube,2.000000,polar,0.0,0.0,8.906e-06,3.751e-06,32,256
cube,2.000000,polar,3.5198e-05,0.000135134,0.0,0.0,32,256
cube,2.000000,polar,0.0,0.0,6.643e-06,1.0682e-05,32,256
cube,2.000000,polar,4.1396e-05,0.000277821,0.0,0.0,32,256
cube,2.000000,polar,0.0,0.0,9.665e-06,3.21e-06,32,256
cube,2.000000,polar,2.2266e-05,0.000183538,0.0,0.0,32,256
cube,2.000000,polar,0.0,0.0,4.561e-06,0,32,256
cube,2.000000,polar,4.2055e-05,0.000155572,0.0,0.0,32,256
cube,2.000000,polar,0.0,0.0,7.943e-06,1.4045e-05,32,256
cube,2.000000,polar,4.0377e-05,0.000196986,0.0,0.0,32,256
cube,2.000000,polar,0.0,0.0,8.969e-06,7.061e-06,32,256
cube,2.000000,polar,2.8494e-05,0.0001572,0.0,0.0,32,256
cube,2.000000,polar,0.0,0.0,6.248e-06,3.724e-06,32,256
cube,2.000000,polar,5.3755e-05,0.000120545,0.0,0.0,32,256
cube,2.000000,polar,0.0,0.0,8.593e-06,2.3729e-05,32,256
cube,2.000000,polar,3.6577e-05,0.000138269,0.0,0.0,32,256
cube,2.000000,polar,0.0,0.0,7.386e-06,1.0224e-05,32,256
cube,2.000000,polar,7.1704e-05,0.000159895,0.0,0.0,32,256
cube,2.000000,polar,0.0,0.0,1.1051e-05,3.5596e-05,32,256
cube,2.000000,polar,2.3647e-05,0.000129645,0.0,0.0,32,256
cube,2.000000,polar,0.0,0.0,5.268e-06,2.127e-06,32,256
cube,2.000000,polar,3.3712e-05,0.000158955,0.0,0.0,32,256
cube,2.000000,polar,0.0,0.0,7.478e-06,7.383e-06,32,256
cube,2.000000,polar,2.8226e-05,5.2308e-05,0.0,0.0,32,256
cube,2.000000,polar,0.0,0.0,5.117e-06,1.3724e-05,32,256
cube,2.000000,polar,2.6168e-05,0.000114813,0.0,0.0,32,256
cube,2.000000,polar,0.0,0.0,5.02e-06,6.566e-06,32,256
cube,2.000000,polar,3.2002e-05,0.00011353,0.0,0.0,32,256
cube,2.000000,polar,0.0,0.0,5.091e-06,1.2812e-05,32,256
cube,2.000000,polar,2.9325e-05,0.000164645,0.0,0.0,32,256
cube,2.000000,polar,0.0,0.0,6.1e-06,3.887e-06,32,256
cube,2.000000,polar,3.7817e-05,0.000150425,0.0,0.0,32,256
cube,2.000000,polar,0.0,0.0,7.454e-06,8.812e-06,32,256
cube,2.000000,polar,5.7954e-05,0.000103814,0.0,0.0,32,256
cube,2.000000,polar,0.0,0.0,9.186e-06,3.2404e-05,32,256
cube,2.000000,polar,2.7664e-05,0.000156422,0.0,0.0,32,256
cube,2.000000,polar,0.0,0.0,6.224e-06,9.9e-08,32,256
cube,2.000000,polar,2.6726e-05,0.000194048,0.0,0.0,32,256
cube,2.000000,polar,0.0,0.0,5.584e-06,0,32,256
cube,2.000000,polar,3.2058e-05,0.000183204,0.0,0.0,32,256
cube,2.000000,polar,0.0,0.0,8.007e-06,2.407e-06,32,256
cube,2.000000,polar,3.031e-05,0.00017465,0.0,0.0,32,256
cube,2.000000,polar,0.0,0.0,5.88e-06,8.07e-06,32,256
cube,2.000000,polar,2.644e-05,0.000152082,0.0,0.0,32,256
cube,2.000000,polar,0.0,0.0,5.685e-06,2.579e-06,32,256
cube,2.000000,polar,2.4281e-05,0.00017891,0.0,0.0,32,256
cube,2.000000,polar,0.0,0.0,5.043e-06,9.1e-07,32,256
cube,2.000000,polar,3.5599e-05,0.000251278,0.0,0.0,32,256
cube,2.000000,polar,0.0,0.0,1.0078e-05,5.24e-07,32,256
cube,2.000000,polar,5.1048e-05,0.000199318,0.0,0.0,32,256
cube,2.000000,polar,0.0,0.0,2.7731e-05,1.641e-06,32,256
cube,2.000000,polar,2.3775e-05,0.000144098,0.0,0.0,32,256
cube,2.000000,polar,0.0,0.0,5.583e-06,1.415e-06,32,256
cube,2.000000,polar,2.3925e-05,0.000123795,0.0,0.0,32,256
cube,2.000000,polar,0.0,0.0,5.374e-06,3.552e-06,32,256
cube,2.000000,polar,4.0555e-05,0.000332549,0.0,0.0,32,256
cube,2.000000,polar,0.0,0.0,8.26e-06,7.72e-06,32,256
cube,2.000000,polar,9.2774e-05,0.000225957,0.0,0.0,32,256
cube,2.000000,polar,0.0,0.0,6.889e-06,3.004e-06,32,256
cube,2.000000,polar,2.6526e-05,0.000194827,0.0,0.0,32,256
cube,2.000000,polar,0.0,0.0,6.71e-06,1.27e-07,32,256
cube,2.000000,polar,2.999e-05,0.000165832,0.0,0.0,32,256
cube,2.000000,polar,0.0,0.0,6.383e-06,4.842e-06,32,256
cube,2.000000,polar,3.1895e-05,0.000246447,0.0,0.0,32,256
cube,2.000000,polar,0.0,0.0,6.967e-06,0,32,256
cube,2.000000,polar,2.1714e-05,4.379e-05,0.0,0.0,32,256
cube,2.000000,polar,0.0,0.0,5.113e-06,1.0093e-05,32,256
cube,2.000000,polar,1.4987e-05,8.3335e-05,0.0,0.0,32,256
cube,2.000000,polar,0.0,0.0,3.439e-06,1.334e-06,32,256
cube,2.000000,polar,2.3049e-05,0.000101106,0.0,0.0,32,256
cube,2.000000,polar,0.0,0.0,5.168e-06,2.614e-06,32,256
cube,2.000000,polar,3.5084e-05,0.000150726,0.0,0.0,32,256
cube,2.000000,polar,0.0,0.0,7.471e-06,7.702e-06,32,256
cube,2.000000,polar,4.7821e-05,0.000237353,0.0,0.0,32,256
cube,2.000000,polar,0.0,0.0,1.0878e-05,8.665e-06,32,256
cube,2.000000,polar,3.7718e-05,0.00033602,0.0,0.0,32,256
cube,2.000000,polar,0.0,0.0,8.339e-06,0,32,256
cube,2.000000,polar,2.3164e-05,0.000163883,0.0,0.0,32,256
cube,2.000000,polar,0.0,0.0,5.832e-06,1.587e-06,32,256
cube,2.000000,polar,2.6392e-05,0.000168551,0.0,0.0,32,256
cube,2.000000,polar,0.0,0.0,6.321e-06,4.426e-06,32,256
cube,2.000000,polar,2.0429e-05,0.000107574,0.0,0.0,32,256
cube,2.000000,polar,0.0,0.0,5.339e-06,2.543e-06,32,256
cube,2.000000,polar,4.0634e-05,0.00022776,0.0,0.0,32,256
cube,2.000000,polar,0.0,0.0,9.908e-06,3.347e-06,32,256
cube,2.000000,polar,2.8118e-05,0.000133976,0.0,0.0,32,256
cube,2.000000,polar,0.0,0.0,6.195e-06,5.979e-06,32,256
cube,2.000000,polar,2.286e-05,0.000138314,0.0,0.0,32,256
cube,2.000000,polar,0.0,0.0,5.175e-06,1.163e-06,32,256
cube,2.000000,polar,3.049e-05,0.000128697,0.0,0.0,32,256
cube,2.000000,polar,0.0,0.0,7.256e-06,2.073e-06,32,256
cube,2.000000,polar,3.3194e-05,0.000120842,0.0,0.0,32,256
cube,2.000000,polar,0.0,0.0,6.833e-06,1.1399e-05,32,256
cube,2.000000,polar,0.000119553,0.000233419,0.0,0.0,32,256
cube,2.000000,polar,0.0,0.0,9.387e-06,4.417e-06,32,256
cube,2.000000,polar,5.4463e-05,0.000186074,0.0,0.0,32,256
cube,2.000000,polar,0.0,0.0,1.0626e-05,1.8784e-05,32,256
cube,2.000000,polar,3.0859e-05,0.000212179,0.0,0.0,32,256
cube,2.000000,polar,0.0,0.0,6.454e-06,4.147e-06,32,256
cube,2.000000,polar,1.7462e-05,7.7954e-05,0.0,0.0,32,256
cube,2.000000,polar,0.0,0.0,4.739e-06,1.964e-06,32,256
cube,2.000000,polar,9.845e-06,4.1356e-05,0.0,0.0,32,256
cube,2.000000,polar,0.0,0.0,2.354e-06,2.669e-06,32,256
cube,2.000000,polar,2.8254e-05,0.000150908,0.0,0.0,32,256
cube,2.000000,polar,0.0,0.0,6.213e-06,1.325e-06,32,256
cube,2.000000,polar,1.1637e-05,6.211e-05,0.0,0.0,32,256
cube,2.000000,polar,0.0,0.0,2.668e-06,2.217e-06,32,256
cube,2.000000,polar,2.4055e-05,0.00015658,0.0,0.0,32,256
cube,2.000000,polar,0.0,0.0,5.04e-06,3.057e-06,32,256
cube,2.000000,polar,2.1207e-05,0.000160522,0.0,0.0,32,256
cube,2.000000,polar,0.0,0.0,4.401e-06,0,32,256
cube,2.000000,polar,3.1142e-05,0.000214069,0.0,0.0,32,256
cube,2.000000,polar,0.0,0.0,7.382e-06,3.671e-06,32,256
cube,2.000000,polar,2.5163e-05,0.000127362,0.0,0.0,32,256
cube,2.000000,polar,0.0,0.0,5.454e-06,5.319e-06,32,256
cube,2.000000,polar,2.7584e-05,0.000163657,0.0,0.0,32,256
cube,2.000000,polar,0.0,0.0,6.169e-06,3.788e-06,32,256
cube,2.000000,polar,3.4322e-05,0.000217306,0.0,0.0,32,256
cube,2.000000,polar,0.0,0.0,7.956e-06,3.516e-06,32,256
cube,2.000000,polar,2.5603e-05,0.000136662,0.0,0.0,32,256
cube,2.000000,polar,0.0,0.0,5.765e-06,2.363e-06,32,256
cube,2.000000,polar,2.444e-05,0.000133243,0.0,0.0,32,256
cube,2.000000,polar,0.0,0.0,5.165e-06,2.407e-06,32,256
cube,2.000000,polar,2.7088e-05,0.000156991,0.0,0.0,32,256
cube,2.000000,polar,0.0,0.0,6.983e-06,2.382e-06,32,256
cube,2.000000,polar,3.2251e-05,0.000119097,0.0,0.0,32,256
cube,2.000000,polar,0.0,0.0,7.086e-06,7.782e-06,32,256
cube,2.000000,polar,3.7324e-05,0.00018346,0.0,0.0,32,256
cube,2.000000,polar,0.0,0.0,8.655e-06,3.526e-06,32,256
cube,2.000000,polar,2.7755e-05,0.000152448,0.0,0.0,32,256
cube,2.000000,polar,0.0,0.0,5.83e-06,2.551e-06,32,256
cube,2.000000,polar,1.3586e-05,6.1233e-05,0.0,0.0,32,256
cube,2.000000,polar,0.0,0.0,3.02e-06,1.397e-06,32,256
cube,2.000000,polar,2.6369e-05,0.000124046,0.0,0.0,32,256
cube,2.000000,polar,0.0,0.0,5.497e-06,3.878e-06,32,256
cube,2.000000,polar,1.6103e-05,8.9684e-05,0.0,0.0,32,256
cube,2.000000,polar,0.0,0.0,3.448e-06,1.399e-06,32,256
cube,2.000000,polar,3.4418e-05,0.000183132,0.0,0.0,32,256
cube,2.000000,polar,0.0,0.0,7.589e-06,4.591e-06,32,256
cube,2.000000,polar,2.5778e-05,0.00020541,0.0,0.0,32,256
cube,2.000000,polar,0.0,0.0,5.611e-06,0,32,256
cube,2.000000,polar,3.0003e-05,0.000150257,0.0,0.0,32,256
cube,2.000000,polar,0.0,0.0,7.058e-06,4.769e-06,32,256
cube,2.000000,polar,2.8071e-05,0.000157533,0.0,0.0,32,256
cube,2.000000,polar,0.0,0.0,6.044e-06,3.139e-06,32,256
cube,2.000000,polar,1.7357e-05,9.3139e-05,0.0,0.0,32,256
cube,2.000000,polar,0.0,0.0,4.263e-06,1.236e-06,32,256
cube,2.000000,polar,9.476e-06,5.5418e-05,0.0,0.0,32,256
cube,2.000000,polar,0.0,0.0,2.389e-06,1.361e-06,32,256
cube,2.000000,polar,2.3664e-05,0.000136003,0.0,0.0,32,256
cube,2.000000,polar,0.0,0.0,5.112e-06,0,32,256
cube,2.000000,polar,4.3967e-05,0.000152039,0.0,0.0,32,256
cube,2.000000,polar,0.0,0.0,7.366e-06,2.849e-06,32,256
cube,2.000000,polar,1.4155e-05,7.3987e-05,0.0,0.0,32,256
cube,2.000000,polar,0.0,0.0,3.059e-06,2.542e-06,32,256
cube,2.000000,polar,2.3889e-05,0.000142539,0.0,0.0,32,256
cube,2.000000,polar,0.0,0.0,5.538e-06,1.181e-06,32,256
cube,2.000000,polar,3.7307e-05,0.000109299,0.0,0.0,32,256
cube,2.000000,polar,0.0,0.0,8.914e-06,8.365e-06,32,256
cube,2.000000,polar,3.7959e-05,0.000150905,0.0,0.0,32,256
cube,2.000000,polar,0.0,0.0,8.264e-06,6.32e-06,32,256
cube,2.000000,polar,4.6748e-05,0.000457804,0.0,0.0,32,256
cube,2.000000,polar,0.0,0.0,1.2718e-05,3.978e-06,32,256
cube,2.000000,polar,2.0981e-05,0.00015984,0.0,0.0,32,256
cube,2.000000,polar,0.0,0.0,5.049e-06,1.037e-06,32,256
cube,2.000000,polar,3.07e-05,0.000181657,0.0,0.0,32,256
cube,2.000000,polar,0.0,0.0,7.416e-06,2.714e-06,32,256
cube,2.000000,polar,3.0962e-05,0.000133418,0.0,0.0,32,256
cube,2.000000,polar,0.0,0.0,6.986e-06,4.302e-06,32,256
cube,2.000000,polar,2.9914e-05,0.000163654,0.0,0.0,32,256
cube,2.000000,polar,0.0,0.0,7.257e-06,4.418e-06,32,256
cube,2.000000,polar,2.8672e-05,0.000151744,0.0,0.0,32,256
cube,2.000000,polar,0.0,0.0,5.851e-06,3.4e-06,32,256
cube,2.000000,polar,3.5206e-05,7.7795e-05,0.0,0.0,32,256
cube,2.000000,polar,0.0,0.0,5.408e-06,1.8783e-05,32,256
cube,2.000000,polar,2.4707e-05,0.000147559,0.0,0.0,32,256
cube,2.000000,polar,0.0,0.0,4.785e-06,2.651e-06,32,256
cube,2.000000,polar,1.1361e-05,5.9183e-05,0.0,0.0,32,256
cube,2.000000,polar,0.0,0.0,2.739e-06,1.334e-06,32,256
cube,2.000000,polar,2.321e-05,0.000137223,0.0,0.0,32,256
cube,2.000000,polar,0.0,0.0,5.433e-06,1.271e-06,32,256
cube,2.000000,polar,2.5354e-05,0.00015557,0.0,0.0,32,256
cube,2.000000,polar,0.0,0.0,6.464e-06,1.35e-07,32,256
cube,2.000000,polar,3.6786e-05,0.000280421,0.0,0.0,32,256
cube,2.000000,polar,0.0,0.0,9.483e-06,1.687e-06,32,256
cube,2.000000,polar,2.9313e-05,0.000205032,0.0,0.0,32,256
cube,2.000000,polar,0.0,0.0,6.769e-06,4.074e-06,32,256
cube,2.000000,polar,2.1439e-05,0.00012819,0.0,0.0,32,256
cube,2.000000,polar,0.0,0.0,5.31e-06,6.16e-07,32,256
cube,2.000000,polar,2.4882e-05,0.000108527,0.0,0.0,32,256
cube,2.000000,polar,0.0,0.0,4.12e-06,7.782e-06,32,256
cube,2.000000,polar,2.6116e-05,0.000149023,0.0,0.0,32,256
cube,2.000000,polar,0.0,0.0,5.472e-06,1.478e-06,32,256
cube,2.000000,polar,1.309e-05,9.6616e-05,0.0,0.0,32,256
cube,2.000000,polar,0.0,0.0,2.649e-06,0,32,256
cube,2.000000,polar,4.6925e-05,0.000161888,0.0,0.0,32,256
cube,2.000000,polar,0.0,0.0,8.17e-06,1.8301e-05,32,256
cube,2.000000,polar,2.4155e-05,0.000169791,0.0,0.0,32,256
cube,2.000000,polar,0.0,0.0,5.01e-06,1.595e-06,32,256
cube,2.000000,polar,6.9141e-05,9.9274e-05,0.0,0.0,32,256
cube,2.000000,polar,0.0,0.0,5.049e-06,5.057e-06,32,256
cube,2.000000,polar,9.661e-06,4.5017e-05,0.0,0.0,32,256
cube,2.000000,polar,0.0,0.0,2.937e-06,4.15e-07,32,256
cube,2.000000,polar,8.3277e-05,0.000121077,0.0,0.0,32,256
cube,2.000000,polar,0.0,0.0,5.924e-06,1.9505e-05,32,256
cube,2.000000,polar,3.9941e-05,0.000230902,0.0,0.0,32,256
cube,2.000000,polar,0.0,0.0,9.395e-06,4.256e-06,32,256
cube,2.000000,polar,2.5965e-05,8.3759e-05,0.0,0.0,32,256
cube,2.000000,polar,0.0,0.0,4.537e-06,9.357e-06,32,256
cube,2.000000,polar,3.6794e-05,0.000135219,0.0,0.0,32,256
cube,2.000000,polar,0.0,0.0,7.843e-06,9.108e-06,32,256
cube,2.000000,polar,3.0859e-05,0.000130442,0.0,0.0,32,256
cube,2.000000,polar,0.0,0.0,6.077e-06,7.341e-06,32,256
cube,2.000000,polar,2.5231e-05,0.000150476,0.0,0.0,32,256
cube,2.000000,polar,0.0,0.0,6.068e-06,1.35e-07,32,256
cube,2.000000,polar,2.9703e-05,0.000135719,0.0,0.0,32,256
cube,2.000000,polar,0.0,0.0,7.03e-06,6.366e-06,32,256
cube,2.000000,polar,3.9679e-05,0.000184932,0.0,0.0,32,256
cube,2.000000,polar,0.0,0.0,8.386e-06,6.999e-06,32,256
cube,2.000000,polar,3.2685e-05,0.000123349,0.0,0.0,32,256
cube,2.000000,polar,0.0,0.0,6.173e-06,1.2471e-05,32,256
cube,2.000000,polar,2.6751e-05,0.00013355,0.0,0.0,32,256
cube,2.000000,polar,0.0,0.0,5.868e-06,2.995e-06,32,256
cube,2.000000,polar,2.7497e-05,0.000130333,0.0,0.0,32,256
cube,2.000000,polar,0.0,0.0,6.518e-06,2.949e-06,32,256
cube,2.000000,polar,2.0899e-05,2.4292e-05,0.0,0.0,32,256
cube,2.000000,polar,0.0,0.0,3.767e-06,1.2335e-05,32,256
cube,2.000000,polar,2.9274e-05,0.000204458,0.0,0.0,32,256
cube,2.000000,polar,0.0,0.0,6.458e-06,2.345e-06,32,256
cube,2.000000,polar,3.4653e-05,0.000163314,0.0,0.0,32,256
cube,2.000000,polar,0.0,0.0,4.992e-06,1.343e-06,32,256
cube,2.000000,polar,2.9096e-05,7.6211e-05,0.0,0.0,32,256
cube,2.000000,polar,0.0,0.0,4.424e-06,1.3759e-05,32,256
cube,2.000000,polar,2.2742e-05,0.000145923,0.0,0.0,32,256
cube,2.000000,polar,0.0,0.0,5.509e-06,1.26e-07,32,256
cube,2.000000,polar,2.2421e-05,0.000145957,0.0,0.0,32,256
cube,2.000000,polar,0.0,0.0,4.995e-06,3.6e-08,32,256
cube,2.000000,polar,3.6946e-05,0.00021341,0.0,0.0,32,256
cube,2.000000,polar,0.0,0.0,7.904e-06,1.606e-06,32,256
cube,2.000000,polar,2.2275e-05,0.000161031,0.0,0.0,32,256
cube,2.000000,polar,0.0,0.0,5.098e-06,3.6e-08,32,256
cube,2.000000,polar,2.6542e-05,0.000102082,0.0,0.0,32,256
cube,2.000000,polar,0.0,0.0,5.859e-06,6.104e-06,32,256
cube,2.000000,polar,2.8633e-05,0.000140411,0.0,0.0,32,256
cube,2.000000,polar,0.0,0.0,6.891e-06,2.551e-06,32,256
cube,2.000000,polar,3.0476e-05,0.000155754,0.0,0.0,32,256
cube,2.000000,polar,0.0,0.0,6.706e-06,2.651e-06,32,256
cube,2.000000,polar,2.8394e-05,0.000125352,0.0,0.0,32,256
cube,2.000000,polar,0.0,0.0,6.434e-06,4.165e-06,32,256
cube,2.000000,polar,2.6484e-05,0.0001086,0.0,0.0,32,256
cube,2.000000,polar,0.0,0.0,6.633e-06,7.214e-06,32,256
cube,2.000000,polar,2.6133e-05,0.000264719,0.0,0.0,32,256
cube,2.000000,polar,0.0,0.0,5.133e-06,0,32,256
cube,2.000000,polar,2.2894e-05,9.7771e-05,0.0,0.0,32,256
cube,2.000000,polar,0.0,0.0,5.824e-06,3.787e-06,32,256
cube,2.000000,polar,3.5694e-05,0.000168073,0.0,0.0,32,256
cube,2.000000,polar,0.0,0.0,7.369e-06,9.767e-06,32,256
cube,2.000000,polar,3.4143e-05,0.000137355,0.0,0.0,32,256
cube,2.000000,polar,0.0,0.0,8.285e-06,3.425e-06,32,256
cube,2.000000,polar,2.7934e-05,0.000130469,0.0,0.0,32,256
cube,2.000000,polar,0.0,0.0,6.429e-06,2.686e-06,32,256
cube,2.000000,polar,2.8593e-05,0.000175733,0.0,0.0,32,256
cube,2.000000,polar,0.0,0.0,6.508e-06,5.59e-07,32,256
cube,2.000000,polar,4.3383e-05,0.000213235,0.0,0.0,32,256
cube,2.000000,polar,0.0,0.0,1.1562e-05,4.626e-06,32,256
cube,2.000000,polar,3.214e-05,0.000145888,0.0,0.0,32,256
cube,2.000000,polar,0.0,0.0,8.41e-06,4.96e-06,32,256
cube,2.000000,polar,5.4962e-05,0.000217584,0.0,0.0,32,256
cube,2.000000,polar,0.0,0.0,9.462e-06,1.469e-05,32,256
cube,2.000000,polar,0.000114413,6.4235e-05,0.0,0.0,32,256
cube,2.000000,polar,0.0,0.0,5.029e-06,0.000101071,32,256
cube,2.000000,polar,4.6049e-05,0.000278865,0.0,0.0,32,256
cube,2.000000,polar,0.0,0.0,1.075e-05,4.689e-06,32,256
cube,2.000000,polar,3.7567e-05,0.000194025,0.0,0.0,32,256
cube,2.000000,polar,0.0,0.0,9.18e-06,4.14e-06,32,256
cube,2.000000,polar,3.2387e-05,0.000214615,0.0,0.0,32,256
cube,2.000000,polar,0.0,0.0,6.913e-06,2.461e-06,32,256
cube,2.000000,polar,4.7768e-05,0.000224926,0.0,0.0,32,256
cube,2.000000,polar,0.0,0.0,1.1886e-05,9.62e-06,32,256
cube,2.000000,polar,3.7336e-05,0.000213116,0.0,0.0,32,256
cube,2.000000,polar,0.0,0.0,8.682e-06,6.43e-06,32,256
cube,2.000000,polar,2.2204e-05,0.00017688,0.0,0.0,32,256
cube,2.000000,polar,0.0,0.0,5.413e-06,1.974e-06,32,256
cube,2.000000,polar,2.6386e-05,0.000295109,0.0,0.0,32,256
cube,2.000000,polar,0.0,0.0,6.418e-06,1.424e-06,32,256
cube,2.000000,polar,2.4555e-05,0.000202126,0.0,0.0,32,256
cube,2.000000,polar,0.0,0.0,6.225e-06,2.336e-06,32,256
cube,2.000000,polar,2.4595e-05,0.000107484,0.0,0.0,32,256
cube,2.000000,polar,0.0,0.0,5.356e-06,4.563e-06,32,256
cube,2.000000,polar,3.6085e-05,0.000122003,0.0,0.0,32,256
cube,2.000000,polar,0.0,0.0,6.106e-06,1.34e-05,32,256
cube,2.000000,polar,2.9958e-05,0.000147283,0.0,0.0,32,256
cube,2.000000,polar,0.0,0.0,7.017e-06,3.066e-06,32,256
cube,2.000000,polar,6.241e-06,3.6779e-05,0.0,0.0,32,256
cube,2.000000,polar,0.0,0.0,1.317e-06,6.4e-08,32,256
cube,2.000000,polar,3.5637e-05,0.000187848,0.0,0.0,32,256
cube,2.000000,polar,0.0,0.0,8.565e-06,3.742e-06,32,256
cube,2.000000,polar,2.8113e-05,0.000143666,0.0,0.0,32,256
cube,2.000000,polar,0.0,0.0,6.459e-06,4.373e-06,32,256
cube,2.000000,polar,1.9183e-05,0.00012699,0.0,0.0,32,256
cube,2.000000,polar,0.0,0.0,4.815e-06,3.24e-07,32,256
cube,2.000000,polar,3.0929e-05,0.000154633,0.0,0.0,32,256
cube,2.000000,polar,0.0,0.0,6.126e-06,6.43e-06,32,256
cube,2.000000,polar,5.7288e-05,0.000191281,0.0,0.0,32,256
cube,2.000000,polar,0.0,0.0,4.531e-06,0,32,256
cube,2.000000,polar,4.3366e-05,0.000229371,0.0,0.0,32,256
cube,2.000000,polar,0.0,0.0,1.1033e-05,4.987e-06,32,256
cube,2.000000,polar,2.6924e-05,0.000145798,0.0,0.0,32,256
cube,2.000000,polar,0.0,0.0,6.125e-06,1.911e-06,32,256
cube,2.000000,polar,2.034e-05,0.000167455,0.0,0.0,32,256
cube,2.000000,polar,0.0,0.0,4.889e-06,1.136e-06,32,256
cube,2.000000,polar,2.6817e-05,0.000118321,0.0,0.0,32,256
cube,2.000000,polar,0.0,0.0,6.479e-06,4.301e-06,32,256
cube,2.000000,polar,3.2689e-05,0.000157447,0.0,0.0,32,256
cube,2.000000,polar,0.0,0.0,6.69e-06,6.555e-06,32,256
cube,2.000000,polar,1.0968e-05,6.9788e-05,0.0,0.0,32,256
cube,2.000000,polar,0.0,0.0,2.861e-06,1.947e-06,32,256
cube,2.000000,polar,3.9876e-05,0.000198345,0.0,0.0,32,256
cube,2.000000,polar,0.0,0.0,9.301e-06,5.186e-06,32,256
cube,2.000000,polar,2.1184e-05,0.000129613,0.0,0.0,32,256
cube,2.000000,polar,0.0,0.0,4.335e-06,0,32,256
cube,2.000000,polar,1.7707e-05,9.6529e-05,0.0,0.0,32,256
cube,2.000000,polar,0.0,0.0,3.535e-06,2.371e-06,32,256
cube,2.000000,polar,2.0781e-05,0.00013969,0.0,0.0,32,256
cube,2.000000,polar,0.0,0.0,4.609e-06,0,32,256
cube,2.000000,polar,2.9707e-05,0.000171475,0.0,0.0,32,256
cube,2.000000,polar,0.0,0.0,5.04e-06,2.52e-07,32,256
cube,2.000000,polar,5.0196e-05,0.00016637,0.0,0.0,32,256
cube,2.000000,polar,0.0,0.0,9.419e-06,1.25e-05,32,256
cube,2.000000,polar,3.2079e-05,0.000222576,0.0,0.0,32,256
cube,2.000000,polar,0.0,0.0,7.071e-06,4.915e-06,32,256
cube,2.000000,polar,3.8342e-05,0.00012701,0.0,0.0,32,256
cube,2.000000,polar,0.0,0.0,6.497e-06,1.2824e-05,32,256
cube,2.000000,polar,2.8332e-05,0.000141265,0.0,0.0,32,256
cube,2.000000,polar,0.0,0.0,4.936e-06,4.383e-06,32,256
cube,2.000000,polar,2.2314e-05,0.000134023,0.0,0.0,32,256
cube,2.000000,polar,0.0,0.0,4.695e-06,9.11e-07,32,256
cube,2.000000,polar,1.6779e-05,0.00011123,0.0,0.0,32,256
cube,2.000000,polar,0.0,0.0,4.319e-06,1.27e-07,32,256
cube,2.000000,polar,2.5015e-05,6.4267e-05,0.0,0.0,32,256
cube,2.000000,polar,0.0,0.0,3.913e-06,1.0525e-05,32,256
cube,2.000000,polar,2.9024e-05,0.000187421,0.0,0.0,32,256
cube,2.000000,polar,0.0,0.0,7.06e-06,1.407e-06,32,256
cube,2.000000,polar,4.1389e-05,0.000166427,0.0,0.0,32,256
cube,2.000000,polar,0.0,0.0,1.0177e-05,6.404e-06,32,256
cube,2.000000,polar,3.7454e-05,0.00012511,0.0,0.0,32,256
cube,2.000000,polar,0.0,0.0,6.996e-06,5.941e-06,32,256
cube,2.000000,polar,3.9624e-05,0.000208326,0.0,0.0,32,256
cube,2.000000,polar,0.0,0.0,9.293e-06,3.724e-06,32,256
cube,2.000000,polar,2.7225e-05,0.000116545,0.0,0.0,32,256
cube,2.000000,polar,0.0,0.0,6.423e-06,3.778e-06,32,256
cube,2.000000,polar,2.2071e-05,0.000131059,0.0,0.0,32,256
cube,2.000000,polar,0.0,0.0,5.084e-06,2.571e-06,32,256
cube,2.000000,polar,2.7909e-05,0.000149122,0.0,0.0,32,256
cube,2.000000,polar,0.0,0.0,6.037e-06,3.437e-06,32,256
cube,2.000000,polar,4.0768e-05,0.000195343,0.0,0.0,32,256
cube,2.000000,polar,0.0,0.0,8.478e-06,6.708e-06,32,256
cube,2.000000,polar,1.7892e-05,0.000141925,0.0,0.0,32,256
cube,2.000000,polar,0.0,0.0,3.843e-06,0,32,256
cube,2.000000,polar,1.927e-05,0.000123877,0.0,0.0,32,256
cube,2.000000,polar,0.0,0.0,4.401e-06,8.2e-08,32,256
cube,2.000000,polar,1.7881e-05,6.9128e-05,0.0,0.0,32,256
cube,2.000000,polar,0.0,0.0,4.526e-06,3.769e-06,32,256
cube,2.000000,polar,2.7206e-05,0.000117881,0.0,0.0,32,256
cube,2.000000,polar,0.0,0.0,5.659e-06,5.364e-06,32,256
cube,2.000000,polar,1.9084e-05,0.000148345,0.0,0.0,32,256
cube,2.000000,polar,0.0,0.0,4.314e-06,9.9e-08,32,256
cube,2.000000,polar,6.5687e-05,0.000216503,0.0,0.0,32,256
cube,2.000000,polar,0.0,0.0,7.512e-06,1.09e-07,32,256
cube,2.000000,polar,4.1566e-05,0.000109973,0.0,0.0,32,256
cube,2.000000,polar,0.0,0.0,7.531e-06,1.6782e-05,32,256
cube,2.000000,polar,3.0123e-05,0.000160282,0.0,0.0,32,256
cube,2.000000,polar,0.0,0.0,6.335e-06,3.408e-06,32,256
cube,2.000000,polar,2.1905e-05,0.000167259,0.0,0.0,32,256
cube,2.000000,polar,0.0,0.0,4.404e-06,0,32,256
cube,2.000000,polar,2.3256e-05,0.000152091,0.0,0.0,32,256
cube,2.000000,polar,0.0,0.0,5.111e-06,0,32,256
cube,2.000000,polar,3.0697e-05,0.000190158,0.0,0.0,32,256
cube,2.000000,polar,0.0,0.0,7.8e-06,3.696e-06,32,256
cube,2.000000,polar,1.5342e-05,5.3189e-05,0.0,0.0,32,256
cube,2.000000,polar,0.0,0.0,2.613e-06,6.511e-06,32,256
cube,2.000000,polar,2.6128e-05,0.000136574,0.0,0.0,32,256
cube,2.000000,polar,0.0,0.0,5.734e-06,1.425e-06,32,256
cube,2.000000,polar,2.021e-05,0.000106193,0.0,0.0,32,256
cube,2.000000,polar,0.0,0.0,5.103e-06,1.415e-06,32,256
cube,2.000000,polar,2.2071e-05,0.000110438,0.0,0.0,32,256
cube,2.000000,polar,0.0,0.0,4.686e-06,2.94e-06,32,256
cube,2.000000,polar,2.1346e-05,0.000136958,0.0,0.0,32,256
cube,2.000000,polar,0.0,0.0,4.718e-06,1.271e-06,32,256
cube,2.000000,polar,2.6347e-05,0.000154685,0.0,0.0,32,256
cube,2.000000,polar,0.0,0.0,6.514e-06,2.552e-06,32,256
cube,2.000000,polar,2.1314e-05,0.000161045,0.0,0.0,32,256
cube,2.000000,polar,0.0,0.0,4.552e-06,4.112e-06,32,256
cube,2.000000,polar,1.2173e-05,1.7923e-05,0.0,0.0,32,256
cube,2.000000,polar,0.0,0.0,3.194e-06,5.102e-06,32,256
cube,2.000000,polar,2.93e-05,0.000144995,0.0,0.0,32,256
cube,2.000000,polar,0.0,0.0,6.269e-06,4.418e-06,32,256
cube,2.000000,polar,4.0699e-05,0.000129665,0.0,0.0,32,256
cube,2.000000,polar,0.0,0.0,8.172e-06,1.3949e-05,32,256
cube,2.000000,polar,2.4052e-05,0.000125117,0.0,0.0,32,256
cube,2.000000,polar,0.0,0.0,5.279e-06,1.343e-06,32,256
cube,2.000000,polar,4.0135e-05,0.000177454,0.0,0.0,32,256
cube,2.000000,polar,0.0,0.0,8.154e-06,1.008e-05,32,256
cube,2.000000,polar,3.2198e-05,0.000184357,0.0,0.0,32,256
cube,2.000000,polar,0.0,0.0,7.642e-06,3.498e-06,32,256
cube,2.000000,polar,2.9857e-05,0.000176203,0.0,0.0,32,256
cube,2.000000,polar,0.0,0.0,6.341e-06,3.211e-06,32,256
cube,2.000000,polar,3.074e-05,0.000223556,0.0,0.0,32,256
cube,2.000000,polar,0.0,0.0,6.87e-06,3.66e-06,32,256
cube,2.000000,polar,5.1374e-05,0.00025886,0.0,0.0,32,256
cube,2.000000,polar,0.0,0.0,1.9804e-05,2.616e-06,32,256
cube,2.000000,polar,1.7392e-05,0.000122098,0.0,0.0,32,256
cube,2.000000,polar,0.0,0.0,3.555e-06,0,32,256
cube,2.000000,polar,5.5065e-05,0.000212113,0.0,0.0,32,256
cube,2.000000,polar,0.0,0.0,9.437e-06,4.319e-06,32,256
cube,2.000000,polar,2.6311e-05,0.000126393,0.0,0.0,32,256
cube,2.000000,polar,0.0,0.0,6.075e-06,4.302e-06,32,256
cube,2.000000,polar,1.6836e-05,0.00011311,0.0,0.0,32,256
cube,2.000000,polar,0.0,0.0,3.752e-06,0,32,256
cube,2.000000,polar,2.1288e-05,0.000152701,0.0,0.0,32,256
cube,2.000000,polar,0.0,0.0,4.816e-06,5.4e-08,32,256
cube,2.000000,polar,1.8871e-05,0.000110547,0.0,0.0,32,256
cube,2.000000,polar,0.0,0.0,3.929e-06,1.244e-06,32,256
cube,2.000000,polar,3.2906e-05,0.0001109,0.0,0.0,32,256
cube,2.000000,polar,0.0,0.0,7.681e-06,7.899e-06,32,256
cube,2.000000,polar,3.4323e-05,0.000152884,0.0,0.0,32,256
cube,2.000000,polar,0.0,0.0,6.367e-06,3.788e-06,32,256
cube,2.000000,polar,2.8129e-05,0.000169834,0.0,0.0,32,256
cube,2.000000,polar,0.0,0.0,7.985e-06,1.163e-06,32,256
cube,2.000000,polar,3.5089e-05,0.000231405,0.0,0.0,32,256
cube,2.000000,polar,0.0,0.0,7.762e-06,4.95e-06,32,256
cube,2.000000,polar,2.8346e-05,0.000206836,0.0,0.0,32,256
cube,2.000000,polar,0.0,0.0,5.766e-06,5.094e-06,32,256
cube,2.000000,polar,2.2506e-05,0.000140945,0.0,0.0,32,256
cube,2.000000,polar,0.0,0.0,6.012e-06,2.245e-06,32,256
cube,2.000000,polar,1.4241e-05,0.000119455,0.0,0.0,32,256
cube,2.000000,polar,0.0,0.0,3.112e-06,0,32,256
cube,2.000000,polar,2.9758e-05,0.000302474,0.0,0.0,32,256
cube,2.000000,polar,0.0,0.0,6.412e-06,1.425e-06,32,256
cube,2.000000,polar,5.8771e-05,0.000180699,0.0,0.0,32,256
cube,2.000000,polar,0.0,0.0,1.0142e-05,2.8032e-05,32,256
cube,2.000000,polar,1.6996e-05,9.9504e-05,0.0,0.0,32,256
cube,2.000000,polar,0.0,0.0,5.263e-06,6.95e-07,32,256
cube,2.000000,polar,2.3649e-05,0.000194266,0.0,0.0,32,256
cube,2.000000,polar,0.0,0.0,5.395e-06,0,32,256
cube,2.000000,polar,2.7315e-05,0.000161172,0.0,0.0,32,256
cube,2.000000,polar,0.0,0.0,6.874e-06,2.569e-06,32,256
cube,2.000000,polar,1.8881e-05,0.000194654,0.0,0.0,32,256
cube,2.000000,polar,0.0,0.0,4.37e-06,1.777e-06,32,256
cube,2.000000,polar,1.8268e-05,0.000117629,0.0,0.0,32,256
cube,2.000000,polar,0.0,0.0,3.874e-06,1.154e-06,32,256
cube,2.000000,polar,6.4601e-05,0.000152707,0.0,0.0,32,256
cube,2.000000,polar,0.0,0.0,1.2051e-05,3.093e-05,32,256
cube,2.000000,polar,3.3649e-05,0.000141939,0.0,0.0,32,256
cube,2.000000,polar,0.0,0.0,6.413e-06,8.864e-06,32,256
cube,2.000000,polar,3.1973e-05,0.000222188,0.0,0.0,32,256
cube,2.000000,polar,0.0,0.0,7.885e-06,4.112e-06,32,256
cube,2.000000,polar,3.0671e-05,0.000234646,0.0,0.0,32,256
cube,2.000000,polar,0.0,0.0,6.792e-06,0,32,256
cube,2.000000,polar,3.6225e-05,0.000305967,0.0,0.0,32,256
cube,2.000000,polar,0.0,0.0,9.76e-06,1.957e-06,32,256
cube,2.000000,polar,8.7287e-05,0.000520263,0.0,0.0,32,256
cube,2.000000,polar,0.0,0.0,9.876e-06,1.388e-06,32,256
cube,2.000000,polar,3.9889e-05,0.000327863,0.0,0.0,32,256
cube,2.000000,polar,0.0,0.0,1.1704e-05,3.292e-06,32,256
cube,2.000000,polar,7.0984e-05,0.000171103,0.0,0.0,32,256
cube,2.000000,polar,0.0,0.0,1.011e-05,4.136e-05,32,256
cube,2.000000,polar,2.7169e-05,0.000189839,0.0,0.0,32,256
cube,2.000000,polar,0.0,0.0,6.554e-06,1.35e-07,32,256
cube,2.000000,polar,2.6745e-05,0.000147194,0.0,0.0,32,256
cube,2.000000,polar,0.0,0.0,8.249e-06,3.229e-06,32,256
cube,2.000000,polar,2.8031e-05,0.00023608,0.0,0.0,32,256
cube,2.000000,polar,0.0,0.0,5.884e-06,0,32,256
cube,2.000000,polar,4.9081e-05,0.000313027,0.0,0.0,32,256
cube,2.000000,polar,0.0,0.0,1.3448e-05,7.115e-06,32,256
cube,2.000000,polar,5.0654e-05,0.000162215,0.0,0.0,32,256
cube,2.000000,polar,0.0,0.0,3.0523e-05,2.597e-06,32,256
cube,2.000000,polar,3.2564e-05,0.000197092,0.0,0.0,32,256
cube,2.000000,polar,0.0,0.0,7.922e-06,1.767e-06,32,256
cube,2.000000,polar,2.8204e-05,0.000279515,0.0,0.0,32,256
cube,2.000000,polar,0.0,0.0,6.353e-06,1.92e-06,32,256
cube,2.000000,polar,6.881e-05,6.532e-05,0.0,0.0,32,256
cube,2.000000,polar,0.0,0.0,1.0763e-05,4.3217e-05,32,256
cube,2.000000,polar,3.9094e-05,0.000245814,0.0,0.0,32,256
cube,2.000000,polar,0.0,0.0,9.811e-06,4.119e-06,32,256
cube,2.000000,polar,3.1263e-05,0.000169534,0.0,0.0,32,256
cube,2.000000,polar,0.0,0.0,7.05e-06,2.948e-06,32,256
cube,2.000000,polar,5.3286e-05,0.000147201,0.0,0.0,32,256
cube,2.000000,polar,0.0,0.0,8.619e-06,2.4943e-05,32,256
cube,2.000000,polar,2.4144e-05,0.000173373,0.0,0.0,32,256
cube,2.000000,polar,0.0,0.0,5.555e-06,0,32,256
cube,2.000000,polar,2.7898e-05,0.00016995,0.0,0.0,32,256
cube,2.000000,polar,0.0,0.0,5.825e-06,0,32,256
cube,2.000000,polar,3.695e-05,0.000203917,0.0,0.0,32,256
cube,2.000000,polar,0.0,0.0,8.684e-06,3.788e-06,32,256
cube,2.000000,polar,4.1996e-05,0.000187805,0.0,0.0,32,256
cube,2.000000,polar,0.0,0.0,9.577e-06,7.285e-06,32,256
cube,2.000000,polar,3.5085e-05,0.000200979,0.0,0.0,32,256
cube,2.000000,polar,0.0,0.0,9.245e-06,6.05e-07,32,256
cube,2.000000,polar,2.8353e-05,0.000213522,0.0,0.0,32,256
cube,2.000000,polar,0.0,0.0,7.329e-06,4.5e-08,32,256
cube,2.000000,polar,4.382e-05,0.000295733,0.0,0.0,32,256
cube,2.000000,polar,0.0,0.0,1.1253e-05,1.58e-06,32,256
cube,2.000000,polar,3.9046e-05,0.000215786,0.0,0.0,32,256
cube,2.000000,polar,0.0,0.0,9.321e-06,5.212e-06,32,256
cube,2.000000,polar,4.8905e-05,0.000193692,0.0,0.0,32,256
cube,2.000000,polar,0.0,0.0,1.1715e-05,9.845e-06,32,256
cube,2.000000,polar,3.2961e-05,0.00017033,0.0,0.0,32,256
cube,2.000000,polar,0.0,0.0,8.323e-06,3.49e-06,32,256
cube,2.000000,polar,4.3055e-05,0.000254702,0.0,0.0,32,256
cube,2.000000,polar,0.0,0.0,9.846e-06,4.112e-06,32,256
cube,2.000000,polar,4.0734e-05,0.00015821,0.0,0.0,32,256
cube,2.000000,polar,0.0,0.0,8.588e-06,1.0992e-05,32,256
cube,2.000000,polar,5.5175e-05,0.000330558,0.0,0.0,32,256
cube,2.000000,polar,0.0,0.0,1.4221e-05,2.777e-06,32,256
cube,2.000000,polar,3.7594e-05,0.000334942,0.0,0.0,32,256
cube,2.000000,polar,0.0,0.0,1.0156e-05,1.66e-06,32,256
cube,2.000000,polar,1.9393e-05,0.000128396,0.0,0.0,32,256
cube,2.000000,polar,0.0,0.0,5.366e-06,2.7e-07,32,256
cube,2.000000,polar,4.9703e-05,0.000202993,0.0,0.0,32,256
cube,2.000000,polar,0.0,0.0,1.114e-05,1.4448e-05,32,256
cube,2.000000,polar,3.1161e-05,4.4311e-05,0.0,0.0,32,256
cube,2.000000,polar,0.0,0.0,5.715e-06,1.7719e-05,32,256
cube,2.000000,polar,2.5768e-05,0.000188196,0.0,0.0,32,256
cube,2.000000,polar,0.0,0.0,5.703e-06,1.253e-06,32,256
cube,2.000000,polar,4.113e-05,0.000175142,0.0,0.0,32,256
cube,2.000000,polar,0.0,0.0,1.0654e-05,6.927e-06,32,256
cube,2.000000,polar,3.7349e-05,0.000205407,0.0,0.0,32,256
cube,2.000000,polar,0.0,0.0,1.0576e-05,1.046e-06,32,256
cube,2.000000,polar,3.1024e-05,0.000262519,0.0,0.0,32,256
cube,2.000000,polar,0.0,0.0,6.532e-06,0,32,256
cube,2.000000,polar,3.3158e-05,0.000304254,0.0,0.0,32,256
cube,2.000000,polar,0.0,0.0,1.0116e-05,2.03e-06,32,256
cube,2.000000,polar,3.551e-05,0.000209716,0.0,0.0,32,256
cube,2.000000,polar,0.0,0.0,8.278e-06,3.372e-06,32,256
cube,2.000000,polar,3.0796e-05,0.000169433,0.0,0.0,32,256
cube,2.000000,polar,0.0,0.0,7.319e-06,3.255e-06,32,256
cube,2.000000,polar,3.5431e-05,0.000116926,0.0,0.0,32,256
cube,2.000000,polar,0.0,0.0,6.535e-06,1.0883e-05,32,256
cube,2.000000,polar,2.9427e-05,0.000175151,0.0,0.0,32,256
cube,2.000000,polar,0.0,0.0,6.431e-06,1.76e-06,32,256
cube,2.000000,polar,9.997e-06,7.8292e-05,0.0,0.0,32,256
cube,2.000000,polar,0.0,0.0,2.367e-06,0,32,256
cube,2.000000,polar,3.343e-05,0.000173365,0.0,0.0,32,256
cube,2.000000,polar,0.0,0.0,7.599e-06,4.346e-06,32,256
cube,2.000000,polar,2.4632e-05,0.000174726,0.0,0.0,32,256
cube,2.000000,polar,0.0,0.0,5.313e-06,3.6e-08,32,256
cube,2.000000,polar,2.8857e-05,0.00018689,0.0,0.0,32,256
cube,2.000000,polar,0.0,0.0,6.832e-06,1.343e-06,32,256
cube,2.000000,polar,3.9952e-05,0.000267124,0.0,0.0,32,256
cube,2.000000,polar,0.0,0.0,1.0731e-05,6.511e-06,32,256
cube,2.000000,polar,3.8123e-05,0.000140592,0.0,0.0,32,256
cube,2.000000,polar,0.0,0.0,7.981e-06,9.855e-06,32,256
cube,2.000000,polar,2.7453e-05,0.000124138,0.0,0.0,32,256
cube,2.000000,polar,0.0,0.0,6.362e-06,3.075e-06,32,256
cube,2.000000,polar,2.4291e-05,8.5775e-05,0.0,0.0,32,256
cube,2.000000,polar,0.0,0.0,5.827e-06,5.645e-06,32,256
cube,2.000000,polar,4.4963e-05,0.000147412,0.0,0.0,32,256
cube,2.000000,polar,0.0,0.0,8.027e-06,1.8835e-05,32,256
cube,2.000000,polar,2.3958e-05,0.000155169,0.0,0.0,32,256
cube,2.000000,polar,0.0,0.0,5.519e-06,1.902e-06,32,256
cube,2.000000,polar,3.269e-05,0.000175784,0.0,0.0,32,256
cube,2.000000,polar,0.0,0.0,7.188e-06,3.246e-06,32,256
cube,2.000000,polar,3.0945e-05,0.000137896,0.0,0.0,32,256
cube,2.000000,polar,0.0,0.0,6.851e-06,5.869e-06,32,256
cube,2.000000,polar,3.6964e-05,0.000208486,0.0,0.0,32,256
cube,2.000000,polar,0.0,0.0,8.122e-06,5.258e-06,32,256
cube,2.000000,polar,4.0437e-05,0.000287621,0.0,0.0,32,256
cube,2.000000,polar,0.0,0.0,9.384e-06,4.517e-06,32,256
cube,2.000000,polar,4.4573e-05,0.00010174,0.0,0.0,32,256
cube,2.000000,polar,0.0,0.0,8.037e-06,2.0163e-05,32,256
cube,2.000000,polar,1.9541e-05,0.000128209,0.0,0.0,32,256
cube,2.000000,polar,0.0,0.0,4.174e-06,0,32,256
cube,2.000000,polar,2.4573e-05,0.000136363,0.0,0.0,32,256
cube,2.000000,polar,0.0,0.0,5.508e-06,2.904e-06,32,256
cube,2.000000,polar,3.6267e-05,0.000152238,0.0,0.0,32,256
cube,2.000000,polar,0.0,0.0,7.482e-06,7.106e-06,32,256
cube,2.000000,polar,1.7125e-05,0.000153564,0.0,0.0,32,256
cube,2.000000,polar,0.0,0.0,3.741e-06,0,32,256
cube,2.000000,polar,2.9172e-05,0.000169992,0.0,0.0,32,256
cube,2.000000,polar,0.0,0.0,6.9e-06,3.318e-06,32,256
cube,2.000000,polar,3.4565e-05,0.000134233,0.0,0.0,32,256
cube,2.000000,polar,0.0,0.0,6.579e-06,9.432e-06,32,256
cube,2.000000,polar,2.7761e-05,0.000126839,0.0,0.0,32,256
cube,2.000000,polar,0.0,0.0,6.479e-06,4.057e-06,32,256
cube,2.000000,polar,3.8741e-05,9.252e-05,0.0,0.0,32,256
cube,2.000000,polar,0.0,0.0,7.812e-06,1.6157e-05,32,256
cube,2.000000,polar,4.0778e-05,0.000196254,0.0,0.0,32,256
cube,2.000000,polar,0.0,0.0,1.1623e-05,3.597e-06,32,256
cube,2.000000,polar,3.3329e-05,0.000192939,0.0,0.0,32,256
cube,2.000000,polar,0.0,0.0,9.129e-06,2.02e-06,32,256
cube,2.000000,polar,2.5891e-05,0.000176298,0.0,0.0,32,256
cube,2.000000,polar,0.0,0.0,5.996e-06,2.488e-06,32,256
cube,2.000000,polar,3.2317e-05,4.611e-05,0.0,0.0,32,256
cube,2.000000,polar,0.0,0.0,5.125e-06,1.9232e-05,32,256
cube,2.000000,polar,2.8153e-05,0.000181446,0.0,0.0,32,256
cube,2.000000,polar,0.0,0.0,7.055e-06,1.255e-06,32,256
cube,2.000000,polar,1.1088e-05,7.9481e-05,0.0,0.0,32,256
cube,2.000000,polar,0.0,0.0,2.538e-06,0,32,256
cube,2.000000,polar,1.2846e-05,7.9067e-05,0.0,0.0,32,256
cube,2.000000,polar,0.0,0.0,3.299e-06,1.8e-07,32,256
cube,2.000000,polar,2.4957e-05,0.000160364,0.0,0.0,32,256
cube,2.000000,polar,0.0,0.0,5.636e-06,1.145e-06,32,256
cube,2.000000,polar,1.5822e-05,6.9103e-05,0.0,0.0,32,256
cube,2.000000,polar,0.0,0.0,3.227e-06,4.049e-06,32,256
cube,2.000000,polar,2.3874e-05,0.000151242,0.0,0.0,32,256
cube,2.000000,polar,0.0,0.0,5.535e-06,1.921e-06,32,256
cube,2.000000,polar,2.3368e-05,0.000121606,0.0,0.0,32,256
cube,2.000000,polar,0.0,0.0,5.411e-06,1.543e-06,32,256
cube,2.000000,polar,2.2431e-05,0.000151112,0.0,0.0,32,256
cube,2.000000,polar,0.0,0.0,4.903e-06,0,32,256
cube,2.000000,polar,2.2984e-05,0.000150471,0.0,0.0,32,256
cube,2.000000,polar,0.0,0.0,4.949e-06,1.308e-06,32,256
cube,2.000000,polar,3.662e-05,0.000209442,0.0,0.0,32,256
cube,2.000000,polar,0.0,0.0,8.172e-06,7.898e-06,32,256
cube,2.000000,polar,2.0567e-05,8.6735e-05,0.0,0.0,32,256
cube,2.000000,polar,0.0,0.0,4.3e-06,5.519e-06,32,256
cube,2.000000,polar,2.3992e-05,0.000110383,0.0,0.0,32,256
cube,2.000000,polar,0.0,0.0,4.679e-06,5.69e-06,32,256
cube,2.000000,polar,5.5216e-05,0.000120788,0.0,0.0,32,256
cube,2.000000,polar,0.0,0.0,6.147e-06,3.2595e-05,32,256
cube,2.000000,polar,3.2042e-05,0.00018239,0.0,0.0,32,256
cube,2.000000,polar,0.0,0.0,7.205e-06,1.289e-06,32,256
cube,2.000000,polar,2.1392e-05,0.000113618,0.0,0.0,32,256
cube,2.000000,polar,0.0,0.0,5.348e-06,1.45e-07,32,256
cube,2.000000,polar,3.7105e-05,0.000159247,0.0,0.0,32,256
cube,2.000000,polar,0.0,0.0,8.376e-06,5.724e-06,32,256
cube,2.000000,polar,1.8444e-05,8.5596e-05,0.0,0.0,32,256
cube,2.000000,polar,0.0,0.0,3.375e-06,3.056e-06,32,256
cube,2.000000,polar,2.4744e-05,0.000124226,0.0,0.0,32,256
cube,2.000000,polar,0.0,0.0,4.787e-06,3.355e-06,32,256
cube,2.000000,polar,3.0524e-05,0.000186765,0.0,0.0,32,256
cube,2.000000,polar,0.0,0.0,6.813e-06,3.6e-08,32,256
cube,2.000000,polar,2.6081e-05,0.00013251,0.0,0.0,32,256
cube,2.000000,polar,0.0,0.0,5.626e-06,3.209e-06,32,256
cube,2.000000,polar,3.9406e-05,0.000227177,0.0,0.0,32,256
cube,2.000000,polar,0.0,0.0,8.775e-06,8.006e-06,32,256
cube,2.000000,polar,1.9559e-05,0.000114274,0.0,0.0,32,256
cube,2.000000,polar,0.0,0.0,3.962e-06,2.128e-06,32,256
cube,2.000000,polar,5.7906e-05,0.000198842,0.0,0.0,32,256
cube,2.000000,polar,0.0,0.0,1.1493e-05,1.7627e-05,32,256
cube,2.000000,polar,2.9549e-05,0.000152589,0.0,0.0,32,256
cube,2.000000,polar,0.0,0.0,6.229e-06,4.744e-06,32,256
cube,2.000000,polar,2.8005e-05,0.000154398,0.0,0.0,32,256
cube,2.000000,polar,0.0,0.0,6.083e-06,2.48e-06,32,256
cube,2.000000,polar,2.6158e-05,0.0001211,0.0,0.0,32,256
cube,2.000000,polar,0.0,0.0,5.823e-06,4.555e-06,32,256
cube,2.000000,polar,2.9459e-05,0.000135669,0.0,0.0,32,256
cube,2.000000,polar,0.0,0.0,5.605e-06,7.791e-06,32,256
cube,2.000000,polar,1.6932e-05,8.4869e-05,0.0,0.0,32,256
cube,2.000000,polar,0.0,0.0,3.138e-06,2.589e-06,32,256
cube,2.000000,polar,2.55e-05,0.000130821,0.0,0.0,32,256
cube,2.000000,polar,0.0,0.0,5.618e-06,2.146e-06,32,256
cube,2.000000,polar,2.4709e-05,0.000142541,0.0,0.0,32,256
cube,2.000000,polar,0.0,0.0,5.087e-06,2.037e-06,32,256
cube,2.000000,polar,5.0324e-05,0.00012424,0.0,0.0,32,256
cube,2.000000,polar,0.0,0.0,7.671e-06,8.677e-06,32,256
cube,2.000000,polar,2.4056e-05,0.000195767,0.0,0.0,32,256
cube,2.000000,polar,0.0,0.0,5.004e-06,0,32,256
cube,2.000000,polar,3.6094e-05,0.000175456,0.0,0.0,32,256
cube,2.000000,polar,0.0,0.0,7.832e-06,8.728e-06,32,256
cube,2.000000,polar,2.3219e-05,0.000113187,0.0,0.0,32,256
cube,2.000000,polar,0.0,0.0,5.58e-06,1.542e-06,32,256
cube,2.000000,polar,3.4302e-05,0.000203035,0.0,0.0,32,256
cube,2.000000,polar,0.0,0.0,7.541e-06,2.192e-06,32,256
cube,2.000000,polar,1.8249e-05,9.0921e-05,0.0,0.0,32,256
cube,2.000000,polar,0.0,0.0,3.674e-06,4.058e-06,32,256
cube,2.000000,polar,3.1828e-05,0.000110094,0.0,0.0,32,256
cube,2.000000,polar,0.0,0.0,6.426e-06,6.924e-06,32,256
cube,2.000000,polar,4.021e-06,3.77e-06,0.0,0.0,32,256
cube,2.000000,polar,0.0,0.0,5.58e-07,2.813e-06,32,256
cube,2.000000,polar,2.7588e-05,9.5893e-05,0.0,0.0,32,256
cube,2.000000,polar,0.0,0.0,4.923e-06,9.54e-06,32,256
cube,2.000000,polar,1.7686e-05,2.9779e-05,0.0,0.0,32,256
cube,2.000000,polar,0.0,0.0,4.16e-06,5.199e-06,32,256
cube,2.000000,polar,2.5828e-05,0.000136645,0.0,0.0,32,256
cube,2.000000,polar,0.0,0.0,5.356e-06,4.111e-06,32,256
cube,2.000000,polar,1.9967e-05,7.3997e-05,0.0,0.0,32,256
cube,2.000000,polar,0.0,0.0,4.19e-06,4.689e-06,32,256
cube,2.000000,polar,2.4912e-05,0.000139475,0.0,0.0,32,256
cube,2.000000,polar,0.0,0.0,5.927e-06,3.6e-08,32,256
cube,2.000000,polar,3.3772e-05,0.000182219,0.0,0.0,32,256
cube,2.000000,polar,0.0,0.0,7.911e-06,1.389e-06,32,256
cube,2.000000,polar,3.2143e-05,0.000212719,0.0,0.0,32,256
cube,2.000000,polar,0.0,0.0,8.936e-06,2.291e-06,32,256
cube,2.000000,polar,9.862e-06,6.3698e-05,0.0,0.0,32,256
cube,2.000000,polar,0.0,0.0,2.77e-06,2.89e-07,32,256
cube,2.000000,polar,3.9183e-05,0.000240698,0.0,0.0,32,256
cube,2.000000,polar,0.0,0.0,9.689e-06,3.913e-06,32,256
cube,2.000000,polar,6.7458e-05,0.00017815,0.0,0.0,32,256
cube,2.000000,polar,0.0,0.0,9.877e-06,3.4133e-05,32,256
cube,2.000000,polar,2.6177e-05,0.000154794,0.0,0.0,32,256
cube,2.000000,polar,0.0,0.0,5.764e-06,1.479e-06,32,256
cube,2.000000,polar,3.1945e-05,0.000146475,0.0,0.0,32,256
cube,2.000000,polar,0.0,0.0,6.877e-06,4.661e-06,32,256
cube,2.000000,polar,2.0953e-05,0.000121561,0.0,0.0,32,256
cube,2.000000,polar,0.0,0.0,4.299e-06,2.498e-06,32,256
cube,2.000000,polar,1.7114e-05,9.663e-05,0.0,0.0,32,256
cube,2.000000,polar,0.0,0.0,3.616e-06,0,32,256
cube,2.000000,polar,2.3986e-05,0.000129261,0.0,0.0,32,256
cube,2.000000,polar,0.0,0.0,4.959e-06,4.328e-06,32,256
cube,2.000000,polar,2.6896e-05,0.000117161,0.0,0.0,32,256
cube,2.000000,polar,0.0,0.0,5.383e-06,8.36e-06,32,256
cube,2.000000,polar,2.4855e-05,0.00010756,0.0,0.0,32,256
cube,2.000000,polar,0.0,0.0,5.373e-06,5.123e-06,32,256
cube,2.000000,polar,2.842e-05,0.000111379,0.0,0.0,32,256
cube,2.000000,polar,0.0,0.0,5.683e-06,5.347e-06,32,256
cube,2.000000,polar,9.1344e-05,0.000163062,0.0,0.0,32,256
cube,2.000000,polar,0.0,0.0,9.026e-06,4.274e-06,32,256
cube,2.000000,polar,2.6077e-05,0.000127917,0.0,0.0,32,256
cube,2.000000,polar,0.0,0.0,6.681e-06,5.842e-06,32,256
cube,2.000000,polar,2.2286e-05,0.000149507,0.0,0.0,32,256
cube,2.000000,polar,0.0,0.0,4.929e-06,4.5e-08,32,256
cube,2.000000,polar,1.8118e-05,8.0049e-05,0.0,0.0,32,256
cube,2.000000,polar,0.0,0.0,4.063e-06,4.392e-06,32,256
cube,2.000000,polar,2.5151e-05,0.000175269,0.0,0.0,32,256
cube,2.000000,polar,0.0,0.0,5.804e-06,3.6e-08,32,256
cube,2.000000,polar,2.9191e-05,9.0664e-05,0.0,0.0,32,256
cube,2.000000,polar,0.0,0.0,5.312e-06,9.061e-06,32,256
cube,2.000000,polar,3.1074e-05,0.000136901,0.0,0.0,32,256
cube,2.000000,polar,0.0,0.0,8.001e-06,2.307e-06,32,256
cube,2.000000,polar,3.3998e-05,9.7687e-05,0.0,0.0,32,256
cube,2.000000,polar,0.0,0.0,6.384e-06,1.3089e-05,32,256
cube,2.000000,polar,3.3246e-05,0.000164961,0.0,0.0,32,256
cube,2.000000,polar,0.0,0.0,7.979e-06,5.248e-06,32,256
cube,2.000000,polar,2.8006e-05,0.000207836,0.0,0.0,32,256
cube,2.000000,polar,0.0,0.0,6.417e-06,1.631e-06,32,256
cube,2.000000,polar,4.9978e-05,0.000144539,0.0,0.0,32,256
cube,2.000000,polar,0.0,0.0,2.3109e-05,9.088e-06,32,256
cube,2.000000,polar,3.3255e-05,0.000189246,0.0,0.0,32,256
cube,2.000000,polar,0.0,0.0,6.775e-06,1.832e-06,32,256
cube,2.000000,polar,3.6678e-05,0.000185084,0.0,0.0,32,256
cube,2.000000,polar,0.0,0.0,8.972e-06,5.482e-06,32,256
cube,2.000000,polar,3.2475e-05,0.000181444,0.0,0.0,32,256
cube,2.000000,polar,0.0,0.0,7.621e-06,1.74e-06,32,256
cube,2.000000,polar,2.7352e-05,9.8073e-05,0.0,0.0,32,256
cube,2.000000,polar,0.0,0.0,5.688e-06,9.232e-06,32,256
cube,2.000000,polar,3.358e-05,0.000161996,0.0,0.0,32,256
cube,2.000000,polar,0.0,0.0,7.436e-06,4.456e-06,32,256
cube,2.000000,polar,2.0125e-05,0.000133676,0.0,0.0,32,256
cube,2.000000,polar,0.0,0.0,4.2e-06,0,32,256
cube,2.000000,polar,2.7596e-05,0.000117195,0.0,0.0,32,256
cube,2.000000,polar,0.0,0.0,5.778e-06,5.348e-06,32,256
cube,2.000000,polar,2.8785e-05,0.000138125,0.0,0.0,32,256
cube,2.000000,polar,0.0,0.0,6.392e-06,4.977e-06,32,256
cube,2.000000,polar,2.9094e-05,0.000132465,0.0,0.0,32,256
cube,2.000000,polar,0.0,0.0,6.867e-06,3.878e-06,32,256
cube,2.000000,polar,2.8163e-05,0.000111742,0.0,0.0,32,256
cube,2.000000,polar,0.0,0.0,4.594e-06,9.188e-06,32,256
cube,2.000000,polar,2.9484e-05,0.000155349,0.0,0.0,32,256
cube,2.000000,polar,0.0,0.0,6.776e-06,2.02e-06,32,256
cube,2.000000,polar,3.2322e-05,0.000297833,0.0,0.0,32,256
cube,2.000000,polar,0.0,0.0,8.024e-06,4.438e-06,32,256
cube,2.000000,polar,4.4063e-05,0.000345909,0.0,0.0,32,256
cube,2.000000,polar,0.0,0.0,1.1311e-05,5.14e-06,32,256
cube,2.000000,polar,5.3339e-05,0.000261045,0.0,0.0,32,256
cube,2.000000,polar,0.0,0.0,1.3095e-05,7.781e-06,32,256
cube,2.000000,polar,4.108e-05,0.00016508,0.0,0.0,32,256
cube,2.000000,polar,0.0,0.0,5.364e-06,2.417e-06,32,256
cube,2.000000,polar,2.1481e-05,0.000111566,0.0,0.0,32,256
cube,2.000000,polar,0.0,0.0,4.398e-06,3.011e-06,32,256
cube,2.000000,polar,3.649e-05,9.4749e-05,0.0,0.0,32,256
cube,2.000000,polar,0.0,0.0,6.904e-06,1.5807e-05,32,256
cube,2.000000,polar,2.9172e-05,0.00018408,0.0,0.0,32,256
cube,2.000000,polar,0.0,0.0,6.462e-06,1.677e-06,32,256
cube,2.000000,polar,2.2338e-05,0.000155272,0.0,0.0,32,256
cube,2.000000,polar,0.0,0.0,5.043e-06,1.128e-06,32,256
cube,2.000000,polar,3.9499e-05,0.000150898,0.0,0.0,32,256
cube,2.000000,polar,0.0,0.0,6.887e-06,3.048e-06,32,256
cube,2.000000,polar,3.4635e-05,0.000239869,0.0,0.0,32,256
cube,2.000000,polar,0.0,0.0,7.138e-06,7.69e-06,32,256
cube,2.000000,polar,0.000139358,0.000285164,0.0,0.0,32,256
cube,2.000000,polar,0.0,0.0,1.4167e-05,9.5345e-05,32,256
cube,2.000000,polar,2.3797e-05,0.000220657,0.0,0.0,32,256
cube,2.000000,polar,0.0,0.0,5.321e-06,0,32,256
cube,2.000000,polar,1.7058e-05,0.000138408,0.0,0.0,32,256
cube,2.000000,polar,0.0,0.0,3.77e-06,0,32,256
cube,2.000000,polar,3.4563e-05,0.000170982,0.0,0.0,32,256
cube,2.000000,polar,0.0,0.0,8.873e-06,3.851e-06,32,256
cube,2.000000,polar,2.6422e-05,0.000160981,0.0,0.0,32,256
cube,2.000000,polar,0.0,0.0,5.384e-06,3.427e-06,32,256
cube,2.000000,polar,6.0384e-05,0.000110698,0.0,0.0,32,256
cube,2.000000,polar,0.0,0.0,9.196e-06,3.0533e-05,32,256
cube,2.000000,polar,4.8739e-05,0.000132821,0.0,0.0,32,256
cube,2.000000,polar,0.0,0.0,1.0144e-05,1.8367e-05,32,256
cube,2.000000,polar,2.7509e-05,0.000207224,0.0,0.0,32,256
cube,2.000000,polar,0.0,0.0,6.365e-06,1.912e-06,32,256
cube,2.000000,polar,2.4024e-05,0.000140232,0.0,0.0,32,256
cube,2.000000,polar,0.0,0.0,5.333e-06,2.254e-06,32,256
cube,2.000000,polar,2.0887e-05,9.4311e-05,0.0,0.0,32,256
cube,2.000000,polar,0.0,0.0,4.57e-06,3.588e-06,32,256
cube,2.000000,polar,4.4569e-05,0.000168791,0.0,0.0,32,256
cube,2.000000,polar,0.0,0.0,4.994e-06,2.029e-06,32,256
cube,2.000000,polar,2.7297e-05,0.000163308,0.0,0.0,32,256
cube,2.000000,polar,0.0,0.0,6.237e-06,2.625e-06,32,256
cube,2.000000,polar,1.8373e-05,7.5984e-05,0.0,0.0,32,256
cube,2.000000,polar,0.0,0.0,3.922e-06,3.309e-06,32,256
cube,2.000000,polar,3.5815e-05,0.000119437,0.0,0.0,32,256
cube,2.000000,polar,0.0,0.0,6.7e-06,9.512e-06,32,256
cube,2.000000,polar,1.807e-05,3.8912e-05,0.0,0.0,32,256
cube,2.000000,polar,0.0,0.0,3.454e-06,8.186e-06,32,256
cube,2.000000,polar,2.9531e-05,0.000194056,0.0,0.0,32,256
cube,2.000000,polar,0.0,0.0,6.228e-06,1.136e-06,32,256
cube,2.000000,polar,2.6219e-05,0.000121165,0.0,0.0,32,256
cube,2.000000,polar,0.0,0.0,5.37e-06,6.573e-06,32,256
cube,2.000000,polar,5.88e-06,2.0784e-05,0.0,0.0,32,256
cube,2.000000,polar,0.0,0.0,1.28e-06,1.451e-06,32,256
cube,2.000000,polar,3.7019e-05,0.000211168,0.0,0.0,32,256
cube,2.000000,polar,0.0,0.0,8.348e-06,3.533e-06,32,256
cube,2.000000,polar,3.0239e-05,0.000190147,0.0,0.0,32,256
cube,2.000000,polar,0.0,0.0,7.087e-06,3.328e-06,32,256
cube,2.000000,polar,2.3632e-05,0.000131306,0.0,0.0,32,256
cube,2.000000,polar,0.0,0.0,4.724e-06,3.6e-08,32,256
cube,2.000000,polar,6.482e-06,3.86e-05,0.0,0.0,32,256
cube,2.000000,polar,0.0,0.0,1.668e-06,3.7e-08,32,256
cube,2.000000,polar,2.6693e-05,0.000158367,0.0,0.0,32,256
cube,2.000000,polar,0.0,0.0,6.359e-06,2.97e-07,32,256
cube,2.000000,polar,3.3061e-05,0.000189079,0.0,0.0,32,256
cube,2.000000,polar,0.0,0.0,7.386e-06,4.68e-06,32,256
cube,2.000000,polar,3.8416e-05,0.000156763,0.0,0.0,32,256
cube,2.000000,polar,0.0,0.0,7.583e-06,1.2759e-05,32,256
cube,2.000000,polar,3.2907e-05,0.000157127,0.0,0.0,32,256
cube,2.000000,polar,0.0,0.0,7.135e-06,7.269e-06,32,256
cube,2.000000,polar,3.6518e-05,0.000173752,0.0,0.0,32,256
cube,2.000000,polar,0.0,0.0,8.061e-06,5.365e-06,32,256
cube,2.000000,polar,3.2714e-05,0.00011222,0.0,0.0,32,256
cube,2.000000,polar,0.0,0.0,7.565e-06,8.105e-06,32,256
cube,2.000000,polar,2.2704e-05,0.000141019,0.0,0.0,32,256
cube,2.000000,polar,0.0,0.0,4.837e-06,1.352e-06,32,256
cube,2.000000,polar,1.9022e-05,9.2488e-05,0.0,0.0,32,256
cube,2.000000,polar,0.0,0.0,4.231e-06,2.363e-06,32,256
cube,2.000000,polar,2.1218e-05,0.000154303,0.0,0.0,32,256
cube,2.000000,polar,0.0,0.0,4.697e-06,0,32,256
cube,2.000000,polar,3.2457e-05,0.000125815,0.0,0.0,32,256
cube,2.000000,polar,0.0,0.0,7.246e-06,8.21e-07,32,256
cube,2.000000,polar,2.0956e-05,6.6813e-05,0.0,0.0,32,256
cube,2.000000,polar,0.0,0.0,4.292e-06,8.105e-06,32,256
cube,2.000000,polar,3.7077e-05,0.000170574,0.0,0.0,32,256
cube,2.000000,polar,0.0,0.0,7.849e-06,8.547e-06,32,256
cube,2.000000,polar,3.2167e-05,0.000158908,0.0,0.0,32,256
cube,2.000000,polar,0.0,0.0,7.7e-06,6.03e-07,32,256
cube,2.000000,polar,1.5229e-05,6.1019e-05,0.0,0.0,32,256
cube,2.000000,polar,0.0,0.0,3.43e-06,3.507e-06,32,256
cube,2.000000,polar,3.4016e-05,0.000248492,0.0,0.0,32,256
cube,2.000000,polar,0.0,0.0,8.732e-06,1.18e-07,32,256
cube,2.000000,polar,2.8753e-05,0.000155455,0.0,0.0,32,256
cube,2.000000,polar,0.0,0.0,6.692e-06,4.058e-06,32,256
cube,2.000000,polar,2.6985e-05,0.0001369,0.0,0.0,32,256
cube,2.000000,polar,0.0,0.0,5.985e-06,3.481e-06,32,256
cube,2.000000,polar,2.299e-05,0.000117375,0.0,0.0,32,256
cube,2.000000,polar,0.0,0.0,5.023e-06,2.272e-06,32,256
cube,2.000000,polar,2.3654e-05,6.6482e-05,0.0,0.0,32,256
cube,2.000000,polar,0.0,0.0,4.914e-06,1.0676e-05,32,256
cube,2.000000,polar,3.8797e-05,0.000319937,0.0,0.0,32,256
cube,2.000000,polar,0.0,0.0,8.851e-06,2.661e-06,32,256
cube,2.000000,polar,2.4603e-05,0.000190268,0.0,0.0,32,256
cube,2.000000,polar,0.0,0.0,6.563e-06,9e-08,32,256
cube,2.000000,polar,5.612e-06,3.877e-05,0.0,0.0,32,256
cube,2.000000,polar,0.0,0.0,1.804e-06,1.54e-07,32,256
cube,2.000000,polar,3.7193e-05,0.000175186,0.0,0.0,32,256
cube,2.000000,polar,0.0,0.0,7.79e-06,1.0975e-05,32,256
cube,2.000000,polar,2.0668e-05,0.000106069,0.0,0.0,32,256
cube,2.000000,polar,0.0,0.0,4.54e-06,2.444e-06,32,256
cube,2.000000,polar,2.6193e-05,4.205e-05,0.0,0.0,32,256
cube,2.000000,polar,0.0,0.0,4.75e-06,1.4051e-05,32,256
cube,2.000000,polar,2.2208e-05,0.000139595,0.0,0.0,32,256
cube,2.000000,polar,0.0,0.0,4.386e-06,1.289e-06,32,256
cube,2.000000,polar,5.2833e-05,0.000174654,0.0,0.0,32,256
cube,2.000000,polar,0.0,0.0,2.8246e-05,4.518e-06,32,256
cube,2.000000,polar,8.71e-06,2.5386e-05,0.0,0.0,32,256
cube,2.000000,polar,0.0,0.0,1.625e-06,3.994e-06,32,256
cube,2.000000,polar,3.6151e-05,9.2054e-05,0.0,0.0,32,256
cube,2.000000,polar,0.0,0.0,6.97e-06,1.7483e-05,32,256
cube,2.000000,polar,7.146e-05,0.000161047,0.0,0.0,32,256
cube,2.000000,polar,0.0,0.0,1.4076e-05,3.3523e-05,32,256
cube,2.000000,polar,2.3933e-05,0.000213087,0.0,0.0,32,256
cube,2.000000,polar,0.0,0.0,6.553e-06,1.08e-07,32,256
cube,2.000000,polar,8.1984e-05,0.000314734,0.0,0.0,32,256
cube,2.000000,polar,0.0,0.0,1.1688e-05,4.635e-06,32,256
cube,2.000000,polar,3.1466e-05,0.000161734,0.0,0.0,32,256
cube,2.000000,polar,0.0,0.0,8.325e-06,2.2e-06,32,256
cube,2.000000,polar,3.0657e-05,0.000154848,0.0,0.0,32,256
cube,2.000000,polar,0.0,0.0,6.685e-06,5.094e-06,32,256
cube,2.000000,polar,2.4194e-05,0.00011435,0.0,0.0,32,256
cube,2.000000,polar,0.0,0.0,5.529e-06,1.983e-06,32,256
cube,2.000000,polar,2.3289e-05,7.7483e-05,0.0,0.0,32,256
cube,2.000000,polar,0.0,0.0,5.423e-06,5.453e-06,32,256
cube,2.000000,polar,2.2171e-05,0.000138358,0.0,0.0,32,256
cube,2.000000,polar,0.0,0.0,5.075e-06,7.3e-08,32,256
cube,2.000000,polar,2.8228e-05,0.000109542,0.0,0.0,32,256
cube,2.000000,polar,0.0,0.0,4.878e-06,9.054e-06,32,256
cube,2.000000,polar,2.9198e-05,4.4625e-05,0.0,0.0,32,256
cube,2.000000,polar,0.0,0.0,4.434e-06,1.8163e-05,32,256
cube,2.000000,polar,3.5083e-05,0.000148009,0.0,0.0,32,256
cube,2.000000,polar,0.0,0.0,6.802e-06,7.863e-06,32,256
cube,2.000000,polar,3.122e-05,8.5216e-05,0.0,0.0,32,256
cube,2.000000,polar,0.0,0.0,5.699e-06,1.1226e-05,32,256
cube,2.000000,polar,1.7743e-05,0.00012211,0.0,0.0,32,256
cube,2.000000,polar,0.0,0.0,4.187e-06,3.6e-08,32,256
cube,2.000000,polar,2.6224e-05,0.000173623,0.0,0.0,32,256
cube,2.000000,polar,0.0,0.0,5.867e-06,9.92e-07,32,256
cube,2.000000,polar,2.0532e-05,0.000137169,0.0,0.0,32,256
cube,2.000000,polar,0.0,0.0,5.504e-06,1.082e-06,32,256
cube,2.000000,polar,2.8063e-05,0.000266389,0.0,0.0,32,256
cube,2.000000,polar,0.0,0.0,6.986e-06,3.996e-06,32,256
cube,2.000000,polar,2.9963e-05,0.00015652,0.0,0.0,32,256
cube,2.000000,polar,0.0,0.0,6.991e-06,4.77e-06,32,256
cube,2.000000,polar,2.3883e-05,0.000144317,0.0,0.0,32,256
cube,2.000000,polar,0.0,0.0,5.629e-06,7.2e-08,32,256
cube,2.000000,polar,2.2245e-05,0.000131676,0.0,0.0,32,256
cube,2.000000,polar,0.0,0.0,4.834e-06,0,32,256
cube,2.000000,polar,2.2931e-05,0.00012364,0.0,0.0,32,256
cube,2.000000,polar,0.0,0.0,5.526e-06,1.938e-06,32,256
cube,2.000000,polar,2.6221e-05,0.000144478,0.0,0.0,32,256
cube,2.000000,polar,0.0,0.0,5.819e-06,2.263e-06,32,256
cube,2.000000,polar,1.8174e-05,0.000107922,0.0,0.0,32,256
cube,2.000000,polar,0.0,0.0,4.089e-06,3.6e-08,32,256
cube,2.000000,polar,2.8922e-05,0.000173934,0.0,0.0,32,256
cube,2.000000,polar,0.0,0.0,6.023e-06,4.932e-06,32,256
cube,2.000000,polar,3.7292e-05,0.000159771,0.0,0.0,32,256
cube,2.000000,polar,0.0,0.0,8.558e-06,8.159e-06,32,256
cube,2.000000,polar,2.6676e-05,0.000113219,0.0,0.0,32,256
cube,2.000000,polar,0.0,0.0,6.688e-06,3.4e-06,32,256
cube,2.000000,polar,3.4344e-05,0.000370232,0.0,0.0,32,256
cube,2.000000,polar,0.0,0.0,8.547e-06,2.713e-06,32,256
cube,2.000000,polar,6.4085e-05,0.000210817,0.0,0.0,32,256
cube,2.000000,polar,0.0,0.0,6.728e-06,2.995e-06,32,256
cube,2.000000,polar,2.6595e-05,0.00014691,0.0,0.0,32,256
cube,2.000000,polar,0.0,0.0,6.704e-06,2.57e-06,32,256
cube,2.000000,polar,3.822e-05,0.000204004,0.0,0.0,32,256
cube,2.000000,polar,0.0,0.0,8.685e-06,4.084e-06,32,256
cube,2.000000,polar,3.1061e-05,0.000216716,0.0,0.0,32,256
cube,2.000000,polar,0.0,0.0,6.825e-06,0,32,256
cube,2.000000,polar,2.8823e-05,0.00019734,0.0,0.0,32,256
cube,2.000000,polar,0.0,0.0,7.577e-06,1.524e-06,32,256
cube,2.000000,polar,2.9962e-05,6.2163e-05,0.0,0.0,32,256
cube,2.000000,polar,0.0,0.0,6.156e-06,1.2977e-05,32,256
cube,2.000000,polar,3.1105e-05,0.000215218,0.0,0.0,32,256
cube,2.000000,polar,0.0,0.0,6.848e-06,2.786e-06,32,256
cube,2.000000,polar,3.2988e-05,0.000127832,0.0,0.0,32,256
cube,2.000000,polar,0.0,0.0,7.259e-06,6.924e-06,32,256
cube,2.000000,polar,6.564e-06,1.8934e-05,0.0,0.0,32,256
cube,2.000000,polar,0.0,0.0,1.326e-06,2.668e-06,32,256
cube,2.000000,polar,1.7194e-05,8.52e-05,0.0,0.0,32,256
cube,2.000000,polar,0.0,0.0,3.549e-06,2.785e-06,32,256
cube,2.000000,polar,1.0384e-05,1.7702e-05,0.0,0.0,32,256
cube,2.000000,polar,0.0,0.0,1.902e-06,5.438e-06,32,256
cube,2.000000,polar,2.5814e-05,0.00011772,0.0,0.0,32,256
cube,2.000000,polar,0.0,0.0,5.523e-06,4.553e-06,32,256
cube,2.000000,polar,3.02e-05,0.000163107,0.0,0.0,32,256
cube,2.000000,polar,0.0,0.0,7.626e-06,5.249e-06,32,256
cube,2.000000,polar,1.6517e-05,0.000101733,0.0,0.0,32,256
cube,2.000000,polar,0.0,0.0,3.913e-06,7.2e-08,32,256
cube,2.000000,polar,3.0478e-05,0.000159183,0.0,0.0,32,256
cube,2.000000,polar,0.0,0.0,6.788e-06,3.659e-06,32,256
cube,2.000000,polar,3.0186e-05,0.000172294,0.0,0.0,32,256
cube,2.000000,polar,0.0,0.0,7.253e-06,1.307e-06,32,256
cube,2.000000,polar,2.4577e-05,0.000141325,0.0,0.0,32,256
cube,2.000000,polar,0.0,0.0,5.305e-06,2.841e-06,32,256
cube,2.000000,polar,1.6461e-05,0.00014987,0.0,0.0,32,256
cube,2.000000,polar,0.0,0.0,3.929e-06,1.344e-06,32,256
cube,2.000000,polar,2.5554e-05,0.000164371,0.0,0.0,32,256
cube,2.000000,polar,0.0,0.0,5.391e-06,2.219e-06,32,256
cube,2.000000,polar,2.1184e-05,0.000134834,0.0,0.0,32,256
cube,2.000000,polar,0.0,0.0,4.768e-06,8.1e-08,32,256
cube,2.000000,polar,2.8686e-05,0.000168777,0.0,0.0,32,256
cube,2.000000,polar,0.0,0.0,6.481e-06,1.803e-06,32,256
cube,2.000000,polar,1.8266e-05,9.7732e-05,0.0,0.0,32,256
cube,2.000000,polar,0.0,0.0,3.817e-06,0,32,256
cube,2.000000,polar,1.5838e-05,0.00011002,0.0,0.0,32,256
cube,2.000000,polar,0.0,0.0,3.62e-06,1.064e-06,32,256
cube,2.000000,polar,2.2065e-05,0.000111519,0.0,0.0,32,256
cube,2.000000,polar,0.0,0.0,5.148e-06,2.723e-06,32,256
cube,2.000000,polar,2.1919e-05,7.3079e-05,0.0,0.0,32,256
cube,2.000000,polar,0.0,0.0,4.368e-06,8.303e-06,32,256
cube,2.000000,polar,2.5792e-05,0.000109067,0.0,0.0,32,256
cube,2.000000,polar,0.0,0.0,5.745e-06,4.606e-06,32,256
cube,2.000000,polar,3.0726e-05,0.000154789,0.0,0.0,32,256
cube,2.000000,polar,0.0,0.0,6.752e-06,4.581e-06,32,256
cube,2.000000,polar,9.455e-06,4.1709e-05,0.0,0.0,32,256
cube,2.000000,polar,0.0,0.0,2.074e-06,1.244e-06,32,256
cube,2.000000,polar,1.9286e-05,0.000126522,0.0,0.0,32,256
cube,2.000000,polar,0.0,0.0,4.471e-06,7.2e-08,32,256
cube,2.000000,polar,2.8429e-05,0.000110485,0.0,0.0,32,256
cube,2.000000,polar,0.0,0.0,5.462e-06,9.068e-06,32,256
cube,2.000000,polar,2.0586e-05,0.000154973,0.0,0.0,32,256
cube,2.000000,polar,0.0,0.0,4.517e-06,0,32,256
cube,2.000000,polar,3.0587e-05,0.000188133,0.0,0.0,32,256
cube,2.000000,polar,0.0,0.0,6.563e-06,0,32,256
cube,2.000000,polar,2.2217e-05,0.000139004,0.0,0.0,32,256
cube,2.000000,polar,0.0,0.0,4.79e-06,0,32,256
cube,2.000000,polar,1.9504e-05,0.000101273,0.0,0.0,32,256
cube,2.000000,polar,0.0,0.0,5.148e-06,1.318e-06,32,256
cube,2.000000,polar,2.3934e-05,9.939e-05,0.0,0.0,32,256
cube,2.000000,polar,0.0,0.0,5.412e-06,4.641e-06,32,256
cube,2.000000,polar,2.9597e-05,0.000116296,0.0,0.0,32,256
cube,2.000000,polar,0.0,0.0,5.558e-06,8.393e-06,32,256
cube,2.000000,polar,3.4542e-05,0.000159347,0.0,0.0,32,256
cube,2.000000,polar,0.0,0.0,7.93e-06,1.1803e-05,32,256
cube,2.000000,polar,3.186e-05,0.00019282,0.0,0.0,32,256
cube,2.000000,polar,0.0,0.0,7.296e-06,3.398e-06,32,256
cube,2.000000,polar,3.4077e-05,0.000134315,0.0,0.0,32,256
cube,2.000000,polar,0.0,0.0,5.845e-06,9.973e-06,32,256
cube,2.000000,polar,3.8719e-05,0.000217183,0.0,0.0,32,256
cube,2.000000,polar,0.0,0.0,8.71e-06,2.534e-06,32,256
cube,2.000000,polar,2.2033e-05,0.000182877,0.0,0.0,32,256
cube,2.000000,polar,0.0,0.0,4.57e-06,0,32,256
cube,2.000000,polar,3.8413e-05,0.000141501,0.0,0.0,32,256
cube,2.000000,polar,0.0,0.0,7.472e-06,1.2215e-05,32,256
cube,2.000000,polar,3.7296e-05,0.000166894,0.0,0.0,32,256
cube,2.000000,polar,0.0,0.0,7.992e-06,6.176e-06,32,256
cube,2.000000,polar,2.7223e-05,0.000146673,0.0,0.0,32,256
cube,2.000000,polar,0.0,0.0,6.061e-06,3.579e-06,32,256
cube,2.000000,polar,5.0888e-05,0.000116751,0.0,0.0,32,256
cube,2.000000,polar,0.0,0.0,8.281e-06,2.2708e-05,32,256
cube,2.000000,polar,4.4159e-05,0.000199735,0.0,0.0,32,256
cube,2.000000,polar,0.0,0.0,9.504e-06,1.2443e-05,32,256
cube,2.000000,polar,7.1723e-05,0.000251505,0.0,0.0,32,256
cube,2.000000,polar,0.0,0.0,1.1352e-05,3.4859e-05,32,256
cube,2.000000,polar,2.7675e-05,0.000174336,0.0,0.0,32,256
cube,2.000000,polar,0.0,0.0,6.699e-06,2.363e-06,32,256
cube,2.000000,polar,0.000116383,0.00019858,0.0,0.0,32,256
cube,2.000000,polar,0.0,0.0,9.394e-06,7.682e-06,32,256
cube,2.000000,polar,3.1618e-05,7.155e-05,0.0,0.0,32,256
cube,2.000000,polar,0.0,0.0,6.904e-06,1.4105e-05,32,256
cube,2.000000,polar,3.1613e-05,0.000161472,0.0,0.0,32,256
cube,2.000000,polar,0.0,0.0,6.371e-06,6.843e-06,32,256
cube,2.000000,polar,3.3216e-05,0.000130934,0.0,0.0,32,256
cube,2.000000,polar,0.0,0.0,5.595e-06,1.2128e-05,32,256
cube,2.000000,polar,2.9023e-05,0.000166304,0.0,0.0,32,256
cube,2.000000,polar,0.0,0.0,6.226e-06,3.002e-06,32,256
cube,2.000000,polar,3.7889e-05,0.000158653,0.0,0.0,32,256
cube,2.000000,polar,0.0,0.0,7.17e-06,8.79e-06,32,256
cube,2.000000,polar,5.979e-05,8.9401e-05,0.0,0.0,32,256
cube,2.000000,polar,0.0,0.0,9.15e-06,3.3248e-05,32,256
cube,2.000000,polar,2.9472e-05,0.000169317,0.0,0.0,32,256
cube,2.000000,polar,0.0,0.0,6.682e-06,1.18e-07,32,256
cube,2.000000,polar,7.4165e-05,0.00016656,0.0,0.0,32,256
cube,2.000000,polar,0.0,0.0,5.772e-06,0,32,256
cube,2.000000,polar,2.562e-05,0.000129008,0.0,0.0,32,256
cube,2.000000,polar,0.0,0.0,6.179e-06,2.154e-06,32,256
cube,2.000000,polar,2.7031e-05,0.000132132,0.0,0.0,32,256
cube,2.000000,polar,0.0,0.0,4.966e-06,8.095e-06,32,256
cube,2.000000,polar,2.5816e-05,0.000147677,0.0,0.0,32,256
cube,2.000000,polar,0.0,0.0,5.266e-06,2.516e-06,32,256
cube,2.000000,polar,2.1693e-05,0.000127822,0.0,0.0,32,256
cube,2.000000,polar,0.0,0.0,4.433e-06,8.3e-07,32,256
cube,2.000000,polar,2.9312e-05,0.000174173,0.0,0.0,32,256
cube,2.000000,polar,0.0,0.0,7.671e-06,5.07e-07,32,256
cube,2.000000,polar,2.5649e-05,0.000157105,0.0,0.0,32,256
cube,2.000000,polar,0.0,0.0,5.563e-06,1.154e-06,32,256
cube,2.000000,polar,2.2085e-05,0.000137979,0.0,0.0,32,256
cube,2.000000,polar,0.0,0.0,5.042e-06,1.217e-06,32,256
cube,2.000000,polar,2.2376e-05,0.000121255,0.0,0.0,32,256
cube,2.000000,polar,0.0,0.0,5.207e-06,3.345e-06,32,256
cube,2.000000,polar,4.9168e-05,0.000194309,0.0,0.0,32,256
cube,2.000000,polar,0.0,0.0,1.9863e-05,6.684e-06,32,256
cube,2.000000,polar,2.3615e-05,0.000246938,0.0,0.0,32,256
cube,2.000000,polar,0.0,0.0,5.23e-06,2.246e-06,32,256
cube,2.000000,polar,2.2633e-05,0.000124986,0.0,0.0,32,256
cube,2.000000,polar,0.0,0.0,5.509e-06,1.17e-07,32,256
cube,2.000000,polar,2.5114e-05,0.000133621,0.0,0.0,32,256
cube,2.000000,polar,0.0,0.0,5.109e-06,5.211e-06,32,256
cube,2.000000,polar,2.7761e-05,0.000163989,0.0,0.0,32,256
cube,2.000000,polar,0.0,0.0,5.787e-06,0,32,256
cube,2.000000,polar,1.9446e-05,3.0759e-05,0.0,0.0,32,256
cube,2.000000,polar,0.0,0.0,4.025e-06,1.015e-05,32,256
cube,2.000000,polar,1.4436e-05,7.9688e-05,0.0,0.0,32,256
cube,2.000000,polar,0.0,0.0,3.174e-06,1.442e-06,32,256
cube,2.000000,polar,2.1877e-05,0.000102015,0.0,0.0,32,256
cube,2.000000,polar,0.0,0.0,4.922e-06,2.282e-06,32,256
cube,2.000000,polar,3.4712e-05,0.000146723,0.0,0.0,32,256
cube,2.000000,polar,0.0,0.0,7.031e-06,7.827e-06,32,256
cube,2.000000,polar,3.9158e-05,0.000161293,0.0,0.0,32,256
cube,2.000000,polar,0.0,0.0,7.529e-06,8.423e-06,32,256
cube,2.000000,polar,3.1261e-05,0.000190672,0.0,0.0,32,256
cube,2.000000,polar,0.0,0.0,6.856e-06,0,32,256
cube,2.000000,polar,1.8063e-05,0.000114675,0.0,0.0,32,256
cube,2.000000,polar,0.0,0.0,4.099e-06,1.01e-06,32,256
cube,2.000000,polar,2.2083e-05,0.00012074,0.0,0.0,32,256
cube,2.000000,polar,0.0,0.0,4.68e-06,4.399e-06,32,256
cube,2.000000,polar,1.6404e-05,7.6273e-05,0.0,0.0,32,256
cube,2.000000,polar,0.0,0.0,3.956e-06,2.201e-06,32,256
cube,2.000000,polar,3.7031e-05,0.000198123,0.0,0.0,32,256
cube,2.000000,polar,0.0,0.0,8.772e-06,3.03e-06,32,256
cube,2.000000,polar,4.0734e-05,0.000133117,0.0,0.0,32,256
cube,2.000000,polar,0.0,0.0,6.476e-06,5.691e-06,32,256
cube,2.000000,polar,2.2422e-05,0.00013649,0.0,0.0,32,256
cube,2.000000,polar,0.0,0.0,5.059e-06,1.416e-06,32,256
cube,2.000000,polar,3.2167e-05,0.000148942,0.0,0.0,32,256
cube,2.000000,polar,0.0,0.0,8.519e-06,2.154e-06,32,256
cube,2.000000,polar,3.5823e-05,0.000150745,0.0,0.0,32,256
cube,2.000000,polar,0.0,0.0,7.688e-06,1.0821e-05,32,256
cube,2.000000,polar,3.5407e-05,0.000175602,0.0,0.0,32,256
cube,2.000000,polar,0.0,0.0,7.496e-06,4.516e-06,32,256
cube,2.000000,polar,7.1303e-05,0.000185763,0.0,0.0,32,256
cube,2.000000,polar,0.0,0.0,1.039e-05,3.5285e-05,32,256
cube,2.000000,polar,4.8019e-05,0.000327,0.0,0.0,32,256
cube,2.000000,polar,0.0,0.0,7.032e-06,6.102e-06,32,256
cube,2.000000,polar,2.2016e-05,0.00011305,0.0,0.0,32,256
cube,2.000000,polar,0.0,0.0,6.49e-06,2.173e-06,32,256
cube,2.000000,polar,1.2342e-05,5.5812e-05,0.0,0.0,32,256
cube,2.000000,polar,0.0,0.0,3.236e-06,3.354e-06,32,256
cube,2.000000,polar,6.3614e-05,0.00021996,0.0,0.0,32,256
cube,2.000000,polar,0.0,0.0,1.9572e-05,1.74e-06,32,256
cube,2.000000,polar,1.5242e-05,0.000108849,0.0,0.0,32,256
cube,2.000000,polar,0.0,0.0,3.994e-06,2.642e-06,32,256
cube,2.000000,polar,2.9121e-05,0.000207505,0.0,0.0,32,256
cube,2.000000,polar,0.0,0.0,6.605e-06,3.183e-06,32,256
cube,2.000000,polar,2.5277e-05,0.000216564,0.0,0.0,32,256
cube,2.000000,polar,0.0,0.0,5.341e-06,0,32,256
cube,2.000000,polar,3.1044e-05,0.000235204,0.0,0.0,32,256
cube,2.000000,polar,0.0,0.0,7.102e-06,3.634e-06,32,256
cube,2.000000,polar,4.447e-05,0.000197942,0.0,0.0,32,256
cube,2.000000,polar,0.0,0.0,7.215e-06,5.915e-06,32,256
cube,2.000000,polar,3.3673e-05,0.000213926,0.0,0.0,32,256
cube,2.000000,polar,0.0,0.0,7.698e-06,4.869e-06,32,256
cube,2.000000,polar,3.4096e-05,0.00020545,0.0,0.0,32,256
cube,2.000000,polar,0.0,0.0,7.486e-06,3.308e-06,32,256
cube,2.000000,polar,2.6984e-05,0.000155185,0.0,0.0,32,256
cube,2.000000,polar,0.0,0.0,5.88e-06,2.704e-06,32,256
cube,2.000000,polar,2.8997e-05,0.000162901,0.0,0.0,32,256
cube,2.000000,polar,0.0,0.0,6.575e-06,2.309e-06,32,256
cube,2.000000,polar,2.5833e-05,0.000141594,0.0,0.0,32,256
cube,2.000000,polar,0.0,0.0,6.396e-06,2.1e-06,32,256
cube,2.000000,polar,2.9446e-05,0.000104262,0.0,0.0,32,256
cube,2.000000,polar,0.0,0.0,6.303e-06,7.233e-06,32,256
cube,2.000000,polar,3.9886e-05,0.000212915,0.0,0.0,32,256
cube,2.000000,polar,0.0,0.0,9.523e-06,3.361e-06,32,256
cube,2.000000,polar,3.2111e-05,0.000184717,0.0,0.0,32,256
cube,2.000000,polar,0.0,0.0,7.055e-06,2.416e-06,32,256
cube,2.000000,polar,1.3731e-05,6.223e-05,0.0,0.0,32,256
cube,2.000000,polar,0.0,0.0,3.047e-06,1.118e-06,32,256
cube,2.000000,polar,2.6246e-05,0.000124736,0.0,0.0,32,256
cube,2.000000,polar,0.0,0.0,5.515e-06,4.012e-06,32,256
cube,2.000000,polar,1.6843e-05,8.9909e-05,0.0,0.0,32,256
cube,2.000000,polar,0.0,0.0,3.488e-06,1.379e-06,32,256
cube,2.000000,polar,3.4378e-05,0.000175247,0.0,0.0,32,256
cube,2.000000,polar,0.0,0.0,7.422e-06,4.698e-06,32,256
cube,2.000000,polar,2.6121e-05,0.000210152,0.0,0.0,32,256
cube,2.000000,polar,0.0,0.0,5.376e-06,0,32,256
cube,2.000000,polar,3.2221e-05,0.000186055,0.0,0.0,32,256
cube,2.000000,polar,0.0,0.0,7.352e-06,4.77e-06,32,256
cube,2.000000,polar,2.624e-05,0.000146262,0.0,0.0,32,256
cube,2.000000,polar,0.0,0.0,6.031e-06,2.705e-06,32,256
cube,2.000000,polar,1.763e-05,0.00010172,0.0,0.0,32,256
cube,2.000000,polar,0.0,0.0,4.38e-06,1.172e-06,32,256
cube,2.000000,polar,9.952e-06,5.647e-05,0.0,0.0,32,256
cube,2.000000,polar,0.0,0.0,2.572e-06,1.605e-06,32,256
cube,2.000000,polar,2.2991e-05,0.000150714,0.0,0.0,32,256
cube,2.000000,polar,0.0,0.0,5.076e-06,0,32,256
cube,2.000000,polar,2.9622e-05,0.000150821,0.0,0.0,32,256
cube,2.000000,polar,0.0,0.0,7.183e-06,2.921e-06,32,256
cube,2.000000,polar,1.4206e-05,7.4745e-05,0.0,0.0,32,256
cube,2.000000,polar,0.0,0.0,2.975e-06,2.317e-06,32,256
cube,2.000000,polar,2.3036e-05,0.000145929,0.0,0.0,32,256
cube,2.000000,polar,0.0,0.0,5.158e-06,1.154e-06,32,256
cube,2.000000,polar,3.7101e-05,0.000109008,0.0,0.0,32,256
cube,2.000000,polar,0.0,0.0,8.735e-06,7.837e-06,32,256
cube,2.000000,polar,3.7785e-05,0.000153349,0.0,0.0,32,256
cube,2.000000,polar,0.0,0.0,8.961e-06,6.005e-06,32,256
cube,2.000000,polar,4.3186e-05,0.000242452,0.0,0.0,32,256
cube,2.000000,polar,0.0,0.0,1.1739e-05,3.822e-06,32,256
cube,2.000000,polar,2.6055e-05,0.000166229,0.0,0.0,32,256
cube,2.000000,polar,0.0,0.0,7.335e-06,1.398e-06,32,256
cube,2.000000,polar,2.6969e-05,0.000135457,0.0,0.0,32,256
cube,2.000000,polar,0.0,0.0,6.845e-06,2.146e-06,32,256
cube,2.000000,polar,2.9644e-05,0.000125809,0.0,0.0,32,256
cube,2.000000,polar,0.0,0.0,7.214e-06,4.121e-06,32,256
cube,2.000000,polar,3.3658e-05,0.000186681,0.0,0.0,32,256
cube,2.000000,polar,0.0,0.0,8.726e-06,5.384e-06,32,256
cube,2.000000,polar,3.2091e-05,0.000182812,0.0,0.0,32,256
cube,2.000000,polar,0.0,0.0,7.332e-06,3.903e-06,32,256
cube,2.000000,polar,3.6424e-05,8.1969e-05,0.0,0.0,32,256
cube,2.000000,polar,0.0,0.0,5.697e-06,1.9622e-05,32,256
cube,2.000000,polar,2.4475e-05,0.000168576,0.0,0.0,32,256
cube,2.000000,polar,0.0,0.0,4.882e-06,2.714e-06,32,256
cube,2.000000,polar,1.1972e-05,6.0914e-05,0.0,0.0,32,256
cube,2.000000,polar,0.0,0.0,2.805e-06,1.406e-06,32,256
cube,2.000000,polar,2.3034e-05,0.000136843,0.0,0.0,32,256
cube,2.000000,polar,0.0,0.0,5.335e-06,1.37e-06,32,256
cube,2.000000,polar,2.7789e-05,0.000135804,0.0,0.0,32,256
cube,2.000000,polar,0.0,0.0,7.915e-06,1.63e-07,32,256
cube,2.000000,polar,3.2375e-05,0.000185525,0.0,0.0,32,256
cube,2.000000,polar,0.0,0.0,7.843e-06,1.507e-06,32,256
cube,2.000000,polar,2.6379e-05,0.000172936,0.0,0.0,32,256
cube,2.000000,polar,0.0,0.0,5.665e-06,3.823e-06,32,256
cube,2.000000,polar,2.233e-05,0.000127503,0.0,0.0,32,256
cube,2.000000,polar,0.0,0.0,5.603e-06,5.85e-07,32,256
cube,2.000000,polar,2.4775e-05,0.000103788,0.0,0.0,32,256
cube,2.000000,polar,0.0,0.0,4.135e-06,7.898e-06,32,256
cube,2.000000,polar,2.6001e-05,0.000149853,0.0,0.0,32,256
cube,2.000000,polar,0.0,0.0,5.605e-06,1.434e-06,32,256
cube,2.000000,polar,1.36e-05,9.8138e-05,0.0,0.0,32,256
cube,2.000000,polar,0.0,0.0,2.659e-06,0,32,256
cube,2.000000,polar,4.6777e-05,0.000167469,0.0,0.0,32,256
cube,2.000000,polar,0.0,0.0,7.989e-06,1.8162e-05,32,256
cube,2.000000,polar,2.4863e-05,0.000151303,0.0,0.0,32,256
cube,2.000000,polar,0.0,0.0,5.21e-06,1.595e-06,32,256
cube,2.000000,polar,2.3829e-05,9.9455e-05,0.0,0.0,32,256
cube,2.000000,polar,0.0,0.0,4.788e-06,5.03e-06,32,256
cube,2.000000,polar,9.495e-06,4.3742e-05,0.0,0.0,32,256
cube,2.000000,polar,0.0,0.0,2.742e-06,4.24e-07,32,256
cube,2.000000,polar,3.8952e-05,0.000116487,0.0,0.0,32,256
cube,2.000000,polar,0.0,0.0,5.393e-06,1.9414e-05,32,256
cube,2.000000,polar,4.2326e-05,0.000269887,0.0,0.0,32,256
cube,2.000000,polar,0.0,0.0,9.072e-06,5.69e-06,32,256
cube,2.000000,polar,2.6166e-05,9.7336e-05,0.0,0.0,32,256
cube,2.000000,polar,0.0,0.0,4.865e-06,9.722e-06,32,256
cube,2.000000,polar,3.4195e-05,0.000106044,0.0,0.0,32,256
cube,2.000000,polar,0.0,0.0,6.763e-06,9.605e-06,32,256
cube,2.000000,polar,3.0684e-05,0.000128573,0.0,0.0,32,256
cube,2.000000,polar,0.0,0.0,5.888e-06,7.314e-06,32,256
cube,2.000000,polar,2.5392e-05,0.000147337,0.0,0.0,32,256
cube,2.000000,polar,0.0,0.0,6.215e-06,1.54e-07,32,256
cube,2.000000,polar,3.0169e-05,0.00013594,0.0,0.0,32,256
cube,2.000000,polar,0.0,0.0,6.535e-06,6.638e-06,32,256
cube,2.000000,polar,4.2514e-05,0.000200334,0.0,0.0,32,256
cube,2.000000,polar,0.0,0.0,9.615e-06,7.324e-06,32,256
cube,2.000000,polar,3.7385e-05,0.000172618,0.0,0.0,32,256
cube,2.000000,polar,0.0,0.0,8.431e-06,1.274e-05,32,256
cube,2.000000,polar,3.091e-05,0.000176433,0.0,0.0,32,256
cube,2.000000,polar,0.0,0.0,8.04e-06,2.812e-06,32,256
cube,2.000000,polar,2.9717e-05,0.000151855,0.0,0.0,32,256
cube,2.000000,polar,0.0,0.0,6.903e-06,3.182e-06,32,256
cube,2.000000,polar,2.0368e-05,2.6315e-05,0.0,0.0,32,256
cube,2.000000,polar,0.0,0.0,3.726e-06,1.1656e-05,32,256
cube,2.000000,polar,4.1119e-05,0.000209723,0.0,0.0,32,256
cube,2.000000,polar,0.0,0.0,6.678e-06,2.163e-06,32,256
cube,2.000000,polar,2.4396e-05,0.000160945,0.0,0.0,32,256
cube,2.000000,polar,0.0,0.0,5.023e-06,1.785e-06,32,256
cube,2.000000,polar,3.621e-05,8.37e-05,0.0,0.0,32,256
cube,2.000000,polar,0.0,0.0,5.483e-06,1.7647e-05,32,256
cube,2.000000,polar,2.8028e-05,0.000197543,0.0,0.0,32,256
cube,2.000000,polar,0.0,0.0,7.032e-06,1.35e-07,32,256
cube,2.000000,polar,2.7962e-05,0.000199009,0.0,0.0,32,256
cube,2.000000,polar,0.0,0.0,6.508e-06,5.4e-08,32,256
cube,2.000000,polar,4.0192e-05,0.000322182,0.0,0.0,32,256
cube,2.000000,polar,0.0,0.0,9.478e-06,1.704e-06,32,256
cube,2.000000,polar,2.2737e-05,0.000148629,0.0,0.0,32,256
cube,2.000000,polar,0.0,0.0,5.068e-06,3.6e-08,32,256
cube,2.000000,polar,2.6903e-05,0.000103151,0.0,0.0,32,256
cube,2.000000,polar,0.0,0.0,6.082e-06,6.23e-06,32,256
cube,2.000000,polar,3.0646e-05,0.000168194,0.0,0.0,32,256
cube,2.000000,polar,0.0,0.0,7.798e-06,2.363e-06,32,256
cube,2.000000,polar,3.0499e-05,0.000160721,0.0,0.0,32,256
cube,2.000000,polar,0.0,0.0,6.774e-06,2.939e-06,32,256
cube,2.000000,polar,2.8487e-05,0.000125505,0.0,0.0,32,256
cube,2.000000,polar,0.0,0.0,6.45e-06,4.309e-06,32,256
cube,2.000000,polar,2.2547e-05,7.6799e-05,0.0,0.0,32,256
cube,2.000000,polar,0.0,0.0,4.492e-06,7.324e-06,32,256
cube,2.000000,polar,2.309e-05,0.000160369,0.0,0.0,32,256
cube,2.000000,polar,0.0,0.0,4.787e-06,0,32,256
cube,2.000000,polar,2.2192e-05,0.000110294,0.0,0.0,32,256
cube,2.000000,polar,0.0,0.0,4.93e-06,3.994e-06,32,256
cube,2.000000,polar,3.6117e-05,0.000161709,0.0,0.0,32,256
cube,2.000000,polar,0.0,0.0,7.303e-06,9.791e-06,32,256
cube,2.000000,polar,3.3382e-05,0.000139958,0.0,0.0,32,256
cube,2.000000,polar,0.0,0.0,8.224e-06,2.986e-06,32,256
cube,2.000000,polar,2.8064e-05,0.000131818,0.0,0.0,32,256
cube,2.000000,polar,0.0,0.0,6.384e-06,2.607e-06,32,256
cube,2.000000,polar,3.1227e-05,0.00018782,0.0,0.0,32,256
cube,2.000000,polar,0.0,0.0,7.024e-06,1.209e-06,32,256
cube,2.000000,polar,3.5389e-05,0.000175301,0.0,0.0,32,256
cube,2.000000,polar,0.0,0.0,8.542e-06,4.175e-06,32,256
cube,2.000000,polar,2.8075e-05,0.000119184,0.0,0.0,32,256
cube,2.000000,polar,0.0,0.0,6.211e-06,4.823e-06,32,256
cube,2.000000,polar,4.0592e-05,0.000163908,0.0,0.0,32,256
cube,2.000000,polar,0.0,0.0,7.952e-06,1.2706e-05,32,256
cube,2.000000,polar,1.5979e-05,6.0863e-05,0.0,0.0,32,256
cube,2.000000,polar,0.0,0.0,4.156e-06,4.51e-06,32,256
cube,2.000000,polar,3.7299e-05,0.000202841,0.0,0.0,32,256
cube,2.000000,polar,0.0,0.0,7.809e-06,4.228e-06,32,256
cube,2.000000,polar,4.8708e-05,0.000135603,0.0,0.0,32,256
cube,2.000000,polar,0.0,0.0,7.335e-06,4.203e-06,32,256
cube,2.000000,polar,2.7222e-05,0.000150312,0.0,0.0,32,256
cube,2.000000,polar,0.0,0.0,5.633e-06,2.317e-06,32,256
cube,2.000000,polar,3.1108e-05,0.00012371,0.0,0.0,32,256
cube,2.000000,polar,0.0,0.0,6.135e-06,8.015e-06,32,256
cube,2.000000,polar,2.9552e-05,0.000147779,0.0,0.0,32,256
cube,2.000000,polar,0.0,0.0,6.305e-06,4.996e-06,32,256
cube,2.000000,polar,1.8861e-05,0.000105829,0.0,0.0,32,256
cube,2.000000,polar,0.0,0.0,3.732e-06,1.37e-06,32,256
cube,2.000000,polar,2.3213e-05,0.000128476,0.0,0.0,32,256
cube,2.000000,polar,0.0,0.0,5.011e-06,1.217e-06,32,256
cube,2.000000,polar,2.32e-05,0.000157824,0.0,0.0,32,256
cube,2.000000,polar,0.0,0.0,5.619e-06,2.163e-06,32,256
cube,2.000000,polar,2.3058e-05,0.000105813,0.0,0.0,32,256
cube,2.000000,polar,0.0,0.0,5.067e-06,3.93e-06,32,256
cube,2.000000,polar,3.4455e-05,0.000118562,0.0,0.0,32,256
cube,2.000000,polar,0.0,0.0,5.834e-06,1.3265e-05,32,256
cube,2.000000,polar,3.0888e-05,0.000177337,0.0,0.0,32,256
cube,2.000000,polar,0.0,0.0,6.96e-06,3.337e-06,32,256
cube,2.000000,polar,6.438e-06,3.568e-05,0.0,0.0,32,256
cube,2.000000,polar,0.0,0.0,1.344e-06,7.2e-08,32,256
cube,2.000000,polar,3.4346e-05,0.000174883,0.0,0.0,32,256
cube,2.000000,polar,0.0,0.0,8.203e-06,3.733e-06,32,256
cube,2.000000,polar,2.7679e-05,0.000148293,0.0,0.0,32,256
cube,2.000000,polar,0.0,0.0,6.176e-06,4.581e-06,32,256
cube,2.000000,polar,1.8544e-05,0.000118289,0.0,0.0,32,256
cube,2.000000,polar,0.0,0.0,4.552e-06,2.98e-07,32,256
cube,2.000000,polar,3.1188e-05,0.000152862,0.0,0.0,32,256
cube,2.000000,polar,0.0,0.0,6.165e-06,6.267e-06,32,256
cube,2.000000,polar,1.9114e-05,0.00014622,0.0,0.0,32,256
cube,2.000000,polar,0.0,0.0,3.906e-06,0,32,256
cube,2.000000,polar,3.7081e-05,0.000150861,0.0,0.0,32,256
cube,2.000000,polar,0.0,0.0,8.334e-06,4.979e-06,32,256
cube,2.000000,polar,2.2671e-05,0.000123644,0.0,0.0,32,256
cube,2.000000,polar,0.0,0.0,4.921e-06,1.444e-06,32,256
cube,2.000000,polar,1.9295e-05,0.000119912,0.0,0.0,32,256
cube,2.000000,polar,0.0,0.0,3.932e-06,1.209e-06,32,256
cube,2.000000,polar,2.5874e-05,0.00011705,0.0,0.0,32,256
cube,2.000000,polar,0.0,0.0,5.854e-06,4.066e-06,32,256
cube,2.000000,polar,5.5227e-05,0.000178507,0.0,0.0,32,256
cube,2.000000,polar,0.0,0.0,7.714e-06,5.499e-06,32,256
cube,2.000000,polar,3.0312e-05,7.4843e-05,0.0,0.0,32,256
cube,2.000000,polar,0.0,0.0,4.564e-06,1.903e-06,32,256
cube,2.000000,polar,4.4661e-05,0.000273428,0.0,0.0,32,256
cube,2.000000,polar,0.0,0.0,1.0737e-05,5.842e-06,32,256
cube,2.000000,polar,2.3629e-05,0.000167396,0.0,0.0,32,256
cube,2.000000,polar,0.0,0.0,4.933e-06,0,32,256
cube,2.000000,polar,1.8641e-05,9.9993e-05,0.0,0.0,32,256
cube,2.000000,polar,0.0,0.0,3.756e-06,2.84e-06,32,256
cube,2.000000,polar,2.1338e-05,0.000138617,0.0,0.0,32,256
cube,2.000000,polar,0.0,0.0,4.597e-06,0,32,256
cube,2.000000,polar,1.916e-05,0.000115674,0.0,0.0,32,256
cube,2.000000,polar,0.0,0.0,4.449e-06,2.44e-07,32,256
cube,2.000000,polar,3.6494e-05,0.00013963,0.0,0.0,32,256
cube,2.000000,polar,0.0,0.0,6.75e-06,1.2184e-05,32,256
cube,2.000000,polar,2.802e-05,0.000158932,0.0,0.0,32,256
cube,2.000000,polar,0.0,0.0,5.905e-06,4.482e-06,32,256
cube,2.000000,polar,3.6069e-05,0.000110301,0.0,0.0,32,256
cube,2.000000,polar,0.0,0.0,5.863e-06,1.2616e-05,32,256
cube,2.000000,polar,2.8407e-05,0.000153455,0.0,0.0,32,256
cube,2.000000,polar,0.0,0.0,5.044e-06,4.687e-06,32,256
cube,2.000000,polar,2.4667e-05,0.000158414,0.0,0.0,32,256
cube,2.000000,polar,0.0,0.0,5.524e-06,7.75e-07,32,256
cube,2.000000,polar,3.0089e-05,0.000142101,0.0,0.0,32,256
cube,2.000000,polar,0.0,0.0,4.892e-06,1.26e-07,32,256
cube,2.000000,polar,2.7647e-05,0.000235147,0.0,0.0,32,256
cube,2.000000,polar,0.0,0.0,5.122e-06,1.0352e-05,32,256
cube,2.000000,polar,2.845e-05,0.000177582,0.0,0.0,32,256
cube,2.000000,polar,0.0,0.0,6.468e-06,1.533e-06,32,256
cube,2.000000,polar,3.9236e-05,0.000155219,0.0,0.0,32,256
cube,2.000000,polar,0.0,0.0,9.339e-06,6.302e-06,32,256
cube,2.000000,polar,2.2526e-05,9.4786e-05,0.0,0.0,32,256
cube,2.000000,polar,0.0,0.0,4.841e-06,4.934e-06,32,256
cube,2.000000,polar,3.7187e-05,0.000186955,0.0,0.0,32,256
cube,2.000000,polar,0.0,0.0,8.269e-06,3.849e-06,32,256
cube,2.000000,polar,2.6425e-05,0.000119755,0.0,0.0,32,256
cube,2.000000,polar,0.0,0.0,5.942e-06,3.715e-06,32,256
cube,2.000000,polar,2.227e-05,0.000133048,0.0,0.0,32,256
cube,2.000000,polar,0.0,0.0,5.329e-06,2.733e-06,32,256
cube,2.000000,polar,2.8758e-05,0.000154163,0.0,0.0,32,256
cube,2.000000,polar,0.0,0.0,6.085e-06,3.507e-06,32,256
cube,2.000000,polar,4.112e-05,0.000191806,0.0,0.0,32,256
cube,2.000000,polar,0.0,0.0,8.359e-06,6.783e-06,32,256
cube,2.000000,polar,2.3834e-05,0.000215929,0.0,0.0,32,256
cube,2.000000,polar,0.0,0.0,5.456e-06,0,32,256
cube,2.000000,polar,2.6616e-05,0.000161024,0.0,0.0,32,256
cube,2.000000,polar,0.0,0.0,7.17e-06,1.08e-07,32,256
cube,2.000000,polar,2.3413e-05,9.095e-05,0.0,0.0,32,256
cube,2.000000,polar,0.0,0.0,6.175e-06,4.41e-06,32,256
cube,2.000000,polar,2.7301e-05,0.000122007,0.0,0.0,32,256
cube,2.000000,polar,0.0,0.0,5.702e-06,5.481e-06,32,256
cube,2.000000,polar,1.9793e-05,0.00016376,0.0,0.0,32,256
cube,2.000000,polar,0.0,0.0,4.874e-06,1.08e-07,32,256
cube,2.000000,polar,2.8549e-05,0.000174469,0.0,0.0,32,256
cube,2.000000,polar,0.0,0.0,6.698e-06,1.08e-07,32,256
cube,2.000000,polar,3.9148e-05,0.000103803,0.0,0.0,32,256
cube,2.000000,polar,0.0,0.0,6.931e-06,1.6538e-05,32,256
cube,2.000000,polar,2.7717e-05,0.000140106,0.0,0.0,32,256
cube,2.000000,polar,0.0,0.0,6.048e-06,2.823e-06,32,256
cube,2.000000,polar,1.8945e-05,0.000138285,0.0,0.0,32,256
cube,2.000000,polar,0.0,0.0,4.116e-06,0,32,256
cube,2.000000,polar,2.3358e-05,0.000133162,0.0,0.0,32,256
cube,2.000000,polar,0.0,0.0,5.119e-06,0,32,256
cube,2.000000,polar,2.9038e-05,0.000170486,0.0,0.0,32,256
cube,2.000000,polar,0.0,0.0,6.95e-06,3.407e-06,32,256
cube,2.000000,polar,1.645e-05,5.9123e-05,0.0,0.0,32,256
cube,2.000000,polar,0.0,0.0,2.705e-06,6.635e-06,32,256
cube,2.000000,polar,2.6352e-05,0.00013668,0.0,0.0,32,256
cube,2.000000,polar,0.0,0.0,5.912e-06,1.154e-06,32,256
cube,2.000000,polar,2.5504e-05,0.000129886,0.0,0.0,32,256
cube,2.000000,polar,0.0,0.0,7.487e-06,1.434e-06,32,256
cube,2.000000,polar,2.5848e-05,0.000131784,0.0,0.0,32,256
cube,2.000000,polar,0.0,0.0,5.635e-06,3.192e-06,32,256
cube,2.000000,polar,2.2806e-05,0.000138215,0.0,0.0,32,256
cube,2.000000,polar,0.0,0.0,5.294e-06,1.235e-06,32,256
cube,2.000000,polar,2.4456e-05,0.000110401,0.0,0.0,32,256
cube,2.000000,polar,0.0,0.0,5.742e-06,2.416e-06,32,256
cube,2.000000,polar,2.2695e-05,0.000131289,0.0,0.0,32,256
cube,2.000000,polar,0.0,0.0,5.017e-06,4.443e-06,32,256
cube,2.000000,polar,1.3946e-05,2.2833e-05,0.0,0.0,32,256
cube,2.000000,polar,0.0,0.0,3.371e-06,5.761e-06,32,256
cube,2.000000,polar,3.5806e-05,0.00018486,0.0,0.0,32,256
cube,2.000000,polar,0.0,0.0,8.813e-06,4.959e-06,32,256
cube,2.000000,polar,4.773e-05,0.000185005,0.0,0.0,32,256
cube,2.000000,polar,0.0,0.0,1.1177e-05,1.4943e-05,32,256
cube,2.000000,polar,2.5849e-05,0.000170155,0.0,0.0,32,256
cube,2.000000,polar,0.0,0.0,6.348e-06,1.235e-06,32,256
cube,2.000000,polar,4.3772e-05,0.000220798,0.0,0.0,32,256
cube,2.000000,polar,0.0,0.0,9.34e-06,1.0857e-05,32,256
cube,2.000000,polar,3.0003e-05,0.000169713,0.0,0.0,32,256
cube,2.000000,polar,0.0,0.0,7.265e-06,3.47e-06,32,256
cube,2.000000,polar,2.6336e-05,0.000138929,0.0,0.0,32,256
cube,2.000000,polar,0.0,0.0,5.594e-06,2.696e-06,32,256
cube,2.000000,polar,2.8723e-05,0.000171017,0.0,0.0,32,256
cube,2.000000,polar,0.0,0.0,6.352e-06,3.624e-06,32,256
cube,2.000000,polar,3.5694e-05,0.000195292,0.0,0.0,32,256
cube,2.000000,polar,0.0,0.0,8.394e-06,2.01e-06,32,256
cube,2.000000,polar,1.6031e-05,0.000112324,0.0,0.0,32,256
cube,2.000000,polar,0.0,0.0,3.4e-06,0,32,256
cube,2.000000,polar,4.0032e-05,0.000207291,0.0,0.0,32,256
cube,2.000000,polar,0.0,0.0,8.983e-06,4.203e-06,32,256
cube,2.000000,polar,2.6841e-05,0.000126553,0.0,0.0,32,256
cube,2.000000,polar,0.0,0.0,6.117e-06,4.779e-06,32,256
cube,2.000000,polar,1.7364e-05,0.000114978,0.0,0.0,32,256
cube,2.000000,polar,0.0,0.0,3.83e-06,0,32,256
cube,2.000000,polar,2.1963e-05,0.000153216,0.0,0.0,32,256
cube,2.000000,polar,0.0,0.0,5.026e-06,3.6e-08,32,256
cube,2.000000,polar,1.9589e-05,0.000136712,0.0,0.0,32,256
cube,2.000000,polar,0.0,0.0,4.319e-06,1.073e-06,32,256
cube,2.000000,polar,0.000118148,0.000116001,0.0,0.0,32,256
cube,2.000000,polar,0.0,0.0,8.395e-06,9.2776e-05,32,256
cube,2.000000,polar,3.1069e-05,0.000191864,0.0,0.0,32,256
cube,2.000000,polar,0.0,0.0,7.484e-06,3.75e-06,32,256
cube,2.000000,polar,2.8772e-05,0.000183119,0.0,0.0,32,256
cube,2.000000,polar,0.0,0.0,8.494e-06,1.185e-06,32,256
cube,2.000000,polar,3.4904e-05,0.000219846,0.0,0.0,32,256
cube,2.000000,polar,0.0,0.0,7.822e-06,5.221e-06,32,256
cube,2.000000,polar,2.8386e-05,0.000133066,0.0,0.0,32,256
cube,2.000000,polar,0.0,0.0,6.047e-06,5.293e-06,32,256
cube,2.000000,polar,1.8632e-05,0.000103072,0.0,0.0,32,256
cube,2.000000,polar,0.0,0.0,4.645e-06,1.958e-06,32,256
cube,2.000000,polar,1.1803e-05,9.0885e-05,0.0,0.0,32,256
cube,2.000000,polar,0.0,0.0,2.488e-06,0,32,256
cube,2.000000,polar,2.633e-05,0.000170101,0.0,0.0,32,256
cube,2.000000,polar,0.0,0.0,5.383e-06,1.424e-06,32,256
cube,2.000000,polar,5.217e-05,0.000134011,0.0,0.0,32,256
cube,2.000000,polar,0.0,0.0,7.485e-06,2.5517e-05,32,256
cube,2.000000,polar,1.8288e-05,0.000226561,0.0,0.0,32,256
cube,2.000000,polar,0.0,0.0,6.249e-06,6.84e-07,32,256
cube,2.000000,polar,2.1512e-05,0.000151927,0.0,0.0,32,256
cube,2.000000,polar,0.0,0.0,4.958e-06,0,32,256
cube,2.000000,polar,2.3673e-05,0.00011928,0.0,0.0,32,256
cube,2.000000,polar,0.0,0.0,5.278e-06,2.607e-06,32,256
cube,2.000000,polar,1.665e-05,9.4244e-05,0.0,0.0,32,256
cube,2.000000,polar,0.0,0.0,3.437e-06,1.966e-06,32,256
cube,2.000000,polar,1.6557e-05,0.000105403,0.0,0.0,32,256
cube,2.000000,polar,0.0,0.0,3.733e-06,1.407e-06,32,256
cube,2.000000,polar,5.6655e-05,0.000105703,0.0,0.0,32,256
cube,2.000000,polar,0.0,0.0,8.629e-06,3.0024e-05,32,256
cube,2.000000,polar,3.0515e-05,0.000122646,0.0,0.0,32,256
cube,2.000000,polar,0.0,0.0,5.406e-06,8.845e-06,32,256
cube,2.000000,polar,2.6515e-05,0.000174318,0.0,0.0,32,256
cube,2.000000,polar,0.0,0.0,5.684e-06,4.274e-06,32,256
cube,2.000000,polar,2.5515e-05,0.000141922,0.0,0.0,32,256
cube,2.000000,polar,0.0,0.0,5.81e-06,0,32,256
cube,2.000000,polar,2.7531e-05,0.000151821,0.0,0.0,32,256
cube,2.000000,polar,0.0,0.0,6.193e-06,1.425e-06,32,256
cube,2.000000,polar,2.8725e-05,0.000147145,0.0,0.0,32,256
cube,2.000000,polar,0.0,0.0,6.625e-06,1.38e-06,32,256
cube,2.000000,polar,3.1721e-05,0.000170122,0.0,0.0,32,256
cube,2.000000,polar,0.0,0.0,8.418e-06,2.75e-06,32,256
cube,2.000000,polar,2.8584e-05,0.000114781,0.0,0.0,32,256
cube,2.000000,polar,0.0,0.0,7.115e-06,6.132e-06,32,256
cube,2.000000,polar,2.6486e-05,0.000177344,0.0,0.0,32,256
cube,2.000000,polar,0.0,0.0,6.21e-06,1.08e-07,32,256
cube,2.000000,polar,2.3398e-05,0.00010534,0.0,0.0,32,256
cube,2.000000,polar,0.0,0.0,6.551e-06,3.014e-06,32,256
cube,2.000000,polar,2.4415e-05,0.000166237,0.0,0.0,32,256
cube,2.000000,polar,0.0,0.0,5.125e-06,0,32,256
cube,2.000000,polar,5.5747e-05,0.000138624,0.0,0.0,32,256
cube,2.000000,polar,0.0,0.0,6.99e-06,6.203e-06,32,256
cube,2.000000,polar,2.1567e-05,0.000102869,0.0,0.0,32,256
cube,2.000000,polar,0.0,0.0,4.779e-06,2.254e-06,32,256
cube,2.000000,polar,2.5427e-05,0.000124753,0.0,0.0,32,256
cube,2.000000,polar,0.0,0.0,5.833e-06,1.597e-06,32,256
cube,2.000000,polar,2.1936e-05,0.000179588,0.0,0.0,32,256
cube,2.000000,polar,0.0,0.0,5.073e-06,1.29e-06,32,256
cube,2.000000,polar,5.6205e-05,4.8292e-05,0.0,0.0,32,256
cube,2.000000,polar,0.0,0.0,7.961e-06,3.6054e-05,32,256
cube,2.000000,polar,3.3191e-05,0.00015822,0.0,0.0,32,256
cube,2.000000,polar,0.0,0.0,7.672e-06,3.762e-06,32,256
cube,2.000000,polar,3.7736e-05,0.000148504,0.0,0.0,32,256
cube,2.000000,polar,0.0,0.0,6.483e-06,2.849e-06,32,256
cube,2.000000,polar,5.0146e-05,0.000142159,0.0,0.0,32,256
cube,2.000000,polar,0.0,0.0,8.535e-06,2.2823e-05,32,256
cube,2.000000,polar,1.8929e-05,0.000115891,0.0,0.0,32,256
cube,2.000000,polar,0.0,0.0,4.355e-06,0,32,256
cube,2.000000,polar,2.3502e-05,0.000113131,0.0,0.0,32,256
cube,2.000000,polar,0.0,0.0,5.073e-06,0,32,256
cube,2.000000,polar,3.3846e-05,0.000179974,0.0,0.0,32,256
cube,2.000000,polar,0.0,0.0,7.499e-06,3.057e-06,32,256
cube,2.000000,polar,3.7273e-05,0.00014885,0.0,0.0,32,256
cube,2.000000,polar,0.0,0.0,8.762e-06,6.103e-06,32,256
cube,2.000000,polar,2.8698e-05,0.000138185,0.0,0.0,32,256
cube,2.000000,polar,0.0,0.0,7.116e-06,6.03e-07,32,256
cube,2.000000,polar,2.3091e-05,0.000151286,0.0,0.0,32,256
cube,2.000000,polar,0.0,0.0,5.121e-06,4.5e-08,32,256
cube,2.000000,polar,3.3726e-05,0.000192702,0.0,0.0,32,256
cube,2.000000,polar,0.0,0.0,7.227e-06,1.56e-06,32,256
cube,2.000000,polar,3.486e-05,0.000185332,0.0,0.0,32,256
cube,2.000000,polar,0.0,0.0,7.123e-06,4.842e-06,32,256
cube,2.000000,polar,4.8651e-05,0.000222031,0.0,0.0,32,256
cube,2.000000,polar,0.0,0.0,1.1765e-05,1.0416e-05,32,256
cube,2.000000,polar,2.6619e-05,0.000120461,0.0,0.0,32,256
cube,2.000000,polar,0.0,0.0,6.435e-06,3.274e-06,32,256
cube,2.000000,polar,4.2216e-05,0.000220853,0.0,0.0,32,256
cube,2.000000,polar,0.0,0.0,9.3e-06,3.932e-06,32,256
cube,2.000000,polar,3.6496e-05,0.000128924,0.0,0.0,32,256
cube,2.000000,polar,0.0,0.0,7.364e-06,1.0637e-05,32,256
cube,2.000000,polar,3.8817e-05,0.000199472,0.0,0.0,32,256
cube,2.000000,polar,0.0,0.0,8.446e-06,2.083e-06,32,256
cube,2.000000,polar,2.8695e-05,0.000158655,0.0,0.0,32,256
cube,2.000000,polar,0.0,0.0,6.537e-06,1.659e-06,32,256
cube,2.000000,polar,1.5502e-05,8.8152e-05,0.0,0.0,32,256
cube,2.000000,polar,0.0,0.0,3.748e-06,2.25e-07,32,256
cube,2.000000,polar,4.144e-05,0.00014252,0.0,0.0,32,256
cube,2.000000,polar,0.0,0.0,8.045e-06,1.2513e-05,32,256
cube,2.000000,polar,2.4188e-05,3.1121e-05,0.0,0.0,32,256
cube,2.000000,polar,0.0,0.0,3.731e-06,1.4517e-05,32,256
cube,2.000000,polar,2.0641e-05,0.000142777,0.0,0.0,32,256
cube,2.000000,polar,0.0,0.0,4.599e-06,9.56e-07,32,256
cube,2.000000,polar,3.2371e-05,0.000136845,0.0,0.0,32,256
cube,2.000000,polar,0.0,0.0,7.256e-06,6.332e-06,32,256
cube,2.000000,polar,3.5157e-05,0.000213098,0.0,0.0,32,256
cube,2.000000,polar,0.0,0.0,9.707e-06,1.009e-06,32,256
cube,2.000000,polar,3.0264e-05,0.00021741,0.0,0.0,32,256
cube,2.000000,polar,0.0,0.0,6.506e-06,0,32,256
cube,2.000000,polar,3.3818e-05,0.000172745,0.0,0.0,32,256
cube,2.000000,polar,0.0,0.0,1.1804e-05,2.352e-06,32,256
cube,2.000000,polar,3.0953e-05,0.00014998,0.0,0.0,32,256
cube,2.000000,polar,0.0,0.0,6.925e-06,3.209e-06,32,256
cube,2.000000,polar,2.8776e-05,0.000148227,0.0,0.0,32,256
cube,2.000000,polar,0.0,0.0,6.622e-06,3.436e-06,32,256
cube,2.000000,polar,0.000154411,0.000200226,0.0,0.0,32,256
cube,2.000000,polar,0.0,0.0,6.4742e-05,6.6829e-05,32,256
cube,2.000000,polar,3.0037e-05,0.000193611,0.0,0.0,32,256
cube,2.000000,polar,0.0,0.0,6.947e-06,2.083e-06,32,256
cube,2.000000,polar,1.1151e-05,9.8561e-05,0.0,0.0,32,256
cube,2.000000,polar,0.0,0.0,2.621e-06,0,32,256
cube,2.000000,polar,3.8412e-05,0.000234007,0.0,0.0,32,256
cube,2.000000,polar,0.0,0.0,1.0322e-05,4.41e-06,32,256
cube,2.000000,polar,2.6288e-05,0.00018732,0.0,0.0,32,256
cube,2.000000,polar,0.0,0.0,5.712e-06,3.6e-08,32,256
cube,2.000000,polar,2.4675e-05,0.000138238,0.0,0.0,32,256
cube,2.000000,polar,0.0,0.0,5.785e-06,1.253e-06,32,256
cube,2.000000,polar,3.1646e-05,0.000169409,0.0,0.0,32,256
cube,2.000000,polar,0.0,0.0,6.917e-06,6.06e-06,32,256
cube,2.000000,polar,3.5953e-05,0.000136786,0.0,0.0,32,256
cube,2.000000,polar,0.0,0.0,7.414e-06,9.072e-06,32,256
cube,2.000000,polar,2.6475e-05,0.000120481,0.0,0.0,32,256
cube,2.000000,polar,0.0,0.0,6.131e-06,2.687e-06,32,256
cube,2.000000,polar,2.2914e-05,8.4823e-05,0.0,0.0,32,256
cube,2.000000,polar,0.0,0.0,5.642e-06,4.643e-06,32,256
cube,2.000000,polar,3.9055e-05,0.000117681,0.0,0.0,32,256
cube,2.000000,polar,0.0,0.0,5.481e-06,1.8078e-05,32,256
cube,2.000000,polar,2.2539e-05,0.000119864,0.0,0.0,32,256
cube,2.000000,polar,0.0,0.0,4.674e-06,2.111e-06,32,256
cube,2.000000,polar,2.875e-05,0.000140587,0.0,0.0,32,256
cube,2.000000,polar,0.0,0.0,6.179e-06,2.885e-06,32,256
cube,2.000000,polar,3.0576e-05,0.00014405,0.0,0.0,32,256
cube,2.000000,polar,0.0,0.0,6.423e-06,5.546e-06,32,256
cube,2.000000,polar,3.6706e-05,0.000186403,0.0,0.0,32,256
cube,2.000000,polar,0.0,0.0,8.22e-06,5.808e-06,32,256
cube,2.000000,polar,3.9192e-05,0.000197893,0.0,0.0,32,256
cube,2.000000,polar,0.0,0.0,8.614e-06,4.5e-06,32,256
cube,2.000000,polar,5.7087e-05,9.4462e-05,0.0,0.0,32,256
cube,2.000000,polar,0.0,0.0,8.114e-06,3.2759e-05,32,256
cube,2.000000,polar,1.9554e-05,0.000123321,0.0,0.0,32,256
cube,2.000000,polar,0.0,0.0,4.212e-06,0,32,256
cube,2.000000,polar,2.3477e-05,0.00012868,0.0,0.0,32,256
cube,2.000000,polar,0.0,0.0,5.358e-06,2.813e-06,32,256
cube,2.000000,polar,3.4751e-05,0.000133598,0.0,0.0,32,256
cube,2.000000,polar,0.0,0.0,7.383e-06,7.032e-06,32,256
cube,2.000000,polar,1.6107e-05,0.000108437,0.0,0.0,32,256
cube,2.000000,polar,0.0,0.0,3.649e-06,0,32,256
cube,2.000000,polar,2.7993e-05,0.000163512,0.0,0.0,32,256
cube,2.000000,polar,0.0,0.0,6.412e-06,3.48e-06,32,256
cube,2.000000,polar,3.4632e-05,0.000130849,0.0,0.0,32,256
cube,2.000000,polar,0.0,0.0,6.634e-06,1.0117e-05,32,256
cube,2.000000,polar,2.927e-05,0.000131717,0.0,0.0,32,256
cube,2.000000,polar,0.0,0.0,7.289e-06,4.309e-06,32,256
cube,2.000000,polar,4.6624e-05,9.6423e-05,0.0,0.0,32,256
cube,2.000000,polar,0.0,0.0,8.52e-06,1.4734e-05,32,256
cube,2.000000,polar,2.9949e-05,0.000148893,0.0,0.0,32,256
cube,2.000000,polar,0.0,0.0,7.356e-06,2.876e-06,32,256
cube,2.000000,polar,2.5085e-05,0.000130688,0.0,0.0,32,256
cube,2.000000,polar,0.0,0.0,5.496e-06,1.812e-06,32,256
cube,2.000000,polar,2.2995e-05,0.000130567,0.0,0.0,32,256
cube,2.000000,polar,0.0,0.0,4.932e-06,2.272e-06,32,256
cube,2.000000,polar,3.0295e-05,3.6241e-05,0.0,0.0,32,256
cube,2.000000,polar,0.0,0.0,4.149e-06,1.9428e-05,32,256
cube,2.000000,polar,2.6779e-05,0.000160745,0.0,0.0,32,256
cube,2.000000,polar,0.0,0.0,6.114e-06,1.263e-06,32,256
cube,2.000000,polar,1.0416e-05,7.6172e-05,0.0,0.0,32,256
cube,2.000000,polar,0.0,0.0,2.607e-06,0,32,256
cube,2.000000,polar,1.2338e-05,7.775e-05,0.0,0.0,32,256
cube,2.000000,polar,0.0,0.0,3.02e-06,1.89e-07,32,256
cube,2.000000,polar,2.4237e-05,0.000161449,0.0,0.0,32,256
cube,2.000000,polar,0.0,0.0,5.387e-06,1.281e-06,32,256
cube,2.000000,polar,1.5885e-05,6.8979e-05,0.0,0.0,32,256
cube,2.000000,polar,0.0,0.0,3.154e-06,4.689e-06,32,256
cube,2.000000,polar,2.3805e-05,0.000159061,0.0,0.0,32,256
cube,2.000000,polar,0.0,0.0,5.326e-06,2.01e-06,32,256
cube,2.000000,polar,2.2837e-05,0.000120778,0.0,0.0,32,256
cube,2.000000,polar,0.0,0.0,5.294e-06,1.677e-06,32,256
cube,2.000000,polar,2.3699e-05,0.000150522,0.0,0.0,32,256
cube,2.000000,polar,0.0,0.0,4.909e-06,0,32,256
cube,2.000000,polar,2.1135e-05,0.000133637,0.0,0.0,32,256
cube,2.000000,polar,0.0,0.0,4.578e-06,1.289e-06,32,256
cube,2.000000,polar,3.4856e-05,0.000172142,0.0,0.0,32,256
cube,2.000000,polar,0.0,0.0,7.461e-06,8.08e-06,32,256
cube,2.000000,polar,2.331e-05,0.000124516,0.0,0.0,32,256
cube,2.000000,polar,0.0,0.0,5.617e-06,6.202e-06,32,256
cube,2.000000,polar,2.4243e-05,0.00010617,0.0,0.0,32,256
cube,2.000000,polar,0.0,0.0,4.57e-06,5.527e-06,32,256
cube,2.000000,polar,3.9221e-05,0.000119862,0.0,0.0,32,256
cube,2.000000,polar,0.0,0.0,6.231e-06,1.6887e-05,32,256
cube,2.000000,polar,3.288e-05,0.000182486,0.0,0.0,32,256
cube,2.000000,polar,0.0,0.0,7.404e-06,1.469e-06,32,256
cube,2.000000,polar,1.9208e-05,0.000104301,0.0,0.0,32,256
cube,2.000000,polar,0.0,0.0,4.652e-06,1.26e-07,32,256
cube,2.000000,polar,3.8974e-05,0.000155966,0.0,0.0,32,256
cube,2.000000,polar,0.0,0.0,8.801e-06,5.788e-06,32,256
cube,2.000000,polar,1.826e-05,9.8665e-05,0.0,0.0,32,256
cube,2.000000,polar,0.0,0.0,3.486e-06,3.246e-06,32,256
cube,2.000000,polar,2.4739e-05,0.000125597,0.0,0.0,32,256
cube,2.000000,polar,0.0,0.0,5.032e-06,2.886e-06,32,256
cube,2.000000,polar,3.0789e-05,0.000183822,0.0,0.0,32,256
cube,2.000000,polar,0.0,0.0,6.76e-06,3.6e-08,32,256
cube,2.000000,polar,2.606e-05,0.000131738,0.0,0.0,32,256
cube,2.000000,polar,0.0,0.0,5.645e-06,3.129e-06,32,256
cube,2.000000,polar,3.6353e-05,0.000146858,0.0,0.0,32,256
cube,2.000000,polar,0.0,0.0,7.629e-06,8.449e-06,32,256
cube,2.000000,polar,2.0076e-05,0.000118625,0.0,0.0,32,256
cube,2.000000,polar,0.0,0.0,4.56e-06,2.155e-06,32,256
cube,2.000000,polar,5.9554e-05,0.000198435,0.0,0.0,32,256
cube,2.000000,polar,0.0,0.0,1.1103e-05,1.8415e-05,32,256
cube,2.000000,polar,3.0834e-05,0.000160197,0.0,0.0,32,256
cube,2.000000,polar,0.0,0.0,6.493e-06,5.276e-06,32,256
cube,2.000000,polar,2.6744e-05,0.000155888,0.0,0.0,32,256
cube,2.000000,polar,0.0,0.0,5.887e-06,2.398e-06,32,256
cube,2.000000,polar,2.405e-05,0.000106679,0.0,0.0,32,256
cube,2.000000,polar,0.0,0.0,5.085e-06,4.167e-06,32,256
cube,2.000000,polar,2.7173e-05,0.000127576,0.0,0.0,32,256
cube,2.000000,polar,0.0,0.0,5.448e-06,6.916e-06,32,256
cube,2.000000,polar,1.7119e-05,8.2407e-05,0.0,0.0,32,256
cube,2.000000,polar,0.0,0.0,3.254e-06,2.516e-06,32,256
cube,2.000000,polar,2.4332e-05,0.00012609,0.0,0.0,32,256
cube,2.000000,polar,0.0,0.0,5.654e-06,1.813e-06,32,256
cube,2.000000,polar,2.45e-05,0.000134046,0.0,0.0,32,256
cube,2.000000,polar,0.0,0.0,5.17e-06,2.227e-06,32,256
cube,2.000000,polar,3.6766e-05,0.000128317,0.0,0.0,32,256
cube,2.000000,polar,0.0,0.0,7.743e-06,9.027e-06,32,256
cube,2.000000,polar,2.2335e-05,0.000152593,0.0,0.0,32,256
cube,2.000000,polar,0.0,0.0,5.021e-06,0,32,256
cube,2.000000,polar,3.2205e-05,0.000144914,0.0,0.0,32,256
cube,2.000000,polar,0.0,0.0,7.017e-06,7.511e-06,32,256
cube,2.000000,polar,2.3587e-05,0.000195791,0.0,0.0,32,256
cube,2.000000,polar,0.0,0.0,5.937e-06,1.532e-06,32,256
cube,2.000000,polar,3.4255e-05,0.000199395,0.0,0.0,32,256
cube,2.000000,polar,0.0,0.0,7.329e-06,2.074e-06,32,256
cube,2.000000,polar,1.7479e-05,9.5312e-05,0.0,0.0,32,256
cube,2.000000,polar,0.0,0.0,3.633e-06,3.417e-06,32,256
cube,2.000000,polar,3.2137e-05,0.000110403,0.0,0.0,32,256
cube,2.000000,polar,0.0,0.0,6.369e-06,6.87e-06,32,256
cube,2.000000,polar,3.769e-06,4.518e-06,0.0,0.0,32,256
cube,2.000000,polar,0.0,0.0,5.24e-07,2.561e-06,32,256
cube,2.000000,polar,2.8169e-05,9.5835e-05,0.0,0.0,32,256
cube,2.000000,polar,0.0,0.0,4.954e-06,9.828e-06,32,256
cube,2.000000,polar,1.7712e-05,3.0838e-05,0.0,0.0,32,256
cube,2.000000,polar,0.0,0.0,4.236e-06,5.249e-06,32,256
cube,2.000000,polar,2.583e-05,0.000144712,0.0,0.0,32,256
cube,2.000000,polar,0.0,0.0,5.186e-06,4.662e-06,32,256
cube,2.000000,polar,2.0387e-05,7.4578e-05,0.0,0.0,32,256
cube,2.000000,polar,0.0,0.0,3.983e-06,5.175e-06,32,256
cube,2.000000,polar,2.5092e-05,0.000138104,0.0,0.0,32,256
cube,2.000000,polar,0.0,0.0,6.073e-06,3.6e-08,32,256
cube,2.000000,polar,3.3254e-05,0.000180384,0.0,0.0,32,256
cube,2.000000,polar,0.0,0.0,7.658e-06,1.426e-06,32,256
cube,2.000000,polar,3.0678e-05,0.000174437,0.0,0.0,32,256
cube,2.000000,polar,0.0,0.0,7.732e-06,2.019e-06,32,256
cube,2.000000,polar,1.0041e-05,6.1397e-05,0.0,0.0,32,256
cube,2.000000,polar,0.0,0.0,2.806e-06,2.71e-07,32,256
cube,2.000000,polar,3.6688e-05,0.000188132,0.0,0.0,32,256
cube,2.000000,polar,0.0,0.0,8.606e-06,3.372e-06,32,256
cube,2.000000,polar,6.2475e-05,0.000200179,0.0,0.0,32,256
cube,2.000000,polar,0.0,0.0,1.0022e-05,3.0101e-05,32,256
cube,2.000000,polar,2.5264e-05,0.0001586,0.0,0.0,32,256
cube,2.000000,polar,0.0,0.0,5.876e-06,1.262e-06,32,256
cube,2.000000,polar,3.1995e-05,0.00014753,0.0,0.0,32,256
cube,2.000000,polar,0.0,0.0,6.932e-06,4.247e-06,32,256
cube,2.000000,polar,2.1342e-05,0.000121816,0.0,0.0,32,256
cube,2.000000,polar,0.0,0.0,4.233e-06,2.489e-06,32,256
cube,2.000000,polar,1.623e-05,9.3382e-05,0.0,0.0,32,256
cube,2.000000,polar,0.0,0.0,3.577e-06,0,32,256
cube,2.000000,polar,2.3152e-05,0.000126509,0.0,0.0,32,256
cube,2.000000,polar,0.0,0.0,4.705e-06,4.293e-06,32,256
cube,2.000000,polar,2.8597e-05,0.00013846,0.0,0.0,32,256
cube,2.000000,polar,0.0,0.0,6.606e-06,7.69e-06,32,256
cube,2.000000,polar,3.1065e-05,0.000152149,0.0,0.0,32,256
cube,2.000000,polar,0.0,0.0,9.121e-06,5.349e-06,32,256
cube,2.000000,polar,3.4456e-05,0.000162175,0.0,0.0,32,256
cube,2.000000,polar,0.0,0.0,9.267e-06,5.142e-06,32,256
cube,2.000000,polar,3.172e-05,0.000187674,0.0,0.0,32,256
cube,2.000000,polar,0.0,0.0,8.445e-06,3.852e-06,32,256
cube,2.000000,polar,2.0908e-05,0.000219207,0.0,0.0,32,256
cube,2.000000,polar,0.0,0.0,4.211e-06,5.121e-06,32,256
cube,2.000000,polar,2.1645e-05,0.000140285,0.0,0.0,32,256
cube,2.000000,polar,0.0,0.0,4.705e-06,3.6e-08,32,256
cube,2.000000,polar,1.7499e-05,9.2887e-05,0.0,0.0,32,256
cube,2.000000,polar,0.0,0.0,3.717e-06,3.849e-06,32,256
cube,2.000000,polar,2.5309e-05,0.000173245,0.0,0.0,32,256
cube,2.000000,polar,0.0,0.0,5.689e-06,3.7e-08,32,256
cube,2.000000,polar,2.811e-05,8.9215e-05,0.0,0.0,32,256
cube,2.000000,polar,0.0,0.0,5.002e-06,9.191e-06,32,256
cube,2.000000,polar,3.0579e-05,0.000135912,0.0,0.0,32,256
cube,2.000000,polar,0.0,0.0,7.765e-06,2.354e-06,32,256
cube,2.000000,polar,3.4416e-05,9.8061e-05,0.0,0.0,32,256
cube,2.000000,polar,0.0,0.0,6.113e-06,1.3513e-05,32,256
cube,2.000000,polar,3.2346e-05,0.00015782,0.0,0.0,32,256
cube,2.000000,polar,0.0,0.0,7.463e-06,4.97e-06,32,256
cube,2.000000,polar,2.5527e-05,0.00016169,0.0,0.0,32,256
cube,2.000000,polar,0.0,0.0,5.568e-06,1.533e-06,32,256
cube,2.000000,polar,3.0405e-05,0.000148375,0.0,0.0,32,256
cube,2.000000,polar,0.0,0.0,5.929e-06,7.088e-06,32,256
cube,2.000000,polar,2.8934e-05,0.000173971,0.0,0.0,32,256
cube,2.000000,polar,0.0,0.0,6.249e-06,1.831e-06,32,256
cube,2.000000,polar,3.2267e-05,0.000173051,0.0,0.0,32,256
cube,2.000000,polar,0.0,0.0,7.02e-06,4.849e-06,32,256
cube,2.000000,polar,3.104e-05,0.000203944,0.0,0.0,32,256
cube,2.000000,polar,0.0,0.0,7.224e-06,1.353e-06,32,256
cube,2.000000,polar,2.7098e-05,9.1402e-05,0.0,0.0,32,256
cube,2.000000,polar,0.0,0.0,5.556e-06,9.116e-06,32,256
cube,2.000000,polar,3.2962e-05,0.000160341,0.0,0.0,32,256
cube,2.000000,polar,0.0,0.0,6.979e-06,4.643e-06,32,256
cube,2.000000,polar,1.9951e-05,0.00013429,0.0,0.0,32,256
cube,2.000000,polar,0.0,0.0,4.229e-06,0,32,256
cube,2.000000,polar,2.7545e-05,0.000116267,0.0,0.0,32,256
cube,2.000000,polar,0.0,0.0,5.87e-06,5.221e-06,32,256
cube,2.000000,polar,2.8148e-05,0.000115685,0.0,0.0,32,256
cube,2.000000,polar,0.0,0.0,6.028e-06,5.04e-06,32,256
cube,2.000000,polar,2.8295e-05,0.000127477,0.0,0.0,32,256
cube,2.000000,polar,0.0,0.0,6.018e-06,4.463e-06,32,256
cube,2.000000,polar,2.7842e-05,0.000111412,0.0,0.0,32,256
cube,2.000000,polar,0.0,0.0,4.445e-06,8.384e-06,32,256
cube,2.000000,polar,2.7911e-05,0.000141879,0.0,0.0,32,256
cube,2.000000,polar,0.0,0.0,6.308e-06,2.119e-06,32,256
cube,2.000000,polar,2.6115e-05,0.000138093,0.0,0.0,32,256
cube,2.000000,polar,0.0,0.0,5.719e-06,3.769e-06,32,256
cube,2.000000,polar,3.5855e-05,0.000189088,0.0,0.0,32,256
cube,2.000000,polar,0.0,0.0,7.688e-06,3.789e-06,32,256
cube,2.000000,polar,5.8188e-05,0.000275974,0.0,0.0,32,256
cube,2.000000,polar,0.0,0.0,1.4725e-05,8.853e-06,32,256
cube,2.000000,polar,2.841e-05,0.000216688,0.0,0.0,32,256
cube,2.000000,polar,0.0,0.0,6.847e-06,2.38e-06,32,256
cube,2.000000,polar,2.4248e-05,0.000148268,0.0,0.0,32,256
cube,2.000000,polar,0.0,0.0,5.202e-06,2.93e-06,32,256
cube,2.000000,polar,3.9292e-05,0.000137445,0.0,0.0,32,256
cube,2.000000,polar,0.0,0.0,7.427e-06,1.6031e-05,32,256
cube,2.000000,polar,2.7754e-05,0.000177806,0.0,0.0,32,256
cube,2.000000,polar,0.0,0.0,6.219e-06,1.623e-06,32,256
cube,2.000000,polar,2.3286e-05,0.000148088,0.0,0.0,32,256
cube,2.000000,polar,0.0,0.0,4.961e-06,1.109e-06,32,256
cube,2.000000,polar,2.7498e-05,0.000123023,0.0,0.0,32,256
cube,2.000000,polar,0.0,0.0,6.401e-06,3.074e-06,32,256
cube,2.000000,polar,2.8882e-05,0.000168313,0.0,0.0,32,256
cube,2.000000,polar,0.0,0.0,4.867e-06,7.042e-06,32,256
cube,2.000000,polar,4.3235e-05,0.000193223,0.0,0.0,32,256
cube,2.000000,polar,0.0,0.0,9.558e-06,9.007e-06,32,256
cube,2.000000,polar,2.0332e-05,0.00020852,0.0,0.0,32,256
cube,2.000000,polar,0.0,0.0,4.539e-06,0,32,256
cube,2.000000,polar,2.0654e-05,0.000178981,0.0,0.0,32,256
cube,2.000000,polar,0.0,0.0,4.505e-06,0,32,256
cube,2.000000,polar,4.5818e-05,0.000242595,0.0,0.0,32,256
cube,2.000000,polar,0.0,0.0,1.3333e-05,4.148e-06,32,256
cube,2.000000,polar,2.6066e-05,0.000152544,0.0,0.0,32,256
cube,2.000000,polar,0.0,0.0,5.576e-06,3.345e-06,32,256
cube,2.000000,polar,5.8049e-05,0.000104463,0.0,0.0,32,256
cube,2.000000,polar,0.0,0.0,9.134e-06,2.9635e-05,32,256
cube,2.000000,polar,4.2895e-05,0.000110686,0.0,0.0,32,256
cube,2.000000,polar,0.0,0.0,8.995e-06,1.6111e-05,32,256
cube,2.000000,polar,2.4458e-05,0.000183785,0.0,0.0,32,256
cube,2.000000,polar,0.0,0.0,5.798e-06,1.218e-06,32,256
cube,2.000000,polar,2.3193e-05,0.000137867,0.0,0.0,32,256
cube,2.000000,polar,0.0,0.0,5.135e-06,2.13e-06,32,256
cube,2.000000,polar,2.0577e-05,9.5603e-05,0.0,0.0,32,256
cube,2.000000,polar,0.0,0.0,4.528e-06,3.896e-06,32,256
cube,2.000000,polar,3.2145e-05,0.000157862,0.0,0.0,32,256
cube,2.000000,polar,0.0,0.0,4.741e-06,1.604e-06,32,256
cube,2.000000,polar,2.6301e-05,0.000186556,0.0,0.0,32,256
cube,2.000000,polar,0.0,0.0,5.878e-06,2.488e-06,32,256
cube,2.000000,polar,1.7988e-05,7.6032e-05,0.0,0.0,32,256
cube,2.000000,polar,0.0,0.0,3.787e-06,3.264e-06,32,256
cube,2.000000,polar,3.6893e-05,0.000131739,0.0,0.0,32,256
cube,2.000000,polar,0.0,0.0,6.74e-06,9.252e-06,32,256
cube,2.000000,polar,1.7765e-05,3.9136e-05,0.0,0.0,32,256
cube,2.000000,polar,0.0,0.0,3.452e-06,8.043e-06,32,256
cube,2.000000,polar,2.8788e-05,0.000187211,0.0,0.0,32,256
cube,2.000000,polar,0.0,0.0,6.431e-06,1.028e-06,32,256
cube,2.000000,polar,2.7616e-05,0.000120825,0.0,0.0,32,256
cube,2.000000,polar,0.0,0.0,5.294e-06,7.268e-06,32,256
cube,2.000000,polar,5.345e-06,2.0567e-05,0.0,0.0,32,256
cube,2.000000,polar,0.0,0.0,1.216e-06,9.65e-07,32,256
cube,2.000000,polar,3.5836e-05,0.000200146,0.0,0.0,32,256
cube,2.000000,polar,0.0,0.0,8.248e-06,3.616e-06,32,256
cube,2.000000,polar,2.8915e-05,0.000184586,0.0,0.0,32,256
cube,2.000000,polar,0.0,0.0,6.544e-06,3.678e-06,32,256
cube,2.000000,polar,2.2865e-05,0.000134103,0.0,0.0,32,256
cube,2.000000,polar,0.0,0.0,4.771e-06,3.6e-08,32,256
cube,2.000000,polar,6.328e-06,3.8243e-05,0.0,0.0,32,256
cube,2.000000,polar,0.0,0.0,1.651e-06,2.7e-08,32,256
cube,2.000000,polar,2.6926e-05,0.000164381,0.0,0.0,32,256
cube,2.000000,polar,0.0,0.0,6.938e-06,3.43e-07,32,256
cube,2.000000,polar,3.0317e-05,0.000179342,0.0,0.0,32,256
cube,2.000000,polar,0.0,0.0,6.699e-06,4.148e-06,32,256
cube,2.000000,polar,4.3121e-05,0.000164819,0.0,0.0,32,256
cube,2.000000,polar,0.0,0.0,7.18e-06,1.1056e-05,32,256
cube,2.000000,polar,3.0496e-05,0.000134852,0.0,0.0,32,256
cube,2.000000,polar,0.0,0.0,5.733e-06,7.403e-06,32,256
cube,2.000000,polar,3.631e-05,0.000180508,0.0,0.0,32,256
cube,2.000000,polar,0.0,0.0,7.981e-06,4.977e-06,32,256
cube,2.000000,polar,3.2095e-05,0.000109925,0.0,0.0,32,256
cube,2.000000,polar,0.0,0.0,7.224e-06,8.041e-06,32,256
cube,2.000000,polar,2.2343e-05,0.000131427,0.0,0.0,32,256
cube,2.000000,polar,0.0,0.0,4.794e-06,1.253e-06,32,256
cube,2.000000,polar,1.7771e-05,9.3523e-05,0.0,0.0,32,256
cube,2.000000,polar,0.0,0.0,4.27e-06,2.318e-06,32,256
cube,2.000000,polar,1.9889e-05,0.000144989,0.0,0.0,32,256
cube,2.000000,polar,0.0,0.0,4.445e-06,0,32,256
cube,2.000000,polar,2.2146e-05,0.000115939,0.0,0.0,32,256
cube,2.000000,polar,0.0,0.0,6.147e-06,8.1e-07,32,256
cube,2.000000,polar,2.0407e-05,6.5313e-05,0.0,0.0,32,256
cube,2.000000,polar,0.0,0.0,4.22e-06,7.789e-06,32,256
cube,2.000000,polar,3.633e-05,0.000159327,0.0,0.0,32,256
cube,2.000000,polar,0.0,0.0,7.443e-06,8.052e-06,32,256
cube,2.000000,polar,3.1833e-05,0.000152777,0.0,0.0,32,256
cube,2.000000,polar,0.0,0.0,7.494e-06,5.78e-07,32,256
cube,2.000000,polar,1.4236e-05,5.8016e-05,0.0,0.0,32,256
cube,2.000000,polar,0.0,0.0,3.232e-06,3.247e-06,32,256
cube,2.000000,polar,2.9183e-05,0.000201185,0.0,0.0,32,256
cube,2.000000,polar,0.0,0.0,6.825e-06,9.9e-08,32,256
cube,2.000000,polar,2.7778e-05,0.000152156,0.0,0.0,32,256
cube,2.000000,polar,0.0,0.0,6.469e-06,4.407e-06,32,256
cube,2.000000,polar,2.6716e-05,0.000135613,0.0,0.0,32,256
cube,2.000000,polar,0.0,0.0,5.745e-06,3.209e-06,32,256
cube,2.000000,polar,2.2673e-05,0.000118521,0.0,0.0,32,256
cube,2.000000,polar,0.0,0.0,5.051e-06,2.525e-06,32,256
cube,2.000000,polar,1.8555e-05,4.5712e-05,0.0,0.0,32,256
cube,2.000000,polar,0.0,0.0,3.388e-06,8.764e-06,32,256
cube,2.000000,polar,3.0838e-05,0.000202837,0.0,0.0,32,256
cube,2.000000,polar,0.0,0.0,6.633e-06,2.164e-06,32,256
cube,2.000000,polar,1.9748e-05,0.000117561,0.0,0.0,32,256
cube,2.000000,polar,0.0,0.0,4.656e-06,7.2e-08,32,256
cube,2.000000,polar,4.256e-06,2.6852e-05,0.0,0.0,32,256
cube,2.000000,polar,0.0,0.0,1.253e-06,1.45e-07,32,256
cube,2.000000,polar,3.1009e-05,0.000126721,0.0,0.0,32,256
cube,2.000000,polar,0.0,0.0,5.808e-06,9.884e-06,32,256
cube,2.000000,polar,1.8408e-05,9.441e-05,0.0,0.0,32,256
cube,2.000000,polar,0.0,0.0,4.308e-06,1.912e-06,32,256
cube,2.000000,polar,2.438e-05,4.1142e-05,0.0,0.0,32,256
cube,2.000000,polar,0.0,0.0,4.078e-06,1.2325e-05,32,256
cube,2.000000,polar,2.5554e-05,0.000191192,0.0,0.0,32,256
cube,2.000000,polar,0.0,0.0,5.731e-06,1.073e-06,32,256
cube,2.000000,polar,3.5071e-05,0.000194316,0.0,0.0,32,256
cube,2.000000,polar,0.0,0.0,9.022e-06,4.049e-06,32,256
cube,2.000000,polar,9.64e-06,2.4683e-05,0.0,0.0,32,256
cube,2.000000,polar,0.0,0.0,2.175e-06,4.129e-06,32,256
cube,2.000000,polar,9.1727e-05,0.000113766,0.0,0.0,32,256
cube,2.000000,polar,0.0,0.0,7.495e-06,1.9394e-05,32,256
cube,2.000000,polar,7.4536e-05,0.000162361,0.0,0.0,32,256
cube,2.000000,polar,0.0,0.0,1.7741e-05,3.2602e-05,32,256
cube,2.000000,polar,1.8098e-05,0.000133722,0.0,0.0,32,256
cube,2.000000,polar,0.0,0.0,4.544e-06,1.08e-07,32,256
cube,2.000000,polar,6.3687e-05,0.000232541,0.0,0.0,32,256
cube,2.000000,polar,0.0,0.0,3.1465e-05,4.516e-06,32,256
cube,2.000000,polar,3.5302e-05,0.00020252,0.0,0.0,32,256
cube,2.000000,polar,0.0,0.0,1.0546e-05,2.452e-06,32,256
cube,2.000000,polar,3.1048e-05,0.000155572,0.0,0.0,32,256
cube,2.000000,polar,0.0,0.0,7.082e-06,5.086e-06,32,256
cube,2.000000,polar,2.4733e-05,0.000115587,0.0,0.0,32,256
cube,2.000000,polar,0.0,0.0,5.664e-06,1.759e-06,32,256
cube,2.000000,polar,2.3273e-05,7.968e-05,0.0,0.0,32,256
cube,2.000000,polar,0.0,0.0,5.69e-06,5.879e-06,32,256
cube,2.000000,polar,2.1287e-05,0.000137087,0.0,0.0,32,256
cube,2.000000,polar,0.0,0.0,4.786e-06,7.2e-08,32,256
cube,2.000000,polar,2.4812e-05,0.000108541,0.0,0.0,32,256
cube,2.000000,polar,0.0,0.0,4.808e-06,5.663e-06,32,256
sphere,2.000000,cartesian,3.757e-05,0.00243949,0.0,0.0,32,256
sphere,2.000000,cartesian,0.0,0.0,2.699e-06,2.4153e-05,32,256
sphere,2.000000,cartesian,0.000130133,0.00357701,0.0,0.0,32,256
sphere,2.000000,cartesian,0.0,0.0,1.4702e-05,7.2814e-05,32,256
sphere,2.000000,cartesian,7.052e-05,0.00369475,0.0,0.0,32,256
sphere,2.000000,cartesian,0.0,0.0,1.0829e-05,3.3168e-05,32,256
sphere,2.000000,cartesian,7.7105e-05,0.00124924,0.0,0.0,32,256
sphere,2.000000,cartesian,0.0,0.0,1.1266e-05,3.7037e-05,32,256
sphere,2.000000,cartesian,0.000106254,0.000293346,0.0,0.0,32,256
sphere,2.000000,cartesian,0.0,0.0,1.7331e-05,4.8157e-05,32,256
sphere,2.000000,cartesian,7.5827e-05,0.000138591,0.0,0.0,32,256
sphere,2.000000,cartesian,0.0,0.0,1.0787e-05,3.892e-05,32,256
sphere,2.000000,cartesian,0.000106336,0.000166338,0.0,0.0,32,256
sphere,2.000000,cartesian,0.0,0.0,1.5205e-05,5.4544e-05,32,256
sphere,2.000000,cartesian,8.8029e-05,0.000151137,0.0,0.0,32,256
sphere,2.000000,cartesian,0.0,0.0,1.4634e-05,3.9859e-05,32,256
sphere,2.000000,cartesian,8.3195e-05,0.000159819,0.0,0.0,32,256
sphere,2.000000,cartesian,0.0,0.0,1.4012e-05,3.6166e-05,32,256
sphere,2.000000,cartesian,9.6341e-05,0.000146011,0.0,0.0,32,256
sphere,2.000000,cartesian,0.0,0.0,1.5081e-05,4.6234e-05,32,256
sphere,2.000000,cartesian,7.2276e-05,0.000158883,0.0,0.0,32,256
sphere,2.000000,cartesian,0.0,0.0,1.3556e-05,3.0103e-05,32,256
sphere,2.000000,cartesian,0.000106649,0.000163056,0.0,0.0,32,256
sphere,2.000000,cartesian,0.0,0.0,1.4694e-05,5.7149e-05,32,256
sphere,2.000000,cartesian,8.1369e-05,0.000125326,0.0,0.0,32,256
sphere,2.000000,cartesian,0.0,0.0,1.1323e-05,4.2576e-05,32,256
sphere,2.000000,cartesian,7.4218e-05,0.000178165,0.0,0.0,32,256
sphere,2.000000,cartesian,0.0,0.0,1.4459e-05,2.6866e-05,32,256
sphere,2.000000,cartesian,9.2534e-05,0.000177286,0.0,0.0,32,256
sphere,2.000000,cartesian,0.0,0.0,1.4183e-05,4.4549e-05,32,256
sphere,2.000000,cartesian,8.5767e-05,0.000116392,0.0,0.0,32,256
sphere,2.000000,cartesian,0.0,0.0,1.1836e-05,4.3441e-05,32,256
sphere,2.000000,cartesian,8.6995e-05,0.00015413,0.0,0.0,32,256
sphere,2.000000,cartesian,0.0,0.0,1.4613e-05,4.0098e-05,32,256
sphere,2.000000,cartesian,8.6728e-05,0.000162615,0.0,0.0,32,256
sphere,2.000000,cartesian,0.0,0.0,1.3501e-05,4.1112e-05,32,256
sphere,2.000000,cartesian,9.6539e-05,0.000160976,0.0,0.0,32,256
sphere,2.000000,cartesian,0.0,0.0,1.4882e-05,4.6714e-05,32,256
sphere,2.000000,cartesian,0.000145135,0.000302724,0.0,0.0,32,256
sphere,2.000000,cartesian,0.0,0.0,1.8734e-05,6.7812e-05,32,256
sphere,2.000000,cartesian,8.7633e-05,0.00016388,0.0,0.0,32,256
sphere,2.000000,cartesian,0.0,0.0,1.5003e-05,3.8626e-05,32,256
sphere,2.000000,cartesian,9.1083e-05,0.000183607,0.0,0.0,32,256
sphere,2.000000,cartesian,0.0,0.0,1.5654e-05,3.9725e-05,32,256
sphere,2.000000,cartesian,6.2124e-05,7.0793e-05,0.0,0.0,32,256
sphere,2.000000,cartesian,0.0,0.0,7.165e-06,2.4814e-05,32,256
sphere,2.000000,cartesian,0.000103886,0.000192382,0.0,0.0,32,256
sphere,2.000000,cartesian,0.0,0.0,1.8354e-05,4.39e-05,32,256
sphere,2.000000,cartesian,9.3377e-05,0.000121704,0.0,0.0,32,256
sphere,2.000000,cartesian,0.0,0.0,1.2262e-05,5.004e-05,32,256
sphere,2.000000,cartesian,1.6664e-05,1.8103e-05,0.0,0.0,32,256
sphere,2.000000,cartesian,0.0,0.0,1.796e-06,9.73e-06,32,256
sphere,2.000000,cartesian,6.1135e-05,9.5759e-05,0.0,0.0,32,256
sphere,2.000000,cartesian,0.0,0.0,7.637e-06,3.3533e-05,32,256
sphere,2.000000,cartesian,2.473e-05,2.0082e-05,0.0,0.0,32,256
sphere,2.000000,cartesian,0.0,0.0,1.57e-06,1.7759e-05,32,256
sphere,2.000000,cartesian,7.8312e-05,0.000140175,0.0,0.0,32,256
sphere,2.000000,cartesian,0.0,0.0,1.2921e-05,3.5547e-05,32,256
sphere,2.000000,cartesian,8.0897e-05,0.000168765,0.0,0.0,32,256
sphere,2.000000,cartesian,0.0,0.0,1.3393e-05,3.5698e-05,32,256
sphere,2.000000,cartesian,6.4007e-05,0.000115142,0.0,0.0,32,256
sphere,2.000000,cartesian,0.0,0.0,1.11e-05,2.9071e-05,32,256
sphere,2.000000,cartesian,0.000102506,0.000198024,0.0,0.0,32,256
sphere,2.000000,cartesian,0.0,0.0,1.3784e-05,5.5412e-05,32,256
sphere,2.000000,cartesian,0.000111425,0.000174168,0.0,0.0,32,256
sphere,2.000000,cartesian,0.0,0.0,1.8855e-05,5.037e-05,32,256
sphere,2.000000,cartesian,8.7156e-05,0.00013134,0.0,0.0,32,256
sphere,2.000000,cartesian,0.0,0.0,1.3623e-05,4.1383e-05,32,256
sphere,2.000000,cartesian,6.5531e-05,0.000116638,0.0,0.0,32,256
sphere,2.000000,cartesian,0.0,0.0,1.1226e-05,2.9433e-05,32,256
sphere,2.000000,cartesian,9.4684e-05,0.000167591,0.0,0.0,32,256
sphere,2.000000,cartesian,0.0,0.0,1.4413e-05,4.5841e-05,32,256
sphere,2.000000,cartesian,9.4383e-05,0.000168186,0.0,0.0,32,256
sphere,2.000000,cartesian,0.0,0.0,1.5282e-05,4.2628e-05,32,256
sphere,2.000000,cartesian,9.6994e-05,0.000197103,0.0,0.0,32,256
sphere,2.000000,cartesian,0.0,0.0,1.3691e-05,4.9439e-05,32,256
sphere,2.000000,cartesian,9.511e-05,0.00010822,0.0,0.0,32,256
sphere,2.000000,cartesian,0.0,0.0,1.3798e-05,4.815e-05,32,256
sphere,2.000000,cartesian,4.9042e-05,9.8391e-05,0.0,0.0,32,256
sphere,2.000000,cartesian,0.0,0.0,1.0151e-05,1.8005e-05,32,256
sphere,2.000000,cartesian,9.0092e-05,9.2593e-05,0.0,0.0,32,256
sphere,2.000000,cartesian,0.0,0.0,1.0865e-05,5.3136e-05,32,256
sphere,2.000000,cartesian,6.5946e-05,5.9898e-05,0.0,0.0,32,256
sphere,2.000000,cartesian,0.0,0.0,6.736e-06,4.0653e-05,32,256
sphere,2.000000,cartesian,7.7924e-05,0.000144914,0.0,0.0,32,256
sphere,2.000000,cartesian,0.0,0.0,1.2877e-05,3.5365e-05,32,256
sphere,2.000000,cartesian,0.000109699,0.000149802,0.0,0.0,32,256
sphere,2.000000,cartesian,0.0,0.0,1.2834e-05,6.6395e-05,32,256
sphere,2.000000,cartesian,4.4654e-05,4.9194e-05,0.0,0.0,32,256
sphere,2.000000,cartesian,0.0,0.0,5.639e-06,2.4505e-05,32,256
sphere,2.000000,cartesian,8.02e-05,0.000119773,0.0,0.0,32,256
sphere,2.000000,cartesian,0.0,0.0,1.1277e-05,4.1646e-05,32,256
sphere,2.000000,cartesian,8.5046e-05,0.00010093,0.0,0.0,32,256
sphere,2.000000,cartesian,0.0,0.0,1.0178e-05,4.8612e-05,32,256
sphere,2.000000,cartesian,9.304e-05,0.000170307,0.0,0.0,32,256
sphere,2.000000,cartesian,0.0,0.0,1.3522e-05,4.7496e-05,32,256
sphere,2.000000,cartesian,0.000112775,0.000169187,0.0,0.0,32,256
sphere,2.000000,cartesian,0.0,0.0,2.0433e-05,4.7562e-05,32,256
sphere,2.000000,cartesian,8.7415e-05,0.000159185,0.0,0.0,32,256
sphere,2.000000,cartesian,0.0,0.0,1.3488e-05,4.2204e-05,32,256
sphere,2.000000,cartesian,7.6124e-05,9.9383e-05,0.0,0.0,32,256
sphere,2.000000,cartesian,0.0,0.0,9.082e-06,4.3463e-05,32,256
sphere,2.000000,cartesian,5.8806e-05,8.4607e-05,0.0,0.0,32,256
sphere,2.000000,cartesian,0.0,0.0,9.383e-06,2.7303e-05,32,256
sphere,2.000000,cartesian,7.7977e-05,0.000116354,0.0,0.0,32,256
sphere,2.000000,cartesian,0.0,0.0,9.044e-06,4.5354e-05,32,256
sphere,2.000000,cartesian,8.8115e-05,0.000108012,0.0,0.0,32,256
sphere,2.000000,cartesian,0.0,0.0,7.415e-06,5.7638e-05,32,256
sphere,2.000000,cartesian,0.000125272,0.000194497,0.0,0.0,32,256
sphere,2.000000,cartesian,0.0,0.0,1.8269e-05,6.1579e-05,32,256
sphere,2.000000,cartesian,9.7232e-05,0.000143126,0.0,0.0,32,256
sphere,2.000000,cartesian,0.0,0.0,1.2343e-05,5.5373e-05,32,256
sphere,2.000000,cartesian,0.000149837,0.000359821,0.0,0.0,32,256
sphere,2.000000,cartesian,0.0,0.0,2.3345e-05,7.0871e-05,32,256
sphere,2.000000,cartesian,9.5381e-05,0.000173476,0.0,0.0,32,256
sphere,2.000000,cartesian,0.0,0.0,1.4552e-05,4.644e-05,32,256
sphere,2.000000,cartesian,9.1145e-05,0.000147837,0.0,0.0,32,256
sphere,2.000000,cartesian,0.0,0.0,1.4226e-05,4.3906e-05,32,256
sphere,2.000000,cartesian,9.6592e-05,0.000166091,0.0,0.0,32,256
sphere,2.000000,cartesian,0.0,0.0,1.5872e-05,4.4423e-05,32,256
sphere,2.000000,cartesian,9.5055e-05,0.000162952,0.0,0.0,32,256
sphere,2.000000,cartesian,0.0,0.0,1.3281e-05,4.9693e-05,32,256
sphere,2.000000,cartesian,6.9428e-05,9.0848e-05,0.0,0.0,32,256
sphere,2.000000,cartesian,0.0,0.0,9.967e-06,3.5022e-05,32,256
sphere,2.000000,cartesian,0.000137376,0.000182583,0.0,0.0,32,256
sphere,2.000000,cartesian,0.0,0.0,1.3326e-05,8.921e-05,32,256
sphere,2.000000,cartesian,0.000156994,0.000213487,0.0,0.0,32,256
sphere,2.000000,cartesian,0.0,0.0,2.0688e-05,8.3174e-05,32,256
sphere,2.000000,cartesian,9.8695e-05,0.000206341,0.0,0.0,32,256
sphere,2.000000,cartesian,0.0,0.0,1.7347e-05,4.3233e-05,32,256
sphere,2.000000,cartesian,8.3761e-05,0.000168126,0.0,0.0,32,256
sphere,2.000000,cartesian,0.0,0.0,1.3132e-05,3.8923e-05,32,256
sphere,2.000000,cartesian,4.8848e-05,7.2306e-05,0.0,0.0,32,256
sphere,2.000000,cartesian,0.0,0.0,6.439e-06,2.5467e-05,32,256
sphere,2.000000,cartesian,9.7362e-05,0.000133213,0.0,0.0,32,256
sphere,2.000000,cartesian,0.0,0.0,1.1265e-05,4.0091e-05,32,256
sphere,2.000000,cartesian,9.8455e-05,0.000156407,0.0,0.0,32,256
sphere,2.000000,cartesian,0.0,0.0,1.4507e-05,4.9145e-05,32,256
sphere,2.000000,cartesian,9.988e-05,0.000137677,0.0,0.0,32,256
sphere,2.000000,cartesian,0.0,0.0,2.797e-05,4.1224e-05,32,256
sphere,2.000000,cartesian,0.000106782,0.000189967,0.0,0.0,32,256
sphere,2.000000,cartesian,0.0,0.0,1.6175e-05,5.158e-05,32,256
sphere,2.000000,cartesian,8.3666e-05,7.3076e-05,0.0,0.0,32,256
sphere,2.000000,cartesian,0.0,0.0,7.678e-06,5.348e-05,32,256
sphere,2.000000,cartesian,0.000124974,0.000216396,0.0,0.0,32,256
sphere,2.000000,cartesian,0.0,0.0,1.672e-05,6.7349e-05,32,256
sphere,2.000000,cartesian,0.000123141,0.000219164,0.0,0.0,32,256
sphere,2.000000,cartesian,0.0,0.0,1.4556e-05,7.3096e-05,32,256
sphere,2.000000,cartesian,8.7023e-05,0.000180317,0.0,0.0,32,256
sphere,2.000000,cartesian,0.0,0.0,1.2874e-05,4.2752e-05,32,256
sphere,2.000000,cartesian,7.4342e-05,0.000122895,0.0,0.0,32,256
sphere,2.000000,cartesian,0.0,0.0,1.0187e-05,3.9019e-05,32,256
sphere,2.000000,cartesian,0.000100269,0.000181052,0.0,0.0,32,256
sphere,2.000000,cartesian,0.0,0.0,1.5784e-05,4.9296e-05,32,256
sphere,2.000000,cartesian,8.1826e-05,0.000148717,0.0,0.0,32,256
sphere,2.000000,cartesian,0.0,0.0,1.2443e-05,3.977e-05,32,256
sphere,2.000000,cartesian,8.8402e-05,0.000151965,0.0,0.0,32,256
sphere,2.000000,cartesian,0.0,0.0,1.592e-05,3.6982e-05,32,256
sphere,2.000000,cartesian,6.1837e-05,0.000146547,0.0,0.0,32,256
sphere,2.000000,cartesian,0.0,0.0,1.2886e-05,2.1977e-05,32,256
sphere,2.000000,cartesian,8.7563e-05,0.000148221,0.0,0.0,32,256
sphere,2.000000,cartesian,0.0,0.0,1.2152e-05,4.5352e-05,32,256
sphere,2.000000,cartesian,8.2427e-05,0.000132713,0.0,0.0,32,256
sphere,2.000000,cartesian,0.0,0.0,1.1351e-05,4.3604e-05,32,256
sphere,2.000000,cartesian,0.000127077,0.000245213,0.0,0.0,32,256
sphere,2.000000,cartesian,0.0,0.0,1.924e-05,6.2109e-05,32,256
sphere,2.000000,cartesian,0.000105461,0.000163487,0.0,0.0,32,256
sphere,2.000000,cartesian,0.0,0.0,1.286e-05,6.0376e-05,32,256
sphere,2.000000,cartesian,8.4921e-05,0.000147366,0.0,0.0,32,256
sphere,2.000000,cartesian,0.0,0.0,1.3892e-05,3.8768e-05,32,256
sphere,2.000000,cartesian,7.71e-05,0.000130755,0.0,0.0,32,256
sphere,2.000000,cartesian,0.0,0.0,1.1733e-05,3.829e-05,32,256
sphere,2.000000,cartesian,0.000122359,0.000163682,0.0,0.0,32,256
sphere,2.000000,cartesian,0.0,0.0,1.9037e-05,5.8392e-05,32,256
sphere,2.000000,cartesian,2.9296e-05,2.108e-05,0.0,0.0,32,256
sphere,2.000000,cartesian,0.0,0.0,2.565e-06,1.9015e-05,32,256
sphere,2.000000,cartesian,7.0902e-05,0.000121094,0.0,0.0,32,256
sphere,2.000000,cartesian,0.0,0.0,7.709e-06,4.337e-05,32,256
sphere,2.000000,cartesian,7.8424e-05,0.000131415,0.0,0.0,32,256
sphere,2.000000,cartesian,0.0,0.0,1.0867e-05,4.0526e-05,32,256
sphere,2.000000,cartesian,0.00010137,0.000187237,0.0,0.0,32,256
sphere,2.000000,cartesian,0.0,0.0,1.5124e-05,4.9639e-05,32,256
sphere,2.000000,cartesian,9.8451e-05,0.000172002,0.0,0.0,32,256
sphere,2.000000,cartesian,0.0,0.0,1.5414e-05,4.6611e-05,32,256
sphere,2.000000,cartesian,0.000125111,0.000201465,0.0,0.0,32,256
sphere,2.000000,cartesian,0.0,0.0,1.8985e-05,6.1614e-05,32,256
sphere,2.000000,cartesian,7.0566e-05,0.000109803,0.0,0.0,32,256
sphere,2.000000,cartesian,0.0,0.0,9.055e-06,3.8684e-05,32,256
sphere,2.000000,cartesian,0.000104472,0.000106764,0.0,0.0,32,256
sphere,2.000000,cartesian,0.0,0.0,4.0536e-05,3.7067e-05,32,256
sphere,2.000000,cartesian,5.1992e-05,9.8296e-05,0.0,0.0,32,256
sphere,2.000000,cartesian,0.0,0.0,7.926e-06,2.57e-05,32,256
sphere,2.000000,cartesian,0.000120672,0.000210943,0.0,0.0,32,256
sphere,2.000000,cartesian,0.0,0.0,1.733e-05,5.9763e-05,32,256
sphere,2.000000,cartesian,8.037e-05,0.000137162,0.0,0.0,32,256
sphere,2.000000,cartesian,0.0,0.0,9.363e-06,4.5903e-05,32,256
sphere,2.000000,cartesian,0.000177127,0.000278658,0.0,0.0,32,256
sphere,2.000000,cartesian,0.0,0.0,1.9437e-05,0.000111986,32,256
sphere,2.000000,cartesian,0.000223318,0.00033576,0.0,0.0,32,256
sphere,2.000000,cartesian,0.0,0.0,2.6908e-05,8.847e-05,32,256
sphere,2.000000,cartesian,9.0938e-05,0.000148938,0.0,0.0,32,256
sphere,2.000000,cartesian,0.0,0.0,1.2118e-05,4.8585e-05,32,256
sphere,2.000000,cartesian,0.000126957,0.000273812,0.0,0.0,32,256
sphere,2.000000,cartesian,0.0,0.0,1.8769e-05,6.1342e-05,32,256
sphere,2.000000,cartesian,0.000119465,0.000283889,0.0,0.0,32,256
sphere,2.000000,cartesian,0.0,0.0,1.5727e-05,6.5098e-05,32,256
sphere,2.000000,cartesian,0.000102607,0.000210794,0.0,0.0,32,256
sphere,2.000000,cartesian,0.0,0.0,1.6164e-05,4.8176e-05,32,256
sphere,2.000000,cartesian,5.3971e-05,7.1869e-05,0.0,0.0,32,256
sphere,2.000000,cartesian,0.0,0.0,7.446e-06,2.8612e-05,32,256
sphere,2.000000,cartesian,3.9363e-05,3.1671e-05,0.0,0.0,32,256
sphere,2.000000,cartesian,0.0,0.0,3.093e-06,2.689e-05,32,256
sphere,2.000000,cartesian,0.000111384,0.000155072,0.0,0.0,32,256
sphere,2.000000,cartesian,0.0,0.0,1.6554e-05,5.5336e-05,32,256
sphere,2.000000,cartesian,5.7222e-05,5.3937e-05,0.0,0.0,32,256
sphere,2.000000,cartesian,0.0,0.0,4.995e-06,3.7643e-05,32,256
sphere,2.000000,cartesian,0.000102024,0.000179011,0.0,0.0,32,256
sphere,2.000000,cartesian,0.0,0.0,1.5442e-05,5.1854e-05,32,256
sphere,2.000000,cartesian,9.1803e-05,0.000169308,0.0,0.0,32,256
sphere,2.000000,cartesian,0.0,0.0,1.3931e-05,4.4898e-05,32,256
sphere,2.000000,cartesian,0.000103761,0.000148337,0.0,0.0,32,256
sphere,2.000000,cartesian,0.0,0.0,1.6766e-05,4.8792e-05,32,256
sphere,2.000000,cartesian,9.3981e-05,0.000130381,0.0,0.0,32,256
sphere,2.000000,cartesian,0.0,0.0,1.1475e-05,5.2657e-05,32,256
sphere,2.000000,cartesian,8.9231e-05,0.000173101,0.0,0.0,32,256
sphere,2.000000,cartesian,0.0,0.0,1.3798e-05,4.2814e-05,32,256
sphere,2.000000,cartesian,0.000116031,0.000200624,0.0,0.0,32,256
sphere,2.000000,cartesian,0.0,0.0,1.6101e-05,6.0001e-05,32,256
sphere,2.000000,cartesian,8.4401e-05,0.000157025,0.0,0.0,32,256
sphere,2.000000,cartesian,0.0,0.0,1.2371e-05,4.2266e-05,32,256
sphere,2.000000,cartesian,8.7403e-05,0.000129061,0.0,0.0,32,256
sphere,2.000000,cartesian,0.0,0.0,1.322e-05,4.2382e-05,32,256
sphere,2.000000,cartesian,0.000101334,0.000171071,0.0,0.0,32,256
sphere,2.000000,cartesian,0.0,0.0,1.4469e-05,5.2537e-05,32,256
sphere,2.000000,cartesian,8.0021e-05,0.000142319,0.0,0.0,32,256
sphere,2.000000,cartesian,0.0,0.0,1.3204e-05,3.4853e-05,32,256
sphere,2.000000,cartesian,6.574e-05,0.000161083,0.0,0.0,32,256
sphere,2.000000,cartesian,0.0,0.0,9.52e-06,2.0168e-05,32,256
sphere,2.000000,cartesian,0.000145669,0.00016271,0.0,0.0,32,256
sphere,2.000000,cartesian,0.0,0.0,1.3856e-05,9.7222e-05,32,256
sphere,2.000000,cartesian,4.6016e-05,6.8051e-05,0.0,0.0,32,256
sphere,2.000000,cartesian,0.0,0.0,7.078e-06,2.2116e-05,32,256
sphere,2.000000,cartesian,0.000108023,0.000123264,0.0,0.0,32,256
sphere,2.000000,cartesian,0.0,0.0,1.5939e-05,5.4599e-05,32,256
sphere,2.000000,cartesian,6.8448e-05,0.000100109,0.0,0.0,32,256
sphere,2.000000,cartesian,0.0,0.0,7.949e-06,3.3722e-05,32,256
sphere,2.000000,cartesian,0.000179954,0.000204882,0.0,0.0,32,256
sphere,2.000000,cartesian,0.0,0.0,1.8577e-05,5.1835e-05,32,256
sphere,2.000000,cartesian,0.000123068,0.000201138,0.0,0.0,32,256
sphere,2.000000,cartesian,0.0,0.0,1.8975e-05,6.061e-05,32,256
sphere,2.000000,cartesian,9.3275e-05,0.00015917,0.0,0.0,32,256
sphere,2.000000,cartesian,0.0,0.0,1.4249e-05,4.4155e-05,32,256
sphere,2.000000,cartesian,9.6813e-05,0.000179408,0.0,0.0,32,256
sphere,2.000000,cartesian,0.0,0.0,1.4058e-05,4.9177e-05,32,256
sphere,2.000000,cartesian,7.6469e-05,0.00011413,0.0,0.0,32,256
sphere,2.000000,cartesian,0.0,0.0,1.2095e-05,3.7113e-05,32,256
sphere,2.000000,cartesian,4.2668e-05,5.788e-05,0.0,0.0,32,256
sphere,2.000000,cartesian,0.0,0.0,3.73e-06,2.7736e-05,32,256
sphere,2.000000,cartesian,8.5636e-05,0.000143687,0.0,0.0,32,256
sphere,2.000000,cartesian,0.0,0.0,1.2817e-05,4.1735e-05,32,256
sphere,2.000000,cartesian,9.2836e-05,0.000165871,0.0,0.0,32,256
sphere,2.000000,cartesian,0.0,0.0,1.5865e-05,4.075e-05,32,256
sphere,2.000000,cartesian,6.4826e-05,6.8231e-05,0.0,0.0,32,256
sphere,2.000000,cartesian,0.0,0.0,6.474e-06,4.0348e-05,32,256
sphere,2.000000,cartesian,9.4959e-05,0.000212199,0.0,0.0,32,256
sphere,2.000000,cartesian,0.0,0.0,1.4556e-05,4.54e-05,32,256
sphere,2.000000,cartesian,8.3653e-05,0.00019906,0.0,0.0,32,256
sphere,2.000000,cartesian,0.0,0.0,1.463e-05,3.5054e-05,32,256
sphere,2.000000,cartesian,0.000108889,0.000245093,0.0,0.0,32,256
sphere,2.000000,cartesian,0.0,0.0,1.5218e-05,5.3395e-05,32,256
sphere,2.000000,cartesian,0.000117023,0.000204024,0.0,0.0,32,256
sphere,2.000000,cartesian,0.0,0.0,1.8817e-05,5.3531e-05,32,256
sphere,2.000000,cartesian,6.0632e-05,9.9368e-05,0.0,0.0,32,256
sphere,2.000000,cartesian,0.0,0.0,8.454e-06,3.266e-05,32,256
sphere,2.000000,cartesian,9.2344e-05,0.000156257,0.0,0.0,32,256
sphere,2.000000,cartesian,0.0,0.0,1.4523e-05,4.3677e-05,32,256
sphere,2.000000,cartesian,7.9036e-05,0.000147053,0.0,0.0,32,256
sphere,2.000000,cartesian,0.0,0.0,1.2482e-05,3.7104e-05,32,256
sphere,2.000000,cartesian,9.4069e-05,0.00016286,0.0,0.0,32,256
sphere,2.000000,cartesian,0.0,0.0,1.5673e-05,4.2752e-05,32,256
sphere,2.000000,cartesian,9.1826e-05,0.000176167,0.0,0.0,32,256
sphere,2.000000,cartesian,0.0,0.0,1.5606e-05,4.0663e-05,32,256
sphere,2.000000,cartesian,0.000116976,5.4058e-05,0.0,0.0,32,256
sphere,2.000000,cartesian,0.0,0.0,5.185e-06,9.5424e-05,32,256
sphere,2.000000,cartesian,7.7729e-05,0.00011623,0.0,0.0,32,256
sphere,2.000000,cartesian,0.0,0.0,1.1017e-05,3.986e-05,32,256
sphere,2.000000,cartesian,4.8703e-05,6.2163e-05,0.0,0.0,32,256
sphere,2.000000,cartesian,0.0,0.0,6.466e-06,2.6756e-05,32,256
sphere,2.000000,cartesian,8.0281e-05,0.000150562,0.0,0.0,32,256
sphere,2.000000,cartesian,0.0,0.0,1.1375e-05,4.138e-05,32,256
sphere,2.000000,cartesian,7.7453e-05,0.000144368,0.0,0.0,32,256
sphere,2.000000,cartesian,0.0,0.0,1.2969e-05,3.4473e-05,32,256
sphere,2.000000,cartesian,0.000108012,0.000184065,0.0,0.0,32,256
sphere,2.000000,cartesian,0.0,0.0,1.6248e-05,5.2377e-05,32,256
sphere,2.000000,cartesian,6.5523e-05,0.000105334,0.0,0.0,32,256
sphere,2.000000,cartesian,0.0,0.0,1.027e-05,3.219e-05,32,256
sphere,2.000000,cartesian,9.1014e-05,0.000165229,0.0,0.0,32,256
sphere,2.000000,cartesian,0.0,0.0,1.5803e-05,3.881e-05,32,256
sphere,2.000000,cartesian,8.0451e-05,0.000110719,0.0,0.0,32,256
sphere,2.000000,cartesian,0.0,0.0,1.1088e-05,4.2126e-05,32,256
sphere,2.000000,cartesian,8.1459e-05,0.00016461,0.0,0.0,32,256
sphere,2.000000,cartesian,0.0,0.0,1.4715e-05,3.3179e-05,32,256
sphere,2.000000,cartesian,6.226e-05,0.000103193,0.0,0.0,32,256
sphere,2.000000,cartesian,0.0,0.0,7.478e-06,3.6054e-05,32,256
sphere,2.000000,cartesian,0.000126027,0.000216176,0.0,0.0,32,256
sphere,2.000000,cartesian,0.0,0.0,1.5166e-05,7.2164e-05,32,256
sphere,2.000000,cartesian,8.3336e-05,0.000146031,0.0,0.0,32,256
sphere,2.000000,cartesian,0.0,0.0,1.1692e-05,4.2933e-05,32,256
sphere,2.000000,cartesian,6.1408e-05,9.5977e-05,0.0,0.0,32,256
sphere,2.000000,cartesian,0.0,0.0,8.457e-06,3.2184e-05,32,256
sphere,2.000000,cartesian,3.5389e-05,3.5304e-05,0.0,0.0,32,256
sphere,2.000000,cartesian,0.0,0.0,3.733e-06,2.1799e-05,32,256
sphere,2.000000,cartesian,6.6506e-05,0.000130441,0.0,0.0,32,256
sphere,2.000000,cartesian,0.0,0.0,1.0579e-05,2.9839e-05,32,256
sphere,2.000000,cartesian,0.000125562,0.000196871,0.0,0.0,32,256
sphere,2.000000,cartesian,0.0,0.0,1.8695e-05,6.2083e-05,32,256
sphere,2.000000,cartesian,5.8666e-05,9.7612e-05,0.0,0.0,32,256
sphere,2.000000,cartesian,0.0,0.0,7.625e-06,3.2098e-05,32,256
sphere,2.000000,cartesian,8.7876e-05,0.000128872,0.0,0.0,32,256
sphere,2.000000,cartesian,0.0,0.0,1.5176e-05,3.8055e-05,32,256
sphere,2.000000,cartesian,6.9137e-05,0.000174299,0.0,0.0,32,256
sphere,2.000000,cartesian,0.0,0.0,1.4273e-05,2.386e-05,32,256
sphere,2.000000,cartesian,9.8952e-05,0.000147507,0.0,0.0,32,256
sphere,2.000000,cartesian,0.0,0.0,1.4773e-05,4.8951e-05,32,256
sphere,2.000000,cartesian,9.1637e-05,0.000172693,0.0,0.0,32,256
sphere,2.000000,cartesian,0.0,0.0,1.3697e-05,4.4983e-05,32,256
sphere,2.000000,cartesian,0.000111514,0.000191961,0.0,0.0,32,256
sphere,2.000000,cartesian,0.0,0.0,1.6049e-05,5.6255e-05,32,256
sphere,2.000000,cartesian,8.8415e-05,0.000112942,0.0,0.0,32,256
sphere,2.000000,cartesian,0.0,0.0,1.0548e-05,4.9976e-05,32,256
sphere,2.000000,cartesian,9.129e-05,0.000161333,0.0,0.0,32,256
sphere,2.000000,cartesian,0.0,0.0,1.342e-05,4.6189e-05,32,256
sphere,2.000000,cartesian,9.6583e-05,0.000167315,0.0,0.0,32,256
sphere,2.000000,cartesian,0.0,0.0,1.4829e-05,4.6265e-05,32,256
sphere,2.000000,cartesian,1.8977e-05,1.2751e-05,0.0,0.0,32,256
sphere,2.000000,cartesian,0.0,0.0,1.285e-06,1.343e-05,32,256
sphere,2.000000,cartesian,9.085e-05,0.000189617,0.0,0.0,32,256
sphere,2.000000,cartesian,0.0,0.0,1.633e-05,3.7566e-05,32,256
sphere,2.000000,cartesian,8.7535e-05,0.000124604,0.0,0.0,32,256
sphere,2.000000,cartesian,0.0,0.0,1.2254e-05,4.5379e-05,32,256
sphere,2.000000,cartesian,5.6242e-05,9.178e-05,0.0,0.0,32,256
sphere,2.000000,cartesian,0.0,0.0,7.349e-06,3.1424e-05,32,256
sphere,2.000000,cartesian,9.1653e-05,0.000219881,0.0,0.0,32,256
sphere,2.000000,cartesian,0.0,0.0,1.4272e-05,4.3105e-05,32,256
sphere,2.000000,cartesian,0.000106035,0.00021298,0.0,0.0,32,256
sphere,2.000000,cartesian,0.0,0.0,1.7148e-05,1.7119e-05,32,256
sphere,2.000000,cartesian,0.000143992,0.000262893,0.0,0.0,32,256
sphere,2.000000,cartesian,0.0,0.0,2.1101e-05,7.2487e-05,32,256
sphere,2.000000,cartesian,9.3094e-05,0.000157986,0.0,0.0,32,256
sphere,2.000000,cartesian,0.0,0.0,1.4165e-05,4.4922e-05,32,256
sphere,2.000000,cartesian,7.7946e-05,0.000103362,0.0,0.0,32,256
sphere,2.000000,cartesian,0.0,0.0,9.812e-06,4.2106e-05,32,256
sphere,2.000000,cartesian,9.8189e-05,0.000160819,0.0,0.0,32,256
sphere,2.000000,cartesian,0.0,0.0,1.5253e-05,4.6971e-05,32,256
sphere,2.000000,cartesian,9.8978e-05,0.000167364,0.0,0.0,32,256
sphere,2.000000,cartesian,0.0,0.0,1.5771e-05,4.6364e-05,32,256
sphere,2.000000,cartesian,9.1202e-05,0.000177198,0.0,0.0,32,256
sphere,2.000000,cartesian,0.0,0.0,1.5069e-05,4.0732e-05,32,256
sphere,2.000000,cartesian,7.098e-05,8.8834e-05,0.0,0.0,32,256
sphere,2.000000,cartesian,0.0,0.0,6.187e-06,4.6164e-05,32,256
sphere,2.000000,cartesian,9.9755e-05,0.000159669,0.0,0.0,32,256
sphere,2.000000,cartesian,0.0,0.0,1.4956e-05,5.0763e-05,32,256
sphere,2.000000,cartesian,7.6484e-05,9.8721e-05,0.0,0.0,32,256
sphere,2.000000,cartesian,0.0,0.0,9.164e-06,4.3369e-05,32,256
sphere,2.000000,cartesian,0.000116619,0.000175707,0.0,0.0,32,256
sphere,2.000000,cartesian,0.0,0.0,1.7856e-05,5.6291e-05,32,256
sphere,2.000000,cartesian,9.2032e-05,0.000193132,0.0,0.0,32,256
sphere,2.000000,cartesian,0.0,0.0,1.4426e-05,4.3281e-05,32,256
sphere,2.000000,cartesian,0.000100849,0.000139921,0.0,0.0,32,256
sphere,2.000000,cartesian,0.0,0.0,1.2498e-05,5.5853e-05,32,256
sphere,2.000000,cartesian,0.00012888,0.000192151,0.0,0.0,32,256
sphere,2.000000,cartesian,0.0,0.0,1.6886e-05,4.7258e-05,32,256
sphere,2.000000,cartesian,9.7024e-05,0.000197086,0.0,0.0,32,256
sphere,2.000000,cartesian,0.0,0.0,1.6086e-05,4.3411e-05,32,256
sphere,2.000000,cartesian,9.0669e-05,0.00015426,0.0,0.0,32,256
sphere,2.000000,cartesian,0.0,0.0,1.3333e-05,4.4974e-05,32,256
sphere,2.000000,cartesian,9.0789e-05,0.000163204,0.0,0.0,32,256
sphere,2.000000,cartesian,0.0,0.0,1.2611e-05,4.7996e-05,32,256
sphere,2.000000,cartesian,5.0444e-05,4.0463e-05,0.0,0.0,32,256
sphere,2.000000,cartesian,0.0,0.0,5.012e-06,3.1348e-05,32,256
sphere,2.000000,cartesian,0.000125497,0.000211368,0.0,0.0,32,256
sphere,2.000000,cartesian,0.0,0.0,1.9576e-05,6.0141e-05,32,256
sphere,2.000000,cartesian,9.8962e-05,0.000177771,0.0,0.0,32,256
sphere,2.000000,cartesian,0.0,0.0,1.6472e-05,4.4824e-05,32,256
sphere,2.000000,cartesian,0.000100481,0.000163482,0.0,0.0,32,256
sphere,2.000000,cartesian,0.0,0.0,1.6036e-05,4.6276e-05,32,256
sphere,2.000000,cartesian,0.0001581,0.000156623,0.0,0.0,32,256
sphere,2.000000,cartesian,0.0,0.0,1.4289e-05,0.00011125,32,256
sphere,2.000000,cartesian,0.000118949,0.000160396,0.0,0.0,32,256
sphere,2.000000,cartesian,0.0,0.0,1.7184e-05,5.9119e-05,32,256
sphere,2.000000,cartesian,7.3744e-05,0.000139542,0.0,0.0,32,256
sphere,2.000000,cartesian,0.0,0.0,1.2121e-05,3.4259e-05,32,256
sphere,2.000000,cartesian,9.1446e-05,0.000165416,0.0,0.0,32,256
sphere,2.000000,cartesian,0.0,0.0,1.3669e-05,4.4404e-05,32,256
sphere,2.000000,cartesian,9.5905e-05,0.000172711,0.0,0.0,32,256
sphere,2.000000,cartesian,0.0,0.0,1.519e-05,4.5571e-05,32,256
sphere,2.000000,cartesian,6.2093e-05,0.000112296,0.0,0.0,32,256
sphere,2.000000,cartesian,0.0,0.0,9.911e-06,2.9578e-05,32,256
sphere,2.000000,cartesian,7.7406e-05,0.000104192,0.0,0.0,32,256
sphere,2.000000,cartesian,0.0,0.0,9.709e-06,4.3804e-05,32,256
sphere,2.000000,cartesian,9.3385e-05,0.000178295,0.0,0.0,32,256
sphere,2.000000,cartesian,0.0,0.0,1.5248e-05,4.3157e-05,32,256
sphere,2.000000,cartesian,1.4233e-05,1.8683e-05,0.0,0.0,32,256
sphere,2.000000,cartesian,0.0,0.0,1.275e-06,9.032e-06,32,256
sphere,2.000000,cartesian,0.000123705,0.000201836,0.0,0.0,32,256
sphere,2.000000,cartesian,0.0,0.0,1.6277e-05,6.7695e-05,32,256
sphere,2.000000,cartesian,7.528e-05,0.000113541,0.0,0.0,32,256
sphere,2.000000,cartesian,0.0,0.0,1.0216e-05,4.0239e-05,32,256
sphere,2.000000,cartesian,7.4327e-05,0.000112562,0.0,0.0,32,256
sphere,2.000000,cartesian,0.0,0.0,1.0253e-05,3.9167e-05,32,256
sphere,2.000000,cartesian,7.834e-05,0.000148764,0.0,0.0,32,256
sphere,2.000000,cartesian,0.0,0.0,1.3402e-05,3.5111e-05,32,256
sphere,2.000000,cartesian,6.2214e-05,0.000111322,0.0,0.0,32,256
sphere,2.000000,cartesian,0.0,0.0,1.0939e-05,2.6164e-05,32,256
sphere,2.000000,cartesian,0.00010783,0.000152258,0.0,0.0,32,256
sphere,2.000000,cartesian,0.0,0.0,1.6163e-05,5.3741e-05,32,256
sphere,2.000000,cartesian,0.000129444,0.0001243,0.0,0.0,32,256
sphere,2.000000,cartesian,0.0,0.0,1.4352e-05,7.9272e-05,32,256
sphere,2.000000,cartesian,8.1891e-05,0.000123568,0.0,0.0,32,256
sphere,2.000000,cartesian,0.0,0.0,1.1406e-05,4.431e-05,32,256
sphere,2.000000,cartesian,9.3242e-05,0.000142286,0.0,0.0,32,256
sphere,2.000000,cartesian,0.0,0.0,1.302e-05,4.9267e-05,32,256
sphere,2.000000,cartesian,0.000104973,0.000172088,0.0,0.0,32,256
sphere,2.000000,cartesian,0.0,0.0,1.4912e-05,5.341e-05,32,256
sphere,2.000000,cartesian,4.6001e-05,5.8038e-05,0.0,0.0,32,256
sphere,2.000000,cartesian,0.0,0.0,4.934e-06,2.7763e-05,32,256
sphere,2.000000,cartesian,0.000128234,0.000275944,0.0,0.0,32,256
sphere,2.000000,cartesian,0.0,0.0,2.0551e-05,6.0338e-05,32,256
sphere,2.000000,cartesian,0.000148811,0.000160873,0.0,0.0,32,256
sphere,2.000000,cartesian,0.0,0.0,1.936e-05,8.5978e-05,32,256
sphere,2.000000,cartesian,7.7156e-05,0.000103733,0.0,0.0,32,256
sphere,2.000000,cartesian,0.0,0.0,9.91e-06,4.2554e-05,32,256
sphere,2.000000,cartesian,7.9165e-05,0.000143468,0.0,0.0,32,256
sphere,2.000000,cartesian,0.0,0.0,1.3517e-05,3.5398e-05,32,256
sphere,2.000000,cartesian,8.8446e-05,0.000124905,0.0,0.0,32,256
sphere,2.000000,cartesian,0.0,0.0,1.2204e-05,4.6461e-05,32,256
sphere,2.000000,cartesian,6.7516e-05,0.000100536,0.0,0.0,32,256
sphere,2.000000,cartesian,0.0,0.0,9.421e-06,3.5697e-05,32,256
sphere,2.000000,cartesian,9.0285e-05,0.000146225,0.0,0.0,32,256
sphere,2.000000,cartesian,0.0,0.0,1.2534e-05,4.7433e-05,32,256
sphere,2.000000,cartesian,9.0469e-05,0.000118559,0.0,0.0,32,256
sphere,2.000000,cartesian,0.0,0.0,1.4245e-05,4.163e-05,32,256
sphere,2.000000,cartesian,9.1317e-05,0.000116039,0.0,0.0,32,256
sphere,2.000000,cartesian,0.0,0.0,1.4335e-05,4.3692e-05,32,256
sphere,2.000000,cartesian,8.664e-05,0.000143655,0.0,0.0,32,256
sphere,2.000000,cartesian,0.0,0.0,1.313e-05,4.2533e-05,32,256
sphere,2.000000,cartesian,8.8315e-05,0.000126452,0.0,0.0,32,256
sphere,2.000000,cartesian,0.0,0.0,1.2957e-05,4.553e-05,32,256
sphere,2.000000,cartesian,5.3598e-05,8.469e-05,0.0,0.0,32,256
sphere,2.000000,cartesian,0.0,0.0,8.708e-06,2.3785e-05,32,256
sphere,2.000000,cartesian,0.000102983,0.00019133,0.0,0.0,32,256
sphere,2.000000,cartesian,0.0,0.0,1.6121e-05,4.8803e-05,32,256
sphere,2.000000,cartesian,0.000109042,0.000177217,0.0,0.0,32,256
sphere,2.000000,cartesian,0.0,0.0,1.651e-05,5.2483e-05,32,256
sphere,2.000000,cartesian,8.4221e-05,9.0728e-05,0.0,0.0,32,256
sphere,2.000000,cartesian,0.0,0.0,1.0889e-05,4.5951e-05,32,256
sphere,2.000000,cartesian,0.000121664,0.000211944,0.0,0.0,32,256
sphere,2.000000,cartesian,0.0,0.0,1.8824e-05,5.8068e-05,32,256
sphere,2.000000,cartesian,8.4295e-05,0.000148087,0.0,0.0,32,256
sphere,2.000000,cartesian,0.0,0.0,1.3604e-05,3.8746e-05,32,256
sphere,2.000000,cartesian,8.1596e-05,0.000152748,0.0,0.0,32,256
sphere,2.000000,cartesian,0.0,0.0,1.1933e-05,4.1011e-05,32,256
sphere,2.000000,cartesian,0.000106581,0.000326679,0.0,0.0,32,256
sphere,2.000000,cartesian,0.0,0.0,1.8362e-05,4.5355e-05,32,256
sphere,2.000000,cartesian,0.000145516,0.000241438,0.0,0.0,32,256
sphere,2.000000,cartesian,0.0,0.0,1.8425e-05,8.2227e-05,32,256
sphere,2.000000,cartesian,7.8375e-05,0.000143502,0.0,0.0,32,256
sphere,2.000000,cartesian,0.0,0.0,1.1708e-05,3.8837e-05,32,256
sphere,2.000000,cartesian,8.6317e-05,0.000144336,0.0,0.0,32,256
sphere,2.000000,cartesian,0.0,0.0,1.0948e-05,4.901e-05,32,256
sphere,2.000000,cartesian,6.5096e-05,7.3487e-05,0.0,0.0,32,256
sphere,2.000000,cartesian,0.0,0.0,8.568e-06,3.4711e-05,32,256
sphere,2.000000,cartesian,4.1115e-05,0.000124095,0.0,0.0,32,256
sphere,2.000000,cartesian,0.0,0.0,1.0547e-05,8.374e-06,32,256
sphere,2.000000,cartesian,9.9614e-05,0.000121052,0.0,0.0,32,256
sphere,2.000000,cartesian,0.0,0.0,1.1177e-05,5.8619e-05,32,256
sphere,2.000000,cartesian,0.000127458,0.000215941,0.0,0.0,32,256
sphere,2.000000,cartesian,0.0,0.0,2.0936e-05,5.9388e-05,32,256
sphere,2.000000,cartesian,9.9467e-05,0.000119195,0.0,0.0,32,256
sphere,2.000000,cartesian,0.0,0.0,1.117e-05,6.1054e-05,32,256
sphere,2.000000,cartesian,9.4769e-05,0.000210751,0.0,0.0,32,256
sphere,2.000000,cartesian,0.0,0.0,1.5926e-05,4.0379e-05,32,256
sphere,2.000000,cartesian,8.33e-05,0.00016022,0.0,0.0,32,256
sphere,2.000000,cartesian,0.0,0.0,1.3004e-05,3.941e-05,32,256
sphere,2.000000,cartesian,9.9081e-05,0.000178647,0.0,0.0,32,256
sphere,2.000000,cartesian,0.0,0.0,1.6822e-05,4.4101e-05,32,256
sphere,2.000000,cartesian,0.000119069,0.000168584,0.0,0.0,32,256
sphere,2.000000,cartesian,0.0,0.0,1.5969e-05,6.461e-05,32,256
sphere,2.000000,cartesian,6.037e-05,6.3677e-05,0.0,0.0,32,256
sphere,2.000000,cartesian,0.0,0.0,5.287e-06,4.1253e-05,32,256
sphere,2.000000,cartesian,0.000142304,0.000159661,0.0,0.0,32,256
sphere,2.000000,cartesian,0.0,0.0,1.9256e-05,7.8018e-05,32,256
sphere,2.000000,cartesian,6.8186e-05,0.00010587,0.0,0.0,32,256
sphere,2.000000,cartesian,0.0,0.0,8.398e-06,3.8263e-05,32,256
sphere,2.000000,cartesian,8.046e-05,0.000143729,0.0,0.0,32,256
sphere,2.000000,cartesian,0.0,0.0,1.1036e-05,4.2677e-05,32,256
sphere,2.000000,cartesian,8.2364e-05,0.000151251,0.0,0.0,32,256
sphere,2.000000,cartesian,0.0,0.0,1.2974e-05,3.956e-05,32,256
sphere,2.000000,cartesian,8.4053e-05,0.00013458,0.0,0.0,32,256
sphere,2.000000,cartesian,0.0,0.0,1.3604e-05,3.8146e-05,32,256
sphere,2.000000,cartesian,7.5402e-05,0.000125806,0.0,0.0,32,256
sphere,2.000000,cartesian,0.0,0.0,8.711e-06,4.3484e-05,32,256
sphere,2.000000,cartesian,2.2483e-05,2.1309e-05,0.0,0.0,32,256
sphere,2.000000,cartesian,0.0,0.0,1.899e-06,1.4452e-05,32,256
sphere,2.000000,cartesian,8.2744e-05,0.000168116,0.0,0.0,32,256
sphere,2.000000,cartesian,0.0,0.0,1.3831e-05,3.6372e-05,32,256
sphere,2.000000,cartesian,9.4865e-05,0.000109711,0.0,0.0,32,256
sphere,2.000000,cartesian,0.0,0.0,1.0989e-05,5.592e-05,32,256
sphere,2.000000,cartesian,0.000119049,0.000214052,0.0,0.0,32,256
sphere,2.000000,cartesian,0.0,0.0,2.3048e-05,4.6073e-05,32,256
sphere,2.000000,cartesian,0.000121399,0.000218695,0.0,0.0,32,256
sphere,2.000000,cartesian,0.0,0.0,1.7676e-05,5.494e-05,32,256
sphere,2.000000,cartesian,9.75e-05,0.000190037,0.0,0.0,32,256
sphere,2.000000,cartesian,0.0,0.0,1.5367e-05,4.5606e-05,32,256
sphere,2.000000,cartesian,7.1631e-05,0.000123265,0.0,0.0,32,256
sphere,2.000000,cartesian,0.0,0.0,9.913e-06,3.7193e-05,32,256
sphere,2.000000,cartesian,9.7145e-05,0.00015767,0.0,0.0,32,256
sphere,2.000000,cartesian,0.0,0.0,1.3099e-05,5.1626e-05,32,256
sphere,2.000000,cartesian,9.9646e-05,0.000190239,0.0,0.0,32,256
sphere,2.000000,cartesian,0.0,0.0,1.6708e-05,4.4097e-05,32,256
sphere,2.000000,cartesian,8.1793e-05,0.000124691,0.0,0.0,32,256
sphere,2.000000,cartesian,0.0,0.0,1.2209e-05,3.9446e-05,32,256
sphere,2.000000,cartesian,0.000125679,0.000224577,0.0,0.0,32,256
sphere,2.000000,cartesian,0.0,0.0,2.0201e-05,5.7934e-05,32,256
sphere,2.000000,cartesian,8.5183e-05,0.000162231,0.0,0.0,32,256
sphere,2.000000,cartesian,0.0,0.0,1.3396e-05,3.9552e-05,32,256
sphere,2.000000,cartesian,9.3004e-05,0.00016243,0.0,0.0,32,256
sphere,2.000000,cartesian,0.0,0.0,1.0739e-05,5.5713e-05,32,256
sphere,2.000000,cartesian,0.000170721,0.000164541,0.0,0.0,32,256
sphere,2.000000,cartesian,0.0,0.0,8.9165e-05,5.0914e-05,32,256
sphere,2.000000,cartesian,8.4709e-05,0.00016476,0.0,0.0,32,256
sphere,2.000000,cartesian,0.0,0.0,1.2334e-05,4.397e-05,32,256
sphere,2.000000,cartesian,8.5338e-05,0.000120654,0.0,0.0,32,256
sphere,2.000000,cartesian,0.0,0.0,1.4512e-05,3.8202e-05,32,256
sphere,2.000000,cartesian,8.9821e-05,0.000159388,0.0,0.0,32,256
sphere,2.000000,cartesian,0.0,0.0,1.3919e-05,4.2391e-05,32,256
sphere,2.000000,cartesian,7.7059e-05,0.000130971,0.0,0.0,32,256
sphere,2.000000,cartesian,0.0,0.0,1.1956e-05,3.6912e-05,32,256
sphere,2.000000,cartesian,9.0984e-05,0.000116958,0.0,0.0,32,256
sphere,2.000000,cartesian,0.0,0.0,1.3602e-05,4.5074e-05,32,256
sphere,2.000000,cartesian,0.00011356,0.000106932,0.0,0.0,32,256
sphere,2.000000,cartesian,0.0,0.0,1.3074e-05,6.771e-05,32,256
sphere,2.000000,cartesian,6.8354e-05,0.000110879,0.0,0.0,32,256
sphere,2.000000,cartesian,0.0,0.0,9.913e-06,3.4934e-05,32,256
sphere,2.000000,cartesian,4.9218e-05,7.1833e-05,0.0,0.0,32,256
sphere,2.000000,cartesian,0.0,0.0,6.475e-06,2.6566e-05,32,256
sphere,2.000000,cartesian,8.6842e-05,0.000157804,0.0,0.0,32,256
sphere,2.000000,cartesian,0.0,0.0,1.5003e-05,3.8144e-05,32,256
sphere,2.000000,cartesian,7.7989e-05,0.000138805,0.0,0.0,32,256
sphere,2.000000,cartesian,0.0,0.0,1.447e-05,3.1871e-05,32,256
sphere,2.000000,cartesian,5.3027e-05,8.5368e-05,0.0,0.0,32,256
sphere,2.000000,cartesian,0.0,0.0,6.352e-06,2.9656e-05,32,256
sphere,2.000000,cartesian,0.000146466,0.000236391,0.0,0.0,32,256
sphere,2.000000,cartesian,0.0,0.0,1.9223e-05,8.1408e-05,32,256
sphere,2.000000,cartesian,8.2152e-05,0.000177891,0.0,0.0,32,256
sphere,2.000000,cartesian,0.0,0.0,1.3804e-05,3.6044e-05,32,256
sphere,2.000000,cartesian,5.3472e-05,0.000113786,0.0,0.0,32,256
sphere,2.000000,cartesian,0.0,0.0,8.247e-06,2.4636e-05,32,256
sphere,2.000000,cartesian,7.4133e-05,0.000199769,0.0,0.0,32,256
sphere,2.000000,cartesian,0.0,0.0,1.0541e-05,3.8603e-05,32,256
sphere,2.000000,cartesian,0.000124421,0.000178787,0.0,0.0,32,256
sphere,2.000000,cartesian,0.0,0.0,1.905e-05,6.1697e-05,32,256
sphere,2.000000,cartesian,7.8472e-05,8.9542e-05,0.0,0.0,32,256
sphere,2.000000,cartesian,0.0,0.0,8.698e-06,4.5972e-05,32,256
sphere,2.000000,cartesian,8.9572e-05,0.00015172,0.0,0.0,32,256
sphere,2.000000,cartesian,0.0,0.0,1.409e-05,4.2908e-05,32,256
sphere,2.000000,cartesian,0.000102803,0.000147389,0.0,0.0,32,256
sphere,2.000000,cartesian,0.0,0.0,1.6218e-05,4.8657e-05,32,256
sphere,2.000000,cartesian,8.4955e-05,0.000155655,0.0,0.0,32,256
sphere,2.000000,cartesian,0.0,0.0,1.3505e-05,3.9512e-05,32,256
sphere,2.000000,cartesian,0.000129982,0.000152182,0.0,0.0,32,256
sphere,2.000000,cartesian,0.0,0.0,1.7544e-05,5.4528e-05,32,256
sphere,2.000000,cartesian,0.000101396,0.00016324,0.0,0.0,32,256
sphere,2.000000,cartesian,0.0,0.0,1.466e-05,5.1246e-05,32,256
sphere,2.000000,cartesian,7.1444e-05,0.000272046,0.0,0.0,32,256
sphere,2.000000,cartesian,0.0,0.0,1.0817e-05,3.2439e-05,32,256
sphere,2.000000,cartesian,9.9485e-05,0.000123673,0.0,0.0,32,256
sphere,2.000000,cartesian,0.0,0.0,1.3551e-05,5.3211e-05,32,256
sphere,2.000000,cartesian,5.7255e-05,8.8956e-05,0.0,0.0,32,256
sphere,2.000000,cartesian,0.0,0.0,7.993e-06,2.8934e-05,32,256
sphere,2.000000,cartesian,9.6988e-05,0.000167635,0.0,0.0,32,256
sphere,2.000000,cartesian,0.0,0.0,1.5782e-05,4.4639e-05,32,256
sphere,2.000000,cartesian,8.1048e-05,0.00015602,0.0,0.0,32,256
sphere,2.000000,cartesian,0.0,0.0,1.2571e-05,3.9061e-05,32,256
sphere,2.000000,cartesian,9.1366e-05,9.5414e-05,0.0,0.0,32,256
sphere,2.000000,cartesian,0.0,0.0,1.0671e-05,3.7475e-05,32,256
sphere,2.000000,cartesian,9.2091e-05,0.000127279,0.0,0.0,32,256
sphere,2.000000,cartesian,0.0,0.0,1.5296e-05,4.2182e-05,32,256
sphere,2.000000,cartesian,8.4144e-05,0.000162072,0.0,0.0,32,256
sphere,2.000000,cartesian,0.0,0.0,1.4892e-05,3.5205e-05,32,256
sphere,2.000000,cartesian,4.4438e-05,3.153e-05,0.0,0.0,32,256
sphere,2.000000,cartesian,0.0,0.0,3.701e-06,2.9861e-05,32,256
sphere,2.000000,cartesian,8.7331e-05,0.000213207,0.0,0.0,32,256
sphere,2.000000,cartesian,0.0,0.0,1.2698e-05,4.4015e-05,32,256
sphere,2.000000,cartesian,0.00010731,0.000171789,0.0,0.0,32,256
sphere,2.000000,cartesian,0.0,0.0,1.533e-05,5.7151e-05,32,256
sphere,2.000000,cartesian,9.7956e-05,0.000129212,0.0,0.0,32,256
sphere,2.000000,cartesian,0.0,0.0,1.3256e-05,5.2449e-05,32,256
sphere,2.000000,cartesian,8.7042e-05,0.000131562,0.0,0.0,32,256
sphere,2.000000,cartesian,0.0,0.0,1.3058e-05,4.269e-05,32,256
sphere,2.000000,cartesian,9.0547e-05,0.000113906,0.0,0.0,32,256
sphere,2.000000,cartesian,0.0,0.0,1.4237e-05,4.2172e-05,32,256
sphere,2.000000,cartesian,0.000147262,0.000320973,0.0,0.0,32,256
sphere,2.000000,cartesian,0.0,0.0,2.4702e-05,6.5135e-05,32,256
sphere,2.000000,cartesian,0.000106816,0.000186793,0.0,0.0,32,256
sphere,2.000000,cartesian,0.0,0.0,1.7612e-05,4.7736e-05,32,256
sphere,2.000000,cartesian,8.8919e-05,0.000144667,0.0,0.0,32,256
sphere,2.000000,cartesian,0.0,0.0,1.3654e-05,4.1118e-05,32,256
sphere,2.000000,cartesian,0.000110235,0.000227526,0.0,0.0,32,256
sphere,2.000000,cartesian,0.0,0.0,2.8126e-05,4.2512e-05,32,256
sphere,2.000000,cartesian,0.000128382,0.000259873,0.0,0.0,32,256
sphere,2.000000,cartesian,0.0,0.0,2.0295e-05,5.8325e-05,32,256
sphere,2.000000,cartesian,0.000136432,0.000183556,0.0,0.0,32,256
sphere,2.000000,cartesian,0.0,0.0,1.8181e-05,7.4837e-05,32,256
sphere,2.000000,cartesian,8.5517e-05,0.000186482,0.0,0.0,32,256
sphere,2.000000,cartesian,0.0,0.0,1.5284e-05,3.5661e-05,32,256
sphere,2.000000,cartesian,8.3319e-05,0.000187192,0.0,0.0,32,256
sphere,2.000000,cartesian,0.0,0.0,1.3672e-05,3.7982e-05,32,256
sphere,2.000000,cartesian,0.000117815,0.000258156,0.0,0.0,32,256
sphere,2.000000,cartesian,0.0,0.0,1.8922e-05,5.2341e-05,32,256
sphere,2.000000,cartesian,9.0841e-05,0.000173885,0.0,0.0,32,256
sphere,2.000000,cartesian,0.0,0.0,1.2479e-05,4.5846e-05,32,256
sphere,2.000000,cartesian,0.000143901,0.000332193,0.0,0.0,32,256
sphere,2.000000,cartesian,0.0,0.0,2.5677e-05,5.8228e-05,32,256
sphere,2.000000,cartesian,0.000131272,0.00020187,0.0,0.0,32,256
sphere,2.000000,cartesian,0.0,0.0,1.8126e-05,7.0084e-05,32,256
sphere,2.000000,cartesian,6.1745e-05,9.0462e-05,0.0,0.0,32,256
sphere,2.000000,cartesian,0.0,0.0,7.972e-06,3.3223e-05,32,256
sphere,2.000000,cartesian,0.000110705,0.000154027,0.0,0.0,32,256
sphere,2.000000,cartesian,0.0,0.0,1.5606e-05,5.7264e-05,32,256
sphere,2.000000,cartesian,3.7924e-05,3.7645e-05,0.0,0.0,32,256
sphere,2.000000,cartesian,0.0,0.0,3.926e-06,2.2858e-05,32,256
sphere,2.000000,cartesian,8.7555e-05,0.000157786,0.0,0.0,32,256
sphere,2.000000,cartesian,0.0,0.0,1.3209e-05,4.2785e-05,32,256
sphere,2.000000,cartesian,8.3898e-05,0.000135285,0.0,0.0,32,256
sphere,2.000000,cartesian,0.0,0.0,1.2647e-05,4.0061e-05,32,256
sphere,2.000000,cartesian,4.3799e-05,7.3822e-05,0.0,0.0,32,256
sphere,2.000000,cartesian,0.0,0.0,5.993e-06,2.2372e-05,32,256
sphere,2.000000,cartesian,0.0001059,0.0002057,0.0,0.0,32,256
sphere,2.000000,cartesian,0.0,0.0,1.721e-05,4.877e-05,32,256
sphere,2.000000,cartesian,0.000102385,0.000111126,0.0,0.0,32,256
sphere,2.000000,cartesian,0.0,0.0,1.19e-05,5.9127e-05,32,256
sphere,2.000000,cartesian,0.000120689,0.000211447,0.0,0.0,32,256
sphere,2.000000,cartesian,0.0,0.0,3.2392e-05,4.7068e-05,32,256
sphere,2.000000,cartesian,0.000116867,0.000172669,0.0,0.0,32,256
sphere,2.000000,cartesian,0.0,0.0,3.4006e-05,4.6989e-05,32,256
sphere,2.000000,cartesian,9.1024e-05,0.000140898,0.0,0.0,32,256
sphere,2.000000,cartesian,0.0,0.0,1.2827e-05,4.6837e-05,32,256
sphere,2.000000,cartesian,0.000106673,0.000207986,0.0,0.0,32,256
sphere,2.000000,cartesian,0.0,0.0,1.7838e-05,4.8228e-05,32,256
sphere,2.000000,cartesian,7.3498e-05,9.3316e-05,0.0,0.0,32,256
sphere,2.000000,cartesian,0.0,0.0,7.156e-06,4.6376e-05,32,256
sphere,2.000000,cartesian,9.2874e-05,0.000213375,0.0,0.0,32,256
sphere,2.000000,cartesian,0.0,0.0,1.6377e-05,4.0268e-05,32,256
sphere,2.000000,cartesian,0.00010398,0.000183285,0.0,0.0,32,256
sphere,2.000000,cartesian,0.0,0.0,1.5727e-05,4.9381e-05,32,256
sphere,2.000000,cartesian,9.9817e-05,0.000189725,0.0,0.0,32,256
sphere,2.000000,cartesian,0.0,0.0,1.6143e-05,4.5867e-05,32,256
sphere,2.000000,cartesian,0.00016738,0.000381045,0.0,0.0,32,256
sphere,2.000000,cartesian,0.0,0.0,2.2049e-05,9.2094e-05,32,256
sphere,2.000000,cartesian,0.000118169,0.00020649,0.0,0.0,32,256
sphere,2.000000,cartesian,0.0,0.0,1.9894e-05,5.1458e-05,32,256
sphere,2.000000,cartesian,9.4642e-05,0.000173101,0.0,0.0,32,256
sphere,2.000000,cartesian,0.0,0.0,1.7163e-05,3.8958e-05,32,256
sphere,2.000000,cartesian,8.0648e-05,9.0417e-05,0.0,0.0,32,256
sphere,2.000000,cartesian,0.0,0.0,9.098e-06,4.7417e-05,32,256
sphere,2.000000,cartesian,0.00097,0.00013134,0.0,0.0,32,256
sphere,2.000000,cartesian,0.0,0.0,1.1518e-05,0.000931155,32,256
sphere,2.000000,cartesian,8.3522e-05,0.000186151,0.0,0.0,32,256
sphere,2.000000,cartesian,0.0,0.0,1.2616e-05,4.0543e-05,32,256
sphere,2.000000,cartesian,0.000118838,0.000242479,0.0,0.0,32,256
sphere,2.000000,cartesian,0.0,0.0,1.857e-05,5.5779e-05,32,256
sphere,2.000000,cartesian,9.9157e-05,0.000213534,0.0,0.0,32,256
sphere,2.000000,cartesian,0.0,0.0,1.6152e-05,4.5306e-05,32,256
sphere,2.000000,cartesian,0.000122784,0.000244155,0.0,0.0,32,256
sphere,2.000000,cartesian,0.0,0.0,1.9626e-05,5.6345e-05,32,256
sphere,2.000000,cartesian,0.000134325,0.000230078,0.0,0.0,32,256
sphere,2.000000,cartesian,0.0,0.0,2.1396e-05,6.1859e-05,32,256
sphere,2.000000,cartesian,5.0928e-05,8.9817e-05,0.0,0.0,32,256
sphere,2.000000,cartesian,0.0,0.0,7.224e-06,2.5501e-05,32,256
sphere,2.000000,cartesian,7.6323e-05,0.000150664,0.0,0.0,32,256
sphere,2.000000,cartesian,0.0,0.0,1.3081e-05,3.3279e-05,32,256
sphere,2.000000,cartesian,8.6149e-05,0.000177038,0.0,0.0,32,256
sphere,2.000000,cartesian,0.0,0.0,1.3203e-05,4.171e-05,32,256
sphere,2.000000,cartesian,9.9158e-05,0.000186395,0.0,0.0,32,256
sphere,2.000000,cartesian,0.0,0.0,1.5885e-05,4.5393e-05,32,256
sphere,2.000000,cartesian,6.8484e-05,0.000112933,0.0,0.0,32,256
sphere,2.000000,cartesian,0.0,0.0,9.249e-06,3.6523e-05,32,256
sphere,2.000000,cartesian,0.000103471,0.000212322,0.0,0.0,32,256
sphere,2.000000,cartesian,0.0,0.0,2.173e-05,4.6274e-05,32,256
sphere,2.000000,cartesian,7.5785e-05,0.000216829,0.0,0.0,32,256
sphere,2.000000,cartesian,0.0,0.0,1.4343e-05,2.9112e-05,32,256
sphere,2.000000,cartesian,8.5207e-05,0.000161519,0.0,0.0,32,256
sphere,2.000000,cartesian,0.0,0.0,1.3378e-05,4.0245e-05,32,256
sphere,2.000000,cartesian,8.4184e-05,8.4053e-05,0.0,0.0,32,256
sphere,2.000000,cartesian,0.0,0.0,8.248e-06,5.2826e-05,32,256
sphere,2.000000,cartesian,0.000102258,0.000179945,0.0,0.0,32,256
sphere,2.000000,cartesian,0.0,0.0,1.6467e-05,4.731e-05,32,256
sphere,2.000000,cartesian,8.4527e-05,0.000161261,0.0,0.0,32,256
sphere,2.000000,cartesian,0.0,0.0,1.2817e-05,4.0855e-05,32,256
sphere,2.000000,cartesian,0.000103725,0.000131824,0.0,0.0,32,256
sphere,2.000000,cartesian,0.0,0.0,1.201e-05,6.2571e-05,32,256
sphere,2.000000,cartesian,4.0726e-05,3.1723e-05,0.0,0.0,32,256
sphere,2.000000,cartesian,0.0,0.0,2.958e-06,2.7968e-05,32,256
sphere,2.000000,cartesian,8.2326e-05,0.000140038,0.0,0.0,32,256
sphere,2.000000,cartesian,0.0,0.0,1.2257e-05,4.0633e-05,32,256
sphere,2.000000,cartesian,6.2385e-05,6.4831e-05,0.0,0.0,32,256
sphere,2.000000,cartesian,0.0,0.0,6.01e-06,3.9647e-05,32,256
sphere,2.000000,cartesian,6.9559e-05,7.4025e-05,0.0,0.0,32,256
sphere,2.000000,cartesian,0.0,0.0,6.742e-06,4.4137e-05,32,256
sphere,2.000000,cartesian,9.5477e-05,0.000180287,0.0,0.0,32,256
sphere,2.000000,cartesian,0.0,0.0,1.5351e-05,4.5376e-05,32,256
sphere,2.000000,cartesian,5.3297e-05,5.8711e-05,0.0,0.0,32,256
sphere,2.000000,cartesian,0.0,0.0,5.686e-06,3.2094e-05,32,256
sphere,2.000000,cartesian,9.9887e-05,0.000138589,0.0,0.0,32,256
sphere,2.000000,cartesian,0.0,0.0,2.7385e-05,4.1523e-05,32,256
sphere,2.000000,cartesian,8.3774e-05,0.000155172,0.0,0.0,32,256
sphere,2.000000,cartesian,0.0,0.0,1.3152e-05,3.9486e-05,32,256
sphere,2.000000,cartesian,9.8058e-05,0.000195536,0.0,0.0,32,256
sphere,2.000000,cartesian,0.0,0.0,1.5929e-05,4.6108e-05,32,256
sphere,2.000000,cartesian,8.7331e-05,0.000151993,0.0,0.0,32,256
sphere,2.000000,cartesian,0.0,0.0,1.4216e-05,3.812e-05,32,256
sphere,2.000000,cartesian,9.6175e-05,0.000167095,0.0,0.0,32,256
sphere,2.000000,cartesian,0.0,0.0,1.3656e-05,4.8762e-05,32,256
sphere,2.000000,cartesian,6.0927e-05,9.2029e-05,0.0,0.0,32,256
sphere,2.000000,cartesian,0.0,0.0,8.169e-06,3.1975e-05,32,256
sphere,2.000000,cartesian,6.6099e-05,0.000108236,0.0,0.0,32,256
sphere,2.000000,cartesian,0.0,0.0,9.552e-06,3.2622e-05,32,256
sphere,2.000000,cartesian,8.4035e-05,0.000136002,0.0,0.0,32,256
sphere,2.000000,cartesian,0.0,0.0,1.2581e-05,4.2013e-05,32,256
sphere,2.000000,cartesian,0.000117543,0.00018503,0.0,0.0,32,256
sphere,2.000000,cartesian,0.0,0.0,1.8884e-05,5.4139e-05,32,256
sphere,2.000000,cartesian,0.00250551,0.000120938,0.0,0.0,32,256
sphere,2.000000,cartesian,0.0,0.0,1.0791e-05,3.7556e-05,32,256
sphere,2.000000,cartesian,0.000111993,0.000184125,0.0,0.0,32,256
sphere,2.000000,cartesian,0.0,0.0,1.856e-05,4.9022e-05,32,256
sphere,2.000000,cartesian,6.472e-05,0.000171364,0.0,0.0,32,256
sphere,2.000000,cartesian,0.0,0.0,9.06e-06,3.2746e-05,32,256
sphere,2.000000,cartesian,9.0953e-05,0.000170358,0.0,0.0,32,256
sphere,2.000000,cartesian,0.0,0.0,1.4325e-05,4.2873e-05,32,256
sphere,2.000000,cartesian,0.000121253,0.000184698,0.0,0.0,32,256
sphere,2.000000,cartesian,0.0,0.0,1.6915e-05,6.3591e-05,32,256
sphere,2.000000,cartesian,8.2488e-05,0.00015764,0.0,0.0,32,256
sphere,2.000000,cartesian,0.0,0.0,1.3124e-05,3.9215e-05,32,256
sphere,2.000000,cartesian,9.8489e-05,0.000168415,0.0,0.0,32,256
sphere,2.000000,cartesian,0.0,0.0,1.4779e-05,4.7795e-05,32,256
sphere,2.000000,cartesian,9.207e-05,0.000125825,0.0,0.0,32,256
sphere,2.000000,cartesian,0.0,0.0,1.1696e-05,5.166e-05,32,256
sphere,2.000000,cartesian,0.000125714,0.000230308,0.0,0.0,32,256
sphere,2.000000,cartesian,0.0,0.0,2.0952e-05,5.6662e-05,32,256
sphere,2.000000,cartesian,0.000102737,0.000176586,0.0,0.0,32,256
sphere,2.000000,cartesian,0.0,0.0,1.5317e-05,5.1753e-05,32,256
sphere,2.000000,cartesian,9.5115e-05,0.000188588,0.0,0.0,32,256
sphere,2.000000,cartesian,0.0,0.0,1.5248e-05,4.4204e-05,32,256
sphere,2.000000,cartesian,7.655e-05,0.000151202,0.0,0.0,32,256
sphere,2.000000,cartesian,0.0,0.0,1.1492e-05,3.6834e-05,32,256
sphere,2.000000,cartesian,8.5033e-05,0.000127571,0.0,0.0,32,256
sphere,2.000000,cartesian,0.0,0.0,1.0776e-05,4.7513e-05,32,256
sphere,2.000000,cartesian,6.8092e-05,9.0585e-05,0.0,0.0,32,256
sphere,2.000000,cartesian,0.0,0.0,8.894e-06,3.6866e-05,32,256
sphere,2.000000,cartesian,8.3665e-05,0.000156913,0.0,0.0,32,256
sphere,2.000000,cartesian,0.0,0.0,1.3943e-05,3.6997e-05,32,256
sphere,2.000000,cartesian,0.000104151,0.000130785,0.0,0.0,32,256
sphere,2.000000,cartesian,0.0,0.0,1.2115e-05,4.5031e-05,32,256
sphere,2.000000,cartesian,0.000106896,0.000157308,0.0,0.0,32,256
sphere,2.000000,cartesian,0.0,0.0,1.8722e-05,4.7054e-05,32,256
sphere,2.000000,cartesian,9.8715e-05,0.000150802,0.0,0.0,32,256
sphere,2.000000,cartesian,0.0,0.0,2.4644e-05,3.938e-05,32,256
sphere,2.000000,cartesian,8.6408e-05,0.00014235,0.0,0.0,32,256
sphere,2.000000,cartesian,0.0,0.0,1.2767e-05,4.2011e-05,32,256
sphere,2.000000,cartesian,9.2849e-05,0.000126143,0.0,0.0,32,256
sphere,2.000000,cartesian,0.0,0.0,1.2814e-05,4.86e-05,32,256
sphere,2.000000,cartesian,0.000140462,0.000270928,0.0,0.0,32,256
sphere,2.000000,cartesian,0.0,0.0,2.0642e-05,6.9373e-05,32,256
sphere,2.000000,cartesian,5.3671e-05,9.8586e-05,0.0,0.0,32,256
sphere,2.000000,cartesian,0.0,0.0,6.473e-06,3.004e-05,32,256
sphere,2.000000,cartesian,0.000126074,0.000201998,0.0,0.0,32,256
sphere,2.000000,cartesian,0.0,0.0,1.6034e-05,6.8486e-05,32,256
sphere,2.000000,cartesian,6.718e-06,4.511e-06,0.0,0.0,32,256
sphere,2.000000,cartesian,0.0,0.0,3.48e-07,5.195e-06,32,256
sphere,2.000000,cartesian,6.7369e-05,0.000102344,0.0,0.0,32,256
sphere,2.000000,cartesian,0.0,0.0,9.327e-06,3.4612e-05,32,256
sphere,2.000000,cartesian,1.5188e-05,2.1691e-05,0.0,0.0,32,256
sphere,2.000000,cartesian,0.0,0.0,1.525e-06,8.634e-06,32,256
sphere,2.000000,cartesian,5.249e-05,0.000126034,0.0,0.0,32,256
sphere,2.000000,cartesian,0.0,0.0,1.0809e-05,1.8074e-05,32,256
sphere,2.000000,cartesian,6.6036e-05,0.000108257,0.0,0.0,32,256
sphere,2.000000,cartesian,0.0,0.0,7.638e-06,3.8483e-05,32,256
sphere,2.000000,cartesian,8.2021e-05,0.000125395,0.0,0.0,32,256
sphere,2.000000,cartesian,0.0,0.0,1.7672e-05,2.8595e-05,32,256
sphere,2.000000,cartesian,0.000107445,0.000188723,0.0,0.0,32,256
sphere,2.000000,cartesian,0.0,0.0,1.7454e-05,4.9015e-05,32,256
sphere,2.000000,cartesian,0.000104554,0.000168721,0.0,0.0,32,256
sphere,2.000000,cartesian,0.0,0.0,1.4481e-05,5.4383e-05,32,256
sphere,2.000000,cartesian,5.9566e-05,5.1363e-05,0.0,0.0,32,256
sphere,2.000000,cartesian,0.0,0.0,5.438e-06,3.9145e-05,32,256
sphere,2.000000,cartesian,0.000128981,0.000184742,0.0,0.0,32,256
sphere,2.000000,cartesian,0.0,0.0,1.7803e-05,6.6817e-05,32,256
sphere,2.000000,cartesian,8.7154e-05,0.000184702,0.0,0.0,32,256
sphere,2.000000,cartesian,0.0,0.0,1.5478e-05,3.5539e-05,32,256
sphere,2.000000,cartesian,0.000108908,0.000172676,0.0,0.0,32,256
sphere,2.000000,cartesian,0.0,0.0,1.5904e-05,5.618e-05,32,256
sphere,2.000000,cartesian,0.000104599,0.00018233,0.0,0.0,32,256
sphere,2.000000,cartesian,0.0,0.0,1.7244e-05,4.7638e-05,32,256
sphere,2.000000,cartesian,7.8171e-05,0.000147204,0.0,0.0,32,256
sphere,2.000000,cartesian,0.0,0.0,1.1115e-05,3.9763e-05,32,256
sphere,2.000000,cartesian,7.2397e-05,0.000120982,0.0,0.0,32,256
sphere,2.000000,cartesian,0.0,0.0,1.1468e-05,3.3514e-05,32,256
sphere,2.000000,cartesian,7.6442e-05,0.000133235,0.0,0.0,32,256
sphere,2.000000,cartesian,0.0,0.0,1.0988e-05,3.9328e-05,32,256
sphere,2.000000,cartesian,8.0987e-05,9.8303e-05,0.0,0.0,32,256
sphere,2.000000,cartesian,0.0,0.0,1.0337e-05,4.5873e-05,32,256
sphere,2.000000,cartesian,7.0762e-05,0.000162935,0.0,0.0,32,256
sphere,2.000000,cartesian,0.0,0.0,1.4155e-05,2.5155e-05,32,256
sphere,2.000000,cartesian,9.7246e-05,0.000127053,0.0,0.0,32,256
sphere,2.000000,cartesian,0.0,0.0,1.245e-05,5.2701e-05,32,256
sphere,2.000000,cartesian,9.6726e-05,0.000152602,0.0,0.0,32,256
sphere,2.000000,cartesian,0.0,0.0,1.3389e-05,5.1462e-05,32,256
sphere,2.000000,cartesian,5.8379e-05,0.000107003,0.0,0.0,32,256
sphere,2.000000,cartesian,0.0,0.0,8.097e-06,3.03e-05,32,256
sphere,2.000000,cartesian,7.8497e-05,0.00014077,0.0,0.0,32,256
sphere,2.000000,cartesian,0.0,0.0,1.1866e-05,3.852e-05,32,256
sphere,2.000000,cartesian,8.7148e-05,7.2584e-05,0.0,0.0,32,256
sphere,2.000000,cartesian,0.0,0.0,7.295e-06,5.9357e-05,32,256
sphere,2.000000,cartesian,0.000102709,0.000181804,0.0,0.0,32,256
sphere,2.000000,cartesian,0.0,0.0,1.5519e-05,5.1402e-05,32,256
sphere,2.000000,cartesian,8.055e-05,9.8794e-05,0.0,0.0,32,256
sphere,2.000000,cartesian,0.0,0.0,2.2879e-05,3.449e-05,32,256
sphere,2.000000,cartesian,0.000101342,0.000175923,0.0,0.0,32,256
sphere,2.000000,cartesian,0.0,0.0,1.581e-05,4.829e-05,32,256
sphere,2.000000,cartesian,8.7454e-05,0.00013721,0.0,0.0,32,256
sphere,2.000000,cartesian,0.0,0.0,1.1075e-05,4.9057e-05,32,256
sphere,2.000000,cartesian,0.000145996,0.000148221,0.0,0.0,32,256
sphere,2.000000,cartesian,0.0,0.0,8.0875e-05,3.7374e-05,32,256
sphere,2.000000,cartesian,9.6434e-05,0.00013031,0.0,0.0,32,256
sphere,2.000000,cartesian,0.0,0.0,1.1344e-05,5.5736e-05,32,256
sphere,2.000000,cartesian,0.000142439,0.000185134,0.0,0.0,32,256
sphere,2.000000,cartesian,0.0,0.0,1.385e-05,9.3571e-05,32,256
sphere,2.000000,cartesian,0.0001115,0.000174211,0.0,0.0,32,256
sphere,2.000000,cartesian,0.0,0.0,1.6753e-05,5.4065e-05,32,256
sphere,2.000000,cartesian,9.8077e-05,0.000205835,0.0,0.0,32,256
sphere,2.000000,cartesian,0.0,0.0,1.6287e-05,4.4207e-05,32,256
sphere,2.000000,cartesian,0.000126762,0.00024061,0.0,0.0,32,256
sphere,2.000000,cartesian,0.0,0.0,2.7767e-05,5.3726e-05,32,256
sphere,2.000000,cartesian,6.0459e-05,0.000116182,0.0,0.0,32,256
sphere,2.000000,cartesian,0.0,0.0,1.0719e-05,2.5295e-05,32,256
sphere,2.000000,cartesian,9.5953e-05,0.00019612,0.0,0.0,32,256
sphere,2.000000,cartesian,0.0,0.0,1.7847e-05,3.8788e-05,32,256
sphere,2.000000,cartesian,9.8351e-05,0.000184984,0.0,0.0,32,256
sphere,2.000000,cartesian,0.0,0.0,1.6902e-05,4.3758e-05,32,256
sphere,2.000000,cartesian,7.7642e-05,0.000139956,0.0,0.0,32,256
sphere,2.000000,cartesian,0.0,0.0,1.2688e-05,3.6566e-05,32,256
sphere,2.000000,cartesian,9.5065e-05,0.000142158,0.0,0.0,32,256
sphere,2.000000,cartesian,0.0,0.0,1.2594e-05,5.1467e-05,32,256
sphere,2.000000,cartesian,8.5106e-05,0.000173168,0.0,0.0,32,256
sphere,2.000000,cartesian,0.0,0.0,1.4065e-05,3.9188e-05,32,256
sphere,2.000000,cartesian,8.2793e-05,0.000104224,0.0,0.0,32,256
sphere,2.000000,cartesian,0.0,0.0,1.1834e-05,4.11e-05,32,256
sphere,2.000000,cartesian,9.3495e-05,0.000177877,0.0,0.0,32,256
sphere,2.000000,cartesian,0.0,0.0,1.4358e-05,4.5895e-05,32,256
sphere,2.000000,cartesian,8.6411e-05,0.000167301,0.0,0.0,32,256
sphere,2.000000,cartesian,0.0,0.0,1.3544e-05,4.0637e-05,32,256
sphere,2.000000,cartesian,0.000130848,0.000223338,0.0,0.0,32,256
sphere,2.000000,cartesian,0.0,0.0,1.9413e-05,6.6944e-05,32,256
sphere,2.000000,cartesian,4.6067e-05,6.773e-05,0.0,0.0,32,256
sphere,2.000000,cartesian,0.0,0.0,6.178e-06,2.405e-05,32,256
sphere,2.000000,cartesian,9.1771e-05,0.000174248,0.0,0.0,32,256
sphere,2.000000,cartesian,0.0,0.0,1.283e-05,4.7707e-05,32,256
sphere,2.000000,cartesian,8.6071e-05,0.000161552,0.0,0.0,32,256
sphere,2.000000,cartesian,0.0,0.0,1.3287e-05,4.1088e-05,32,256
sphere,2.000000,cartesian,8.6311e-05,9.2055e-05,0.0,0.0,32,256
sphere,2.000000,cartesian,0.0,0.0,1.0213e-05,5.0771e-05,32,256
sphere,2.000000,cartesian,0.000128219,0.000259499,0.0,0.0,32,256
sphere,2.000000,cartesian,0.0,0.0,2.2236e-05,5.4234e-05,32,256
sphere,2.000000,cartesian,0.00013233,0.000165138,0.0,0.0,32,256
sphere,2.000000,cartesian,0.0,0.0,2.1069e-05,6.2601e-05,32,256
sphere,2.000000,cartesian,0.000109591,0.000161924,0.0,0.0,32,256
sphere,2.000000,cartesian,0.0,0.0,1.4735e-05,4.0799e-05,32,256
sphere,2.000000,cartesian,0.000107918,0.000171767,0.0,0.0,32,256
sphere,2.000000,cartesian,0.0,0.0,1.5846e-05,5.56e-05,32,256
sphere,2.000000,cartesian,0.000167574,0.000209502,0.0,0.0,32,256
sphere,2.000000,cartesian,0.0,0.0,2.0639e-05,5.5528e-05,32,256
sphere,2.000000,cartesian,0.000100481,0.000177075,0.0,0.0,32,256
sphere,2.000000,cartesian,0.0,0.0,1.5492e-05,4.9597e-05,32,256
sphere,2.000000,cartesian,5.8032e-05,9.0939e-05,0.0,0.0,32,256
sphere,2.000000,cartesian,0.0,0.0,7.58e-06,3.1109e-05,32,256
sphere,2.000000,cartesian,0.000102434,0.000168216,0.0,0.0,32,256
sphere,2.000000,cartesian,0.0,0.0,1.6774e-05,4.5944e-05,32,256
sphere,2.000000,cartesian,9.3015e-05,0.000159505,0.0,0.0,32,256
sphere,2.000000,cartesian,0.0,0.0,1.4133e-05,4.5109e-05,32,256
sphere,2.000000,cartesian,0.000121195,0.000154179,0.0,0.0,32,256
sphere,2.000000,cartesian,0.0,0.0,2.101e-05,5.0195e-05,32,256
sphere,2.000000,cartesian,0.000133072,0.000134354,0.0,0.0,32,256
sphere,2.000000,cartesian,0.0,0.0,1.783e-05,6.97e-05,32,256
sphere,2.000000,cartesian,0.000157033,0.0003072,0.0,0.0,32,256
sphere,2.000000,cartesian,0.0,0.0,2.8144e-05,6.615e-05,32,256
sphere,2.000000,cartesian,9.0279e-05,0.000183743,0.0,0.0,32,256
sphere,2.000000,cartesian,0.0,0.0,1.2509e-05,4.7498e-05,32,256
sphere,2.000000,cartesian,6.2523e-05,0.000112417,0.0,0.0,32,256
sphere,2.000000,cartesian,0.0,0.0,9.446e-06,3.0618e-05,32,256
sphere,2.000000,cartesian,8.69e-05,0.000156459,0.0,0.0,32,256
sphere,2.000000,cartesian,0.0,0.0,1.3155e-05,4.2861e-05,32,256
sphere,2.000000,cartesian,9.845e-05,0.000167577,0.0,0.0,32,256
sphere,2.000000,cartesian,0.0,0.0,1.5546e-05,4.6555e-05,32,256
sphere,2.000000,cartesian,4.6523e-05,9.8753e-05,0.0,0.0,32,256
sphere,2.000000,cartesian,0.0,0.0,8.898e-06,1.808e-05,32,256
sphere,2.000000,cartesian,0.000123328,0.000148055,0.0,0.0,32,256
sphere,2.000000,cartesian,0.0,0.0,1.6959e-05,6.6775e-05,32,256
sphere,2.000000,cartesian,4.4627e-05,3.2035e-05,0.0,0.0,32,256
sphere,2.000000,cartesian,0.0,0.0,3.868e-06,2.9144e-05,32,256
sphere,2.000000,cartesian,0.000117551,0.000211971,0.0,0.0,32,256
sphere,2.000000,cartesian,0.0,0.0,1.8734e-05,5.4949e-05,32,256
sphere,2.000000,cartesian,6.716e-05,0.000128119,0.0,0.0,32,256
sphere,2.000000,cartesian,0.0,0.0,1.1029e-05,3.0557e-05,32,256
sphere,2.000000,cartesian,2.8672e-05,2.4196e-05,0.0,0.0,32,256
sphere,2.000000,cartesian,0.0,0.0,2.875e-06,1.8245e-05,32,256
sphere,2.000000,cartesian,0.000115449,0.000179677,0.0,0.0,32,256
sphere,2.000000,cartesian,0.0,0.0,2.7876e-05,5.0136e-05,32,256
sphere,2.000000,cartesian,0.000137241,0.000194738,0.0,0.0,32,256
sphere,2.000000,cartesian,0.0,0.0,1.6141e-05,4.3938e-05,32,256
sphere,2.000000,cartesian,0.000101085,0.000159536,0.0,0.0,32,256
sphere,2.000000,cartesian,0.0,0.0,1.4523e-05,5.1683e-05,32,256
sphere,2.000000,cartesian,3.4418e-05,4.1779e-05,0.0,0.0,32,256
sphere,2.000000,cartesian,0.0,0.0,3.808e-06,2.0212e-05,32,256
sphere,2.000000,cartesian,9.8879e-05,0.000167141,0.0,0.0,32,256
sphere,2.000000,cartesian,0.0,0.0,1.5744e-05,4.5605e-05,32,256
sphere,2.000000,cartesian,0.000101912,0.000186142,0.0,0.0,32,256
sphere,2.000000,cartesian,0.0,0.0,1.5162e-05,4.9818e-05,32,256
sphere,2.000000,cartesian,0.00010484,0.000166065,0.0,0.0,32,256
sphere,2.000000,cartesian,0.0,0.0,1.2696e-05,5.9485e-05,32,256
sphere,2.000000,cartesian,9.0245e-05,0.000137914,0.0,0.0,32,256
sphere,2.000000,cartesian,0.0,0.0,1.2107e-05,4.7733e-05,32,256
sphere,2.000000,cartesian,0.000102497,0.000178197,0.0,0.0,32,256
sphere,2.000000,cartesian,0.0,0.0,1.6572e-05,4.6597e-05,32,256
sphere,2.000000,cartesian,0.00010774,0.000176597,0.0,0.0,32,256
sphere,2.000000,cartesian,0.0,0.0,1.6307e-05,5.3197e-05,32,256
sphere,2.000000,cartesian,8.3019e-05,0.000162314,0.0,0.0,32,256
sphere,2.000000,cartesian,0.0,0.0,1.2105e-05,4.1644e-05,32,256
sphere,2.000000,cartesian,7.58e-05,9.1793e-05,0.0,0.0,32,256
sphere,2.000000,cartesian,0.0,0.0,1.4456e-05,3.984e-05,32,256
sphere,2.000000,cartesian,0.000111586,0.000228334,0.0,0.0,32,256
sphere,2.000000,cartesian,0.0,0.0,1.722e-05,5.2817e-05,32,256
sphere,2.000000,cartesian,6.8805e-05,0.000119042,0.0,0.0,32,256
sphere,2.000000,cartesian,0.0,0.0,8.917e-06,3.6489e-05,32,256
sphere,2.000000,cartesian,6.4105e-05,6.7073e-05,0.0,0.0,32,256
sphere,2.000000,cartesian,0.0,0.0,6.93e-06,3.8907e-05,32,256
sphere,2.000000,cartesian,0.000108943,0.000194865,0.0,0.0,32,256
sphere,2.000000,cartesian,0.0,0.0,1.8696e-05,4.7743e-05,32,256
sphere,2.000000,cartesian,9.3617e-05,0.000157483,0.0,0.0,32,256
sphere,2.000000,cartesian,0.0,0.0,2.0745e-05,4.372e-05,32,256
sphere,2.000000,cartesian,3.8841e-05,4.0655e-05,0.0,0.0,32,256
sphere,2.000000,cartesian,0.0,0.0,4.122e-06,2.3665e-05,32,256
sphere,2.000000,cartesian,0.000128083,0.000227167,0.0,0.0,32,256
sphere,2.000000,cartesian,0.0,0.0,2.1764e-05,5.8453e-05,32,256
sphere,2.000000,cartesian,8.7297e-05,0.000143526,0.0,0.0,32,256
sphere,2.000000,cartesian,0.0,0.0,1.3393e-05,4.2463e-05,32,256
sphere,2.000000,cartesian,8.9835e-05,0.000163444,0.0,0.0,32,256
sphere,2.000000,cartesian,0.0,0.0,1.4405e-05,4.1282e-05,32,256
sphere,2.000000,cartesian,7.889e-05,0.000169567,0.0,0.0,32,256
sphere,2.000000,cartesian,0.0,0.0,1.106e-05,4.1426e-05,32,256
sphere,2.000000,cartesian,5.8377e-05,3.8415e-05,0.0,0.0,32,256
sphere,2.000000,cartesian,0.0,0.0,4.201e-06,4.1193e-05,32,256
sphere,2.000000,cartesian,0.000113668,0.000239923,0.0,0.0,32,256
sphere,2.000000,cartesian,0.0,0.0,1.9073e-05,5.077e-05,32,256
sphere,2.000000,cartesian,0.000100628,0.000117136,0.0,0.0,32,256
sphere,2.000000,cartesian,0.0,0.0,1.115e-05,6.1133e-05,32,256
sphere,2.000000,cartesian,2.7399e-05,2.7772e-05,0.0,0.0,32,256
sphere,2.000000,cartesian,0.0,0.0,2.427e-06,1.8072e-05,32,256
sphere,2.000000,cartesian,0.000112389,0.000140802,0.0,0.0,32,256
sphere,2.000000,cartesian,0.0,0.0,1.5797e-05,5.8286e-05,32,256
sphere,2.000000,cartesian,7.1652e-05,8.7396e-05,0.0,0.0,32,256
sphere,2.000000,cartesian,0.0,0.0,8.357e-06,4.1633e-05,32,256
sphere,2.000000,cartesian,4.4616e-05,3.6941e-05,0.0,0.0,32,256
sphere,2.000000,cartesian,0.0,0.0,3.457e-06,3.0383e-05,32,256
sphere,2.000000,cartesian,8.1062e-05,0.000129558,0.0,0.0,32,256
sphere,2.000000,cartesian,0.0,0.0,1.2493e-05,3.9344e-05,32,256
sphere,2.000000,cartesian,8.6504e-05,0.000166611,0.0,0.0,32,256
sphere,2.000000,cartesian,0.0,0.0,1.4244e-05,3.8909e-05,32,256
sphere,2.000000,cartesian,2.2861e-05,1.9146e-05,0.0,0.0,32,256
sphere,2.000000,cartesian,0.0,0.0,1.908e-06,1.5242e-05,32,256
sphere,2.000000,cartesian,6.2048e-05,8.5289e-05,0.0,0.0,32,256
sphere,2.000000,cartesian,0.0,0.0,1.0121e-05,2.8198e-05,32,256
sphere,2.000000,cartesian,8.0554e-05,0.000105612,0.0,0.0,32,256
sphere,2.000000,cartesian,0.0,0.0,9.215e-06,4.6234e-05,32,256
sphere,2.000000,cartesian,8.9344e-05,0.000120743,0.0,0.0,32,256
sphere,2.000000,cartesian,0.0,0.0,1.2571e-05,4.6749e-05,32,256
sphere,2.000000,cartesian,0.000109457,0.000196081,0.0,0.0,32,256
sphere,2.000000,cartesian,0.0,0.0,1.7615e-05,5.0324e-05,32,256
sphere,2.000000,cartesian,0.000110651,0.000155166,0.0,0.0,32,256
sphere,2.000000,cartesian,0.0,0.0,1.6271e-05,5.5173e-05,32,256
sphere,2.000000,cartesian,0.000102398,0.000222853,0.0,0.0,32,256
sphere,2.000000,cartesian,0.0,0.0,1.6661e-05,4.6966e-05,32,256
sphere,2.000000,cartesian,7.6735e-05,0.000118362,0.0,0.0,32,256
sphere,2.000000,cartesian,0.0,0.0,1.2795e-05,3.4496e-05,32,256
sphere,2.000000,cartesian,7.13e-05,9.1575e-05,0.0,0.0,32,256
sphere,2.000000,cartesian,0.0,0.0,1.1893e-05,3.174e-05,32,256
sphere,2.000000,cartesian,0.000101035,0.000152736,0.0,0.0,32,256
sphere,2.000000,cartesian,0.0,0.0,1.4614e-05,5.2685e-05,32,256
sphere,2.000000,cartesian,7.1265e-05,0.000111882,0.0,0.0,32,256
sphere,2.000000,cartesian,0.0,0.0,1.0642e-05,3.5909e-05,32,256
sphere,2.000000,cartesian,3.2748e-05,2.1514e-05,0.0,0.0,32,256
sphere,2.000000,cartesian,0.0,0.0,2.218e-06,2.3113e-05,32,256
sphere,2.000000,cartesian,0.000128077,0.000158236,0.0,0.0,32,256
sphere,2.000000,cartesian,0.0,0.0,1.4493e-05,7.6123e-05,32,256
sphere,2.000000,cartesian,7.3669e-05,0.000153428,0.0,0.0,32,256
sphere,2.000000,cartesian,0.0,0.0,1.0524e-05,3.8469e-05,32,256
sphere,2.000000,cartesian,6.8177e-05,0.000129987,0.0,0.0,32,256
sphere,2.000000,cartesian,0.0,0.0,1.0949e-05,3.229e-05,32,256
sphere,2.000000,cartesian,9.903e-05,0.000184321,0.0,0.0,32,256
sphere,2.000000,cartesian,0.0,0.0,1.7175e-05,4.3504e-05,32,256
sphere,2.000000,cartesian,7.6495e-05,0.0001135,0.0,0.0,32,256
sphere,2.000000,cartesian,0.0,0.0,1.066e-05,3.8886e-05,32,256
sphere,2.000000,cartesian,0.000107122,0.000177514,0.0,0.0,32,256
sphere,2.000000,cartesian,0.0,0.0,1.5056e-05,5.5182e-05,32,256
sphere,2.000000,cartesian,8.8848e-05,0.00014966,0.0,0.0,32,256
sphere,2.000000,cartesian,0.0,0.0,1.4708e-05,4.0832e-05,32,256
sphere,2.000000,cartesian,8.3642e-05,0.000157544,0.0,0.0,32,256
sphere,2.000000,cartesian,0.0,0.0,1.3993e-05,3.7258e-05,32,256
sphere,2.000000,cartesian,8.8273e-05,0.000129794,0.0,0.0,32,256
sphere,2.000000,cartesian,0.0,0.0,1.4984e-05,3.867e-05,32,256
sphere,2.000000,cartesian,7.336e-05,0.000142565,0.0,0.0,32,256
sphere,2.000000,cartesian,0.0,0.0,1.3782e-05,2.9902e-05,32,256
sphere,2.000000,cartesian,0.000165909,0.000242731,0.0,0.0,32,256
sphere,2.000000,cartesian,0.0,0.0,1.6786e-05,8.7506e-05,32,256
sphere,2.000000,cartesian,0.000192937,0.00018451,0.0,0.0,32,256
sphere,2.000000,cartesian,0.0,0.0,1.2922e-05,4.2402e-05,32,256
sphere,2.000000,cartesian,0.000102207,0.000206472,0.0,0.0,32,256
sphere,2.000000,cartesian,0.0,0.0,1.5379e-05,5.0261e-05,32,256
sphere,2.000000,cartesian,9.4799e-05,0.000187529,0.0,0.0,32,256
sphere,2.000000,cartesian,0.0,0.0,1.4362e-05,4.6178e-05,32,256
sphere,2.000000,cartesian,0.000104019,0.000152684,0.0,0.0,32,256
sphere,2.000000,cartesian,0.0,0.0,1.2325e-05,5.8104e-05,32,256
sphere,2.000000,cartesian,9.7924e-05,0.000213311,0.0,0.0,32,256
sphere,2.000000,cartesian,0.0,0.0,1.5231e-05,4.771e-05,32,256
sphere,2.000000,cartesian,8.9059e-05,0.000184792,0.0,0.0,32,256
sphere,2.000000,cartesian,0.0,0.0,1.4428e-05,4.055e-05,32,256
sphere,2.000000,cartesian,9.4577e-05,0.000157405,0.0,0.0,32,256
sphere,2.000000,cartesian,0.0,0.0,1.4787e-05,4.5474e-05,32,256
sphere,2.000000,cartesian,0.000116121,0.000225591,0.0,0.0,32,256
sphere,2.000000,cartesian,0.0,0.0,1.8741e-05,5.4422e-05,32,256
sphere,2.000000,cartesian,0.000117056,0.000187536,0.0,0.0,32,256
sphere,2.000000,cartesian,0.0,0.0,2.4905e-05,4.0604e-05,32,256
sphere,2.000000,cartesian,8.8371e-05,0.000168248,0.0,0.0,32,256
sphere,2.000000,cartesian,0.0,0.0,1.4886e-05,3.9763e-05,32,256
sphere,2.000000,cartesian,5.124e-05,7.5462e-05,0.0,0.0,32,256
sphere,2.000000,cartesian,0.0,0.0,7.055e-06,2.6233e-05,32,256
sphere,2.000000,cartesian,0.000105728,0.000184134,0.0,0.0,32,256
sphere,2.000000,cartesian,0.0,0.0,1.809e-05,4.59e-05,32,256
sphere,2.000000,cartesian,9.2483e-05,0.000124229,0.0,0.0,32,256
sphere,2.000000,cartesian,0.0,0.0,1.1988e-05,4.9761e-05,32,256
sphere,2.000000,cartesian,1.8395e-05,1.7618e-05,0.0,0.0,32,256
sphere,2.000000,cartesian,0.0,0.0,1.811e-06,1.152e-05,32,256
sphere,2.000000,cartesian,7.7297e-05,9.5603e-05,0.0,0.0,32,256
sphere,2.000000,cartesian,0.0,0.0,7.646e-06,5.0026e-05,32,256
sphere,2.000000,cartesian,2.3496e-05,1.9501e-05,0.0,0.0,32,256
sphere,2.000000,cartesian,0.0,0.0,1.574e-06,1.6431e-05,32,256
sphere,2.000000,cartesian,7.8389e-05,0.000139111,0.0,0.0,32,256
sphere,2.000000,cartesian,0.0,0.0,1.285e-05,3.5594e-05,32,256
sphere,2.000000,cartesian,8.2531e-05,0.000176007,0.0,0.0,32,256
sphere,2.000000,cartesian,0.0,0.0,1.3232e-05,3.7155e-05,32,256
sphere,2.000000,cartesian,6.3931e-05,0.000115034,0.0,0.0,32,256
sphere,2.000000,cartesian,0.0,0.0,1.1018e-05,2.903e-05,32,256
sphere,2.000000,cartesian,0.000102534,0.000166877,0.0,0.0,32,256
sphere,2.000000,cartesian,0.0,0.0,1.3732e-05,5.5314e-05,32,256
sphere,2.000000,cartesian,0.00012896,0.000304148,0.0,0.0,32,256
sphere,2.000000,cartesian,0.0,0.0,1.9265e-05,5.6389e-05,32,256
sphere,2.000000,cartesian,8.9164e-05,0.000140954,0.0,0.0,32,256
sphere,2.000000,cartesian,0.0,0.0,1.3597e-05,4.3511e-05,32,256
sphere,2.000000,cartesian,6.4899e-05,0.000119171,0.0,0.0,32,256
sphere,2.000000,cartesian,0.0,0.0,1.1224e-05,2.8645e-05,32,256
sphere,2.000000,cartesian,9.6377e-05,0.000170403,0.0,0.0,32,256
sphere,2.000000,cartesian,0.0,0.0,1.452e-05,4.7815e-05,32,256
sphere,2.000000,cartesian,9.3645e-05,0.000155728,0.0,0.0,32,256
sphere,2.000000,cartesian,0.0,0.0,1.5218e-05,4.1943e-05,32,256
sphere,2.000000,cartesian,9.1448e-05,0.000163512,0.0,0.0,32,256
sphere,2.000000,cartesian,0.0,0.0,1.3612e-05,4.5527e-05,32,256
sphere,2.000000,cartesian,9.5582e-05,0.000113332,0.0,0.0,32,256
sphere,2.000000,cartesian,0.0,0.0,1.3427e-05,4.9389e-05,32,256
sphere,2.000000,cartesian,4.8962e-05,9.8582e-05,0.0,0.0,32,256
sphere,2.000000,cartesian,0.0,0.0,9.939e-06,1.8187e-05,32,256
sphere,2.000000,cartesian,7.5872e-05,9.1514e-05,0.0,0.0,32,256
sphere,2.000000,cartesian,0.0,0.0,1.0662e-05,3.9566e-05,32,256
sphere,2.000000,cartesian,6.4266e-05,6.2166e-05,0.0,0.0,32,256
sphere,2.000000,cartesian,0.0,0.0,6.628e-06,3.9378e-05,32,256
sphere,2.000000,cartesian,7.8e-05,0.000144206,0.0,0.0,32,256
sphere,2.000000,cartesian,0.0,0.0,1.2935e-05,3.549e-05,32,256
sphere,2.000000,cartesian,8.6868e-05,0.000159433,0.0,0.0,32,256
sphere,2.000000,cartesian,0.0,0.0,1.2869e-05,4.1907e-05,32,256
sphere,2.000000,cartesian,0.000117614,5.3168e-05,0.0,0.0,32,256
sphere,2.000000,cartesian,0.0,0.0,5.708e-06,3.3827e-05,32,256
sphere,2.000000,cartesian,8.0915e-05,0.000137689,0.0,0.0,32,256
sphere,2.000000,cartesian,0.0,0.0,1.1299e-05,4.2515e-05,32,256
sphere,2.000000,cartesian,8.4959e-05,9.8755e-05,0.0,0.0,32,256
sphere,2.000000,cartesian,0.0,0.0,1.0045e-05,4.931e-05,32,256
sphere,2.000000,cartesian,0.000402786,0.000217593,0.0,0.0,32,256
sphere,2.000000,cartesian,0.0,0.0,1.3965e-05,7.3677e-05,32,256
sphere,2.000000,cartesian,0.000110989,0.000171349,0.0,0.0,32,256
sphere,2.000000,cartesian,0.0,0.0,2.0751e-05,4.4771e-05,32,256
sphere,2.000000,cartesian,9.1966e-05,0.000176701,0.0,0.0,32,256
sphere,2.000000,cartesian,0.0,0.0,1.3507e-05,4.7056e-05,32,256
sphere,2.000000,cartesian,8.5269e-05,0.000108936,0.0,0.0,32,256
sphere,2.000000,cartesian,0.0,0.0,9.065e-06,5.2599e-05,32,256
sphere,2.000000,cartesian,6.0848e-05,9.0191e-05,0.0,0.0,32,256
sphere,2.000000,cartesian,0.0,0.0,9.433e-06,2.9622e-05,32,256
sphere,2.000000,cartesian,6.6825e-05,0.00011504,0.0,0.0,32,256
sphere,2.000000,cartesian,0.0,0.0,8.962e-06,3.4532e-05,32,256
sphere,2.000000,cartesian,8.9257e-05,6.2649e-05,0.0,0.0,32,256
sphere,2.000000,cartesian,0.0,0.0,7.317e-06,5.9413e-05,32,256
sphere,2.000000,cartesian,0.000338553,0.000271101,0.0,0.0,32,256
sphere,2.000000,cartesian,0.0,0.0,2.7344e-05,0.000115908,32,256
sphere,2.000000,cartesian,0.00013419,0.000252921,0.0,0.0,32,256
sphere,2.000000,cartesian,0.0,0.0,2.5265e-05,5.1852e-05,32,256
sphere,2.000000,cartesian,0.000143328,0.000303302,0.0,0.0,32,256
sphere,2.000000,cartesian,0.0,0.0,2.3419e-05,6.5207e-05,32,256
sphere,2.000000,cartesian,9.6862e-05,0.000172815,0.0,0.0,32,256
sphere,2.000000,cartesian,0.0,0.0,1.4598e-05,4.7029e-05,32,256
sphere,2.000000,cartesian,9.5844e-05,0.000150557,0.0,0.0,32,256
sphere,2.000000,cartesian,0.0,0.0,1.4242e-05,4.8381e-05,32,256
sphere,2.000000,cartesian,9.598e-05,0.000166477,0.0,0.0,32,256
sphere,2.000000,cartesian,0.0,0.0,1.5791e-05,4.3374e-05,32,256
sphere,2.000000,cartesian,9.42e-05,0.000171251,0.0,0.0,32,256
sphere,2.000000,cartesian,0.0,0.0,1.3287e-05,4.8698e-05,32,256
sphere,2.000000,cartesian,0.000147181,9.8834e-05,0.0,0.0,32,256
sphere,2.000000,cartesian,0.0,0.0,1.0596e-05,0.000111034,32,256
sphere,2.000000,cartesian,8.3887e-05,0.000103753,0.0,0.0,32,256
sphere,2.000000,cartesian,0.0,0.0,9.85e-06,4.7569e-05,32,256
sphere,2.000000,cartesian,0.000105934,0.00020258,0.0,0.0,32,256
sphere,2.000000,cartesian,0.0,0.0,1.6555e-05,5.0602e-05,32,256
sphere,2.000000,cartesian,8.9857e-05,0.000230889,0.0,0.0,32,256
sphere,2.000000,cartesian,0.0,0.0,1.4026e-05,4.3514e-05,32,256
sphere,2.000000,cartesian,8.2415e-05,0.000164757,0.0,0.0,32,256
sphere,2.000000,cartesian,0.0,0.0,1.2975e-05,3.8151e-05,32,256
sphere,2.000000,cartesian,4.7617e-05,7.0366e-05,0.0,0.0,32,256
sphere,2.000000,cartesian,0.0,0.0,6.489e-06,2.4743e-05,32,256
sphere,2.000000,cartesian,8.0412e-05,0.000131405,0.0,0.0,32,256
sphere,2.000000,cartesian,0.0,0.0,1.136e-05,4.0465e-05,32,256
sphere,2.000000,cartesian,0.000100511,0.000152233,0.0,0.0,32,256
sphere,2.000000,cartesian,0.0,0.0,1.4447e-05,5.1028e-05,32,256
sphere,2.000000,cartesian,8.6463e-05,0.000138921,0.0,0.0,32,256
sphere,2.000000,cartesian,0.0,0.0,1.3246e-05,4.1464e-05,32,256
sphere,2.000000,cartesian,0.000106761,0.000221141,0.0,0.0,32,256
sphere,2.000000,cartesian,0.0,0.0,1.6349e-05,5.0844e-05,32,256
sphere,2.000000,cartesian,9.7521e-05,0.000109466,0.0,0.0,32,256
sphere,2.000000,cartesian,0.0,0.0,7.927e-06,6.565e-05,32,256
sphere,2.000000,cartesian,0.000113386,0.000173934,0.0,0.0,32,256
sphere,2.000000,cartesian,0.0,0.0,1.6617e-05,5.7043e-05,32,256
sphere,2.000000,cartesian,9.4344e-05,0.000171901,0.0,0.0,32,256
sphere,2.000000,cartesian,0.0,0.0,1.4714e-05,4.4601e-05,32,256
sphere,2.000000,cartesian,8.7768e-05,0.000171152,0.0,0.0,32,256
sphere,2.000000,cartesian,0.0,0.0,1.2726e-05,4.3624e-05,32,256
sphere,2.000000,cartesian,7.2935e-05,0.000115878,0.0,0.0,32,256
sphere,2.000000,cartesian,0.0,0.0,9.711e-06,3.8905e-05,32,256
sphere,2.000000,cartesian,8.3635e-05,0.000187801,0.0,0.0,32,256
sphere,2.000000,cartesian,0.0,0.0,1.577e-05,3.3092e-05,32,256
sphere,2.000000,cartesian,8.2505e-05,0.000145705,0.0,0.0,32,256
sphere,2.000000,cartesian,0.0,0.0,1.243e-05,4.0208e-05,32,256
sphere,2.000000,cartesian,8.8468e-05,0.000140536,0.0,0.0,32,256
sphere,2.000000,cartesian,0.0,0.0,1.5885e-05,3.6816e-05,32,256
sphere,2.000000,cartesian,6.3571e-05,0.00016348,0.0,0.0,32,256
sphere,2.000000,cartesian,0.0,0.0,1.27e-05,2.299e-05,32,256
sphere,2.000000,cartesian,0.000122023,0.000257452,0.0,0.0,32,256
sphere,2.000000,cartesian,0.0,0.0,1.3658e-05,7.2215e-05,32,256
sphere,2.000000,cartesian,8.8763e-05,0.000190843,0.0,0.0,32,256
sphere,2.000000,cartesian,0.0,0.0,1.2629e-05,4.4365e-05,32,256
sphere,2.000000,cartesian,0.000125838,0.000252529,0.0,0.0,32,256
sphere,2.000000,cartesian,0.0,0.0,1.9407e-05,6.0206e-05,32,256
sphere,2.000000,cartesian,9.9863e-05,0.000176196,0.0,0.0,32,256
sphere,2.000000,cartesian,0.0,0.0,1.309e-05,5.4313e-05,32,256
sphere,2.000000,cartesian,8.6053e-05,0.000148161,0.0,0.0,32,256
sphere,2.000000,cartesian,0.0,0.0,1.3992e-05,4.0136e-05,32,256
sphere,2.000000,cartesian,8.0898e-05,0.000130579,0.0,0.0,32,256
sphere,2.000000,cartesian,0.0,0.0,1.176e-05,4.1368e-05,32,256
sphere,2.000000,cartesian,0.000123751,0.000157251,0.0,0.0,32,256
sphere,2.000000,cartesian,0.0,0.0,1.9097e-05,5.9038e-05,32,256
sphere,2.000000,cartesian,2.9682e-05,2.1346e-05,0.0,0.0,32,256
sphere,2.000000,cartesian,0.0,0.0,2.62e-06,1.8938e-05,32,256
sphere,2.000000,cartesian,5.9083e-05,9.3178e-05,0.0,0.0,32,256
sphere,2.000000,cartesian,0.0,0.0,8.049e-06,3.2164e-05,32,256
sphere,2.000000,cartesian,7.3458e-05,0.000116527,0.0,0.0,32,256
sphere,2.000000,cartesian,0.0,0.0,1.0984e-05,3.6011e-05,32,256
sphere,2.000000,cartesian,0.000100209,0.00019622,0.0,0.0,32,256
sphere,2.000000,cartesian,0.0,0.0,1.5589e-05,4.7149e-05,32,256
sphere,2.000000,cartesian,0.000175346,0.000172225,0.0,0.0,32,256
sphere,2.000000,cartesian,0.0,0.0,1.5773e-05,0.000120518,32,256
sphere,2.000000,cartesian,0.000121609,0.0001875,0.0,0.0,32,256
sphere,2.000000,cartesian,0.0,0.0,1.9246e-05,5.8321e-05,32,256
sphere,2.000000,cartesian,7.0396e-05,9.6642e-05,0.0,0.0,32,256
sphere,2.000000,cartesian,0.0,0.0,9.203e-06,3.8267e-05,32,256
sphere,2.000000,cartesian,6.4018e-05,0.000104427,0.0,0.0,32,256
sphere,2.000000,cartesian,0.0,0.0,8.312e-06,3.4745e-05,32,256
sphere,2.000000,cartesian,5.0389e-05,9.6823e-05,0.0,0.0,32,256
sphere,2.000000,cartesian,0.0,0.0,7.836e-06,2.3765e-05,32,256
sphere,2.000000,cartesian,0.000132184,0.000242913,0.0,0.0,32,256
sphere,2.000000,cartesian,0.0,0.0,1.7494e-05,7.0243e-05,32,256
sphere,2.000000,cartesian,7.8309e-05,0.00010725,0.0,0.0,32,256
sphere,2.000000,cartesian,0.0,0.0,9.418e-06,4.4506e-05,32,256
sphere,2.000000,cartesian,8.6681e-05,0.000147803,0.0,0.0,32,256
sphere,2.000000,cartesian,0.0,0.0,1.4817e-05,3.7904e-05,32,256
sphere,2.000000,cartesian,0.000111059,0.000246017,0.0,0.0,32,256
sphere,2.000000,cartesian,0.0,0.0,1.852e-05,4.8649e-05,32,256
sphere,2.000000,cartesian,0.00021946,0.000294743,0.0,0.0,32,256
sphere,2.000000,cartesian,0.0,0.0,1.4135e-05,0.000169831,32,256
sphere,2.000000,cartesian,0.000121897,0.000297956,0.0,0.0,32,256
sphere,2.000000,cartesian,0.0,0.0,1.893e-05,5.4692e-05,32,256
sphere,2.000000,cartesian,0.000113094,0.000174795,0.0,0.0,32,256
sphere,2.000000,cartesian,0.0,0.0,1.5872e-05,5.9002e-05,32,256
sphere,2.000000,cartesian,0.000102264,0.000195869,0.0,0.0,32,256
sphere,2.000000,cartesian,0.0,0.0,1.635e-05,4.7689e-05,32,256
sphere,2.000000,cartesian,5.3551e-05,7.2515e-05,0.0,0.0,32,256
sphere,2.000000,cartesian,0.0,0.0,7.61e-06,2.8063e-05,32,256
sphere,2.000000,cartesian,3.8358e-05,2.9999e-05,0.0,0.0,32,256
sphere,2.000000,cartesian,0.0,0.0,3.104e-06,2.6014e-05,32,256
sphere,2.000000,cartesian,0.00011332,0.000151789,0.0,0.0,32,256
sphere,2.000000,cartesian,0.0,0.0,1.6537e-05,5.7034e-05,32,256
sphere,2.000000,cartesian,5.6518e-05,5.3865e-05,0.0,0.0,32,256
sphere,2.000000,cartesian,0.0,0.0,5.064e-06,3.6789e-05,32,256
sphere,2.000000,cartesian,0.000100977,0.000188253,0.0,0.0,32,256
sphere,2.000000,cartesian,0.0,0.0,1.5457e-05,4.9534e-05,32,256
sphere,2.000000,cartesian,9.0205e-05,0.00015319,0.0,0.0,32,256
sphere,2.000000,cartesian,0.0,0.0,1.3997e-05,4.3188e-05,32,256
sphere,2.000000,cartesian,0.000106339,0.000596085,0.0,0.0,32,256
sphere,2.000000,cartesian,0.0,0.0,1.7749e-05,4.6419e-05,32,256
sphere,2.000000,cartesian,0.000106998,0.000175639,0.0,0.0,32,256
sphere,2.000000,cartesian,0.0,0.0,1.3602e-05,5.9025e-05,32,256
sphere,2.000000,cartesian,9.2655e-05,0.000203574,0.0,0.0,32,256
sphere,2.000000,cartesian,0.0,0.0,1.448e-05,4.3085e-05,32,256
sphere,2.000000,cartesian,0.000120054,0.00021337,0.0,0.0,32,256
sphere,2.000000,cartesian,0.0,0.0,1.7176e-05,5.9393e-05,32,256
sphere,2.000000,cartesian,8.8803e-05,0.000191885,0.0,0.0,32,256
sphere,2.000000,cartesian,0.0,0.0,1.375e-05,4.1796e-05,32,256
sphere,2.000000,cartesian,8.8154e-05,0.000129415,0.0,0.0,32,256
sphere,2.000000,cartesian,0.0,0.0,1.3471e-05,4.2291e-05,32,256
sphere,2.000000,cartesian,0.000102246,0.000186977,0.0,0.0,32,256
sphere,2.000000,cartesian,0.0,0.0,1.4503e-05,5.3029e-05,32,256
sphere,2.000000,cartesian,8.0025e-05,0.000153402,0.0,0.0,32,256
sphere,2.000000,cartesian,0.0,0.0,1.3351e-05,3.479e-05,32,256
sphere,2.000000,cartesian,5.139e-05,0.000108459,0.0,0.0,32,256
sphere,2.000000,cartesian,0.0,0.0,9.455e-06,1.9928e-05,32,256
sphere,2.000000,cartesian,9.9989e-05,0.000149824,0.0,0.0,32,256
sphere,2.000000,cartesian,0.0,0.0,1.3931e-05,5.1261e-05,32,256
sphere,2.000000,cartesian,4.5184e-05,6.7419e-05,0.0,0.0,32,256
sphere,2.000000,cartesian,0.0,0.0,6.978e-06,2.1199e-05,32,256
sphere,2.000000,cartesian,9.9654e-05,0.000119851,0.0,0.0,32,256
sphere,2.000000,cartesian,0.0,0.0,1.5878e-05,4.6861e-05,32,256
sphere,2.000000,cartesian,6.5435e-05,0.000100243,0.0,0.0,32,256
sphere,2.000000,cartesian,0.0,0.0,8.039e-06,3.7271e-05,32,256
sphere,2.000000,cartesian,0.000115665,0.00021202,0.0,0.0,32,256
sphere,2.000000,cartesian,0.0,0.0,1.8546e-05,5.4278e-05,32,256
sphere,2.000000,cartesian,0.00012351,0.000193871,0.0,0.0,32,256
sphere,2.000000,cartesian,0.0,0.0,1.8922e-05,6.0814e-05,32,256
sphere,2.000000,cartesian,0.000103226,0.000208021,0.0,0.0,32,256
sphere,2.000000,cartesian,0.0,0.0,1.4282e-05,5.3859e-05,32,256
sphere,2.000000,cartesian,0.000102122,0.000186421,0.0,0.0,32,256
sphere,2.000000,cartesian,0.0,0.0,1.4078e-05,5.3713e-05,32,256
sphere,2.000000,cartesian,7.8301e-05,0.000136465,0.0,0.0,32,256
sphere,2.000000,cartesian,0.0,0.0,1.2489e-05,3.7687e-05,32,256
sphere,2.000000,cartesian,4.3689e-05,4.5175e-05,0.0,0.0,32,256
sphere,2.000000,cartesian,0.0,0.0,3.735e-06,2.7811e-05,32,256
sphere,2.000000,cartesian,8.4891e-05,0.000141343,0.0,0.0,32,256
sphere,2.000000,cartesian,0.0,0.0,1.282e-05,4.0732e-05,32,256
sphere,2.000000,cartesian,9.2791e-05,0.000165385,0.0,0.0,32,256
sphere,2.000000,cartesian,0.0,0.0,1.5818e-05,4.0493e-05,32,256
sphere,2.000000,cartesian,6.383e-05,7.953e-05,0.0,0.0,32,256
sphere,2.000000,cartesian,0.0,0.0,6.542e-06,3.9234e-05,32,256
sphere,2.000000,cartesian,9.0963e-05,0.000151089,0.0,0.0,32,256
sphere,2.000000,cartesian,0.0,0.0,1.4159e-05,4.3486e-05,32,256
sphere,2.000000,cartesian,7.6736e-05,0.00012902,0.0,0.0,32,256
sphere,2.000000,cartesian,0.0,0.0,1.2677e-05,3.3599e-05,32,256
sphere,2.000000,cartesian,9.4927e-05,0.000167329,0.0,0.0,32,256
sphere,2.000000,cartesian,0.0,0.0,1.3963e-05,4.6351e-05,32,256
sphere,2.000000,cartesian,0.000106467,0.000150961,0.0,0.0,32,256
sphere,2.000000,cartesian,0.0,0.0,1.6784e-05,5.0947e-05,32,256
sphere,2.000000,cartesian,6.119e-05,0.000110987,0.0,0.0,32,256
sphere,2.000000,cartesian,0.0,0.0,8.308e-06,3.2803e-05,32,256
sphere,2.000000,cartesian,8.8779e-05,0.000154898,0.0,0.0,32,256
sphere,2.000000,cartesian,0.0,0.0,1.4242e-05,4.142e-05,32,256
sphere,2.000000,cartesian,8.0578e-05,0.00014647,0.0,0.0,32,256
sphere,2.000000,cartesian,0.0,0.0,1.2484e-05,3.6626e-05,32,256
sphere,2.000000,cartesian,9.2564e-05,0.000165897,0.0,0.0,32,256
sphere,2.000000,cartesian,0.0,0.0,1.5707e-05,4.052e-05,32,256
sphere,2.000000,cartesian,9.0273e-05,0.000162688,0.0,0.0,32,256
sphere,2.000000,cartesian,0.0,0.0,1.5402e-05,3.888e-05,32,256
sphere,2.000000,cartesian,6.4182e-05,5.3574e-05,0.0,0.0,32,256
sphere,2.000000,cartesian,0.0,0.0,5.228e-06,4.2663e-05,32,256
sphere,2.000000,cartesian,7.514e-05,0.000114837,0.0,0.0,32,256
sphere,2.000000,cartesian,0.0,0.0,1.0883e-05,3.7801e-05,32,256
sphere,2.000000,cartesian,4.7835e-05,6.1429e-05,0.0,0.0,32,256
sphere,2.000000,cartesian,0.0,0.0,6.444e-06,2.6104e-05,32,256
sphere,2.000000,cartesian,7.5596e-05,0.000161547,0.0,0.0,32,256
sphere,2.000000,cartesian,0.0,0.0,1.1251e-05,3.7133e-05,32,256
sphere,2.000000,cartesian,7.9196e-05,0.000156254,0.0,0.0,32,256
sphere,2.000000,cartesian,0.0,0.0,1.3451e-05,3.4819e-05,32,256
sphere,2.000000,cartesian,0.000110054,0.000228573,0.0,0.0,32,256
sphere,2.000000,cartesian,0.0,0.0,1.7179e-05,5.1221e-05,32,256
sphere,2.000000,cartesian,0.000140502,0.000106018,0.0,0.0,32,256
sphere,2.000000,cartesian,0.0,0.0,1.0324e-05,3.161e-05,32,256
sphere,2.000000,cartesian,9.0036e-05,0.000163165,0.0,0.0,32,256
sphere,2.000000,cartesian,0.0,0.0,1.5776e-05,3.7701e-05,32,256
sphere,2.000000,cartesian,0.000212165,0.000222511,0.0,0.0,32,256
sphere,2.000000,cartesian,0.0,0.0,0.000142096,4.0702e-05,32,256
sphere,2.000000,cartesian,7.9253e-05,0.000160556,0.0,0.0,32,256
sphere,2.000000,cartesian,0.0,0.0,1.4724e-05,3.0929e-05,32,256
sphere,2.000000,cartesian,6.0294e-05,0.00010111,0.0,0.0,32,256
sphere,2.000000,cartesian,0.0,0.0,7.529e-06,3.3916e-05,32,256
sphere,2.000000,cartesian,0.000113144,0.000156806,0.0,0.0,32,256
sphere,2.000000,cartesian,0.0,0.0,1.5242e-05,6.0805e-05,32,256
sphere,2.000000,cartesian,8.6282e-05,0.000144789,0.0,0.0,32,256
sphere,2.000000,cartesian,0.0,0.0,1.161e-05,4.5898e-05,32,256
sphere,2.000000,cartesian,6.3297e-05,9.7235e-05,0.0,0.0,32,256
sphere,2.000000,cartesian,0.0,0.0,8.555e-06,3.3478e-05,32,256
sphere,2.000000,cartesian,3.6869e-05,3.7496e-05,0.0,0.0,32,256
sphere,2.000000,cartesian,0.0,0.0,3.764e-06,2.3178e-05,32,256
sphere,2.000000,cartesian,6.685e-05,0.000130709,0.0,0.0,32,256
sphere,2.000000,cartesian,0.0,0.0,1.0562e-05,3.1076e-05,32,256
sphere,2.000000,cartesian,0.000127778,0.000207401,0.0,0.0,32,256
sphere,2.000000,cartesian,0.0,0.0,1.9198e-05,6.1747e-05,32,256
sphere,2.000000,cartesian,5.7866e-05,8.1708e-05,0.0,0.0,32,256
sphere,2.000000,cartesian,0.0,0.0,7.662e-06,3.1291e-05,32,256
sphere,2.000000,cartesian,0.00012621,0.000137034,0.0,0.0,32,256
sphere,2.000000,cartesian,0.0,0.0,1.5113e-05,3.9395e-05,32,256
sphere,2.000000,cartesian,6.9816e-05,0.000227182,0.0,0.0,32,256
sphere,2.000000,cartesian,0.0,0.0,1.4332e-05,2.429e-05,32,256
sphere,2.000000,cartesian,9.9476e-05,0.000151024,0.0,0.0,32,256
sphere,2.000000,cartesian,0.0,0.0,1.4991e-05,4.8446e-05,32,256
sphere,2.000000,cartesian,9.3965e-05,0.000190826,0.0,0.0,32,256
sphere,2.000000,cartesian,0.0,0.0,1.3874e-05,4.6183e-05,32,256
sphere,2.000000,cartesian,0.000109906,0.000179246,0.0,0.0,32,256
sphere,2.000000,cartesian,0.0,0.0,1.6276e-05,5.4844e-05,32,256
sphere,2.000000,cartesian,8.7158e-05,0.000113392,0.0,0.0,32,256
sphere,2.000000,cartesian,0.0,0.0,1.0496e-05,4.8723e-05,32,256
sphere,2.000000,cartesian,9.1991e-05,0.000164616,0.0,0.0,32,256
sphere,2.000000,cartesian,0.0,0.0,1.3245e-05,4.653e-05,32,256
sphere,2.000000,cartesian,9.7148e-05,0.000182,0.0,0.0,32,256
sphere,2.000000,cartesian,0.0,0.0,1.5327e-05,4.5585e-05,32,256
sphere,2.000000,cartesian,1.9136e-05,1.2528e-05,0.0,0.0,32,256
sphere,2.000000,cartesian,0.0,0.0,1.244e-06,1.3418e-05,32,256
sphere,2.000000,cartesian,9.2846e-05,0.000177699,0.0,0.0,32,256
sphere,2.000000,cartesian,0.0,0.0,1.6523e-05,3.829e-05,32,256
sphere,2.000000,cartesian,8.2646e-05,0.000130357,0.0,0.0,32,256
sphere,2.000000,cartesian,0.0,0.0,1.2554e-05,3.9938e-05,32,256
sphere,2.000000,cartesian,6.598e-05,0.000221207,0.0,0.0,32,256
sphere,2.000000,cartesian,0.0,0.0,7.513e-06,3.8637e-05,32,256
sphere,2.000000,cartesian,8.9945e-05,0.000159701,0.0,0.0,32,256
sphere,2.000000,cartesian,0.0,0.0,1.3671e-05,4.4436e-05,32,256
sphere,2.000000,cartesian,6.3282e-05,0.000159415,0.0,0.0,32,256
sphere,2.000000,cartesian,0.0,0.0,1.4723e-05,1.6703e-05,32,256
sphere,2.000000,cartesian,0.000136479,0.000230057,0.0,0.0,32,256
sphere,2.000000,cartesian,0.0,0.0,2.0759e-05,6.6178e-05,32,256
sphere,2.000000,cartesian,9.1897e-05,0.00015782,0.0,0.0,32,256
sphere,2.000000,cartesian,0.0,0.0,1.404e-05,4.4176e-05,32,256
sphere,2.000000,cartesian,7.9911e-05,0.000103113,0.0,0.0,32,256
sphere,2.000000,cartesian,0.0,0.0,9.752e-06,4.3872e-05,32,256
sphere,2.000000,cartesian,9.9323e-05,0.000164019,0.0,0.0,32,256
sphere,2.000000,cartesian,0.0,0.0,1.5336e-05,4.7966e-05,32,256
sphere,2.000000,cartesian,9.9607e-05,0.000167895,0.0,0.0,32,256
sphere,2.000000,cartesian,0.0,0.0,1.567e-05,4.665e-05,32,256
sphere,2.000000,cartesian,0.000103546,0.00019381,0.0,0.0,32,256
sphere,2.000000,cartesian,0.0,0.0,2.5585e-05,4.0037e-05,32,256
sphere,2.000000,cartesian,0.000119481,6.6322e-05,0.0,0.0,32,256
sphere,2.000000,cartesian,0.0,0.0,6.367e-06,9.4011e-05,32,256
sphere,2.000000,cartesian,0.000101263,0.000197572,0.0,0.0,32,256
sphere,2.000000,cartesian,0.0,0.0,1.6002e-05,4.8295e-05,32,256
sphere,2.000000,cartesian,7.5332e-05,9.7859e-05,0.0,0.0,32,256
sphere,2.000000,cartesian,0.0,0.0,9.222e-06,4.2434e-05,32,256
sphere,2.000000,cartesian,0.000115528,0.000177825,0.0,0.0,32,256
sphere,2.000000,cartesian,0.0,0.0,1.7754e-05,5.4839e-05,32,256
sphere,2.000000,cartesian,9.0161e-05,0.000155354,0.0,0.0,32,256
sphere,2.000000,cartesian,0.0,0.0,1.4315e-05,4.1378e-05,32,256
sphere,2.000000,cartesian,9.7223e-05,0.000129665,0.0,0.0,32,256
sphere,2.000000,cartesian,0.0,0.0,1.3015e-05,5.1988e-05,32,256
sphere,2.000000,cartesian,9.728e-05,0.000153004,0.0,0.0,32,256
sphere,2.000000,cartesian,0.0,0.0,1.6771e-05,4.2187e-05,32,256
sphere,2.000000,cartesian,9.4735e-05,0.000172995,0.0,0.0,32,256
sphere,2.000000,cartesian,0.0,0.0,1.6277e-05,4.1232e-05,32,256
sphere,2.000000,cartesian,9.7861e-05,0.000195785,0.0,0.0,32,256
sphere,2.000000,cartesian,0.0,0.0,1.4631e-05,4.6919e-05,32,256
sphere,2.000000,cartesian,0.000148792,0.000366531,0.0,0.0,32,256
sphere,2.000000,cartesian,0.0,0.0,1.4283e-05,9.9091e-05,32,256
sphere,2.000000,cartesian,5.6209e-05,5.3401e-05,0.0,0.0,32,256
sphere,2.000000,cartesian,0.0,0.0,5.622e-06,3.42e-05,32,256
sphere,2.000000,cartesian,0.000133914,0.000272232,0.0,0.0,32,256
sphere,2.000000,cartesian,0.0,0.0,2.1999e-05,6.0146e-05,32,256
sphere,2.000000,cartesian,0.000107472,0.000247349,0.0,0.0,32,256
sphere,2.000000,cartesian,0.0,0.0,1.7267e-05,4.7686e-05,32,256
sphere,2.000000,cartesian,0.000102947,0.000163931,0.0,0.0,32,256
sphere,2.000000,cartesian,0.0,0.0,1.6209e-05,4.803e-05,32,256
sphere,2.000000,cartesian,7.3119e-05,0.000125463,0.0,0.0,32,256
sphere,2.000000,cartesian,0.0,0.0,1.2179e-05,3.3082e-05,32,256
sphere,2.000000,cartesian,9.3676e-05,0.00012451,0.0,0.0,32,256
sphere,2.000000,cartesian,0.0,0.0,1.118e-05,5.3649e-05,32,256
sphere,2.000000,cartesian,6.1516e-05,0.00011181,0.0,0.0,32,256
sphere,2.000000,cartesian,0.0,0.0,9.255e-06,3.1135e-05,32,256
sphere,2.000000,cartesian,9.6159e-05,0.000169571,0.0,0.0,32,256
sphere,2.000000,cartesian,0.0,0.0,1.3695e-05,5.0188e-05,32,256
sphere,2.000000,cartesian,0.000100415,0.00018796,0.0,0.0,32,256
sphere,2.000000,cartesian,0.0,0.0,2.2044e-05,4.3307e-05,32,256
sphere,2.000000,cartesian,6.7008e-05,0.000118684,0.0,0.0,32,256
sphere,2.000000,cartesian,0.0,0.0,9.962e-06,3.4088e-05,32,256
sphere,2.000000,cartesian,8.9592e-05,0.000105155,0.0,0.0,32,256
sphere,2.000000,cartesian,0.0,0.0,9.785e-06,5.5788e-05,32,256
sphere,2.000000,cartesian,9.7374e-05,0.000184145,0.0,0.0,32,256
sphere,2.000000,cartesian,0.0,0.0,1.5327e-05,4.5978e-05,32,256
sphere,2.000000,cartesian,1.4606e-05,1.8677e-05,0.0,0.0,32,256
sphere,2.000000,cartesian,0.0,0.0,1.235e-06,9.262e-06,32,256
sphere,2.000000,cartesian,0.000108141,0.000285936,0.0,0.0,32,256
sphere,2.000000,cartesian,0.0,0.0,1.6243e-05,5.2577e-05,32,256
sphere,2.000000,cartesian,7.7136e-05,0.000112571,0.0,0.0,32,256
sphere,2.000000,cartesian,0.0,0.0,1.0291e-05,4.1248e-05,32,256
sphere,2.000000,cartesian,7.4584e-05,0.000113345,0.0,0.0,32,256
sphere,2.000000,cartesian,0.0,0.0,1.0076e-05,4.0268e-05,32,256
sphere,2.000000,cartesian,7.9689e-05,0.00015391,0.0,0.0,32,256
sphere,2.000000,cartesian,0.0,0.0,1.3206e-05,3.5836e-05,32,256
sphere,2.000000,cartesian,6.2773e-05,0.000112467,0.0,0.0,32,256
sphere,2.000000,cartesian,0.0,0.0,1.0819e-05,2.6802e-05,32,256
sphere,2.000000,cartesian,0.000107725,0.00015337,0.0,0.0,32,256
sphere,2.000000,cartesian,0.0,0.0,1.6113e-05,5.3284e-05,32,256
sphere,2.000000,cartesian,0.00011397,0.000129267,0.0,0.0,32,256
sphere,2.000000,cartesian,0.0,0.0,1.4336e-05,6.3908e-05,32,256
sphere,2.000000,cartesian,7.2073e-05,0.000124388,0.0,0.0,32,256
sphere,2.000000,cartesian,0.0,0.0,1.1438e-05,3.3999e-05,32,256
sphere,2.000000,cartesian,9.267e-05,0.000141788,0.0,0.0,32,256
sphere,2.000000,cartesian,0.0,0.0,1.2937e-05,4.8817e-05,32,256
sphere,2.000000,cartesian,0.000105476,0.000191884,0.0,0.0,32,256
sphere,2.000000,cartesian,0.0,0.0,1.4967e-05,5.3466e-05,32,256
sphere,2.000000,cartesian,4.6141e-05,5.6579e-05,0.0,0.0,32,256
sphere,2.000000,cartesian,0.0,0.0,4.887e-06,2.7828e-05,32,256
sphere,2.000000,cartesian,0.000128211,0.000277035,0.0,0.0,32,256
sphere,2.000000,cartesian,0.0,0.0,2.0466e-05,5.9413e-05,32,256
sphere,2.000000,cartesian,0.000110806,0.000167815,0.0,0.0,32,256
sphere,2.000000,cartesian,0.0,0.0,2.0134e-05,4.4834e-05,32,256
sphere,2.000000,cartesian,7.7428e-05,0.000103948,0.0,0.0,32,256
sphere,2.000000,cartesian,0.0,0.0,9.954e-06,4.331e-05,32,256
sphere,2.000000,cartesian,7.9838e-05,0.000161227,0.0,0.0,32,256
sphere,2.000000,cartesian,0.0,0.0,1.3352e-05,3.5851e-05,32,256
sphere,2.000000,cartesian,8.9992e-05,0.000123963,0.0,0.0,32,256
sphere,2.000000,cartesian,0.0,0.0,1.2029e-05,4.8717e-05,32,256
sphere,2.000000,cartesian,9.4129e-05,0.000107898,0.0,0.0,32,256
sphere,2.000000,cartesian,0.0,0.0,9.503e-06,3.6304e-05,32,256
sphere,2.000000,cartesian,9.0766e-05,0.000150455,0.0,0.0,32,256
sphere,2.000000,cartesian,0.0,0.0,1.2516e-05,4.8448e-05,32,256
sphere,2.000000,cartesian,9.1514e-05,0.000119736,0.0,0.0,32,256
sphere,2.000000,cartesian,0.0,0.0,1.4222e-05,4.2445e-05,32,256
sphere,2.000000,cartesian,9.4791e-05,0.00012017,0.0,0.0,32,256
sphere,2.000000,cartesian,0.0,0.0,1.433e-05,4.6904e-05,32,256
sphere,2.000000,cartesian,0.000136208,0.000157891,0.0,0.0,32,256
sphere,2.000000,cartesian,0.0,0.0,1.3578e-05,9.0197e-05,32,256
sphere,2.000000,cartesian,8.7271e-05,0.00015147,0.0,0.0,32,256
sphere,2.000000,cartesian,0.0,0.0,1.3159e-05,4.3324e-05,32,256
sphere,2.000000,cartesian,5.2894e-05,8.2006e-05,0.0,0.0,32,256
sphere,2.000000,cartesian,0.0,0.0,8.879e-06,2.3517e-05,32,256
sphere,2.000000,cartesian,9.7037e-05,0.00017074,0.0,0.0,32,256
sphere,2.000000,cartesian,0.0,0.0,1.6271e-05,4.4462e-05,32,256
sphere,2.000000,cartesian,0.000106587,0.000172276,0.0,0.0,32,256
sphere,2.000000,cartesian,0.0,0.0,1.6746e-05,4.9343e-05,32,256
sphere,2.000000,cartesian,8.6826e-05,9.3161e-05,0.0,0.0,32,256
sphere,2.000000,cartesian,0.0,0.0,1.1055e-05,4.8384e-05,32,256
sphere,2.000000,cartesian,0.000144212,0.000250475,0.0,0.0,32,256
sphere,2.000000,cartesian,0.0,0.0,1.87e-05,6.8943e-05,32,256
sphere,2.000000,cartesian,8.5829e-05,0.000145131,0.0,0.0,32,256
sphere,2.000000,cartesian,0.0,0.0,1.3456e-05,4.0504e-05,32,256
sphere,2.000000,cartesian,8.1936e-05,0.00017971,0.0,0.0,32,256
sphere,2.000000,cartesian,0.0,0.0,1.1828e-05,4.0794e-05,32,256
sphere,2.000000,cartesian,0.000103294,0.000193389,0.0,0.0,32,256
sphere,2.000000,cartesian,0.0,0.0,1.7423e-05,4.5296e-05,32,256
sphere,2.000000,cartesian,0.000114862,0.000207073,0.0,0.0,32,256
sphere,2.000000,cartesian,0.0,0.0,1.6665e-05,5.8138e-05,32,256
sphere,2.000000,cartesian,7.6919e-05,0.000134666,0.0,0.0,32,256
sphere,2.000000,cartesian,0.0,0.0,1.1689e-05,3.8002e-05,32,256
sphere,2.000000,cartesian,7.6677e-05,0.000167803,0.0,0.0,32,256
sphere,2.000000,cartesian,0.0,0.0,1.0811e-05,3.8976e-05,32,256
sphere,2.000000,cartesian,7.1897e-05,0.000127645,0.0,0.0,32,256
sphere,2.000000,cartesian,0.0,0.0,1.038e-05,3.5293e-05,32,256
sphere,2.000000,cartesian,4.8649e-05,0.000150095,0.0,0.0,32,256
sphere,2.000000,cartesian,0.0,0.0,1.2939e-05,9.074e-06,32,256
sphere,2.000000,cartesian,9.7773e-05,0.000273503,0.0,0.0,32,256
sphere,2.000000,cartesian,0.0,0.0,1.2199e-05,5.4345e-05,32,256
sphere,2.000000,cartesian,0.000131171,0.000220727,0.0,0.0,32,256
sphere,2.000000,cartesian,0.0,0.0,2.2265e-05,5.9627e-05,32,256
sphere,2.000000,cartesian,7.8844e-05,0.000130886,0.0,0.0,32,256
sphere,2.000000,cartesian,0.0,0.0,1.1401e-05,3.9331e-05,32,256
sphere,2.000000,cartesian,9.2456e-05,0.000171466,0.0,0.0,32,256
sphere,2.000000,cartesian,0.0,0.0,1.5102e-05,4.1636e-05,32,256
sphere,2.000000,cartesian,8.1299e-05,0.000168544,0.0,0.0,32,256
sphere,2.000000,cartesian,0.0,0.0,1.2816e-05,3.8713e-05,32,256
sphere,2.000000,cartesian,9.8163e-05,0.000158944,0.0,0.0,32,256
sphere,2.000000,cartesian,0.0,0.0,1.6642e-05,4.4235e-05,32,256
sphere,2.000000,cartesian,0.000108948,0.000167661,0.0,0.0,32,256
sphere,2.000000,cartesian,0.0,0.0,1.6e-05,5.4805e-05,32,256
sphere,2.000000,cartesian,4.9348e-05,5.9048e-05,0.0,0.0,32,256
sphere,2.000000,cartesian,0.0,0.0,5.316e-06,3.0256e-05,32,256
sphere,2.000000,cartesian,0.000131083,0.000158924,0.0,0.0,32,256
sphere,2.000000,cartesian,0.0,0.0,1.8993e-05,6.6801e-05,32,256
sphere,2.000000,cartesian,6.927e-05,0.000108036,0.0,0.0,32,256
sphere,2.000000,cartesian,0.0,0.0,8.67e-06,3.8392e-05,32,256
sphere,2.000000,cartesian,7.8956e-05,0.000129652,0.0,0.0,32,256
sphere,2.000000,cartesian,0.0,0.0,1.0988e-05,4.082e-05,32,256
sphere,2.000000,cartesian,8.3057e-05,0.0002064,0.0,0.0,32,256
sphere,2.000000,cartesian,0.0,0.0,1.2863e-05,3.9468e-05,32,256
sphere,2.000000,cartesian,8.4373e-05,0.000131699,0.0,0.0,32,256
sphere,2.000000,cartesian,0.0,0.0,1.3466e-05,3.9166e-05,32,256
sphere,2.000000,cartesian,7.2975e-05,0.000124968,0.0,0.0,32,256
sphere,2.000000,cartesian,0.0,0.0,8.67e-06,4.1239e-05,32,256
sphere,2.000000,cartesian,2.1248e-05,2.0996e-05,0.0,0.0,32,256
sphere,2.000000,cartesian,0.0,0.0,1.896e-06,1.3324e-05,32,256
sphere,2.000000,cartesian,8.2652e-05,0.000164886,0.0,0.0,32,256
sphere,2.000000,cartesian,0.0,0.0,1.3797e-05,3.6659e-05,32,256
sphere,2.000000,cartesian,9.5102e-05,0.000100827,0.0,0.0,32,256
sphere,2.000000,cartesian,0.0,0.0,1.1547e-05,5.4782e-05,32,256
sphere,2.000000,cartesian,9.1658e-05,0.000161183,0.0,0.0,32,256
sphere,2.000000,cartesian,0.0,0.0,1.5211e-05,4.1325e-05,32,256
sphere,2.000000,cartesian,0.000113609,0.000179466,0.0,0.0,32,256
sphere,2.000000,cartesian,0.0,0.0,1.7391e-05,5.5454e-05,32,256
sphere,2.000000,cartesian,9.5829e-05,0.000175006,0.0,0.0,32,256
sphere,2.000000,cartesian,0.0,0.0,1.531e-05,4.5282e-05,32,256
sphere,2.000000,cartesian,7.0512e-05,0.000119353,0.0,0.0,32,256
sphere,2.000000,cartesian,0.0,0.0,1.0019e-05,3.6749e-05,32,256
sphere,2.000000,cartesian,9.5972e-05,0.000164711,0.0,0.0,32,256
sphere,2.000000,cartesian,0.0,0.0,1.336e-05,4.9677e-05,32,256
sphere,2.000000,cartesian,0.000126266,0.000267478,0.0,0.0,32,256
sphere,2.000000,cartesian,0.0,0.0,1.7777e-05,4.4732e-05,32,256
sphere,2.000000,cartesian,0.000103745,0.000170206,0.0,0.0,32,256
sphere,2.000000,cartesian,0.0,0.0,1.3086e-05,5.7392e-05,32,256
sphere,2.000000,cartesian,0.000125864,0.000215853,0.0,0.0,32,256
sphere,2.000000,cartesian,0.0,0.0,2.047e-05,5.8228e-05,32,256
sphere,2.000000,cartesian,8.3707e-05,0.000157298,0.0,0.0,32,256
sphere,2.000000,cartesian,0.0,0.0,1.322e-05,3.9977e-05,32,256
sphere,2.000000,cartesian,6.3328e-05,0.000123596,0.0,0.0,32,256
sphere,2.000000,cartesian,0.0,0.0,9.623e-06,3.084e-05,32,256
sphere,2.000000,cartesian,9.3014e-05,0.000172437,0.0,0.0,32,256
sphere,2.000000,cartesian,0.0,0.0,1.1117e-05,5.2332e-05,32,256
sphere,2.000000,cartesian,7.3865e-05,0.000132718,0.0,0.0,32,256
sphere,2.000000,cartesian,0.0,0.0,1.1222e-05,3.617e-05,32,256
sphere,2.000000,cartesian,8.5531e-05,0.00011731,0.0,0.0,32,256
sphere,2.000000,cartesian,0.0,0.0,1.4081e-05,3.9148e-05,32,256
sphere,2.000000,cartesian,9.8923e-05,0.00016751,0.0,0.0,32,256
sphere,2.000000,cartesian,0.0,0.0,1.3577e-05,4.4558e-05,32,256
sphere,2.000000,cartesian,7.7208e-05,0.000134819,0.0,0.0,32,256
sphere,2.000000,cartesian,0.0,0.0,1.1645e-05,3.8054e-05,32,256
sphere,2.000000,cartesian,9.1755e-05,0.000116663,0.0,0.0,32,256
sphere,2.000000,cartesian,0.0,0.0,1.3267e-05,4.6727e-05,32,256
sphere,2.000000,cartesian,9.6318e-05,0.000109116,0.0,0.0,32,256
sphere,2.000000,cartesian,0.0,0.0,1.2833e-05,5.1521e-05,32,256
sphere,2.000000,cartesian,7.143e-05,0.000110776,0.0,0.0,32,256
sphere,2.000000,cartesian,0.0,0.0,9.686e-06,3.8371e-05,32,256
sphere,2.000000,cartesian,5.2138e-05,7.1069e-05,0.0,0.0,32,256
sphere,2.000000,cartesian,0.0,0.0,6.361e-06,3.0574e-05,32,256
sphere,2.000000,cartesian,8.4771e-05,0.000158348,0.0,0.0,32,256
sphere,2.000000,cartesian,0.0,0.0,1.4814e-05,3.7504e-05,32,256
sphere,2.000000,cartesian,7.5295e-05,0.000134527,0.0,0.0,32,256
sphere,2.000000,cartesian,0.0,0.0,1.4129e-05,3.0693e-05,32,256
sphere,2.000000,cartesian,5.1486e-05,6.4701e-05,0.0,0.0,32,256
sphere,2.000000,cartesian,0.0,0.0,6.072e-06,2.9361e-05,32,256
sphere,2.000000,cartesian,0.000131228,0.00016119,0.0,0.0,32,256
sphere,2.000000,cartesian,0.0,0.0,1.6708e-05,7.4999e-05,32,256
sphere,2.000000,cartesian,7.5922e-05,0.000138485,0.0,0.0,32,256
sphere,2.000000,cartesian,0.0,0.0,1.2282e-05,3.5568e-05,32,256
sphere,2.000000,cartesian,4.9356e-05,8.8431e-05,0.0,0.0,32,256
sphere,2.000000,cartesian,0.0,0.0,7.251e-06,2.4236e-05,32,256
sphere,2.000000,cartesian,7.1399e-05,0.00010498,0.0,0.0,32,256
sphere,2.000000,cartesian,0.0,0.0,9.712e-06,3.8788e-05,32,256
sphere,2.000000,cartesian,0.000116498,0.00016598,0.0,0.0,32,256
sphere,2.000000,cartesian,0.0,0.0,1.8824e-05,5.4674e-05,32,256
sphere,2.000000,cartesian,9.0125e-05,9.2818e-05,0.0,0.0,32,256
sphere,2.000000,cartesian,0.0,0.0,8.591e-06,5.8766e-05,32,256
sphere,2.000000,cartesian,8.7865e-05,0.000153917,0.0,0.0,32,256
sphere,2.000000,cartesian,0.0,0.0,1.3849e-05,4.198e-05,32,256
sphere,2.000000,cartesian,0.000102352,0.000148664,0.0,0.0,32,256
sphere,2.000000,cartesian,0.0,0.0,1.5969e-05,4.9166e-05,32,256
sphere,2.000000,cartesian,8.6369e-05,0.000152799,0.0,0.0,32,256
sphere,2.000000,cartesian,0.0,0.0,1.3225e-05,4.1667e-05,32,256
sphere,2.000000,cartesian,9.4039e-05,0.000133843,0.0,0.0,32,256
sphere,2.000000,cartesian,0.0,0.0,1.6168e-05,4.0682e-05,32,256
sphere,2.000000,cartesian,9.5385e-05,0.000128255,0.0,0.0,32,256
sphere,2.000000,cartesian,0.0,0.0,1.3323e-05,5.04e-05,32,256
sphere,2.000000,cartesian,6.7225e-05,0.00012134,0.0,0.0,32,256
sphere,2.000000,cartesian,0.0,0.0,1.0126e-05,3.2862e-05,32,256
sphere,2.000000,cartesian,9.9102e-05,0.000124351,0.0,0.0,32,256
sphere,2.000000,cartesian,0.0,0.0,1.3453e-05,5.3103e-05,32,256
sphere,2.000000,cartesian,5.6957e-05,8.8591e-05,0.0,0.0,32,256
sphere,2.000000,cartesian,0.0,0.0,7.751e-06,2.9432e-05,32,256
sphere,2.000000,cartesian,0.000102155,0.000167878,0.0,0.0,32,256
sphere,2.000000,cartesian,0.0,0.0,1.5449e-05,5.0962e-05,32,256
sphere,2.000000,cartesian,7.9679e-05,0.000206021,0.0,0.0,32,256
sphere,2.000000,cartesian,0.0,0.0,1.2218e-05,3.8452e-05,32,256
sphere,2.000000,cartesian,7.1393e-05,9.7097e-05,0.0,0.0,32,256
sphere,2.000000,cartesian,0.0,0.0,1.0547e-05,3.643e-05,32,256
sphere,2.000000,cartesian,9.0593e-05,0.00013252,0.0,0.0,32,256
sphere,2.000000,cartesian,0.0,0.0,1.4806e-05,4.1654e-05,32,256
sphere,2.000000,cartesian,8.5818e-05,0.000168044,0.0,0.0,32,256
sphere,2.000000,cartesian,0.0,0.0,1.4438e-05,3.637e-05,32,256
sphere,2.000000,cartesian,4.4663e-05,3.0596e-05,0.0,0.0,32,256
sphere,2.000000,cartesian,0.0,0.0,3.639e-06,3.0363e-05,32,256
sphere,2.000000,cartesian,8.9918e-05,0.000145126,0.0,0.0,32,256
sphere,2.000000,cartesian,0.0,0.0,1.2298e-05,4.6819e-05,32,256
sphere,2.000000,cartesian,0.000358492,0.000194016,0.0,0.0,32,256
sphere,2.000000,cartesian,0.0,0.0,1.7022e-05,0.000304095,32,256
sphere,2.000000,cartesian,9.9983e-05,0.000126324,0.0,0.0,32,256
sphere,2.000000,cartesian,0.0,0.0,1.2931e-05,5.4656e-05,32,256
sphere,2.000000,cartesian,8.6555e-05,0.000134745,0.0,0.0,32,256
sphere,2.000000,cartesian,0.0,0.0,1.2839e-05,4.3471e-05,32,256
sphere,2.000000,cartesian,9.0239e-05,0.000119344,0.0,0.0,32,256
sphere,2.000000,cartesian,0.0,0.0,1.4126e-05,4.2589e-05,32,256
sphere,2.000000,cartesian,0.000162674,0.000251627,0.0,0.0,32,256
sphere,2.000000,cartesian,0.0,0.0,2.1568e-05,9.0567e-05,32,256
sphere,2.000000,cartesian,9.5395e-05,0.000163256,0.0,0.0,32,256
sphere,2.000000,cartesian,0.0,0.0,1.4428e-05,4.6298e-05,32,256
sphere,2.000000,cartesian,8.4895e-05,0.000143961,0.0,0.0,32,256
sphere,2.000000,cartesian,0.0,0.0,1.3588e-05,3.9135e-05,32,256
sphere,2.000000,cartesian,9.2576e-05,0.000177383,0.0,0.0,32,256
sphere,2.000000,cartesian,0.0,0.0,1.5283e-05,4.2227e-05,32,256
sphere,2.000000,cartesian,0.00012015,0.000213576,0.0,0.0,32,256
sphere,2.000000,cartesian,0.0,0.0,1.8371e-05,5.7607e-05,32,256
sphere,2.000000,cartesian,0.000115862,0.000178097,0.0,0.0,32,256
sphere,2.000000,cartesian,0.0,0.0,1.776e-05,5.6794e-05,32,256
sphere,2.000000,cartesian,8.7851e-05,0.000191772,0.0,0.0,32,256
sphere,2.000000,cartesian,0.0,0.0,1.5206e-05,3.7121e-05,32,256
sphere,2.000000,cartesian,7.8227e-05,0.000152491,0.0,0.0,32,256
sphere,2.000000,cartesian,0.0,0.0,1.2557e-05,3.6529e-05,32,256
sphere,2.000000,cartesian,0.0001094,0.000208887,0.0,0.0,32,256
sphere,2.000000,cartesian,0.0,0.0,1.7004e-05,5.1764e-05,32,256
sphere,2.000000,cartesian,0.000114863,0.000131728,0.0,0.0,32,256
sphere,2.000000,cartesian,0.0,0.0,1.1334e-05,3.9265e-05,32,256
sphere,2.000000,cartesian,0.000133478,0.000247041,0.0,0.0,32,256
sphere,2.000000,cartesian,0.0,0.0,2.3669e-05,5.583e-05,32,256
sphere,2.000000,cartesian,0.000111611,0.000200061,0.0,0.0,32,256
sphere,2.000000,cartesian,0.0,0.0,1.799e-05,5.1921e-05,32,256
sphere,2.000000,cartesian,6.1649e-05,8.9256e-05,0.0,0.0,32,256
sphere,2.000000,cartesian,0.0,0.0,7.879e-06,3.3776e-05,32,256
sphere,2.000000,cartesian,0.000109227,0.000155124,0.0,0.0,32,256
sphere,2.000000,cartesian,0.0,0.0,1.5426e-05,5.6284e-05,32,256
sphere,2.000000,cartesian,3.7937e-05,3.9478e-05,0.0,0.0,32,256
sphere,2.000000,cartesian,0.0,0.0,3.868e-06,2.3003e-05,32,256
sphere,2.000000,cartesian,8.5751e-05,0.000151658,0.0,0.0,32,256
sphere,2.000000,cartesian,0.0,0.0,1.3081e-05,4.2443e-05,32,256
sphere,2.000000,cartesian,7.4148e-05,0.000127271,0.0,0.0,32,256
sphere,2.000000,cartesian,0.0,0.0,1.2455e-05,3.2644e-05,32,256
sphere,2.000000,cartesian,4.3967e-05,7.4196e-05,0.0,0.0,32,256
sphere,2.000000,cartesian,0.0,0.0,5.989e-06,2.2292e-05,32,256
sphere,2.000000,cartesian,0.000103398,0.000215479,0.0,0.0,32,256
sphere,2.000000,cartesian,0.0,0.0,1.6164e-05,4.8938e-05,32,256
sphere,2.000000,cartesian,9.9474e-05,0.000104494,0.0,0.0,32,256
sphere,2.000000,cartesian,0.0,0.0,1.1382e-05,5.8502e-05,32,256
sphere,2.000000,cartesian,0.000107672,0.00016808,0.0,0.0,32,256
sphere,2.000000,cartesian,0.0,0.0,1.6116e-05,4.3431e-05,32,256
sphere,2.000000,cartesian,9.5919e-05,0.000164207,0.0,0.0,32,256
sphere,2.000000,cartesian,0.0,0.0,1.5623e-05,4.4464e-05,32,256
sphere,2.000000,cartesian,8.8079e-05,0.000139286,0.0,0.0,32,256
sphere,2.000000,cartesian,0.0,0.0,1.2834e-05,4.4169e-05,32,256
sphere,2.000000,cartesian,0.000118857,0.000214188,0.0,0.0,32,256
sphere,2.000000,cartesian,0.0,0.0,1.8096e-05,6.0308e-05,32,256
sphere,2.000000,cartesian,7.4179e-05,7.2728e-05,0.0,0.0,32,256
sphere,2.000000,cartesian,0.0,0.0,7.194e-06,4.6597e-05,32,256
sphere,2.000000,cartesian,9.1769e-05,0.000191997,0.0,0.0,32,256
sphere,2.000000,cartesian,0.0,0.0,1.627e-05,3.988e-05,32,256
sphere,2.000000,cartesian,0.000102664,0.000163683,0.0,0.0,32,256
sphere,2.000000,cartesian,0.0,0.0,1.5488e-05,5.0015e-05,32,256
sphere,2.000000,cartesian,9.4889e-05,0.000179629,0.0,0.0,32,256
sphere,2.000000,cartesian,0.0,0.0,1.4828e-05,4.5231e-05,32,256
sphere,2.000000,cartesian,0.00011933,0.000189261,0.0,0.0,32,256
sphere,2.000000,cartesian,0.0,0.0,1.8379e-05,5.9294e-05,32,256
sphere,2.000000,cartesian,0.000116502,0.000508152,0.0,0.0,32,256
sphere,2.000000,cartesian,0.0,0.0,1.7694e-05,5.3233e-05,32,256
sphere,2.000000,cartesian,9.2602e-05,0.00017824,0.0,0.0,32,256
sphere,2.000000,cartesian,0.0,0.0,1.6431e-05,3.8856e-05,32,256
sphere,2.000000,cartesian,8.1426e-05,9.4714e-05,0.0,0.0,32,256
sphere,2.000000,cartesian,0.0,0.0,9.265e-06,4.8158e-05,32,256
sphere,2.000000,cartesian,6.5976e-05,0.000105476,0.0,0.0,32,256
sphere,2.000000,cartesian,0.0,0.0,1.0099e-05,3.1528e-05,32,256
sphere,2.000000,cartesian,7.7476e-05,0.000148651,0.0,0.0,32,256
sphere,2.000000,cartesian,0.0,0.0,1.0762e-05,4.0166e-05,32,256
sphere,2.000000,cartesian,0.000108557,0.00015785,0.0,0.0,32,256
sphere,2.000000,cartesian,0.0,0.0,1.6262e-05,5.2803e-05,32,256
sphere,2.000000,cartesian,9.0967e-05,0.000164214,0.0,0.0,32,256
sphere,2.000000,cartesian,0.0,0.0,1.397e-05,4.4532e-05,32,256
sphere,2.000000,cartesian,0.000144996,0.000195375,0.0,0.0,32,256
sphere,2.000000,cartesian,0.0,0.0,1.7425e-05,7.8403e-05,32,256
sphere,2.000000,cartesian,0.000121923,0.000215882,0.0,0.0,32,256
sphere,2.000000,cartesian,0.0,0.0,1.8358e-05,5.8829e-05,32,256
sphere,2.000000,cartesian,5.2136e-05,9.2026e-05,0.0,0.0,32,256
sphere,2.000000,cartesian,0.0,0.0,7.202e-06,2.6051e-05,32,256
sphere,2.000000,cartesian,7.473e-05,0.00016487,0.0,0.0,32,256
sphere,2.000000,cartesian,0.0,0.0,1.3027e-05,3.2043e-05,32,256
sphere,2.000000,cartesian,9.0539e-05,0.000162978,0.0,0.0,32,256
sphere,2.000000,cartesian,0.0,0.0,1.3491e-05,4.5538e-05,32,256
sphere,2.000000,cartesian,0.000100737,0.000189273,0.0,0.0,32,256
sphere,2.000000,cartesian,0.0,0.0,1.5638e-05,4.8033e-05,32,256
sphere,2.000000,cartesian,6.8102e-05,0.000101364,0.0,0.0,32,256
sphere,2.000000,cartesian,0.0,0.0,9.117e-06,3.5927e-05,32,256
sphere,2.000000,cartesian,9.5848e-05,0.000187184,0.0,0.0,32,256
sphere,2.000000,cartesian,0.0,0.0,1.54e-05,4.4339e-05,32,256
sphere,2.000000,cartesian,8.1977e-05,0.000147639,0.0,0.0,32,256
sphere,2.000000,cartesian,0.0,0.0,2.8638e-05,2.5896e-05,32,256
sphere,2.000000,cartesian,8.651e-05,0.000162809,0.0,0.0,32,256
sphere,2.000000,cartesian,0.0,0.0,1.3101e-05,4.1466e-05,32,256
sphere,2.000000,cartesian,8.3978e-05,8.364e-05,0.0,0.0,32,256
sphere,2.000000,cartesian,0.0,0.0,8.173e-06,5.2444e-05,32,256
sphere,2.000000,cartesian,0.000100306,0.000205347,0.0,0.0,32,256
sphere,2.000000,cartesian,0.0,0.0,1.6384e-05,4.703e-05,32,256
sphere,2.000000,cartesian,8.4389e-05,0.000162043,0.0,0.0,32,256
sphere,2.000000,cartesian,0.0,0.0,1.2666e-05,4.1209e-05,32,256
sphere,2.000000,cartesian,8.1573e-05,0.000134293,0.0,0.0,32,256
sphere,2.000000,cartesian,0.0,0.0,1.2177e-05,4.078e-05,32,256
sphere,2.000000,cartesian,4.0394e-05,3.3059e-05,0.0,0.0,32,256
sphere,2.000000,cartesian,0.0,0.0,3.017e-06,2.7657e-05,32,256
sphere,2.000000,cartesian,8.1378e-05,0.00013766,0.0,0.0,32,256
sphere,2.000000,cartesian,0.0,0.0,1.2025e-05,4.0723e-05,32,256
sphere,2.000000,cartesian,6.0295e-05,6.3752e-05,0.0,0.0,32,256
sphere,2.000000,cartesian,0.0,0.0,6.029e-06,3.7771e-05,32,256
sphere,2.000000,cartesian,6.8855e-05,6.7042e-05,0.0,0.0,32,256
sphere,2.000000,cartesian,0.0,0.0,7.05e-06,4.2683e-05,32,256
sphere,2.000000,cartesian,9.5168e-05,0.000165451,0.0,0.0,32,256
sphere,2.000000,cartesian,0.0,0.0,1.5564e-05,4.4488e-05,32,256
sphere,2.000000,cartesian,5.2108e-05,5.9555e-05,0.0,0.0,32,256
sphere,2.000000,cartesian,0.0,0.0,5.708e-06,3.1255e-05,32,256
sphere,2.000000,cartesian,9.9935e-05,0.000142502,0.0,0.0,32,256
sphere,2.000000,cartesian,0.0,0.0,1.2955e-05,5.6331e-05,32,256
sphere,2.000000,cartesian,8.2734e-05,0.000152849,0.0,0.0,32,256
sphere,2.000000,cartesian,0.0,0.0,1.3158e-05,3.9318e-05,32,256
sphere,2.000000,cartesian,9.3523e-05,0.000177374,0.0,0.0,32,256
sphere,2.000000,cartesian,0.0,0.0,1.4691e-05,4.4872e-05,32,256
sphere,2.000000,cartesian,8.4307e-05,0.000155594,0.0,0.0,32,256
sphere,2.000000,cartesian,0.0,0.0,1.3918e-05,3.731e-05,32,256
sphere,2.000000,cartesian,9.5066e-05,0.000150029,0.0,0.0,32,256
sphere,2.000000,cartesian,0.0,0.0,1.3446e-05,4.911e-05,32,256
sphere,2.000000,cartesian,6.2982e-05,9.4669e-05,0.0,0.0,32,256
sphere,2.000000,cartesian,0.0,0.0,8.146e-06,3.4388e-05,32,256
sphere,2.000000,cartesian,6.5497e-05,0.000109341,0.0,0.0,32,256
sphere,2.000000,cartesian,0.0,0.0,9.573e-06,3.2759e-05,32,256
sphere,2.000000,cartesian,8.3198e-05,0.000134718,0.0,0.0,32,256
sphere,2.000000,cartesian,0.0,0.0,1.2418e-05,4.1249e-05,32,256
sphere,2.000000,cartesian,0.000119094,0.000183394,0.0,0.0,32,256
sphere,2.000000,cartesian,0.0,0.0,1.902e-05,5.439e-05,32,256
sphere,2.000000,cartesian,6.9704e-05,9.4705e-05,0.0,0.0,32,256
sphere,2.000000,cartesian,0.0,0.0,9.387e-06,3.6616e-05,32,256
sphere,2.000000,cartesian,0.000106615,0.000156744,0.0,0.0,32,256
sphere,2.000000,cartesian,0.0,0.0,1.7046e-05,5.0345e-05,32,256
sphere,2.000000,cartesian,6.4568e-05,0.000110229,0.0,0.0,32,256
sphere,2.000000,cartesian,0.0,0.0,8.855e-06,3.3662e-05,32,256
sphere,2.000000,cartesian,9.7741e-05,0.000206882,0.0,0.0,32,256
sphere,2.000000,cartesian,0.0,0.0,1.524e-05,4.4026e-05,32,256
sphere,2.000000,cartesian,0.000153435,0.000219081,0.0,0.0,32,256
sphere,2.000000,cartesian,0.0,0.0,1.8168e-05,9.1467e-05,32,256
sphere,2.000000,cartesian,8.1611e-05,0.000155776,0.0,0.0,32,256
sphere,2.000000,cartesian,0.0,0.0,1.3047e-05,3.7998e-05,32,256
sphere,2.000000,cartesian,9.7228e-05,0.00017302,0.0,0.0,32,256
sphere,2.000000,cartesian,0.0,0.0,1.4822e-05,4.6026e-05,32,256
sphere,2.000000,cartesian,0.000111861,0.000123216,0.0,0.0,32,256
sphere,2.000000,cartesian,0.0,0.0,1.1657e-05,5.3299e-05,32,256
sphere,2.000000,cartesian,0.000125361,0.000231698,0.0,0.0,32,256
sphere,2.000000,cartesian,0.0,0.0,2.0646e-05,5.6642e-05,32,256
sphere,2.000000,cartesian,0.000101773,0.000178238,0.0,0.0,32,256
sphere,2.000000,cartesian,0.0,0.0,1.5368e-05,5.0651e-05,32,256
sphere,2.000000,cartesian,9.437e-05,0.000185168,0.0,0.0,32,256
sphere,2.000000,cartesian,0.0,0.0,1.5124e-05,4.3608e-05,32,256
sphere,2.000000,cartesian,7.416e-05,0.000125307,0.0,0.0,32,256
sphere,2.000000,cartesian,0.0,0.0,1.0991e-05,3.7121e-05,32,256
sphere,2.000000,cartesian,8.2595e-05,0.000115406,0.0,0.0,32,256
sphere,2.000000,cartesian,0.0,0.0,1.0516e-05,4.5568e-05,32,256
sphere,2.000000,cartesian,7.6837e-05,9.3261e-05,0.0,0.0,32,256
sphere,2.000000,cartesian,0.0,0.0,9.149e-06,4.5652e-05,32,256
sphere,2.000000,cartesian,9.5328e-05,0.000161446,0.0,0.0,32,256
sphere,2.000000,cartesian,0.0,0.0,1.4724e-05,4.6955e-05,32,256
sphere,2.000000,cartesian,8.7582e-05,0.000129286,0.0,0.0,32,256
sphere,2.000000,cartesian,0.0,0.0,1.2239e-05,4.5644e-05,32,256
sphere,2.000000,cartesian,0.000105551,0.000157299,0.0,0.0,32,256
sphere,2.000000,cartesian,0.0,0.0,1.8484e-05,4.5491e-05,32,256
sphere,2.000000,cartesian,9.016e-05,0.000153713,0.0,0.0,32,256
sphere,2.000000,cartesian,0.0,0.0,1.5807e-05,3.9269e-05,32,256
sphere,2.000000,cartesian,8.6025e-05,0.000143978,0.0,0.0,32,256
sphere,2.000000,cartesian,0.0,0.0,1.2884e-05,4.1243e-05,32,256
sphere,2.000000,cartesian,9.3371e-05,0.000141947,0.0,0.0,32,256
sphere,2.000000,cartesian,0.0,0.0,1.2842e-05,4.9777e-05,32,256
sphere,2.000000,cartesian,0.000133513,0.000214377,0.0,0.0,32,256
sphere,2.000000,cartesian,0.0,0.0,1.9123e-05,6.8979e-05,32,256
sphere,2.000000,cartesian,5.1782e-05,9.7279e-05,0.0,0.0,32,256
sphere,2.000000,cartesian,0.0,0.0,6.283e-06,2.8025e-05,32,256
sphere,2.000000,cartesian,0.000114733,0.000139824,0.0,0.0,32,256
sphere,2.000000,cartesian,0.0,0.0,1.5837e-05,5.8853e-05,32,256
sphere,2.000000,cartesian,6.428e-06,4.454e-06,0.0,0.0,32,256
sphere,2.000000,cartesian,0.0,0.0,3.11e-07,4.894e-06,32,256
sphere,2.000000,cartesian,6.7661e-05,0.000109337,0.0,0.0,32,256
sphere,2.000000,cartesian,0.0,0.0,1.0052e-05,3.4082e-05,32,256
sphere,2.000000,cartesian,2.2353e-05,2.1349e-05,0.0,0.0,32,256
sphere,2.000000,cartesian,0.0,0.0,1.522e-06,1.6345e-05,32,256
sphere,2.000000,cartesian,8.6819e-05,0.000137871,0.0,0.0,32,256
sphere,2.000000,cartesian,0.0,0.0,4.1971e-05,2.0493e-05,32,256
sphere,2.000000,cartesian,6.5626e-05,9.2549e-05,0.0,0.0,32,256
sphere,2.000000,cartesian,0.0,0.0,7.615e-06,3.7711e-05,32,256
sphere,2.000000,cartesian,9.6251e-05,0.000154728,0.0,0.0,32,256
sphere,2.000000,cartesian,0.0,0.0,1.8401e-05,3.8871e-05,32,256
sphere,2.000000,cartesian,0.000106314,0.000188712,0.0,0.0,32,256
sphere,2.000000,cartesian,0.0,0.0,1.7731e-05,4.7941e-05,32,256
sphere,2.000000,cartesian,0.000119749,0.000169836,0.0,0.0,32,256
sphere,2.000000,cartesian,0.0,0.0,2.9316e-05,5.4025e-05,32,256
sphere,2.000000,cartesian,6.1176e-05,5.2341e-05,0.0,0.0,32,256
sphere,2.000000,cartesian,0.0,0.0,5.377e-06,4.0719e-05,32,256
sphere,2.000000,cartesian,0.000127814,0.000166754,0.0,0.0,32,256
sphere,2.000000,cartesian,0.0,0.0,1.6868e-05,6.8822e-05,32,256
sphere,2.000000,cartesian,9.0691e-05,0.000156295,0.0,0.0,32,256
sphere,2.000000,cartesian,0.0,0.0,1.5089e-05,4.1351e-05,32,256
sphere,2.000000,cartesian,9.9766e-05,0.000170769,0.0,0.0,32,256
sphere,2.000000,cartesian,0.0,0.0,1.5767e-05,4.7621e-05,32,256
sphere,2.000000,cartesian,0.000106335,0.00018205,0.0,0.0,32,256
sphere,2.000000,cartesian,0.0,0.0,1.7241e-05,4.9694e-05,32,256
sphere,2.000000,cartesian,7.8624e-05,0.000142447,0.0,0.0,32,256
sphere,2.000000,cartesian,0.0,0.0,1.1191e-05,3.9907e-05,32,256
sphere,2.000000,cartesian,7.2846e-05,0.000124476,0.0,0.0,32,256
sphere,2.000000,cartesian,0.0,0.0,1.1704e-05,3.3928e-05,32,256
sphere,2.000000,cartesian,7.9054e-05,0.00013099,0.0,0.0,32,256
sphere,2.000000,cartesian,0.0,0.0,1.103e-05,4.2178e-05,32,256
sphere,2.000000,cartesian,9.3129e-05,0.000102722,0.0,0.0,32,256
sphere,2.000000,cartesian,0.0,0.0,1.0763e-05,5.7053e-05,32,256
sphere,2.000000,cartesian,7.2669e-05,0.000161886,0.0,0.0,32,256
sphere,2.000000,cartesian,0.0,0.0,1.4804e-05,2.6019e-05,32,256
sphere,2.000000,cartesian,9.6879e-05,0.000134557,0.0,0.0,32,256
sphere,2.000000,cartesian,0.0,0.0,1.2959e-05,5.0992e-05,32,256
sphere,2.000000,cartesian,9.8883e-05,0.000166657,0.0,0.0,32,256
sphere,2.000000,cartesian,0.0,0.0,1.3872e-05,5.1165e-05,32,256
sphere,2.000000,cartesian,5.8686e-05,0.000106939,0.0,0.0,32,256
sphere,2.000000,cartesian,0.0,0.0,8.012e-06,3.0934e-05,32,256
sphere,2.000000,cartesian,7.7828e-05,0.000139393,0.0,0.0,32,256
sphere,2.000000,cartesian,0.0,0.0,1.1771e-05,3.7776e-05,32,256
sphere,2.000000,cartesian,7.9967e-05,7.3879e-05,0.0,0.0,32,256
sphere,2.000000,cartesian,0.0,0.0,7.449e-06,5.2122e-05,32,256
sphere,2.000000,cartesian,0.000102,0.000185319,0.0,0.0,32,256
sphere,2.000000,cartesian,0.0,0.0,1.5423e-05,5.0298e-05,32,256
sphere,2.000000,cartesian,7.4835e-05,0.000102813,0.0,0.0,32,256
sphere,2.000000,cartesian,0.0,0.0,1.7812e-05,3.3626e-05,32,256
sphere,2.000000,cartesian,0.000143448,0.00018386,0.0,0.0,32,256
sphere,2.000000,cartesian,0.0,0.0,1.6031e-05,5.0434e-05,32,256
sphere,2.000000,cartesian,7.4158e-05,0.000123762,0.0,0.0,32,256
sphere,2.000000,cartesian,0.0,0.0,1.0546e-05,3.6965e-05,32,256
sphere,2.000000,cartesian,7.7627e-05,0.000147829,0.0,0.0,32,256
sphere,2.000000,cartesian,0.0,0.0,1.1716e-05,3.8027e-05,32,256
sphere,2.000000,cartesian,9.3186e-05,0.000146423,0.0,0.0,32,256
sphere,2.000000,cartesian,0.0,0.0,1.1358e-05,5.2363e-05,32,256
sphere,2.000000,cartesian,0.000106799,0.000156968,0.0,0.0,32,256
sphere,2.000000,cartesian,0.0,0.0,1.3932e-05,4.3777e-05,32,256
sphere,2.000000,cartesian,0.000108267,0.000191853,0.0,0.0,32,256
sphere,2.000000,cartesian,0.0,0.0,1.7416e-05,5.0307e-05,32,256
sphere,2.000000,cartesian,9.7299e-05,0.000190779,0.0,0.0,32,256
sphere,2.000000,cartesian,0.0,0.0,1.6575e-05,4.3024e-05,32,256
sphere,2.000000,cartesian,0.000110037,0.000206598,0.0,0.0,32,256
sphere,2.000000,cartesian,0.0,0.0,1.9429e-05,4.6019e-05,32,256
sphere,2.000000,cartesian,6.0834e-05,0.000116517,0.0,0.0,32,256
sphere,2.000000,cartesian,0.0,0.0,1.0737e-05,2.5518e-05,32,256
sphere,2.000000,cartesian,9.6189e-05,0.000214561,0.0,0.0,32,256
sphere,2.000000,cartesian,0.0,0.0,1.7864e-05,3.852e-05,32,256
sphere,2.000000,cartesian,0.00010158,0.000186557,0.0,0.0,32,256
sphere,2.000000,cartesian,0.0,0.0,1.6816e-05,4.6253e-05,32,256
sphere,2.000000,cartesian,7.8194e-05,0.000140692,0.0,0.0,32,256
sphere,2.000000,cartesian,0.0,0.0,1.2643e-05,3.7169e-05,32,256
sphere,2.000000,cartesian,8.3348e-05,0.000146655,0.0,0.0,32,256
sphere,2.000000,cartesian,0.0,0.0,1.2672e-05,4.0344e-05,32,256
sphere,2.000000,cartesian,8.6602e-05,0.000163524,0.0,0.0,32,256
sphere,2.000000,cartesian,0.0,0.0,1.3217e-05,4.1787e-05,32,256
sphere,2.000000,cartesian,8.5695e-05,0.0001107,0.0,0.0,32,256
sphere,2.000000,cartesian,0.0,0.0,1.2078e-05,4.4352e-05,32,256
sphere,2.000000,cartesian,9.5103e-05,0.000173063,0.0,0.0,32,256
sphere,2.000000,cartesian,0.0,0.0,1.461e-05,4.6306e-05,32,256
sphere,2.000000,cartesian,0.000103399,0.000165078,0.0,0.0,32,256
sphere,2.000000,cartesian,0.0,0.0,1.3738e-05,4.0996e-05,32,256
sphere,2.000000,cartesian,0.000119761,0.000215319,0.0,0.0,32,256
sphere,2.000000,cartesian,0.0,0.0,1.9117e-05,5.4769e-05,32,256
sphere,2.000000,cartesian,4.7973e-05,6.701e-05,0.0,0.0,32,256
sphere,2.000000,cartesian,0.0,0.0,6.218e-06,2.5528e-05,32,256
sphere,2.000000,cartesian,9.3579e-05,0.00018756,0.0,0.0,32,256
sphere,2.000000,cartesian,0.0,0.0,1.2746e-05,5.0372e-05,32,256
sphere,2.000000,cartesian,8.298e-05,0.000153642,0.0,0.0,32,256
sphere,2.000000,cartesian,0.0,0.0,1.3474e-05,3.7893e-05,32,256
sphere,2.000000,cartesian,8.7169e-05,0.00010352,0.0,0.0,32,256
sphere,2.000000,cartesian,0.0,0.0,1.0134e-05,5.141e-05,32,256
sphere,2.000000,cartesian,0.000108031,0.000187781,0.0,0.0,32,256
sphere,2.000000,cartesian,0.0,0.0,1.6262e-05,5.3715e-05,32,256
sphere,2.000000,cartesian,0.000119515,0.000152318,0.0,0.0,32,256
sphere,2.000000,cartesian,0.0,0.0,1.6995e-05,6.1265e-05,32,256
sphere,2.000000,cartesian,8.4108e-05,0.000155055,0.0,0.0,32,256
sphere,2.000000,cartesian,0.0,0.0,1.2894e-05,4.0687e-05,32,256
sphere,2.000000,cartesian,0.000101759,0.00017496,0.0,0.0,32,256
sphere,2.000000,cartesian,0.0,0.0,1.5816e-05,4.8799e-05,32,256
sphere,2.000000,cartesian,0.000144581,0.00021892,0.0,0.0,32,256
sphere,2.000000,cartesian,0.0,0.0,2.0729e-05,6.2208e-05,32,256
sphere,2.000000,cartesian,0.000102506,0.000178389,0.0,0.0,32,256
sphere,2.000000,cartesian,0.0,0.0,1.5266e-05,5.2057e-05,32,256
sphere,2.000000,cartesian,6.4021e-05,9.9786e-05,0.0,0.0,32,256
sphere,2.000000,cartesian,0.0,0.0,7.538e-06,3.7714e-05,32,256
sphere,2.000000,cartesian,0.000121502,0.000193627,0.0,0.0,32,256
sphere,2.000000,cartesian,0.0,0.0,1.7206e-05,6.2878e-05,32,256
sphere,2.000000,cartesian,9.541e-05,0.000161825,0.0,0.0,32,256
sphere,2.000000,cartesian,0.0,0.0,1.415e-05,4.7212e-05,32,256
sphere,2.000000,cartesian,9.0868e-05,0.000126372,0.0,0.0,32,256
sphere,2.000000,cartesian,0.0,0.0,1.4204e-05,4.3161e-05,32,256
sphere,2.000000,cartesian,9.5433e-05,9.4547e-05,0.0,0.0,32,256
sphere,2.000000,cartesian,0.0,0.0,1.0139e-05,5.8177e-05,32,256
sphere,2.000000,cartesian,0.000103757,0.00018084,0.0,0.0,32,256
sphere,2.000000,cartesian,0.0,0.0,1.645e-05,4.9302e-05,32,256
sphere,2.000000,cartesian,8.1152e-05,0.000148291,0.0,0.0,32,256
sphere,2.000000,cartesian,0.0,0.0,1.2444e-05,3.9093e-05,32,256
sphere,2.000000,cartesian,6.3591e-05,0.000108646,0.0,0.0,32,256
sphere,2.000000,cartesian,0.0,0.0,9.497e-06,3.1197e-05,32,256
sphere,2.000000,cartesian,8.3937e-05,0.000156502,0.0,0.0,32,256
sphere,2.000000,cartesian,0.0,0.0,1.3305e-05,4.0085e-05,32,256
sphere,2.000000,cartesian,9.7345e-05,0.000168503,0.0,0.0,32,256
sphere,2.000000,cartesian,0.0,0.0,1.601e-05,4.4297e-05,32,256
sphere,2.000000,cartesian,4.7822e-05,0.000101284,0.0,0.0,32,256
sphere,2.000000,cartesian,0.0,0.0,9.046e-06,1.8051e-05,32,256
sphere,2.000000,cartesian,0.000106281,0.000183577,0.0,0.0,32,256
sphere,2.000000,cartesian,0.0,0.0,1.7101e-05,4.9773e-05,32,256
sphere,2.000000,cartesian,4.4197e-05,3.3243e-05,0.0,0.0,32,256
sphere,2.000000,cartesian,0.0,0.0,3.999e-06,2.8516e-05,32,256
sphere,2.000000,cartesian,0.000162287,0.000214557,0.0,0.0,32,256
sphere,2.000000,cartesian,0.0,0.0,1.9126e-05,5.5928e-05,32,256
sphere,2.000000,cartesian,6.7773e-05,0.000134383,0.0,0.0,32,256
sphere,2.000000,cartesian,0.0,0.0,1.1212e-05,3.0241e-05,32,256
sphere,2.000000,cartesian,2.8504e-05,2.513e-05,0.0,0.0,32,256
sphere,2.000000,cartesian,0.0,0.0,2.892e-06,1.8087e-05,32,256
sphere,2.000000,cartesian,0.000105172,0.000181893,0.0,0.0,32,256
sphere,2.000000,cartesian,0.0,0.0,1.545e-05,5.232e-05,32,256
sphere,2.000000,cartesian,9.7471e-05,0.000200453,0.0,0.0,32,256
sphere,2.000000,cartesian,0.0,0.0,1.5784e-05,4.6041e-05,32,256
sphere,2.000000,cartesian,0.000101045,0.000162161,0.0,0.0,32,256
sphere,2.000000,cartesian,0.0,0.0,1.4605e-05,5.1125e-05,32,256
sphere,2.000000,cartesian,3.2876e-05,4.0657e-05,0.0,0.0,32,256
sphere,2.000000,cartesian,0.0,0.0,3.818e-06,1.8998e-05,32,256
sphere,2.000000,cartesian,9.7211e-05,0.000171569,0.0,0.0,32,256
sphere,2.000000,cartesian,0.0,0.0,1.625e-05,4.3689e-05,32,256
sphere,2.000000,cartesian,0.000101756,0.000169797,0.0,0.0,32,256
sphere,2.000000,cartesian,0.0,0.0,1.5344e-05,5.01e-05,32,256
sphere,2.000000,cartesian,0.000106612,0.000157818,0.0,0.0,32,256
sphere,2.000000,cartesian,0.0,0.0,1.3421e-05,4.6365e-05,32,256
sphere,2.000000,cartesian,8.3864e-05,0.000131039,0.0,0.0,32,256
sphere,2.000000,cartesian,0.0,0.0,1.229e-05,4.1653e-05,32,256
sphere,2.000000,cartesian,9.9097e-05,0.000164096,0.0,0.0,32,256
sphere,2.000000,cartesian,0.0,0.0,1.7174e-05,4.308e-05,32,256
sphere,2.000000,cartesian,0.000107094,0.000175362,0.0,0.0,32,256
sphere,2.000000,cartesian,0.0,0.0,1.644e-05,5.2414e-05,32,256
sphere,2.000000,cartesian,7.9695e-05,0.000165477,0.0,0.0,32,256
sphere,2.000000,cartesian,0.0,0.0,1.2226e-05,3.8123e-05,32,256
sphere,2.000000,cartesian,6.7826e-05,0.000103916,0.0,0.0,32,256
sphere,2.000000,cartesian,0.0,0.0,8.272e-06,3.7508e-05,32,256
sphere,2.000000,cartesian,0.000104722,0.000176821,0.0,0.0,32,256
sphere,2.000000,cartesian,0.0,0.0,1.5841e-05,5.1046e-05,32,256
sphere,2.000000,cartesian,6.8909e-05,0.000104912,0.0,0.0,32,256
sphere,2.000000,cartesian,0.0,0.0,8.449e-06,3.853e-05,32,256
sphere,2.000000,cartesian,6.4582e-05,7.0545e-05,0.0,0.0,32,256
sphere,2.000000,cartesian,0.0,0.0,6.964e-06,3.9143e-05,32,256
sphere,2.000000,cartesian,0.000108589,0.000199878,0.0,0.0,32,256
sphere,2.000000,cartesian,0.0,0.0,1.8238e-05,4.7659e-05,32,256
sphere,2.000000,cartesian,8.2376e-05,0.00017901,0.0,0.0,32,256
sphere,2.000000,cartesian,0.0,0.0,1.149e-05,4.2146e-05,32,256
sphere,2.000000,cartesian,4.4503e-05,7.1945e-05,0.0,0.0,32,256
sphere,2.000000,cartesian,0.0,0.0,1.0621e-05,2.2775e-05,32,256
sphere,2.000000,cartesian,0.000126234,0.000224832,0.0,0.0,32,256
sphere,2.000000,cartesian,0.0,0.0,2.1746e-05,5.7056e-05,32,256
sphere,2.000000,cartesian,8.9581e-05,0.000144507,0.0,0.0,32,256
sphere,2.000000,cartesian,0.0,0.0,1.3586e-05,4.2584e-05,32,256
sphere,2.000000,cartesian,8.864e-05,0.000170497,0.0,0.0,32,256
sphere,2.000000,cartesian,0.0,0.0,1.4732e-05,3.9487e-05,32,256
sphere,2.000000,cartesian,7.6659e-05,0.000149463,0.0,0.0,32,256
sphere,2.000000,cartesian,0.0,0.0,1.1225e-05,3.8699e-05,32,256
sphere,2.000000,cartesian,5.6464e-05,3.7104e-05,0.0,0.0,32,256
sphere,2.000000,cartesian,0.0,0.0,4.128e-06,3.8942e-05,32,256
sphere,2.000000,cartesian,0.000108055,0.000203271,0.0,0.0,32,256
sphere,2.000000,cartesian,0.0,0.0,1.8805e-05,4.6467e-05,32,256
sphere,2.000000,cartesian,8.5252e-05,0.000118744,0.0,0.0,32,256
sphere,2.000000,cartesian,0.0,0.0,1.1136e-05,4.6233e-05,32,256
sphere,2.000000,cartesian,2.7603e-05,2.7905e-05,0.0,0.0,32,256
sphere,2.000000,cartesian,0.0,0.0,2.373e-06,1.8125e-05,32,256
sphere,2.000000,cartesian,0.00011346,0.000148261,0.0,0.0,32,256
sphere,2.000000,cartesian,0.0,0.0,1.6522e-05,5.7487e-05,32,256
sphere,2.000000,cartesian,8.5172e-05,8.5373e-05,0.0,0.0,32,256
sphere,2.000000,cartesian,0.0,0.0,8.434e-06,5.5048e-05,32,256
sphere,2.000000,cartesian,4.2941e-05,3.4207e-05,0.0,0.0,32,256
sphere,2.000000,cartesian,0.0,0.0,3.496e-06,2.8327e-05,32,256
sphere,2.000000,cartesian,9.942e-05,0.000136657,0.0,0.0,32,256
sphere,2.000000,cartesian,0.0,0.0,1.2767e-05,5.6809e-05,32,256
sphere,2.000000,cartesian,8.7364e-05,0.000172887,0.0,0.0,32,256
sphere,2.000000,cartesian,0.0,0.0,1.4135e-05,3.9952e-05,32,256
sphere,2.000000,cartesian,2.326e-05,1.9005e-05,0.0,0.0,32,256
sphere,2.000000,cartesian,0.0,0.0,1.899e-06,1.5732e-05,32,256
sphere,2.000000,cartesian,6.1369e-05,8.5415e-05,0.0,0.0,32,256
sphere,2.000000,cartesian,0.0,0.0,1.0286e-05,2.784e-05,32,256
sphere,2.000000,cartesian,8.0719e-05,0.000108915,0.0,0.0,32,256
sphere,2.000000,cartesian,0.0,0.0,9.278e-06,4.6307e-05,32,256
sphere,2.000000,cartesian,0.000101868,0.000120211,0.0,0.0,32,256
sphere,2.000000,cartesian,0.0,0.0,1.241e-05,5.9668e-05,32,256
sphere,2.000000,cartesian,0.000108421,0.000196013,0.0,0.0,32,256
sphere,2.000000,cartesian,0.0,0.0,1.7819e-05,4.7718e-05,32,256
sphere,2.000000,cartesian,0.000154663,0.000156561,0.0,0.0,32,256
sphere,2.000000,cartesian,0.0,0.0,1.6368e-05,5.414e-05,32,256
sphere,2.000000,cartesian,0.000106226,0.000196469,0.0,0.0,32,256
sphere,2.000000,cartesian,0.0,0.0,1.6815e-05,4.9935e-05,32,256
sphere,2.000000,cartesian,7.9312e-05,0.000144821,0.0,0.0,32,256
sphere,2.000000,cartesian,0.0,0.0,1.3133e-05,3.5453e-05,32,256
sphere,2.000000,cartesian,7.0724e-05,9.148e-05,0.0,0.0,32,256
sphere,2.000000,cartesian,0.0,0.0,1.1942e-05,3.1657e-05,32,256
sphere,2.000000,cartesian,0.0001005,0.000150446,0.0,0.0,32,256
sphere,2.000000,cartesian,0.0,0.0,1.4572e-05,5.1454e-05,32,256
sphere,2.000000,cartesian,7.0863e-05,0.000148549,0.0,0.0,32,256
sphere,2.000000,cartesian,0.0,0.0,1.057e-05,3.58e-05,32,256
cube,2.000000,cartesian,4.4108e-05,2.8791e-05,0.0,0.0,32,256
cube,2.000000,cartesian,0.0,0.0,2.963e-06,3.1214e-05,32,256
cube,2.000000,cartesian,0.000134768,0.000122567,0.0,0.0,32,256
cube,2.000000,cartesian,0.0,0.0,1.1899e-05,8.6455e-05,32,256
cube,2.000000,cartesian,0.000101087,6.6176e-05,0.0,0.0,32,256
cube,2.000000,cartesian,0.0,0.0,8.122e-06,6.6482e-05,32,256
cube,2.000000,cartesian,0.000100479,0.000120321,0.0,0.0,32,256
cube,2.000000,cartesian,0.0,0.0,1.0312e-05,6.1903e-05,32,256
cube,2.000000,cartesian,0.000148628,0.000151859,0.0,0.0,32,256
cube,2.000000,cartesian,0.0,0.0,1.5616e-05,9.0017e-05,32,256
cube,2.000000,cartesian,0.000109288,0.000147752,0.0,0.0,32,256
cube,2.000000,cartesian,0.0,0.0,9.981e-06,6.8299e-05,32,256
cube,2.000000,cartesian,0.000129094,0.000171591,0.0,0.0,32,256
cube,2.000000,cartesian,0.0,0.0,1.2692e-05,7.8799e-05,32,256
cube,2.000000,cartesian,0.000140683,0.000132726,0.0,0.0,32,256
cube,2.000000,cartesian,0.0,0.0,1.414e-05,8.608e-05,32,256
cube,2.000000,cartesian,0.000136512,0.000201634,0.0,0.0,32,256
cube,2.000000,cartesian,0.0,0.0,1.3021e-05,7.6497e-05,32,256
cube,2.000000,cartesian,0.000128467,0.000162002,0.0,0.0,32,256
cube,2.000000,cartesian,0.0,0.0,1.3548e-05,7.4702e-05,32,256
cube,2.000000,cartesian,0.000113315,0.000134065,0.0,0.0,32,256
cube,2.000000,cartesian,0.0,0.0,1.2537e-05,6.5065e-05,32,256
cube,2.000000,cartesian,0.000132812,0.000158929,0.0,0.0,32,256
cube,2.000000,cartesian,0.0,0.0,1.1e-05,8.4868e-05,32,256
cube,2.000000,cartesian,0.000107091,0.000140809,0.0,0.0,32,256
cube,2.000000,cartesian,0.0,0.0,1.0563e-05,6.6531e-05,32,256
cube,2.000000,cartesian,0.000134015,0.000155063,0.0,0.0,32,256
cube,2.000000,cartesian,0.0,0.0,1.1471e-05,8.5278e-05,32,256
cube,2.000000,cartesian,0.000154032,0.000175109,0.0,0.0,32,256
cube,2.000000,cartesian,0.0,0.0,1.3524e-05,9.6962e-05,32,256
cube,2.000000,cartesian,0.00010953,0.000132897,0.0,0.0,32,256
cube,2.000000,cartesian,0.0,0.0,1.0971e-05,6.5798e-05,32,256
cube,2.000000,cartesian,0.000157541,0.000222165,0.0,0.0,32,256
cube,2.000000,cartesian,0.0,0.0,1.4039e-05,9.9929e-05,32,256
cube,2.000000,cartesian,0.000123798,0.000151573,0.0,0.0,32,256
cube,2.000000,cartesian,0.0,0.0,1.1449e-05,7.5307e-05,32,256
cube,2.000000,cartesian,0.000134463,0.000237678,0.0,0.0,32,256
cube,2.000000,cartesian,0.0,0.0,1.2438e-05,8.3772e-05,32,256
cube,2.000000,cartesian,0.000184536,0.000242265,0.0,0.0,32,256
cube,2.000000,cartesian,0.0,0.0,1.7428e-05,0.000113322,32,256
cube,2.000000,cartesian,0.000124233,0.000183871,0.0,0.0,32,256
cube,2.000000,cartesian,0.0,0.0,1.3535e-05,7.3132e-05,32,256
cube,2.000000,cartesian,0.000123615,0.000157787,0.0,0.0,32,256
cube,2.000000,cartesian,0.0,0.0,1.1814e-05,7.6207e-05,32,256
cube,2.000000,cartesian,7.2677e-05,6.3595e-05,0.0,0.0,32,256
cube,2.000000,cartesian,0.0,0.0,4.151e-06,5.146e-05,32,256
cube,2.000000,cartesian,0.000177903,0.000251521,0.0,0.0,32,256
cube,2.000000,cartesian,0.0,0.0,3.0745e-05,9.7067e-05,32,256
cube,2.000000,cartesian,0.000133569,0.000102336,0.0,0.0,32,256
cube,2.000000,cartesian,0.0,0.0,1.1636e-05,8.4007e-05,32,256
cube,2.000000,cartesian,1.7061e-05,1.7066e-05,0.0,0.0,32,256
cube,2.000000,cartesian,0.0,0.0,1.102e-06,1.1435e-05,32,256
cube,2.000000,cartesian,7.797e-05,9.3313e-05,0.0,0.0,32,256
cube,2.000000,cartesian,0.0,0.0,6.69e-06,4.8988e-05,32,256
cube,2.000000,cartesian,2.2307e-05,2.2507e-05,0.0,0.0,32,256
cube,2.000000,cartesian,0.0,0.0,1.575e-06,1.5158e-05,32,256
cube,2.000000,cartesian,0.000131586,0.000137622,0.0,0.0,32,256
cube,2.000000,cartesian,0.0,0.0,1.1347e-05,8.6077e-05,32,256
cube,2.000000,cartesian,0.000127125,0.000155043,0.0,0.0,32,256
cube,2.000000,cartesian,0.0,0.0,1.1631e-05,7.8565e-05,32,256
cube,2.000000,cartesian,8.6837e-05,0.000122458,0.0,0.0,32,256
cube,2.000000,cartesian,0.0,0.0,9.818e-06,4.9883e-05,32,256
cube,2.000000,cartesian,0.000149853,0.000147763,0.0,0.0,32,256
cube,2.000000,cartesian,0.0,0.0,1.0798e-05,0.000100362,32,256
cube,2.000000,cartesian,0.000174764,0.000263234,0.0,0.0,32,256
cube,2.000000,cartesian,0.0,0.0,1.7817e-05,0.000103891,32,256
cube,2.000000,cartesian,0.000116664,0.000161803,0.0,0.0,32,256
cube,2.000000,cartesian,0.0,0.0,1.132e-05,7.0033e-05,32,256
cube,2.000000,cartesian,0.000105012,0.000128734,0.0,0.0,32,256
cube,2.000000,cartesian,0.0,0.0,9.005e-06,5.4308e-05,32,256
cube,2.000000,cartesian,0.00017647,0.000237761,0.0,0.0,32,256
cube,2.000000,cartesian,0.0,0.0,1.4052e-05,8.5956e-05,32,256
cube,2.000000,cartesian,0.000155198,0.000145668,0.0,0.0,32,256
cube,2.000000,cartesian,0.0,0.0,1.2393e-05,0.00010706,32,256
cube,2.000000,cartesian,0.000147621,0.000155005,0.0,0.0,32,256
cube,2.000000,cartesian,0.0,0.0,1.4152e-05,9.2744e-05,32,256
cube,2.000000,cartesian,0.000107367,7.0735e-05,0.0,0.0,32,256
cube,2.000000,cartesian,0.0,0.0,8.83e-06,6.9197e-05,32,256
cube,2.000000,cartesian,0.000110073,0.00010561,0.0,0.0,32,256
cube,2.000000,cartesian,0.0,0.0,8.449e-06,4.8245e-05,32,256
cube,2.000000,cartesian,0.000104418,8.3699e-05,0.0,0.0,32,256
cube,2.000000,cartesian,0.0,0.0,8.987e-06,6.7526e-05,32,256
cube,2.000000,cartesian,6.9527e-05,5.6585e-05,0.0,0.0,32,256
cube,2.000000,cartesian,0.0,0.0,5.477e-06,4.5836e-05,32,256
cube,2.000000,cartesian,0.000132723,8.6236e-05,0.0,0.0,32,256
cube,2.000000,cartesian,0.0,0.0,9.56e-06,6.8776e-05,32,256
cube,2.000000,cartesian,0.000158591,0.000108966,0.0,0.0,32,256
cube,2.000000,cartesian,0.0,0.0,1.2004e-05,9.2621e-05,32,256
cube,2.000000,cartesian,4.6646e-05,4.7909e-05,0.0,0.0,32,256
cube,2.000000,cartesian,0.0,0.0,4.774e-06,2.8398e-05,32,256
cube,2.000000,cartesian,0.000114215,0.000123633,0.0,0.0,32,256
cube,2.000000,cartesian,0.0,0.0,9.881e-06,7.4196e-05,32,256
cube,2.000000,cartesian,0.00013224,0.000109787,0.0,0.0,32,256
cube,2.000000,cartesian,0.0,0.0,1.0164e-05,9.1316e-05,32,256
cube,2.000000,cartesian,0.000131127,0.000163104,0.0,0.0,32,256
cube,2.000000,cartesian,0.0,0.0,1.2021e-05,8.4552e-05,32,256
cube,2.000000,cartesian,0.000177556,0.000183695,0.0,0.0,32,256
cube,2.000000,cartesian,0.0,0.0,1.8469e-05,0.00010702,32,256
cube,2.000000,cartesian,0.00012552,0.00014501,0.0,0.0,32,256
cube,2.000000,cartesian,0.0,0.0,1.2963e-05,7.7112e-05,32,256
cube,2.000000,cartesian,0.000107108,8.8618e-05,0.0,0.0,32,256
cube,2.000000,cartesian,0.0,0.0,7.756e-06,6.4865e-05,32,256
cube,2.000000,cartesian,0.000101404,8.9609e-05,0.0,0.0,32,256
cube,2.000000,cartesian,0.0,0.0,9.453e-06,6.2899e-05,32,256
cube,2.000000,cartesian,0.000105657,7.8772e-05,0.0,0.0,32,256
cube,2.000000,cartesian,0.0,0.0,6.439e-06,7.3743e-05,32,256
cube,2.000000,cartesian,0.000177476,8.5076e-05,0.0,0.0,32,256
cube,2.000000,cartesian,0.0,0.0,9.36e-06,0.000135806,32,256
cube,2.000000,cartesian,0.000164529,0.000157744,0.0,0.0,32,256
cube,2.000000,cartesian,0.0,0.0,1.4019e-05,0.000103602,32,256
cube,2.000000,cartesian,0.00016312,0.000113711,0.0,0.0,32,256
cube,2.000000,cartesian,0.0,0.0,1.379e-05,0.000109919,32,256
cube,2.000000,cartesian,0.000189586,0.000179634,0.0,0.0,32,256
cube,2.000000,cartesian,0.0,0.0,1.5739e-05,0.000123181,32,256
cube,2.000000,cartesian,0.000149851,0.000161003,0.0,0.0,32,256
cube,2.000000,cartesian,0.0,0.0,1.2679e-05,9.8922e-05,32,256
cube,2.000000,cartesian,0.000178992,0.000103216,0.0,0.0,32,256
cube,2.000000,cartesian,0.0,0.0,1.0521e-05,0.000122923,32,256
cube,2.000000,cartesian,0.000167549,0.000136792,0.0,0.0,32,256
cube,2.000000,cartesian,0.0,0.0,1.2056e-05,0.000113294,32,256
cube,2.000000,cartesian,0.000125208,0.000103389,0.0,0.0,32,256
cube,2.000000,cartesian,0.0,0.0,9.362e-06,8.4021e-05,32,256
cube,2.000000,cartesian,0.000154904,0.000103451,0.0,0.0,32,256
cube,2.000000,cartesian,0.0,0.0,9.811e-06,0.000109482,32,256
cube,2.000000,cartesian,0.000135849,0.000104639,0.0,0.0,32,256
cube,2.000000,cartesian,0.0,0.0,9.834e-06,9.1439e-05,32,256
cube,2.000000,cartesian,0.000135203,7.696e-05,0.0,0.0,32,256
cube,2.000000,cartesian,0.0,0.0,9.972e-06,9.0006e-05,32,256
cube,2.000000,cartesian,0.000113971,0.000112294,0.0,0.0,32,256
cube,2.000000,cartesian,0.0,0.0,9.688e-06,7.3664e-05,32,256
cube,2.000000,cartesian,0.000130269,0.000111634,0.0,0.0,32,256
cube,2.000000,cartesian,0.0,0.0,1.0385e-05,8.6013e-05,32,256
cube,2.000000,cartesian,6.5731e-05,3.959e-05,0.0,0.0,32,256
cube,2.000000,cartesian,0.0,0.0,5.085e-06,4.4172e-05,32,256
cube,2.000000,cartesian,0.000111066,0.000116941,0.0,0.0,32,256
cube,2.000000,cartesian,0.0,0.0,1.1708e-05,6.6594e-05,32,256
cube,2.000000,cartesian,0.000390941,0.000111757,0.0,0.0,32,256
cube,2.000000,cartesian,0.0,0.0,1.067e-05,0.000349679,32,256
cube,2.000000,cartesian,0.000147009,0.000175225,0.0,0.0,32,256
cube,2.000000,cartesian,0.0,0.0,1.2564e-05,9.307e-05,32,256
cube,2.000000,cartesian,0.000156804,0.000153089,0.0,0.0,32,256
cube,2.000000,cartesian,0.0,0.0,1.2976e-05,0.000100047,32,256
cube,2.000000,cartesian,0.000117347,7.54e-05,0.0,0.0,32,256
cube,2.000000,cartesian,0.0,0.0,7.358e-06,8.223e-05,32,256
cube,2.000000,cartesian,0.00015592,0.000149757,0.0,0.0,32,256
cube,2.000000,cartesian,0.0,0.0,1.5038e-05,9.736e-05,32,256
cube,2.000000,cartesian,0.000131166,0.000145424,0.0,0.0,32,256
cube,2.000000,cartesian,0.0,0.0,1.3309e-05,7.9785e-05,32,256
cube,2.000000,cartesian,0.000121233,0.000117772,0.0,0.0,32,256
cube,2.000000,cartesian,0.0,0.0,1.0224e-05,7.8099e-05,32,256
cube,2.000000,cartesian,9.693e-05,9.7524e-05,0.0,0.0,32,256
cube,2.000000,cartesian,0.0,0.0,7.393e-06,6.3942e-05,32,256
cube,2.000000,cartesian,0.000150693,0.000169442,0.0,0.0,32,256
cube,2.000000,cartesian,0.0,0.0,2.1173e-05,9.3461e-05,32,256
cube,2.000000,cartesian,0.000109923,0.000117206,0.0,0.0,32,256
cube,2.000000,cartesian,0.0,0.0,9.403e-06,7.0776e-05,32,256
cube,2.000000,cartesian,0.000156949,0.000146762,0.0,0.0,32,256
cube,2.000000,cartesian,0.0,0.0,1.6313e-05,9.6707e-05,32,256
cube,2.000000,cartesian,0.000141006,0.00015535,0.0,0.0,32,256
cube,2.000000,cartesian,0.0,0.0,1.4039e-05,8.7213e-05,32,256
cube,2.000000,cartesian,0.000115306,0.000124293,0.0,0.0,32,256
cube,2.000000,cartesian,0.0,0.0,9.688e-06,7.5799e-05,32,256
cube,2.000000,cartesian,0.000105125,0.000103356,0.0,0.0,32,256
cube,2.000000,cartesian,0.0,0.0,9.376e-06,6.76e-05,32,256
cube,2.000000,cartesian,0.000164457,0.000159168,0.0,0.0,32,256
cube,2.000000,cartesian,0.0,0.0,2.5776e-05,9.6807e-05,32,256
cube,2.000000,cartesian,0.000118356,0.000136396,0.0,0.0,32,256
cube,2.000000,cartesian,0.0,0.0,1.0337e-05,7.7233e-05,32,256
cube,2.000000,cartesian,0.000123495,0.000104289,0.0,0.0,32,256
cube,2.000000,cartesian,0.0,0.0,1.0054e-05,8.1732e-05,32,256
cube,2.000000,cartesian,0.000115253,0.000101809,0.0,0.0,32,256
cube,2.000000,cartesian,0.0,0.0,9.354e-06,7.7266e-05,32,256
cube,2.000000,cartesian,0.000162275,0.000163308,0.0,0.0,32,256
cube,2.000000,cartesian,0.0,0.0,1.6017e-05,9.939e-05,32,256
cube,2.000000,cartesian,3.6614e-05,7.2743e-05,0.0,0.0,32,256
cube,2.000000,cartesian,0.0,0.0,2.442e-06,2.4918e-05,32,256
cube,2.000000,cartesian,7.2767e-05,6.8638e-05,0.0,0.0,32,256
cube,2.000000,cartesian,0.0,0.0,6.686e-06,4.6706e-05,32,256
cube,2.000000,cartesian,9.7729e-05,7.6197e-05,0.0,0.0,32,256
cube,2.000000,cartesian,0.0,0.0,6.925e-06,6.592e-05,32,256
cube,2.000000,cartesian,0.000145604,0.000122188,0.0,0.0,32,256
cube,2.000000,cartesian,0.0,0.0,1.1244e-05,9.6907e-05,32,256
cube,2.000000,cartesian,0.000194682,0.000186816,0.0,0.0,32,256
cube,2.000000,cartesian,0.0,0.0,1.7059e-05,0.000127597,32,256
cube,2.000000,cartesian,0.000217794,0.000197465,0.0,0.0,32,256
cube,2.000000,cartesian,0.0,0.0,1.8168e-05,0.000130899,32,256
cube,2.000000,cartesian,9.5791e-05,9.2326e-05,0.0,0.0,32,256
cube,2.000000,cartesian,0.0,0.0,8.027e-06,6.246e-05,32,256
cube,2.000000,cartesian,9.3734e-05,8.7836e-05,0.0,0.0,32,256
cube,2.000000,cartesian,0.0,0.0,6.757e-06,6.2966e-05,32,256
cube,2.000000,cartesian,7.1708e-05,5.7066e-05,0.0,0.0,32,256
cube,2.000000,cartesian,0.0,0.0,5.432e-06,4.8445e-05,32,256
cube,2.000000,cartesian,0.000178872,0.000163804,0.0,0.0,32,256
cube,2.000000,cartesian,0.0,0.0,1.2963e-05,0.00012214,32,256
cube,2.000000,cartesian,0.000112559,7.4219e-05,0.0,0.0,32,256
cube,2.000000,cartesian,0.0,0.0,7.672e-06,7.639e-05,32,256
cube,2.000000,cartesian,0.000114742,0.000112946,0.0,0.0,32,256
cube,2.000000,cartesian,0.0,0.0,1.0568e-05,7.2928e-05,32,256
cube,2.000000,cartesian,0.000136815,0.000101667,0.0,0.0,32,256
cube,2.000000,cartesian,0.0,0.0,1.0481e-05,9.0286e-05,32,256
cube,2.000000,cartesian,0.000119463,9.8123e-05,0.0,0.0,32,256
cube,2.000000,cartesian,0.0,0.0,9.684e-06,7.9098e-05,32,256
cube,2.000000,cartesian,0.000162631,0.000159185,0.0,0.0,32,256
cube,2.000000,cartesian,0.0,0.0,1.1756e-05,9.6189e-05,32,256
cube,2.000000,cartesian,0.000182219,0.000159696,0.0,0.0,32,256
cube,2.000000,cartesian,0.0,0.0,1.6483e-05,0.000116717,32,256
cube,2.000000,cartesian,0.000141289,0.000193215,0.0,0.0,32,256
cube,2.000000,cartesian,0.0,0.0,1.4943e-05,8.5276e-05,32,256
cube,2.000000,cartesian,8.0275e-05,7.0263e-05,0.0,0.0,32,256
cube,2.000000,cartesian,0.0,0.0,6.872e-06,5.2383e-05,32,256
cube,2.000000,cartesian,4.9621e-05,3.7456e-05,0.0,0.0,32,256
cube,2.000000,cartesian,0.0,0.0,3.766e-06,3.4819e-05,32,256
cube,2.000000,cartesian,0.000182723,0.000139909,0.0,0.0,32,256
cube,2.000000,cartesian,0.0,0.0,2.8543e-05,0.000114381,32,256
cube,2.000000,cartesian,5.9329e-05,5.5501e-05,0.0,0.0,32,256
cube,2.000000,cartesian,0.0,0.0,5.016e-06,3.8911e-05,32,256
cube,2.000000,cartesian,0.000141578,0.000162028,0.0,0.0,32,256
cube,2.000000,cartesian,0.0,0.0,1.2593e-05,9.3271e-05,32,256
cube,2.000000,cartesian,0.000138381,0.000162284,0.0,0.0,32,256
cube,2.000000,cartesian,0.0,0.0,1.3651e-05,8.4952e-05,32,256
cube,2.000000,cartesian,0.00013047,0.000155747,0.0,0.0,32,256
cube,2.000000,cartesian,0.0,0.0,1.2542e-05,8.219e-05,32,256
cube,2.000000,cartesian,0.000134111,0.000103274,0.0,0.0,32,256
cube,2.000000,cartesian,0.0,0.0,8.874e-06,7.9739e-05,32,256
cube,2.000000,cartesian,0.000120327,0.000117671,0.0,0.0,32,256
cube,2.000000,cartesian,0.0,0.0,8.73e-06,8.0747e-05,32,256
cube,2.000000,cartesian,0.000150511,0.000139083,0.0,0.0,32,256
cube,2.000000,cartesian,0.0,0.0,1.2163e-05,9.8856e-05,32,256
cube,2.000000,cartesian,0.00013228,0.000126133,0.0,0.0,32,256
cube,2.000000,cartesian,0.0,0.0,1.0546e-05,8.9184e-05,32,256
cube,2.000000,cartesian,0.00012054,0.00014375,0.0,0.0,32,256
cube,2.000000,cartesian,0.0,0.0,1.2525e-05,7.2574e-05,32,256
cube,2.000000,cartesian,0.000129445,0.00013135,0.0,0.0,32,256
cube,2.000000,cartesian,0.0,0.0,1.1678e-05,8.2923e-05,32,256
cube,2.000000,cartesian,0.000111818,6.4013e-05,0.0,0.0,32,256
cube,2.000000,cartesian,0.0,0.0,9.389e-06,7.1891e-05,32,256
cube,2.000000,cartesian,0.000180996,0.000138773,0.0,0.0,32,256
cube,2.000000,cartesian,0.0,0.0,1.4596e-05,0.000118574,32,256
cube,2.000000,cartesian,0.000135656,0.000144196,0.0,0.0,32,256
cube,2.000000,cartesian,0.0,0.0,1.286e-05,8.4424e-05,32,256
cube,2.000000,cartesian,6.5984e-05,6.0267e-05,0.0,0.0,32,256
cube,2.000000,cartesian,0.0,0.0,6.675e-06,3.8841e-05,32,256
cube,2.000000,cartesian,0.000164045,0.000112828,0.0,0.0,32,256
cube,2.000000,cartesian,0.0,0.0,1.2654e-05,0.000115291,32,256
cube,2.000000,cartesian,8.1832e-05,8.7672e-05,0.0,0.0,32,256
cube,2.000000,cartesian,0.0,0.0,7.671e-06,5.1735e-05,32,256
cube,2.000000,cartesian,0.000187634,0.000206031,0.0,0.0,32,256
cube,2.000000,cartesian,0.0,0.0,1.5215e-05,0.000123206,32,256
cube,2.000000,cartesian,0.000137595,0.000223434,0.0,0.0,32,256
cube,2.000000,cartesian,0.0,0.0,1.5224e-05,8.0576e-05,32,256
cube,2.000000,cartesian,0.000136609,0.000129709,0.0,0.0,32,256
cube,2.000000,cartesian,0.0,0.0,1.2719e-05,8.7466e-05,32,256
cube,2.000000,cartesian,0.000126032,0.000129952,0.0,0.0,32,256
cube,2.000000,cartesian,0.0,0.0,1.1076e-05,8.0124e-05,32,256
cube,2.000000,cartesian,8.7797e-05,9.5051e-05,0.0,0.0,32,256
cube,2.000000,cartesian,0.0,0.0,9.781e-06,5.1922e-05,32,256
cube,2.000000,cartesian,4.8675e-05,4.9536e-05,0.0,0.0,32,256
cube,2.000000,cartesian,0.0,0.0,4.043e-06,3.1503e-05,32,256
cube,2.000000,cartesian,0.000132615,0.000168775,0.0,0.0,32,256
cube,2.000000,cartesian,0.0,0.0,1.1994e-05,8.3598e-05,32,256
cube,2.000000,cartesian,0.000129152,0.000102774,0.0,0.0,32,256
cube,2.000000,cartesian,0.0,0.0,9.699e-06,8.4978e-05,32,256
cube,2.000000,cartesian,6.8943e-05,6.6818e-05,0.0,0.0,32,256
cube,2.000000,cartesian,0.0,0.0,5.568e-06,4.5062e-05,32,256
cube,2.000000,cartesian,0.000122808,0.000121027,0.0,0.0,32,256
cube,2.000000,cartesian,0.0,0.0,1.0764e-05,7.9049e-05,32,256
cube,2.000000,cartesian,0.000171356,7.0884e-05,0.0,0.0,32,256
cube,2.000000,cartesian,0.0,0.0,1.2086e-05,0.000100218,32,256
cube,2.000000,cartesian,0.00015648,0.000121118,0.0,0.0,32,256
cube,2.000000,cartesian,0.0,0.0,1.0911e-05,0.000104421,32,256
cube,2.000000,cartesian,0.000131951,0.000121874,0.0,0.0,32,256
cube,2.000000,cartesian,0.0,0.0,1.1805e-05,8.3784e-05,32,256
cube,2.000000,cartesian,9.023e-05,8.7102e-05,0.0,0.0,32,256
cube,2.000000,cartesian,0.0,0.0,8.535e-06,5.803e-05,32,256
cube,2.000000,cartesian,0.000140901,0.000158735,0.0,0.0,32,256
cube,2.000000,cartesian,0.0,0.0,1.4287e-05,8.4538e-05,32,256
cube,2.000000,cartesian,0.000118276,0.000122638,0.0,0.0,32,256
cube,2.000000,cartesian,0.0,0.0,1.0914e-05,7.1518e-05,32,256
cube,2.000000,cartesian,0.00014638,0.000240014,0.0,0.0,32,256
cube,2.000000,cartesian,0.0,0.0,1.2688e-05,9.0943e-05,32,256
cube,2.000000,cartesian,0.000157534,0.000128061,0.0,0.0,32,256
cube,2.000000,cartesian,0.0,0.0,1.3459e-05,0.00010111,32,256
cube,2.000000,cartesian,0.000111703,8.5829e-05,0.0,0.0,32,256
cube,2.000000,cartesian,0.0,0.0,6.695e-06,8.1722e-05,32,256
cube,2.000000,cartesian,0.000125667,0.00018222,0.0,0.0,32,256
cube,2.000000,cartesian,0.0,0.0,1.1565e-05,7.7807e-05,32,256
cube,2.000000,cartesian,5.9846e-05,8.096e-05,0.0,0.0,32,256
cube,2.000000,cartesian,0.0,0.0,5.68e-06,3.7735e-05,32,256
cube,2.000000,cartesian,0.000113976,0.000132952,0.0,0.0,32,256
cube,2.000000,cartesian,0.0,0.0,9.583e-06,7.2444e-05,32,256
cube,2.000000,cartesian,0.000113968,0.000115553,0.0,0.0,32,256
cube,2.000000,cartesian,0.0,0.0,1.0529e-05,7.1043e-05,32,256
cube,2.000000,cartesian,0.000212357,0.000182861,0.0,0.0,32,256
cube,2.000000,cartesian,0.0,0.0,2.4799e-05,0.000101445,32,256
cube,2.000000,cartesian,0.000118841,0.00012719,0.0,0.0,32,256
cube,2.000000,cartesian,0.0,0.0,1.0409e-05,7.5116e-05,32,256
cube,2.000000,cartesian,0.000117735,8.9807e-05,0.0,0.0,32,256
cube,2.000000,cartesian,0.0,0.0,9.707e-06,7.6611e-05,32,256
cube,2.000000,cartesian,0.000122402,0.000102804,0.0,0.0,32,256
cube,2.000000,cartesian,0.0,0.0,9.199e-06,8.5461e-05,32,256
cube,2.000000,cartesian,0.000239204,0.000161081,0.0,0.0,32,256
cube,2.000000,cartesian,0.0,0.0,1.4233e-05,0.000182895,32,256
cube,2.000000,cartesian,0.000115673,0.000100056,0.0,0.0,32,256
cube,2.000000,cartesian,0.0,0.0,4.197e-05,5.2285e-05,32,256
cube,2.000000,cartesian,0.000182691,0.000253863,0.0,0.0,32,256
cube,2.000000,cartesian,0.0,0.0,1.4443e-05,0.000123171,32,256
cube,2.000000,cartesian,0.000152126,0.000208399,0.0,0.0,32,256
cube,2.000000,cartesian,0.0,0.0,9.529e-06,0.000109381,32,256
cube,2.000000,cartesian,0.000158367,0.000136828,0.0,0.0,32,256
cube,2.000000,cartesian,0.0,0.0,8.368e-06,0.000121904,32,256
cube,2.000000,cartesian,4.9503e-05,3.9164e-05,0.0,0.0,32,256
cube,2.000000,cartesian,0.0,0.0,3.88e-06,3.3567e-05,32,256
cube,2.000000,cartesian,9.7003e-05,0.000123781,0.0,0.0,32,256
cube,2.000000,cartesian,0.0,0.0,8.935e-06,6.1276e-05,32,256
cube,2.000000,cartesian,0.000198014,0.000188409,0.0,0.0,32,256
cube,2.000000,cartesian,0.0,0.0,1.5755e-05,0.000132149,32,256
cube,2.000000,cartesian,7.6573e-05,7.129e-05,0.0,0.0,32,256
cube,2.000000,cartesian,0.0,0.0,5.777e-06,5.1389e-05,32,256
cube,2.000000,cartesian,0.000133913,0.000104254,0.0,0.0,32,256
cube,2.000000,cartesian,0.0,0.0,1.2952e-05,8.275e-05,32,256
cube,2.000000,cartesian,0.000126616,0.000115552,0.0,0.0,32,256
cube,2.000000,cartesian,0.0,0.0,1.0924e-05,8.2873e-05,32,256
cube,2.000000,cartesian,0.000150778,0.000136135,0.0,0.0,32,256
cube,2.000000,cartesian,0.0,0.0,1.2937e-05,0.000100035,32,256
cube,2.000000,cartesian,0.000112414,8.8113e-05,0.0,0.0,32,256
cube,2.000000,cartesian,0.0,0.0,8.197e-06,7.578e-05,32,256
cube,2.000000,cartesian,0.000177571,0.000152058,0.0,0.0,32,256
cube,2.000000,cartesian,0.0,0.0,1.6265e-05,0.000111561,32,256
cube,2.000000,cartesian,0.000102722,0.000100459,0.0,0.0,32,256
cube,2.000000,cartesian,0.0,0.0,8.216e-06,6.8041e-05,32,256
cube,2.000000,cartesian,0.000135248,0.000123686,0.0,0.0,32,256
cube,2.000000,cartesian,0.0,0.0,1.1362e-05,8.9105e-05,32,256
cube,2.000000,cartesian,0.00012543,0.000106294,0.0,0.0,32,256
cube,2.000000,cartesian,0.0,0.0,9.336e-06,8.3413e-05,32,256
cube,2.000000,cartesian,4.7665e-05,4.0702e-05,0.0,0.0,32,256
cube,2.000000,cartesian,0.0,0.0,1.823e-06,3.8071e-05,32,256
cube,2.000000,cartesian,0.000157823,0.000110809,0.0,0.0,32,256
cube,2.000000,cartesian,0.0,0.0,1.1428e-05,0.000108374,32,256
cube,2.000000,cartesian,0.000109096,0.000127633,0.0,0.0,32,256
cube,2.000000,cartesian,0.0,0.0,1.1557e-05,6.4978e-05,32,256
cube,2.000000,cartesian,7.6514e-05,8.2108e-05,0.0,0.0,32,256
cube,2.000000,cartesian,0.0,0.0,7.004e-06,4.6205e-05,32,256
cube,2.000000,cartesian,0.000128183,0.000154799,0.0,0.0,32,256
cube,2.000000,cartesian,0.0,0.0,1.1572e-05,8.1468e-05,32,256
cube,2.000000,cartesian,0.000129837,0.000130277,0.0,0.0,32,256
cube,2.000000,cartesian,0.0,0.0,1.1477e-05,8.2989e-05,32,256
cube,2.000000,cartesian,0.000173154,0.000207215,0.0,0.0,32,256
cube,2.000000,cartesian,0.0,0.0,1.7175e-05,0.000105352,32,256
cube,2.000000,cartesian,0.000157929,0.000148128,0.0,0.0,32,256
cube,2.000000,cartesian,0.0,0.0,1.3257e-05,9.414e-05,32,256
cube,2.000000,cartesian,9.7061e-05,8.0399e-05,0.0,0.0,32,256
cube,2.000000,cartesian,0.0,0.0,7.302e-06,6.4579e-05,32,256
cube,2.000000,cartesian,0.000132765,0.000126762,0.0,0.0,32,256
cube,2.000000,cartesian,0.0,0.0,1.1461e-05,8.6065e-05,32,256
cube,2.000000,cartesian,0.000133392,0.000123507,0.0,0.0,32,256
cube,2.000000,cartesian,0.0,0.0,1.283e-05,8.2394e-05,32,256
cube,2.000000,cartesian,0.000123197,7.9066e-05,0.0,0.0,32,256
cube,2.000000,cartesian,0.0,0.0,9.329e-06,8.0741e-05,32,256
cube,2.000000,cartesian,9.1537e-05,8.9972e-05,0.0,0.0,32,256
cube,2.000000,cartesian,0.0,0.0,8.324e-06,5.8838e-05,32,256
cube,2.000000,cartesian,0.000128828,0.000144475,0.0,0.0,32,256
cube,2.000000,cartesian,0.0,0.0,1.2052e-05,8.0462e-05,32,256
cube,2.000000,cartesian,0.000100738,0.000101709,0.0,0.0,32,256
cube,2.000000,cartesian,0.0,0.0,8.313e-06,6.3893e-05,32,256
cube,2.000000,cartesian,0.000147513,0.00020553,0.0,0.0,32,256
cube,2.000000,cartesian,0.0,0.0,1.2991e-05,9.5107e-05,32,256
cube,2.000000,cartesian,0.000189413,0.000140929,0.0,0.0,32,256
cube,2.000000,cartesian,0.0,0.0,1.2936e-05,0.000135669,32,256
cube,2.000000,cartesian,0.000138897,0.000105029,0.0,0.0,32,256
cube,2.000000,cartesian,0.0,0.0,1.3673e-05,8.5979e-05,32,256
cube,2.000000,cartesian,0.000158135,0.000125274,0.0,0.0,32,256
cube,2.000000,cartesian,0.0,0.0,1.462e-05,9.8974e-05,32,256
cube,2.000000,cartesian,0.000124009,0.000103357,0.0,0.0,32,256
cube,2.000000,cartesian,0.0,0.0,1.3077e-05,7.2183e-05,32,256
cube,2.000000,cartesian,0.000113283,8.4618e-05,0.0,0.0,32,256
cube,2.000000,cartesian,0.0,0.0,8.359e-06,7.5395e-05,32,256
cube,2.000000,cartesian,0.000148873,0.000161134,0.0,0.0,32,256
cube,2.000000,cartesian,0.0,0.0,1.4463e-05,9.2667e-05,32,256
cube,2.000000,cartesian,5.4328e-05,3.4688e-05,0.0,0.0,32,256
cube,2.000000,cartesian,0.0,0.0,3.395e-06,3.711e-05,32,256
cube,2.000000,cartesian,0.000169377,0.000165643,0.0,0.0,32,256
cube,2.000000,cartesian,0.0,0.0,1.5658e-05,0.000106425,32,256
cube,2.000000,cartesian,0.000133669,0.000120154,0.0,0.0,32,256
cube,2.000000,cartesian,0.0,0.0,1.0449e-05,8.631e-05,32,256
cube,2.000000,cartesian,0.000163402,0.00016662,0.0,0.0,32,256
cube,2.000000,cartesian,0.0,0.0,1.4017e-05,9.145e-05,32,256
cube,2.000000,cartesian,0.000115929,0.000159289,0.0,0.0,32,256
cube,2.000000,cartesian,0.0,0.0,1.2771e-05,6.6728e-05,32,256
cube,2.000000,cartesian,0.000135721,0.000109567,0.0,0.0,32,256
cube,2.000000,cartesian,0.0,0.0,9.79e-06,8.9456e-05,32,256
cube,2.000000,cartesian,9.3124e-05,0.000125794,0.0,0.0,32,256
cube,2.000000,cartesian,0.0,0.0,9.184e-06,5.7112e-05,32,256
cube,2.000000,cartesian,0.000129914,0.000175023,0.0,0.0,32,256
cube,2.000000,cartesian,0.0,0.0,1.143e-05,8.4439e-05,32,256
cube,2.000000,cartesian,0.000121382,0.000137484,0.0,0.0,32,256
cube,2.000000,cartesian,0.0,0.0,1.2002e-05,7.6095e-05,32,256
cube,2.000000,cartesian,8.1922e-05,7.4779e-05,0.0,0.0,32,256
cube,2.000000,cartesian,0.0,0.0,7.801e-06,5.143e-05,32,256
cube,2.000000,cartesian,0.00010179,9.9585e-05,0.0,0.0,32,256
cube,2.000000,cartesian,0.0,0.0,9.199e-06,6.4725e-05,32,256
cube,2.000000,cartesian,0.000134066,0.000153854,0.0,0.0,32,256
cube,2.000000,cartesian,0.0,0.0,1.1543e-05,8.6333e-05,32,256
cube,2.000000,cartesian,3.3215e-05,3.6648e-05,0.0,0.0,32,256
cube,2.000000,cartesian,0.0,0.0,2.933e-06,2.1514e-05,32,256
cube,2.000000,cartesian,0.000145473,0.000177453,0.0,0.0,32,256
cube,2.000000,cartesian,0.0,0.0,1.2695e-05,9.2997e-05,32,256
cube,2.000000,cartesian,0.000121833,0.000171902,0.0,0.0,32,256
cube,2.000000,cartesian,0.0,0.0,1.1547e-05,7.6512e-05,32,256
cube,2.000000,cartesian,0.000107204,9.6922e-05,0.0,0.0,32,256
cube,2.000000,cartesian,0.0,0.0,9.212e-06,7.0064e-05,32,256
cube,2.000000,cartesian,0.000129069,0.00012107,0.0,0.0,32,256
cube,2.000000,cartesian,0.0,0.0,1.0162e-05,8.7389e-05,32,256
cube,2.000000,cartesian,0.000113008,0.000128632,0.0,0.0,32,256
cube,2.000000,cartesian,0.0,0.0,1.1136e-05,7.0675e-05,32,256
cube,2.000000,cartesian,0.000182626,0.00013181,0.0,0.0,32,256
cube,2.000000,cartesian,0.0,0.0,1.7938e-05,0.000112999,32,256
cube,2.000000,cartesian,0.000121545,8.6586e-05,0.0,0.0,32,256
cube,2.000000,cartesian,0.0,0.0,9.105e-06,8.2233e-05,32,256
cube,2.000000,cartesian,0.000102968,0.000118328,0.0,0.0,32,256
cube,2.000000,cartesian,0.0,0.0,1.0491e-05,6.4237e-05,32,256
cube,2.000000,cartesian,0.000110716,0.000114957,0.0,0.0,32,256
cube,2.000000,cartesian,0.0,0.0,9.21e-06,7.1201e-05,32,256
cube,2.000000,cartesian,0.000120666,0.000117492,0.0,0.0,32,256
cube,2.000000,cartesian,0.0,0.0,1.033e-05,7.7217e-05,32,256
cube,2.000000,cartesian,6.3185e-05,4.8721e-05,0.0,0.0,32,256
cube,2.000000,cartesian,0.0,0.0,4.03e-06,4.1005e-05,32,256
cube,2.000000,cartesian,0.000180164,0.000151337,0.0,0.0,32,256
cube,2.000000,cartesian,0.0,0.0,1.1947e-05,0.000123885,32,256
cube,2.000000,cartesian,0.000119875,7.6581e-05,0.0,0.0,32,256
cube,2.000000,cartesian,0.0,0.0,1.0163e-05,7.5838e-05,32,256
cube,2.000000,cartesian,8.9234e-05,0.000101788,0.0,0.0,32,256
cube,2.000000,cartesian,0.0,0.0,8.204e-06,5.6752e-05,32,256
cube,2.000000,cartesian,0.000117839,0.000134461,0.0,0.0,32,256
cube,2.000000,cartesian,0.0,0.0,1.361e-05,6.8831e-05,32,256
cube,2.000000,cartesian,0.000121259,0.000101847,0.0,0.0,32,256
cube,2.000000,cartesian,0.0,0.0,9.715e-06,8.0468e-05,32,256
cube,2.000000,cartesian,0.000119307,8.8897e-05,0.0,0.0,32,256
cube,2.000000,cartesian,0.0,0.0,9.887e-06,7.8141e-05,32,256
cube,2.000000,cartesian,0.000128301,0.000133121,0.0,0.0,32,256
cube,2.000000,cartesian,0.0,0.0,1.1721e-05,8.2055e-05,32,256
cube,2.000000,cartesian,0.000115428,9.0307e-05,0.0,0.0,32,256
cube,2.000000,cartesian,0.0,0.0,9.464e-06,7.4048e-05,32,256
cube,2.000000,cartesian,0.000141672,0.000127406,0.0,0.0,32,256
cube,2.000000,cartesian,0.0,0.0,1.2553e-05,8.436e-05,32,256
cube,2.000000,cartesian,0.000148077,0.000146597,0.0,0.0,32,256
cube,2.000000,cartesian,0.0,0.0,1.2566e-05,6.8156e-05,32,256
cube,2.000000,cartesian,0.000102796,8.7752e-05,0.0,0.0,32,256
cube,2.000000,cartesian,0.0,0.0,8.69e-06,6.7197e-05,32,256
cube,2.000000,cartesian,7.3493e-05,4.7463e-05,0.0,0.0,32,256
cube,2.000000,cartesian,0.0,0.0,5.696e-06,4.849e-05,32,256
cube,2.000000,cartesian,0.00016318,0.000253415,0.0,0.0,32,256
cube,2.000000,cartesian,0.0,0.0,1.7731e-05,9.4495e-05,32,256
cube,2.000000,cartesian,0.000157817,0.000150101,0.0,0.0,32,256
cube,2.000000,cartesian,0.0,0.0,1.1846e-05,0.000100232,32,256
cube,2.000000,cartesian,0.000136494,0.000123858,0.0,0.0,32,256
cube,2.000000,cartesian,0.0,0.0,8.951e-06,9.9024e-05,32,256
cube,2.000000,cartesian,0.00017431,0.000150747,0.0,0.0,32,256
cube,2.000000,cartesian,0.0,0.0,1.3647e-05,0.000114158,32,256
cube,2.000000,cartesian,0.000116233,0.000100435,0.0,0.0,32,256
cube,2.000000,cartesian,0.0,0.0,1.0201e-05,7.3564e-05,32,256
cube,2.000000,cartesian,0.000112664,0.000121292,0.0,0.0,32,256
cube,2.000000,cartesian,0.0,0.0,9.527e-06,7.3568e-05,32,256
cube,2.000000,cartesian,0.000143097,0.000136819,0.0,0.0,32,256
cube,2.000000,cartesian,0.0,0.0,1.3382e-05,9.0534e-05,32,256
cube,2.000000,cartesian,0.000186844,0.000198714,0.0,0.0,32,256
cube,2.000000,cartesian,0.0,0.0,1.871e-05,0.000114372,32,256
cube,2.000000,cartesian,0.000106158,0.000119676,0.0,0.0,32,256
cube,2.000000,cartesian,0.0,0.0,1.0867e-05,6.4834e-05,32,256
cube,2.000000,cartesian,0.000103807,0.000120755,0.0,0.0,32,256
cube,2.000000,cartesian,0.0,0.0,9.027e-06,6.5628e-05,32,256
cube,2.000000,cartesian,7.6209e-05,8.7083e-05,0.0,0.0,32,256
cube,2.000000,cartesian,0.0,0.0,7.888e-06,4.4235e-05,32,256
cube,2.000000,cartesian,0.000124955,0.000226545,0.0,0.0,32,256
cube,2.000000,cartesian,0.0,0.0,1.0567e-05,7.9056e-05,32,256
cube,2.000000,cartesian,0.000126873,0.000128739,0.0,0.0,32,256
cube,2.000000,cartesian,0.0,0.0,1.1719e-05,8.1001e-05,32,256
cube,2.000000,cartesian,0.00016827,0.000177311,0.0,0.0,32,256
cube,2.000000,cartesian,0.0,0.0,1.7755e-05,0.00010333,32,256
cube,2.000000,cartesian,0.000121778,7.8312e-05,0.0,0.0,32,256
cube,2.000000,cartesian,0.0,0.0,9.508e-06,8.0945e-05,32,256
cube,2.000000,cartesian,0.000158344,0.000163911,0.0,0.0,32,256
cube,2.000000,cartesian,0.0,0.0,1.2726e-05,8.4199e-05,32,256
cube,2.000000,cartesian,0.000128218,0.000176351,0.0,0.0,32,256
cube,2.000000,cartesian,0.0,0.0,1.2285e-05,8.1159e-05,32,256
cube,2.000000,cartesian,0.000136613,0.000164521,0.0,0.0,32,256
cube,2.000000,cartesian,0.0,0.0,1.5817e-05,7.8384e-05,32,256
cube,2.000000,cartesian,0.000152868,0.000199827,0.0,0.0,32,256
cube,2.000000,cartesian,0.0,0.0,1.5392e-05,9.397e-05,32,256
cube,2.000000,cartesian,7.0628e-05,5.8776e-05,0.0,0.0,32,256
cube,2.000000,cartesian,0.0,0.0,4.586e-06,5.2221e-05,32,256
cube,2.000000,cartesian,0.000148435,0.00012576,0.0,0.0,32,256
cube,2.000000,cartesian,0.0,0.0,1.2834e-05,9.5374e-05,32,256
cube,2.000000,cartesian,9.8059e-05,6.8614e-05,0.0,0.0,32,256
cube,2.000000,cartesian,0.0,0.0,6.163e-06,5.8036e-05,32,256
cube,2.000000,cartesian,0.000159445,0.000129169,0.0,0.0,32,256
cube,2.000000,cartesian,0.0,0.0,9.151e-06,0.000119687,32,256
cube,2.000000,cartesian,0.00012512,0.000158922,0.0,0.0,32,256
cube,2.000000,cartesian,0.0,0.0,1.1394e-05,8.1669e-05,32,256
cube,2.000000,cartesian,0.000116241,7.9502e-05,0.0,0.0,32,256
cube,2.000000,cartesian,0.0,0.0,9.444e-06,7.5789e-05,32,256
cube,2.000000,cartesian,8.6187e-05,9.0169e-05,0.0,0.0,32,256
cube,2.000000,cartesian,0.0,0.0,7.151e-06,5.6511e-05,32,256
cube,2.000000,cartesian,2.5256e-05,1.6679e-05,0.0,0.0,32,256
cube,2.000000,cartesian,0.0,0.0,1.665e-06,1.6699e-05,32,256
cube,2.000000,cartesian,0.000130544,0.00011237,0.0,0.0,32,256
cube,2.000000,cartesian,0.0,0.0,1.143e-05,8.416e-05,32,256
cube,2.000000,cartesian,0.000133602,9.2361e-05,0.0,0.0,32,256
cube,2.000000,cartesian,0.0,0.0,1.0466e-05,8.8556e-05,32,256
cube,2.000000,cartesian,0.000133572,0.000166429,0.0,0.0,32,256
cube,2.000000,cartesian,0.0,0.0,1.5593e-05,7.7416e-05,32,256
cube,2.000000,cartesian,0.000169235,0.000227114,0.0,0.0,32,256
cube,2.000000,cartesian,0.0,0.0,1.7705e-05,0.000100471,32,256
cube,2.000000,cartesian,0.000137652,0.00114156,0.0,0.0,32,256
cube,2.000000,cartesian,0.0,0.0,1.1664e-05,8.7415e-05,32,256
cube,2.000000,cartesian,0.000124421,0.000113264,0.0,0.0,32,256
cube,2.000000,cartesian,0.0,0.0,1.1236e-05,7.8927e-05,32,256
cube,2.000000,cartesian,0.000126415,0.000126803,0.0,0.0,32,256
cube,2.000000,cartesian,0.0,0.0,1.1478e-05,8.0426e-05,32,256
cube,2.000000,cartesian,0.000156515,0.000125784,0.0,0.0,32,256
cube,2.000000,cartesian,0.0,0.0,1.3403e-05,9.8507e-05,32,256
cube,2.000000,cartesian,9.3192e-05,9.2731e-05,0.0,0.0,32,256
cube,2.000000,cartesian,0.0,0.0,9.096e-06,5.7455e-05,32,256
cube,2.000000,cartesian,0.000361132,0.000286703,0.0,0.0,32,256
cube,2.000000,cartesian,0.0,0.0,2.846e-05,0.000170477,32,256
cube,2.000000,cartesian,0.000131968,0.000106199,0.0,0.0,32,256
cube,2.000000,cartesian,0.0,0.0,1.0446e-05,8.6036e-05,32,256
cube,2.000000,cartesian,0.000101732,8.4604e-05,0.0,0.0,32,256
cube,2.000000,cartesian,0.0,0.0,8.857e-06,6.5293e-05,32,256
cube,2.000000,cartesian,0.000126638,0.000111443,0.0,0.0,32,256
cube,2.000000,cartesian,0.0,0.0,9.381e-06,8.4868e-05,32,256
cube,2.000000,cartesian,0.000117429,0.000111685,0.0,0.0,32,256
cube,2.000000,cartesian,0.0,0.0,9.985e-06,7.9656e-05,32,256
cube,2.000000,cartesian,0.00014759,6.355e-05,0.0,0.0,32,256
cube,2.000000,cartesian,0.0,0.0,8.899e-06,0.000105958,32,256
cube,2.000000,cartesian,0.000123,0.000113819,0.0,0.0,32,256
cube,2.000000,cartesian,0.0,0.0,1.063e-05,7.9603e-05,32,256
cube,2.000000,cartesian,0.000121586,0.000115117,0.0,0.0,32,256
cube,2.000000,cartesian,0.0,0.0,1.0942e-05,7.7936e-05,32,256
cube,2.000000,cartesian,0.000133732,0.000128183,0.0,0.0,32,256
cube,2.000000,cartesian,0.0,0.0,1.2633e-05,8.411e-05,32,256
cube,2.000000,cartesian,0.000131531,0.000110058,0.0,0.0,32,256
cube,2.000000,cartesian,0.0,0.0,1.1534e-05,7.5e-05,32,256
cube,2.000000,cartesian,8.2587e-05,7.0222e-05,0.0,0.0,32,256
cube,2.000000,cartesian,0.0,0.0,5.927e-06,5.6503e-05,32,256
cube,2.000000,cartesian,7.7004e-05,6.9326e-05,0.0,0.0,32,256
cube,2.000000,cartesian,0.0,0.0,6.551e-06,5.129e-05,32,256
cube,2.000000,cartesian,0.000149638,0.000144312,0.0,0.0,32,256
cube,2.000000,cartesian,0.0,0.0,1.3698e-05,9.7739e-05,32,256
cube,2.000000,cartesian,0.000125884,9.7187e-05,0.0,0.0,32,256
cube,2.000000,cartesian,0.0,0.0,9.197e-06,8.5861e-05,32,256
cube,2.000000,cartesian,7.0124e-05,3.764e-05,0.0,0.0,32,256
cube,2.000000,cartesian,0.0,0.0,5.069e-06,4.7762e-05,32,256
cube,2.000000,cartesian,0.000141484,0.000120243,0.0,0.0,32,256
cube,2.000000,cartesian,0.0,0.0,2.3669e-05,8.3769e-05,32,256
cube,2.000000,cartesian,0.000159191,0.000121815,0.0,0.0,32,256
cube,2.000000,cartesian,0.0,0.0,1.0874e-05,0.000113852,32,256
cube,2.000000,cartesian,0.000153789,0.000101256,0.0,0.0,32,256
cube,2.000000,cartesian,0.0,0.0,9.43e-06,0.00011517,32,256
cube,2.000000,cartesian,8.8673e-05,0.000140553,0.0,0.0,32,256
cube,2.000000,cartesian,0.0,0.0,9.35e-06,5.4606e-05,32,256
cube,2.000000,cartesian,0.000138672,5.3557e-05,0.0,0.0,32,256
cube,2.000000,cartesian,0.0,0.0,1.8792e-05,8.5722e-05,32,256
cube,2.000000,cartesian,0.000128291,0.000103311,0.0,0.0,32,256
cube,2.000000,cartesian,0.0,0.0,1.1259e-05,8.3262e-05,32,256
cube,2.000000,cartesian,0.000115617,0.000115996,0.0,0.0,32,256
cube,2.000000,cartesian,0.0,0.0,1.0428e-05,7.3711e-05,32,256
cube,2.000000,cartesian,0.000140766,0.000124221,0.0,0.0,32,256
cube,2.000000,cartesian,0.0,0.0,1.568e-05,8.2762e-05,32,256
cube,2.000000,cartesian,0.000136983,0.000122157,0.0,0.0,32,256
cube,2.000000,cartesian,0.0,0.0,1.1839e-05,8.9216e-05,32,256
cube,2.000000,cartesian,0.000141602,0.000138063,0.0,0.0,32,256
cube,2.000000,cartesian,0.0,0.0,1.5787e-05,8.3087e-05,32,256
cube,2.000000,cartesian,0.000146853,0.000138616,0.0,0.0,32,256
cube,2.000000,cartesian,0.0,0.0,1.3029e-05,9.4082e-05,32,256
cube,2.000000,cartesian,9.2185e-05,7.5707e-05,0.0,0.0,32,256
cube,2.000000,cartesian,0.0,0.0,6.015e-06,6.3061e-05,32,256
cube,2.000000,cartesian,0.000126225,8.9331e-05,0.0,0.0,32,256
cube,2.000000,cartesian,0.0,0.0,1.0185e-05,8.4688e-05,32,256
cube,2.000000,cartesian,7.883e-05,5.652e-05,0.0,0.0,32,256
cube,2.000000,cartesian,0.0,0.0,5.809e-06,5.2135e-05,32,256
cube,2.000000,cartesian,0.000128827,0.000144499,0.0,0.0,32,256
cube,2.000000,cartesian,0.0,0.0,1.1449e-05,8.152e-05,32,256
cube,2.000000,cartesian,0.000148008,0.00011348,0.0,0.0,32,256
cube,2.000000,cartesian,0.0,0.0,9.856e-06,7.5306e-05,32,256
cube,2.000000,cartesian,0.000105185,0.000105395,0.0,0.0,32,256
cube,2.000000,cartesian,0.0,0.0,1.0505e-05,6.497e-05,32,256
cube,2.000000,cartesian,0.000125198,0.000114835,0.0,0.0,32,256
cube,2.000000,cartesian,0.0,0.0,1.2995e-05,7.5437e-05,32,256
cube,2.000000,cartesian,0.000126838,0.000178504,0.0,0.0,32,256
cube,2.000000,cartesian,0.0,0.0,1.34e-05,7.7307e-05,32,256
cube,2.000000,cartesian,0.000175878,5.2017e-05,0.0,0.0,32,256
cube,2.000000,cartesian,0.0,0.0,7.292e-06,0.000103675,32,256
cube,2.000000,cartesian,0.00046052,0.000201421,0.0,0.0,32,256
cube,2.000000,cartesian,0.0,0.0,1.9626e-05,0.000113095,32,256
cube,2.000000,cartesian,0.000143429,0.000137839,0.0,0.0,32,256
cube,2.000000,cartesian,0.0,0.0,1.5084e-05,8.6023e-05,32,256
cube,2.000000,cartesian,0.000140511,0.000133367,0.0,0.0,32,256
cube,2.000000,cartesian,0.0,0.0,2.1127e-05,8.4941e-05,32,256
cube,2.000000,cartesian,0.000141613,7.773e-05,0.0,0.0,32,256
cube,2.000000,cartesian,0.0,0.0,1.0806e-05,9.6476e-05,32,256
cube,2.000000,cartesian,0.000117801,0.000101831,0.0,0.0,32,256
cube,2.000000,cartesian,0.0,0.0,1.3829e-05,6.6033e-05,32,256
cube,2.000000,cartesian,0.000162565,0.000152531,0.0,0.0,32,256
cube,2.000000,cartesian,0.0,0.0,1.4282e-05,0.000104482,32,256
cube,2.000000,cartesian,0.000153846,0.000114732,0.0,0.0,32,256
cube,2.000000,cartesian,0.0,0.0,1.2387e-05,0.000101671,32,256
cube,2.000000,cartesian,0.000145515,0.000157655,0.0,0.0,32,256
cube,2.000000,cartesian,0.0,0.0,1.4696e-05,8.761e-05,32,256
cube,2.000000,cartesian,0.000127569,0.00017508,0.0,0.0,32,256
cube,2.000000,cartesian,0.0,0.0,1.205e-05,7.796e-05,32,256
cube,2.000000,cartesian,0.000165804,0.000231904,0.0,0.0,32,256
cube,2.000000,cartesian,0.0,0.0,1.6666e-05,9.8951e-05,32,256
cube,2.000000,cartesian,0.000161583,0.000210801,0.0,0.0,32,256
cube,2.000000,cartesian,0.0,0.0,1.5981e-05,9.7453e-05,32,256
cube,2.000000,cartesian,0.00017099,0.00011474,0.0,0.0,32,256
cube,2.000000,cartesian,0.0,0.0,1.442e-05,0.000108794,32,256
cube,2.000000,cartesian,0.00011088,8.8728e-05,0.0,0.0,32,256
cube,2.000000,cartesian,0.0,0.0,8.899e-06,7.2303e-05,32,256
cube,2.000000,cartesian,0.000194814,0.000156786,0.0,0.0,32,256
cube,2.000000,cartesian,0.0,0.0,1.5571e-05,0.000128062,32,256
cube,2.000000,cartesian,0.000121961,9.0849e-05,0.0,0.0,32,256
cube,2.000000,cartesian,0.0,0.0,9.323e-06,8.1192e-05,32,256
cube,2.000000,cartesian,0.00018244,0.000160541,0.0,0.0,32,256
cube,2.000000,cartesian,0.0,0.0,1.7212e-05,0.000113607,32,256
cube,2.000000,cartesian,0.000144748,0.000155094,0.0,0.0,32,256
cube,2.000000,cartesian,0.0,0.0,1.3864e-05,8.9947e-05,32,256
cube,2.000000,cartesian,8.0574e-05,0.000106732,0.0,0.0,32,256
cube,2.000000,cartesian,0.0,0.0,6.504e-06,5.2222e-05,32,256
cube,2.000000,cartesian,0.000152888,0.000176982,0.0,0.0,32,256
cube,2.000000,cartesian,0.0,0.0,1.5621e-05,9.3212e-05,32,256
cube,2.000000,cartesian,4.6803e-05,2.7938e-05,0.0,0.0,32,256
cube,2.000000,cartesian,0.0,0.0,2.937e-06,3.2907e-05,32,256
cube,2.000000,cartesian,0.000111097,0.000130483,0.0,0.0,32,256
cube,2.000000,cartesian,0.0,0.0,1.0982e-05,6.9556e-05,32,256
cube,2.000000,cartesian,0.000120433,9.7505e-05,0.0,0.0,32,256
cube,2.000000,cartesian,0.0,0.0,9.095e-06,7.9086e-05,32,256
cube,2.000000,cartesian,0.000163256,0.000112322,0.0,0.0,32,256
cube,2.000000,cartesian,0.0,0.0,1.0588e-05,0.00011662,32,256
cube,2.000000,cartesian,0.000140606,0.00016303,0.0,0.0,32,256
cube,2.000000,cartesian,0.0,0.0,1.4692e-05,8.5135e-05,32,256
cube,2.000000,cartesian,0.000138795,0.000101987,0.0,0.0,32,256
cube,2.000000,cartesian,0.0,0.0,1.1748e-05,9.1301e-05,32,256
cube,2.000000,cartesian,0.000136591,0.000121735,0.0,0.0,32,256
cube,2.000000,cartesian,0.0,0.0,1.0992e-05,8.9183e-05,32,256
cube,2.000000,cartesian,0.000136268,0.000130802,0.0,0.0,32,256
cube,2.000000,cartesian,0.0,0.0,1.1986e-05,8.741e-05,32,256
cube,2.000000,cartesian,0.000118171,8.6208e-05,0.0,0.0,32,256
cube,2.000000,cartesian,0.0,0.0,7.592e-06,7.9935e-05,32,256
cube,2.000000,cartesian,0.000145776,0.000175861,0.0,0.0,32,256
cube,2.000000,cartesian,0.0,0.0,1.5991e-05,8.6112e-05,32,256
cube,2.000000,cartesian,8.119e-05,9.9844e-05,0.0,0.0,32,256
cube,2.000000,cartesian,0.0,0.0,7.448e-06,5.0935e-05,32,256
cube,2.000000,cartesian,0.000169207,0.00021074,0.0,0.0,32,256
cube,2.000000,cartesian,0.0,0.0,1.5824e-05,0.000105177,32,256
cube,2.000000,cartesian,0.000143732,0.00021089,0.0,0.0,32,256
cube,2.000000,cartesian,0.0,0.0,1.3937e-05,8.8454e-05,32,256
cube,2.000000,cartesian,0.000128486,0.00011432,0.0,0.0,32,256
cube,2.000000,cartesian,0.0,0.0,1.1381e-05,8.279e-05,32,256
cube,2.000000,cartesian,0.000128223,0.000166386,0.0,0.0,32,256
cube,2.000000,cartesian,0.0,0.0,1.1168e-05,8.3087e-05,32,256
cube,2.000000,cartesian,0.00013195,0.000119503,0.0,0.0,32,256
cube,2.000000,cartesian,0.0,0.0,1.241e-05,8.3867e-05,32,256
cube,2.000000,cartesian,0.000123473,0.000126657,0.0,0.0,32,256
cube,2.000000,cartesian,0.0,0.0,1.0626e-05,7.783e-05,32,256
cube,2.000000,cartesian,0.000100371,7.3458e-05,0.0,0.0,32,256
cube,2.000000,cartesian,0.0,0.0,7.961e-06,6.6665e-05,32,256
cube,2.000000,cartesian,0.000104924,8.4162e-05,0.0,0.0,32,256
cube,2.000000,cartesian,0.0,0.0,9.452e-06,6.726e-05,32,256
cube,2.000000,cartesian,0.000115769,0.0001003,0.0,0.0,32,256
cube,2.000000,cartesian,0.0,0.0,8.595e-06,7.9745e-05,32,256
cube,2.000000,cartesian,0.000140928,0.000120572,0.0,0.0,32,256
cube,2.000000,cartesian,0.0,0.0,1.4384e-05,8.5315e-05,32,256
cube,2.000000,cartesian,0.000118067,0.000111713,0.0,0.0,32,256
cube,2.000000,cartesian,0.0,0.0,1.0419e-05,7.5471e-05,32,256
cube,2.000000,cartesian,0.000162404,0.000171713,0.0,0.0,32,256
cube,2.000000,cartesian,0.0,0.0,1.5805e-05,0.000101244,32,256
cube,2.000000,cartesian,0.000179787,0.000210534,0.0,0.0,32,256
cube,2.000000,cartesian,0.0,0.0,1.6371e-05,0.000111465,32,256
cube,2.000000,cartesian,0.000127068,9.1468e-05,0.0,0.0,32,256
cube,2.000000,cartesian,0.0,0.0,8.729e-06,8.7785e-05,32,256
cube,2.000000,cartesian,0.000147282,0.000132916,0.0,0.0,32,256
cube,2.000000,cartesian,0.0,0.0,1.1646e-05,0.000103573,32,256
cube,2.000000,cartesian,0.000132345,0.000108008,0.0,0.0,32,256
cube,2.000000,cartesian,0.0,0.0,1.0224e-05,9.2016e-05,32,256
cube,2.000000,cartesian,0.000133549,0.000114735,0.0,0.0,32,256
cube,2.000000,cartesian,0.0,0.0,1.2022e-05,8.1986e-05,32,256
cube,2.000000,cartesian,0.0001114,9.8446e-05,0.0,0.0,32,256
cube,2.000000,cartesian,0.0,0.0,1.0048e-05,7.2067e-05,32,256
cube,2.000000,cartesian,0.000140539,0.000124321,0.0,0.0,32,256
cube,2.000000,cartesian,0.0,0.0,1.141e-05,9.343e-05,32,256
cube,2.000000,cartesian,0.000133894,0.000112008,0.0,0.0,32,256
cube,2.000000,cartesian,0.0,0.0,1.1894e-05,8.501e-05,32,256
cube,2.000000,cartesian,0.000118525,0.000107648,0.0,0.0,32,256
cube,2.000000,cartesian,0.0,0.0,8.759e-06,7.6946e-05,32,256
cube,2.000000,cartesian,9.7438e-05,8.1095e-05,0.0,0.0,32,256
cube,2.000000,cartesian,0.0,0.0,7.164e-06,6.5586e-05,32,256
cube,2.000000,cartesian,0.000134655,0.000107819,0.0,0.0,32,256
cube,2.000000,cartesian,0.0,0.0,1.1236e-05,8.7398e-05,32,256
cube,2.000000,cartesian,0.000138959,0.000120999,0.0,0.0,32,256
cube,2.000000,cartesian,0.0,0.0,2.9622e-05,7.4522e-05,32,256
cube,2.000000,cartesian,0.000121608,0.000142689,0.0,0.0,32,256
cube,2.000000,cartesian,0.0,0.0,1.1881e-05,7.4354e-05,32,256
cube,2.000000,cartesian,6.2092e-05,3.7037e-05,0.0,0.0,32,256
cube,2.000000,cartesian,0.0,0.0,4.153e-06,4.3364e-05,32,256
cube,2.000000,cartesian,0.000149027,0.000189217,0.0,0.0,32,256
cube,2.000000,cartesian,0.0,0.0,1.5158e-05,8.9881e-05,32,256
cube,2.000000,cartesian,7.3714e-05,7.0002e-05,0.0,0.0,32,256
cube,2.000000,cartesian,0.0,0.0,6.274e-06,4.831e-05,32,256
cube,2.000000,cartesian,7.5099e-05,6.42e-05,0.0,0.0,32,256
cube,2.000000,cartesian,0.0,0.0,6.443e-06,4.9228e-05,32,256
cube,2.000000,cartesian,0.000127417,0.000220342,0.0,0.0,32,256
cube,2.000000,cartesian,0.0,0.0,1.3201e-05,7.8162e-05,32,256
cube,2.000000,cartesian,7.0654e-05,8.7358e-05,0.0,0.0,32,256
cube,2.000000,cartesian,0.0,0.0,6.395e-06,4.4292e-05,32,256
cube,2.000000,cartesian,0.000128275,0.000195515,0.0,0.0,32,256
cube,2.000000,cartesian,0.0,0.0,1.3367e-05,7.512e-05,32,256
cube,2.000000,cartesian,0.000121172,0.000151612,0.0,0.0,32,256
cube,2.000000,cartesian,0.0,0.0,1.1187e-05,7.4522e-05,32,256
cube,2.000000,cartesian,0.000176915,0.000288879,0.0,0.0,32,256
cube,2.000000,cartesian,0.0,0.0,2.1108e-05,9.9205e-05,32,256
cube,2.000000,cartesian,0.00013765,0.000180331,0.0,0.0,32,256
cube,2.000000,cartesian,0.0,0.0,1.4837e-05,7.7365e-05,32,256
cube,2.000000,cartesian,0.000138556,0.000196685,0.0,0.0,32,256
cube,2.000000,cartesian,0.0,0.0,1.41e-05,8.3201e-05,32,256
cube,2.000000,cartesian,8.4387e-05,7.6932e-05,0.0,0.0,32,256
cube,2.000000,cartesian,0.0,0.0,6.746e-06,5.5287e-05,32,256
cube,2.000000,cartesian,0.000100741,8.9156e-05,0.0,0.0,32,256
cube,2.000000,cartesian,0.0,0.0,9.047e-06,6.4778e-05,32,256
cube,2.000000,cartesian,0.000117534,0.000117026,0.0,0.0,32,256
cube,2.000000,cartesian,0.0,0.0,1.1517e-05,7.2537e-05,32,256
cube,2.000000,cartesian,0.000172421,0.000181333,0.0,0.0,32,256
cube,2.000000,cartesian,0.0,0.0,1.7023e-05,0.000105342,32,256
cube,2.000000,cartesian,0.000117267,0.000115559,0.0,0.0,32,256
cube,2.000000,cartesian,0.0,0.0,1.0177e-05,6.9806e-05,32,256
cube,2.000000,cartesian,0.000179926,0.000206421,0.0,0.0,32,256
cube,2.000000,cartesian,0.0,0.0,1.9764e-05,0.000104537,32,256
cube,2.000000,cartesian,9.1054e-05,0.00111582,0.0,0.0,32,256
cube,2.000000,cartesian,0.0,0.0,8.128e-06,5.7626e-05,32,256
cube,2.000000,cartesian,0.000328055,0.000227338,0.0,0.0,32,256
cube,2.000000,cartesian,0.0,0.0,1.6164e-05,0.000260941,32,256
cube,2.000000,cartesian,0.000237791,0.000452941,0.0,0.0,32,256
cube,2.000000,cartesian,0.0,0.0,2.3927e-05,0.000132177,32,256
cube,2.000000,cartesian,0.000135201,0.00013948,0.0,0.0,32,256
cube,2.000000,cartesian,0.0,0.0,1.209e-05,8.3279e-05,32,256
cube,2.000000,cartesian,0.00017058,0.000152359,0.0,0.0,32,256
cube,2.000000,cartesian,0.0,0.0,1.2461e-05,0.000115227,32,256
cube,2.000000,cartesian,0.000112967,0.000143771,0.0,0.0,32,256
cube,2.000000,cartesian,0.0,0.0,1.0973e-05,6.9387e-05,32,256
cube,2.000000,cartesian,0.000222974,0.000207607,0.0,0.0,32,256
cube,2.000000,cartesian,0.0,0.0,1.9766e-05,0.000137863,32,256
cube,2.000000,cartesian,0.0001369,0.000233359,0.0,0.0,32,256
cube,2.000000,cartesian,0.0,0.0,1.3164e-05,8.2821e-05,32,256
cube,2.000000,cartesian,0.000141628,0.000257184,0.0,0.0,32,256
cube,2.000000,cartesian,0.0,0.0,1.3858e-05,8.3284e-05,32,256
cube,2.000000,cartesian,0.000101842,9.3223e-05,0.0,0.0,32,256
cube,2.000000,cartesian,0.0,0.0,8.144e-06,6.5775e-05,32,256
cube,2.000000,cartesian,0.000107017,9.0897e-05,0.0,0.0,32,256
cube,2.000000,cartesian,0.0,0.0,8.546e-06,7.0232e-05,32,256
cube,2.000000,cartesian,8.2176e-05,0.000106401,0.0,0.0,32,256
cube,2.000000,cartesian,0.0,0.0,8.069e-06,4.9323e-05,32,256
cube,2.000000,cartesian,0.000127697,0.000112772,0.0,0.0,32,256
cube,2.000000,cartesian,0.0,0.0,1.1648e-05,8.0234e-05,32,256
cube,2.000000,cartesian,0.000122154,0.000136548,0.0,0.0,32,256
cube,2.000000,cartesian,0.0,0.0,1.2911e-05,7.4306e-05,32,256
cube,2.000000,cartesian,0.000152477,9.3468e-05,0.0,0.0,32,256
cube,2.000000,cartesian,0.0,0.0,1.1769e-05,0.000100943,32,256
cube,2.000000,cartesian,0.000141014,0.000200293,0.0,0.0,32,256
cube,2.000000,cartesian,0.0,0.0,1.5049e-05,8.4823e-05,32,256
cube,2.000000,cartesian,0.000133096,0.00014171,0.0,0.0,32,256
cube,2.000000,cartesian,0.0,0.0,1.2352e-05,8.2796e-05,32,256
cube,2.000000,cartesian,0.000119542,0.000133273,0.0,0.0,32,256
cube,2.000000,cartesian,0.0,0.0,1.1892e-05,7.4077e-05,32,256
cube,2.000000,cartesian,0.000178255,0.000205068,0.0,0.0,32,256
cube,2.000000,cartesian,0.0,0.0,1.5805e-05,0.000111609,32,256
cube,2.000000,cartesian,7.4474e-05,9.6134e-05,0.0,0.0,32,256
cube,2.000000,cartesian,0.0,0.0,5.719e-06,4.8072e-05,32,256
cube,2.000000,cartesian,0.000126415,0.000111103,0.0,0.0,32,256
cube,2.000000,cartesian,0.0,0.0,1.2609e-05,7.6373e-05,32,256
cube,2.000000,cartesian,7.064e-06,4.575e-06,0.0,0.0,32,256
cube,2.000000,cartesian,0.0,0.0,3.19e-07,5.541e-06,32,256
cube,2.000000,cartesian,8.9421e-05,0.000101622,0.0,0.0,32,256
cube,2.000000,cartesian,0.0,0.0,1.0009e-05,5.1691e-05,32,256
cube,2.000000,cartesian,4.6362e-05,9.708e-06,0.0,0.0,32,256
cube,2.000000,cartesian,0.0,0.0,2.124e-06,3.3797e-05,32,256
cube,2.000000,cartesian,0.000113046,0.000156331,0.0,0.0,32,256
cube,2.000000,cartesian,0.0,0.0,9.915e-06,6.9875e-05,32,256
cube,2.000000,cartesian,9.0887e-05,7.9248e-05,0.0,0.0,32,256
cube,2.000000,cartesian,0.0,0.0,1.83e-05,5.0597e-05,32,256
cube,2.000000,cartesian,0.000165616,0.000245756,0.0,0.0,32,256
cube,2.000000,cartesian,0.0,0.0,1.7072e-05,0.000100346,32,256
cube,2.000000,cartesian,0.000326414,0.000225635,0.0,0.0,32,256
cube,2.000000,cartesian,0.0,0.0,1.8112e-05,0.00014926,32,256
cube,2.000000,cartesian,0.000156753,0.000224631,0.0,0.0,32,256
cube,2.000000,cartesian,0.0,0.0,1.4435e-05,9.8108e-05,32,256
cube,2.000000,cartesian,0.000217977,0.000168121,0.0,0.0,32,256
cube,2.000000,cartesian,0.0,0.0,6.656e-06,0.000191308,32,256
cube,2.000000,cartesian,0.000290699,0.00058755,0.0,0.0,32,256
cube,2.000000,cartesian,0.0,0.0,1.5404e-05,0.000180199,32,256
cube,2.000000,cartesian,0.00060331,0.00030537,0.0,0.0,32,256
cube,2.000000,cartesian,0.0,0.0,1.685e-05,0.000339305,32,256
cube,2.000000,cartesian,0.000227074,0.00026901,0.0,0.0,32,256
cube,2.000000,cartesian,0.0,0.0,1.3456e-05,0.000166605,32,256
cube,2.000000,cartesian,0.000169329,0.000170015,0.0,0.0,32,256
cube,2.000000,cartesian,0.0,0.0,1.4587e-05,0.000107352,32,256
cube,2.000000,cartesian,0.000140368,0.000384248,0.0,0.0,32,256
cube,2.000000,cartesian,0.0,0.0,1.0454e-05,6.7026e-05,32,256
cube,2.000000,cartesian,0.00010655,0.000116905,0.0,0.0,32,256
cube,2.000000,cartesian,0.0,0.0,1.1398e-05,6.2007e-05,32,256
cube,2.000000,cartesian,0.000117704,0.000165238,0.0,0.0,32,256
cube,2.000000,cartesian,0.0,0.0,1.1116e-05,7.3452e-05,32,256
cube,2.000000,cartesian,0.000117068,0.000135224,0.0,0.0,32,256
cube,2.000000,cartesian,0.0,0.0,1.1315e-05,7.3664e-05,32,256
cube,2.000000,cartesian,0.000106674,0.000121155,0.0,0.0,32,256
cube,2.000000,cartesian,0.0,0.0,9.289e-06,6.6029e-05,32,256
cube,2.000000,cartesian,0.000128819,0.000134697,0.0,0.0,32,256
cube,2.000000,cartesian,0.0,0.0,1.0935e-05,8.1739e-05,32,256
cube,2.000000,cartesian,0.000126537,0.000192948,0.0,0.0,32,256
cube,2.000000,cartesian,0.0,0.0,9.251e-06,7.7148e-05,32,256
cube,2.000000,cartesian,7.8129e-05,7.6586e-05,0.0,0.0,32,256
cube,2.000000,cartesian,0.0,0.0,6.363e-06,5.0793e-05,32,256
cube,2.000000,cartesian,0.000123403,0.000132165,0.0,0.0,32,256
cube,2.000000,cartesian,0.0,0.0,1.1166e-05,7.8731e-05,32,256
cube,2.000000,cartesian,8.1532e-05,8.0495e-05,0.0,0.0,32,256
cube,2.000000,cartesian,0.0,0.0,6.799e-06,5.3467e-05,32,256
cube,2.000000,cartesian,0.000152873,0.000171422,0.0,0.0,32,256
cube,2.000000,cartesian,0.0,0.0,1.4217e-05,9.6898e-05,32,256
cube,2.000000,cartesian,9.8944e-05,8.0164e-05,0.0,0.0,32,256
cube,2.000000,cartesian,0.0,0.0,9.72e-06,6.1013e-05,32,256
cube,2.000000,cartesian,0.000148863,0.000113248,0.0,0.0,32,256
cube,2.000000,cartesian,0.0,0.0,1.3008e-05,9.5956e-05,32,256
cube,2.000000,cartesian,0.000107839,8.3297e-05,0.0,0.0,32,256
cube,2.000000,cartesian,0.0,0.0,8.166e-06,7.2699e-05,32,256
cube,2.000000,cartesian,0.000142316,0.000143717,0.0,0.0,32,256
cube,2.000000,cartesian,0.0,0.0,1.2321e-05,9.1022e-05,32,256
cube,2.000000,cartesian,0.000154726,0.000168003,0.0,0.0,32,256
cube,2.000000,cartesian,0.0,0.0,1.4107e-05,9.155e-05,32,256
cube,2.000000,cartesian,0.000133638,0.000138373,0.0,0.0,32,256
cube,2.000000,cartesian,0.0,0.0,1.0375e-05,9.0042e-05,32,256
cube,2.000000,cartesian,0.000139811,0.00014937,0.0,0.0,32,256
cube,2.000000,cartesian,0.0,0.0,1.3892e-05,8.5285e-05,32,256
cube,2.000000,cartesian,0.000138035,0.000145904,0.0,0.0,32,256
cube,2.000000,cartesian,0.0,0.0,1.3305e-05,8.4843e-05,32,256
cube,2.000000,cartesian,0.000170514,0.000148677,0.0,0.0,32,256
cube,2.000000,cartesian,0.0,0.0,1.4225e-05,9.807e-05,32,256
cube,2.000000,cartesian,8.3288e-05,5.5086e-05,0.0,0.0,32,256
cube,2.000000,cartesian,0.0,0.0,6.739e-06,5.4124e-05,32,256
cube,2.000000,cartesian,0.00014543,0.000133771,0.0,0.0,32,256
cube,2.000000,cartesian,0.0,0.0,1.3099e-05,9.1309e-05,32,256
cube,2.000000,cartesian,0.00011357,0.000164839,0.0,0.0,32,256
cube,2.000000,cartesian,0.0,0.0,1.2858e-05,6.6419e-05,32,256
cube,2.000000,cartesian,0.000145996,0.000131939,0.0,0.0,32,256
cube,2.000000,cartesian,0.0,0.0,1.1926e-05,9.7339e-05,32,256
cube,2.000000,cartesian,0.000119596,0.000125552,0.0,0.0,32,256
cube,2.000000,cartesian,0.0,0.0,8.296e-06,8.0491e-05,32,256
cube,2.000000,cartesian,0.000144864,0.00011457,0.0,0.0,32,256
cube,2.000000,cartesian,0.0,0.0,9.387e-06,8.1711e-05,32,256
cube,2.000000,cartesian,9.9818e-05,8.896e-05,0.0,0.0,32,256
cube,2.000000,cartesian,0.0,0.0,8.665e-06,6.3495e-05,32,256
cube,2.000000,cartesian,0.000134351,0.000130579,0.0,0.0,32,256
cube,2.000000,cartesian,0.0,0.0,1.0614e-05,8.8337e-05,32,256
cube,2.000000,cartesian,0.000113186,0.000104212,0.0,0.0,32,256
cube,2.000000,cartesian,0.0,0.0,8.661e-06,7.4651e-05,32,256
cube,2.000000,cartesian,0.000168359,0.000157669,0.0,0.0,32,256
cube,2.000000,cartesian,0.0,0.0,1.4979e-05,0.000108217,32,256
cube,2.000000,cartesian,0.000206209,0.000157671,0.0,0.0,32,256
cube,2.000000,cartesian,0.0,0.0,1.5242e-05,0.000136801,32,256
cube,2.000000,cartesian,0.000113064,0.000138374,0.0,0.0,32,256
cube,2.000000,cartesian,0.0,0.0,9.752e-06,7.3423e-05,32,256
cube,2.000000,cartesian,0.000109273,0.000141719,0.0,0.0,32,256
cube,2.000000,cartesian,0.0,0.0,9.476e-06,6.3821e-05,32,256
cube,2.000000,cartesian,0.000145232,0.000142246,0.0,0.0,32,256
cube,2.000000,cartesian,0.0,0.0,1.1586e-05,9.5713e-05,32,256
cube,2.000000,cartesian,0.000172207,0.000260078,0.0,0.0,32,256
cube,2.000000,cartesian,0.0,0.0,1.8207e-05,0.000101467,32,256
cube,2.000000,cartesian,0.000142044,0.000172434,0.0,0.0,32,256
cube,2.000000,cartesian,0.0,0.0,1.4597e-05,8.4762e-05,32,256
cube,2.000000,cartesian,0.000157989,0.000142727,0.0,0.0,32,256
cube,2.000000,cartesian,0.0,0.0,1.218e-05,0.000107496,32,256
cube,2.000000,cartesian,0.00013446,0.000195656,0.0,0.0,32,256
cube,2.000000,cartesian,0.0,0.0,1.3005e-05,8.4256e-05,32,256
cube,2.000000,cartesian,0.000201904,0.000156883,0.0,0.0,32,256
cube,2.000000,cartesian,0.0,0.0,1.434e-05,0.000125477,32,256
cube,2.000000,cartesian,0.000159376,0.000141777,0.0,0.0,32,256
cube,2.000000,cartesian,0.0,0.0,1.2568e-05,0.000110679,32,256
cube,2.000000,cartesian,0.000100386,0.000126317,0.0,0.0,32,256
cube,2.000000,cartesian,0.0,0.0,9.505e-06,6.3516e-05,32,256
cube,2.000000,cartesian,0.000161895,0.000152799,0.0,0.0,32,256
cube,2.000000,cartesian,0.0,0.0,1.3692e-05,0.00010278,32,256
cube,2.000000,cartesian,0.000119247,0.000132695,0.0,0.0,32,256
cube,2.000000,cartesian,0.0,0.0,8.833e-06,7.8574e-05,32,256
cube,2.000000,cartesian,0.000143939,6.073e-05,0.0,0.0,32,256
cube,2.000000,cartesian,0.0,0.0,1.0474e-05,9.7602e-05,32,256
cube,2.000000,cartesian,0.000132544,0.000100789,0.0,0.0,32,256
cube,2.000000,cartesian,0.0,0.0,1.1209e-05,8.6756e-05,32,256
cube,2.000000,cartesian,0.000137982,0.000152899,0.0,0.0,32,256
cube,2.000000,cartesian,0.0,0.0,1.3233e-05,8.7428e-05,32,256
cube,2.000000,cartesian,0.000115843,0.000117169,0.0,0.0,32,256
cube,2.000000,cartesian,0.0,0.0,1.0326e-05,7.4689e-05,32,256
cube,2.000000,cartesian,9.7417e-05,0.00012691,0.0,0.0,32,256
cube,2.000000,cartesian,0.0,0.0,8.863e-06,6.0838e-05,32,256
cube,2.000000,cartesian,0.000122721,0.000179712,0.0,0.0,32,256
cube,2.000000,cartesian,0.0,0.0,1.1133e-05,7.6459e-05,32,256
cube,2.000000,cartesian,0.000141234,0.000174546,0.0,0.0,32,256
cube,2.000000,cartesian,0.0,0.0,1.2718e-05,8.9051e-05,32,256
cube,2.000000,cartesian,7.5978e-05,6.6736e-05,0.0,0.0,32,256
cube,2.000000,cartesian,0.0,0.0,6.212e-06,5.0042e-05,32,256
cube,2.000000,cartesian,0.000166935,0.00011302,0.0,0.0,32,256
cube,2.000000,cartesian,0.0,0.0,1.3162e-05,0.000114643,32,256
cube,2.000000,cartesian,5.1513e-05,4.3527e-05,0.0,0.0,32,256
cube,2.000000,cartesian,0.0,0.0,4.514e-06,3.2977e-05,32,256
cube,2.000000,cartesian,0.000164911,0.000186175,0.0,0.0,32,256
cube,2.000000,cartesian,0.0,0.0,1.6669e-05,0.000101439,32,256
cube,2.000000,cartesian,0.000128276,0.000141227,0.0,0.0,32,256
cube,2.000000,cartesian,0.0,0.0,1.227e-05,8.0446e-05,32,256
cube,2.000000,cartesian,3.0561e-05,2.6569e-05,0.0,0.0,32,256
cube,2.000000,cartesian,0.0,0.0,2.861e-06,1.9615e-05,32,256
cube,2.000000,cartesian,0.000249521,0.000155361,0.0,0.0,32,256
cube,2.000000,cartesian,0.0,0.0,1.4875e-05,0.000187218,32,256
cube,2.000000,cartesian,0.000143597,0.00014772,0.0,0.0,32,256
cube,2.000000,cartesian,0.0,0.0,1.4288e-05,9.077e-05,32,256
cube,2.000000,cartesian,0.000128063,0.000135867,0.0,0.0,32,256
cube,2.000000,cartesian,0.0,0.0,1.3014e-05,7.8349e-05,32,256
cube,2.000000,cartesian,4.9116e-05,3.6016e-05,0.0,0.0,32,256
cube,2.000000,cartesian,0.0,0.0,3.584e-06,3.3781e-05,32,256
cube,2.000000,cartesian,0.000139047,0.000108038,0.0,0.0,32,256
cube,2.000000,cartesian,0.0,0.0,1.1195e-05,9.2548e-05,32,256
cube,2.000000,cartesian,0.000142105,0.000182168,0.0,0.0,32,256
cube,2.000000,cartesian,0.0,0.0,1.2994e-05,9.0236e-05,32,256
cube,2.000000,cartesian,0.00012252,0.000109589,0.0,0.0,32,256
cube,2.000000,cartesian,0.0,0.0,8.613e-06,8.252e-05,32,256
cube,2.000000,cartesian,0.000121388,0.000134921,0.0,0.0,32,256
cube,2.000000,cartesian,0.0,0.0,1.0745e-05,7.6837e-05,32,256
cube,2.000000,cartesian,0.00015776,0.000143065,0.0,0.0,32,256
cube,2.000000,cartesian,0.0,0.0,1.2766e-05,0.000103066,32,256
cube,2.000000,cartesian,0.000142411,9.21e-05,0.0,0.0,32,256
cube,2.000000,cartesian,0.0,0.0,8.592e-06,9.7544e-05,32,256
cube,2.000000,cartesian,0.000118923,0.000130915,0.0,0.0,32,256
cube,2.000000,cartesian,0.0,0.0,1.0926e-05,7.5666e-05,32,256
cube,2.000000,cartesian,8.8412e-05,7.5735e-05,0.0,0.0,32,256
cube,2.000000,cartesian,0.0,0.0,6.549e-06,6.0147e-05,32,256
cube,2.000000,cartesian,0.000131764,0.000131467,0.0,0.0,32,256
cube,2.000000,cartesian,0.0,0.0,1.2322e-05,8.371e-05,32,256
cube,2.000000,cartesian,0.000101684,9.1335e-05,0.0,0.0,32,256
cube,2.000000,cartesian,0.0,0.0,8.494e-06,6.6354e-05,32,256
cube,2.000000,cartesian,8.4598e-05,5.8268e-05,0.0,0.0,32,256
cube,2.000000,cartesian,0.0,0.0,5.998e-06,6.0367e-05,32,256
cube,2.000000,cartesian,0.000146066,0.000131502,0.0,0.0,32,256
cube,2.000000,cartesian,0.0,0.0,1.2527e-05,9.3777e-05,32,256
cube,2.000000,cartesian,0.000185266,0.000224491,0.0,0.0,32,256
cube,2.000000,cartesian,0.0,0.0,1.5532e-05,0.000117219,32,256
cube,2.000000,cartesian,6.9964e-05,5.7562e-05,0.0,0.0,32,256
cube,2.000000,cartesian,0.0,0.0,6.925e-06,4.174e-05,32,256
cube,2.000000,cartesian,0.000215215,0.000269242,0.0,0.0,32,256
cube,2.000000,cartesian,0.0,0.0,2.2261e-05,0.000129709,32,256
cube,2.000000,cartesian,0.000131236,0.000138371,0.0,0.0,32,256
cube,2.000000,cartesian,0.0,0.0,1.1066e-05,8.7511e-05,32,256
cube,2.000000,cartesian,0.000128355,0.00011479,0.0,0.0,32,256
cube,2.000000,cartesian,0.0,0.0,1.1801e-05,8.1049e-05,32,256
cube,2.000000,cartesian,0.000117249,0.000102001,0.0,0.0,32,256
cube,2.000000,cartesian,0.0,0.0,1.0601e-05,7.4923e-05,32,256
cube,2.000000,cartesian,5.9192e-05,3.922e-05,0.0,0.0,32,256
cube,2.000000,cartesian,0.0,0.0,3.984e-06,4.2004e-05,32,256
cube,2.000000,cartesian,0.000153913,0.000193645,0.0,0.0,32,256
cube,2.000000,cartesian,0.0,0.0,1.7608e-05,8.7596e-05,32,256
cube,2.000000,cartesian,0.000102946,0.00011898,0.0,0.0,32,256
cube,2.000000,cartesian,0.0,0.0,1.0449e-05,6.2004e-05,32,256
cube,2.000000,cartesian,2.7181e-05,2.8851e-05,0.0,0.0,32,256
cube,2.000000,cartesian,0.0,0.0,2.454e-06,1.7638e-05,32,256
cube,2.000000,cartesian,0.000137919,0.000130318,0.0,0.0,32,256
cube,2.000000,cartesian,0.0,0.0,1.2698e-05,8.9239e-05,32,256
cube,2.000000,cartesian,9.0493e-05,8.3365e-05,0.0,0.0,32,256
cube,2.000000,cartesian,0.0,0.0,8.536e-06,5.7353e-05,32,256
cube,2.000000,cartesian,5.1485e-05,4.0206e-05,0.0,0.0,32,256
cube,2.000000,cartesian,0.0,0.0,3.749e-06,3.5122e-05,32,256
cube,2.000000,cartesian,0.000115194,0.000149171,0.0,0.0,32,256
cube,2.000000,cartesian,0.0,0.0,1.1717e-05,7.0969e-05,32,256
cube,2.000000,cartesian,0.000147547,0.000146456,0.0,0.0,32,256
cube,2.000000,cartesian,0.0,0.0,1.194e-05,9.9141e-05,32,256
cube,2.000000,cartesian,2.4102e-05,1.5514e-05,0.0,0.0,32,256
cube,2.000000,cartesian,0.0,0.0,1.793e-06,1.6691e-05,32,256
cube,2.000000,cartesian,6.9226e-05,4.2221e-05,0.0,0.0,32,256
cube,2.000000,cartesian,0.0,0.0,5.606e-06,4.55e-05,32,256
cube,2.000000,cartesian,0.000139599,8.067e-05,0.0,0.0,32,256
cube,2.000000,cartesian,0.0,0.0,9.914e-06,9.4792e-05,32,256
cube,2.000000,cartesian,0.000103509,0.000116348,0.0,0.0,32,256
cube,2.000000,cartesian,0.0,0.0,1.0981e-05,6.2673e-05,32,256
cube,2.000000,cartesian,0.000177459,0.000156427,0.0,0.0,32,256
cube,2.000000,cartesian,0.0,0.0,1.4976e-05,0.00011436,32,256
cube,2.000000,cartesian,0.000155964,0.000131122,0.0,0.0,32,256
cube,2.000000,cartesian,0.0,0.0,1.4888e-05,0.000100805,32,256
cube,2.000000,cartesian,0.000129652,0.000119354,0.0,0.0,32,256
cube,2.000000,cartesian,0.0,0.0,9.608e-06,8.5741e-05,32,256
cube,2.000000,cartesian,0.000118025,0.000104877,0.0,0.0,32,256
cube,2.000000,cartesian,0.0,0.0,1.1662e-05,7.3584e-05,32,256
cube,2.000000,cartesian,9.1146e-05,5.0347e-05,0.0,0.0,32,256
cube,2.000000,cartesian,0.0,0.0,6.929e-06,6.1371e-05,32,256
cube,2.000000,cartesian,0.000123406,0.000125198,0.0,0.0,32,256
cube,2.000000,cartesian,0.0,0.0,1.0946e-05,7.9698e-05,32,256
cube,2.000000,cartesian,0.000150437,0.000110975,0.0,0.0,32,256
cube,2.000000,cartesian,0.0,0.0,1.0015e-05,0.000112313,32,256
cube,2.000000,cartesian,4.4397e-05,2.9244e-05,0.0,0.0,32,256
cube,2.000000,cartesian,0.0,0.0,2.922e-06,3.1282e-05,32,256
cube,2.000000,cartesian,0.00013679,0.000126041,0.0,0.0,32,256
cube,2.000000,cartesian,0.0,0.0,1.1732e-05,8.9229e-05,32,256
cube,2.000000,cartesian,0.000100266,5.2466e-05,0.0,0.0,32,256
cube,2.000000,cartesian,0.0,0.0,8.025e-06,6.6009e-05,32,256
cube,2.000000,cartesian,0.000101551,0.000134621,0.0,0.0,32,256
cube,2.000000,cartesian,0.0,0.0,1.0473e-05,6.1503e-05,32,256
cube,2.000000,cartesian,0.000146079,0.000148538,0.0,0.0,32,256
cube,2.000000,cartesian,0.0,0.0,1.5799e-05,8.7242e-05,32,256
cube,2.000000,cartesian,0.000104066,0.000115035,0.0,0.0,32,256
cube,2.000000,cartesian,0.0,0.0,9.483e-06,6.6052e-05,32,256
cube,2.000000,cartesian,0.000122577,0.000130974,0.0,0.0,32,256
cube,2.000000,cartesian,0.0,0.0,1.1678e-05,7.8089e-05,32,256
cube,2.000000,cartesian,0.00012177,0.000104842,0.0,0.0,32,256
cube,2.000000,cartesian,0.0,0.0,1.2841e-05,7.319e-05,32,256
cube,2.000000,cartesian,0.000123645,0.000140965,0.0,0.0,32,256
cube,2.000000,cartesian,0.0,0.0,1.2088e-05,7.6471e-05,32,256
cube,2.000000,cartesian,0.000143309,0.0001209,0.0,0.0,32,256
cube,2.000000,cartesian,0.0,0.0,1.2834e-05,7.9378e-05,32,256
cube,2.000000,cartesian,0.000114202,9.9467e-05,0.0,0.0,32,256
cube,2.000000,cartesian,0.0,0.0,1.1816e-05,6.9726e-05,32,256
cube,2.000000,cartesian,0.000122985,0.000126668,0.0,0.0,32,256
cube,2.000000,cartesian,0.0,0.0,1.0283e-05,7.951e-05,32,256
cube,2.000000,cartesian,0.000103109,0.000105243,0.0,0.0,32,256
cube,2.000000,cartesian,0.0,0.0,9.69e-06,6.5957e-05,32,256
cube,2.000000,cartesian,0.000129181,0.000128029,0.0,0.0,32,256
cube,2.000000,cartesian,0.0,0.0,1.1201e-05,8.3294e-05,32,256
cube,2.000000,cartesian,0.000148902,0.000138738,0.0,0.0,32,256
cube,2.000000,cartesian,0.0,0.0,1.2707e-05,9.5884e-05,32,256
cube,2.000000,cartesian,0.000105408,0.000102333,0.0,0.0,32,256
cube,2.000000,cartesian,0.0,0.0,1.0044e-05,6.5439e-05,32,256
cube,2.000000,cartesian,0.000141504,0.000141524,0.0,0.0,32,256
cube,2.000000,cartesian,0.0,0.0,1.3173e-05,9.0815e-05,32,256
cube,2.000000,cartesian,0.000123375,0.000121307,0.0,0.0,32,256
cube,2.000000,cartesian,0.0,0.0,1.0598e-05,7.9444e-05,32,256
cube,2.000000,cartesian,0.000131575,0.000132412,0.0,0.0,32,256
cube,2.000000,cartesian,0.0,0.0,1.1563e-05,8.5726e-05,32,256
cube,2.000000,cartesian,0.000185093,0.00021221,0.0,0.0,32,256
cube,2.000000,cartesian,0.0,0.0,1.6235e-05,0.000119854,32,256
cube,2.000000,cartesian,0.000121418,0.000150326,0.0,0.0,32,256
cube,2.000000,cartesian,0.0,0.0,1.2599e-05,7.2916e-05,32,256
cube,2.000000,cartesian,0.000141003,0.000124217,0.0,0.0,32,256
cube,2.000000,cartesian,0.0,0.0,2.2602e-05,8.6499e-05,32,256
cube,2.000000,cartesian,6.7168e-05,4.0008e-05,0.0,0.0,32,256
cube,2.000000,cartesian,0.0,0.0,3.786e-06,4.7546e-05,32,256
cube,2.000000,cartesian,0.000201453,0.000187343,0.0,0.0,32,256
cube,2.000000,cartesian,0.0,0.0,1.6281e-05,9.461e-05,32,256
cube,2.000000,cartesian,0.00012618,8.4314e-05,0.0,0.0,32,256
cube,2.000000,cartesian,0.0,0.0,1.0619e-05,8.1647e-05,32,256
cube,2.000000,cartesian,1.673e-05,1.4174e-05,0.0,0.0,32,256
cube,2.000000,cartesian,0.0,0.0,9.94e-07,1.1454e-05,32,256
cube,2.000000,cartesian,7.4291e-05,7.6456e-05,0.0,0.0,32,256
cube,2.000000,cartesian,0.0,0.0,6.278e-06,4.8109e-05,32,256
cube,2.000000,cartesian,2.1398e-05,1.7036e-05,0.0,0.0,32,256
cube,2.000000,cartesian,0.0,0.0,1.459e-06,1.4865e-05,32,256
cube,2.000000,cartesian,0.000109787,0.000105477,0.0,0.0,32,256
cube,2.000000,cartesian,0.0,0.0,1.0507e-05,6.8043e-05,32,256
cube,2.000000,cartesian,0.000122212,0.000126982,0.0,0.0,32,256
cube,2.000000,cartesian,0.0,0.0,1.0929e-05,7.7296e-05,32,256
cube,2.000000,cartesian,9.3444e-05,9.6191e-05,0.0,0.0,32,256
cube,2.000000,cartesian,0.0,0.0,9.343e-06,5.9848e-05,32,256
cube,2.000000,cartesian,0.000137463,0.000122648,0.0,0.0,32,256
cube,2.000000,cartesian,0.0,0.0,9.988e-06,9.2352e-05,32,256
cube,2.000000,cartesian,0.00016256,0.000157905,0.0,0.0,32,256
cube,2.000000,cartesian,0.0,0.0,1.658e-05,9.9514e-05,32,256
cube,2.000000,cartesian,0.000119275,0.000129448,0.0,0.0,32,256
cube,2.000000,cartesian,0.0,0.0,1.0822e-05,7.4834e-05,32,256
cube,2.000000,cartesian,8.7097e-05,9.8336e-05,0.0,0.0,32,256
cube,2.000000,cartesian,0.0,0.0,8.08e-06,5.5918e-05,32,256
cube,2.000000,cartesian,0.000129276,0.000168201,0.0,0.0,32,256
cube,2.000000,cartesian,0.0,0.0,1.2668e-05,8.0492e-05,32,256
cube,2.000000,cartesian,0.000121643,0.000125093,0.0,0.0,32,256
cube,2.000000,cartesian,0.0,0.0,1.198e-05,7.6136e-05,32,256
cube,2.000000,cartesian,0.000152126,0.000149855,0.0,0.0,32,256
cube,2.000000,cartesian,0.0,0.0,1.4097e-05,8.583e-05,32,256
cube,2.000000,cartesian,0.000106803,7.0826e-05,0.0,0.0,32,256
cube,2.000000,cartesian,0.0,0.0,9.035e-06,6.8961e-05,32,256
cube,2.000000,cartesian,8.2368e-05,9.2873e-05,0.0,0.0,32,256
cube,2.000000,cartesian,0.0,0.0,8.186e-06,5.0538e-05,32,256
cube,2.000000,cartesian,0.000102031,7.5693e-05,0.0,0.0,32,256
cube,2.000000,cartesian,0.0,0.0,8.834e-06,6.5562e-05,32,256
cube,2.000000,cartesian,6.956e-05,5.8211e-05,0.0,0.0,32,256
cube,2.000000,cartesian,0.0,0.0,5.484e-06,4.6167e-05,32,256
cube,2.000000,cartesian,0.000106134,8.6138e-05,0.0,0.0,32,256
cube,2.000000,cartesian,0.0,0.0,9.538e-06,6.7424e-05,32,256
cube,2.000000,cartesian,0.000142963,0.000109539,0.0,0.0,32,256
cube,2.000000,cartesian,0.0,0.0,1.1539e-05,9.4788e-05,32,256
cube,2.000000,cartesian,4.7329e-05,4.8088e-05,0.0,0.0,32,256
cube,2.000000,cartesian,0.0,0.0,4.807e-06,2.8619e-05,32,256
cube,2.000000,cartesian,0.000117694,0.000122671,0.0,0.0,32,256
cube,2.000000,cartesian,0.0,0.0,9.916e-06,7.7102e-05,32,256
cube,2.000000,cartesian,0.000116699,0.000100269,0.0,0.0,32,256
cube,2.000000,cartesian,0.0,0.0,1.0176e-05,7.5549e-05,32,256
cube,2.000000,cartesian,0.000118982,0.00015064,0.0,0.0,32,256
cube,2.000000,cartesian,0.0,0.0,1.2043e-05,7.3734e-05,32,256
cube,2.000000,cartesian,0.000190818,0.000167266,0.0,0.0,32,256
cube,2.000000,cartesian,0.0,0.0,1.8151e-05,0.000121145,32,256
cube,2.000000,cartesian,0.000122517,0.000142639,0.0,0.0,32,256
cube,2.000000,cartesian,0.0,0.0,1.2608e-05,7.4922e-05,32,256
cube,2.000000,cartesian,9.4309e-05,8.446e-05,0.0,0.0,32,256
cube,2.000000,cartesian,0.0,0.0,7.587e-06,6.2268e-05,32,256
cube,2.000000,cartesian,0.000281866,0.000113813,0.0,0.0,32,256
cube,2.000000,cartesian,0.0,0.0,1.0583e-05,0.000228036,32,256
cube,2.000000,cartesian,0.000154821,0.000137145,0.0,0.0,32,256
cube,2.000000,cartesian,0.0,0.0,1.3799e-05,9.1578e-05,32,256
cube,2.000000,cartesian,0.000125425,8.6538e-05,0.0,0.0,32,256
cube,2.000000,cartesian,0.0,0.0,9.2e-06,8.4634e-05,32,256
cube,2.000000,cartesian,0.000151223,0.000143464,0.0,0.0,32,256
cube,2.000000,cartesian,0.0,0.0,1.1315e-05,0.00010112,32,256
cube,2.000000,cartesian,0.000136514,0.000107099,0.0,0.0,32,256
cube,2.000000,cartesian,0.0,0.0,1.1942e-05,8.9792e-05,32,256
cube,2.000000,cartesian,0.000188417,0.000179337,0.0,0.0,32,256
cube,2.000000,cartesian,0.0,0.0,1.5799e-05,0.000123022,32,256
cube,2.000000,cartesian,0.000145863,0.000171876,0.0,0.0,32,256
cube,2.000000,cartesian,0.0,0.0,1.2515e-05,9.494e-05,32,256
cube,2.000000,cartesian,0.000145476,9.7957e-05,0.0,0.0,32,256
cube,2.000000,cartesian,0.0,0.0,1.0394e-05,9.1356e-05,32,256
cube,2.000000,cartesian,0.000246187,0.000131818,0.0,0.0,32,256
cube,2.000000,cartesian,0.0,0.0,1.2054e-05,0.00015986,32,256
cube,2.000000,cartesian,0.000122687,0.000103138,0.0,0.0,32,256
cube,2.000000,cartesian,0.0,0.0,9.333e-06,8.2156e-05,32,256
cube,2.000000,cartesian,0.000130998,9.5004e-05,0.0,0.0,32,256
cube,2.000000,cartesian,0.0,0.0,9.638e-06,8.7735e-05,32,256
cube,2.000000,cartesian,0.000134883,0.00010393,0.0,0.0,32,256
cube,2.000000,cartesian,0.0,0.0,9.724e-06,9.1311e-05,32,256
cube,2.000000,cartesian,0.000139309,6.2225e-05,0.0,0.0,32,256
cube,2.000000,cartesian,0.0,0.0,9.766e-06,9.3962e-05,32,256
cube,2.000000,cartesian,0.000114353,0.000113446,0.0,0.0,32,256
cube,2.000000,cartesian,0.0,0.0,9.51e-06,7.4248e-05,32,256
cube,2.000000,cartesian,0.000129971,0.000112141,0.0,0.0,32,256
cube,2.000000,cartesian,0.0,0.0,1.0199e-05,8.6151e-05,32,256
cube,2.000000,cartesian,6.401e-05,3.9298e-05,0.0,0.0,32,256
cube,2.000000,cartesian,0.0,0.0,4.882e-06,4.2791e-05,32,256
cube,2.000000,cartesian,0.000109709,0.000121574,0.0,0.0,32,256
cube,2.000000,cartesian,0.0,0.0,1.1606e-05,6.6381e-05,32,256
cube,2.000000,cartesian,0.00010721,0.000102821,0.0,0.0,32,256
cube,2.000000,cartesian,0.0,0.0,1.0561e-05,6.662e-05,32,256
cube,2.000000,cartesian,0.000143753,0.000129109,0.0,0.0,32,256
cube,2.000000,cartesian,0.0,0.0,1.1138e-05,9.6213e-05,32,256
cube,2.000000,cartesian,0.00014501,0.000124612,0.0,0.0,32,256
cube,2.000000,cartesian,0.0,0.0,1.1923e-05,9.5211e-05,32,256
cube,2.000000,cartesian,0.000116581,7.2138e-05,0.0,0.0,32,256
cube,2.000000,cartesian,0.0,0.0,7.391e-06,8.1843e-05,32,256
cube,2.000000,cartesian,0.000149877,0.000145421,0.0,0.0,32,256
cube,2.000000,cartesian,0.0,0.0,1.4802e-05,9.3105e-05,32,256
cube,2.000000,cartesian,0.000125374,0.0001451,0.0,0.0,32,256
cube,2.000000,cartesian,0.0,0.0,1.2968e-05,7.5892e-05,32,256
cube,2.000000,cartesian,0.000122186,0.000115935,0.0,0.0,32,256
cube,2.000000,cartesian,0.0,0.0,1.0114e-05,7.9644e-05,32,256
cube,2.000000,cartesian,9.6963e-05,9.7172e-05,0.0,0.0,32,256
cube,2.000000,cartesian,0.0,0.0,7.375e-06,6.4561e-05,32,256
cube,2.000000,cartesian,0.00012559,0.00014015,0.0,0.0,32,256
cube,2.000000,cartesian,0.0,0.0,1.1262e-05,8.0106e-05,32,256
cube,2.000000,cartesian,0.000114428,0.000118374,0.0,0.0,32,256
cube,2.000000,cartesian,0.0,0.0,9.283e-06,7.5092e-05,32,256
cube,2.000000,cartesian,0.000155674,0.000157772,0.0,0.0,32,256
cube,2.000000,cartesian,0.0,0.0,1.6227e-05,9.5629e-05,32,256
cube,2.000000,cartesian,0.000141523,0.000187143,0.0,0.0,32,256
cube,2.000000,cartesian,0.0,0.0,1.4057e-05,8.2762e-05,32,256
cube,2.000000,cartesian,0.000114419,0.000121575,0.0,0.0,32,256
cube,2.000000,cartesian,0.0,0.0,9.777e-06,7.5007e-05,32,256
cube,2.000000,cartesian,0.00010305,0.000108374,0.0,0.0,32,256
cube,2.000000,cartesian,0.0,0.0,9.451e-06,6.5698e-05,32,256
cube,2.000000,cartesian,0.000147926,0.000152645,0.0,0.0,32,256
cube,2.000000,cartesian,0.0,0.0,1.3415e-05,9.3465e-05,32,256
cube,2.000000,cartesian,0.000118329,0.000136051,0.0,0.0,32,256
cube,2.000000,cartesian,0.0,0.0,1.0183e-05,7.628e-05,32,256
cube,2.000000,cartesian,0.00014003,0.000107226,0.0,0.0,32,256
cube,2.000000,cartesian,0.0,0.0,1.0037e-05,9.8094e-05,32,256
cube,2.000000,cartesian,0.000114005,0.000120414,0.0,0.0,32,256
cube,2.000000,cartesian,0.0,0.0,1.0405e-05,7.1055e-05,32,256
cube,2.000000,cartesian,0.000164572,0.000140874,0.0,0.0,32,256
cube,2.000000,cartesian,0.0,0.0,1.5877e-05,0.000102229,32,256
cube,2.000000,cartesian,3.6885e-05,2.5151e-05,0.0,0.0,32,256
cube,2.000000,cartesian,0.0,0.0,2.515e-06,2.5417e-05,32,256
cube,2.000000,cartesian,7.3879e-05,7.2927e-05,0.0,0.0,32,256
cube,2.000000,cartesian,0.0,0.0,6.732e-06,4.7851e-05,32,256
cube,2.000000,cartesian,0.000109697,8.2133e-05,0.0,0.0,32,256
cube,2.000000,cartesian,0.0,0.0,7.039e-06,7.7625e-05,32,256
cube,2.000000,cartesian,0.000161682,0.000123375,0.0,0.0,32,256
cube,2.000000,cartesian,0.0,0.0,1.1281e-05,0.000112768,32,256
cube,2.000000,cartesian,0.000176809,0.000160542,0.0,0.0,32,256
cube,2.000000,cartesian,0.0,0.0,1.684e-05,0.000111726,32,256
cube,2.000000,cartesian,0.000186764,0.000176041,0.0,0.0,32,256
cube,2.000000,cartesian,0.0,0.0,1.804e-05,0.00011684,32,256
cube,2.000000,cartesian,9.5981e-05,9.3321e-05,0.0,0.0,32,256
cube,2.000000,cartesian,0.0,0.0,7.991e-06,6.315e-05,32,256
cube,2.000000,cartesian,9.6273e-05,8.5699e-05,0.0,0.0,32,256
cube,2.000000,cartesian,0.0,0.0,6.876e-06,6.5156e-05,32,256
cube,2.000000,cartesian,6.7723e-05,5.2295e-05,0.0,0.0,32,256
cube,2.000000,cartesian,0.0,0.0,5.427e-06,4.3616e-05,32,256
cube,2.000000,cartesian,0.000164303,0.000165649,0.0,0.0,32,256
cube,2.000000,cartesian,0.0,0.0,1.281e-05,0.000107769,32,256
cube,2.000000,cartesian,0.000112186,7.8336e-05,0.0,0.0,32,256
cube,2.000000,cartesian,0.0,0.0,7.686e-06,7.6331e-05,32,256
cube,2.000000,cartesian,0.000114643,0.000122211,0.0,0.0,32,256
cube,2.000000,cartesian,0.0,0.0,1.0595e-05,7.2618e-05,32,256
cube,2.000000,cartesian,0.00015284,0.00013842,0.0,0.0,32,256
cube,2.000000,cartesian,0.0,0.0,1.0578e-05,0.000105915,32,256
cube,2.000000,cartesian,0.000116528,0.000101835,0.0,0.0,32,256
cube,2.000000,cartesian,0.0,0.0,9.632e-06,7.6786e-05,32,256
cube,2.000000,cartesian,0.000161906,0.000159396,0.0,0.0,32,256
cube,2.000000,cartesian,0.0,0.0,1.1425e-05,0.000108384,32,256
cube,2.000000,cartesian,0.00018122,0.000156723,0.0,0.0,32,256
cube,2.000000,cartesian,0.0,0.0,1.6421e-05,0.000116113,32,256
cube,2.000000,cartesian,0.000154056,0.000191295,0.0,0.0,32,256
cube,2.000000,cartesian,0.0,0.0,1.4895e-05,8.5623e-05,32,256
cube,2.000000,cartesian,8.0554e-05,6.8333e-05,0.0,0.0,32,256
cube,2.000000,cartesian,0.0,0.0,6.915e-06,5.2896e-05,32,256
cube,2.000000,cartesian,5.0101e-05,3.7045e-05,0.0,0.0,32,256
cube,2.000000,cartesian,0.0,0.0,3.718e-06,3.5446e-05,32,256
cube,2.000000,cartesian,0.00013337,0.000132871,0.0,0.0,32,256
cube,2.000000,cartesian,0.0,0.0,1.4345e-05,7.9799e-05,32,256
cube,2.000000,cartesian,6.294e-05,5.7056e-05,0.0,0.0,32,256
cube,2.000000,cartesian,0.0,0.0,4.911e-06,4.259e-05,32,256
cube,2.000000,cartesian,0.000132261,0.000137411,0.0,0.0,32,256
cube,2.000000,cartesian,0.0,0.0,1.2352e-05,8.6358e-05,32,256
cube,2.000000,cartesian,0.000155128,0.000142103,0.0,0.0,32,256
cube,2.000000,cartesian,0.0,0.0,1.2671e-05,0.000106965,32,256
cube,2.000000,cartesian,0.000129699,0.000143925,0.0,0.0,32,256
cube,2.000000,cartesian,0.0,0.0,1.2225e-05,8.1629e-05,32,256
cube,2.000000,cartesian,0.000117108,0.000102859,0.0,0.0,32,256
cube,2.000000,cartesian,0.0,0.0,8.503e-06,7.9153e-05,32,256
cube,2.000000,cartesian,0.000120108,0.000114718,0.0,0.0,32,256
cube,2.000000,cartesian,0.0,0.0,8.627e-06,8.1191e-05,32,256
cube,2.000000,cartesian,0.000146963,0.000152486,0.0,0.0,32,256
cube,2.000000,cartesian,0.0,0.0,1.2061e-05,9.5238e-05,32,256
cube,2.000000,cartesian,0.000124049,0.000128088,0.0,0.0,32,256
cube,2.000000,cartesian,0.0,0.0,1.043e-05,8.1176e-05,32,256
cube,2.000000,cartesian,0.000119834,0.000125696,0.0,0.0,32,256
cube,2.000000,cartesian,0.0,0.0,1.2356e-05,7.261e-05,32,256
cube,2.000000,cartesian,0.000130205,0.000128605,0.0,0.0,32,256
cube,2.000000,cartesian,0.0,0.0,1.1595e-05,8.4487e-05,32,256
cube,2.000000,cartesian,0.000114056,6.5619e-05,0.0,0.0,32,256
cube,2.000000,cartesian,0.0,0.0,9.277e-06,7.4375e-05,32,256
cube,2.000000,cartesian,0.000199157,0.000197033,0.0,0.0,32,256
cube,2.000000,cartesian,0.0,0.0,1.4557e-05,0.000136831,32,256
cube,2.000000,cartesian,0.00013075,0.000127535,0.0,0.0,32,256
cube,2.000000,cartesian,0.0,0.0,1.2886e-05,8.1053e-05,32,256
cube,2.000000,cartesian,6.9888e-05,7.0245e-05,0.0,0.0,32,256
cube,2.000000,cartesian,0.0,0.0,7.156e-06,4.1159e-05,32,256
cube,2.000000,cartesian,0.000119244,0.000109181,0.0,0.0,32,256
cube,2.000000,cartesian,0.0,0.0,1.2391e-05,7.1101e-05,32,256
cube,2.000000,cartesian,8.3307e-05,0.000103718,0.0,0.0,32,256
cube,2.000000,cartesian,0.0,0.0,7.531e-06,5.361e-05,32,256
cube,2.000000,cartesian,0.00016167,0.000158182,0.0,0.0,32,256
cube,2.000000,cartesian,0.0,0.0,1.4523e-05,0.000104242,32,256
cube,2.000000,cartesian,0.000140327,0.000164205,0.0,0.0,32,256
cube,2.000000,cartesian,0.0,0.0,1.4966e-05,8.4106e-05,32,256
cube,2.000000,cartesian,0.000136104,0.000128286,0.0,0.0,32,256
cube,2.000000,cartesian,0.0,0.0,1.2613e-05,8.7226e-05,32,256
cube,2.000000,cartesian,0.00013596,0.00013266,0.0,0.0,32,256
cube,2.000000,cartesian,0.0,0.0,2.3334e-05,7.9197e-05,32,256
cube,2.000000,cartesian,9.0256e-05,0.000102724,0.0,0.0,32,256
cube,2.000000,cartesian,0.0,0.0,9.472e-06,5.4095e-05,32,256
cube,2.000000,cartesian,4.8065e-05,4.8348e-05,0.0,0.0,32,256
cube,2.000000,cartesian,0.0,0.0,4.065e-06,3.1093e-05,32,256
cube,2.000000,cartesian,0.000127683,0.000136229,0.0,0.0,32,256
cube,2.000000,cartesian,0.0,0.0,1.1921e-05,7.9331e-05,32,256
cube,2.000000,cartesian,0.000132818,0.000102899,0.0,0.0,32,256
cube,2.000000,cartesian,0.0,0.0,9.707e-06,8.8724e-05,32,256
cube,2.000000,cartesian,6.6312e-05,6.1476e-05,0.0,0.0,32,256
cube,2.000000,cartesian,0.0,0.0,5.401e-06,4.3476e-05,32,256
cube,2.000000,cartesian,0.000122611,0.000121129,0.0,0.0,32,256
cube,2.000000,cartesian,0.0,0.0,1.0551e-05,7.9458e-05,32,256
cube,2.000000,cartesian,0.000152154,6.9701e-05,0.0,0.0,32,256
cube,2.000000,cartesian,0.0,0.0,1.1949e-05,0.000100013,32,256
cube,2.000000,cartesian,0.000159284,0.000116166,0.0,0.0,32,256
cube,2.000000,cartesian,0.0,0.0,1.0791e-05,0.000109483,32,256
cube,2.000000,cartesian,0.000153058,0.000157069,0.0,0.0,32,256
cube,2.000000,cartesian,0.0,0.0,1.18e-05,0.000103692,32,256
cube,2.000000,cartesian,9.0529e-05,0.000105964,0.0,0.0,32,256
cube,2.000000,cartesian,0.0,0.0,8.512e-06,5.8719e-05,32,256
cube,2.000000,cartesian,0.000131243,0.000123807,0.0,0.0,32,256
cube,2.000000,cartesian,0.0,0.0,1.242e-05,8.2205e-05,32,256
cube,2.000000,cartesian,0.000170031,9.3586e-05,0.0,0.0,32,256
cube,2.000000,cartesian,0.0,0.0,9.497e-06,0.000128549,32,256
cube,2.000000,cartesian,0.000136348,0.000100676,0.0,0.0,32,256
cube,2.000000,cartesian,0.0,0.0,1.0493e-05,9.1157e-05,32,256
cube,2.000000,cartesian,0.000148024,9.721e-05,0.0,0.0,32,256
cube,2.000000,cartesian,0.0,0.0,1.1467e-05,9.8976e-05,32,256
cube,2.000000,cartesian,0.000104872,6.7826e-05,0.0,0.0,32,256
cube,2.000000,cartesian,0.0,0.0,5.981e-06,6.3096e-05,32,256
cube,2.000000,cartesian,0.000124483,0.00015051,0.0,0.0,32,256
cube,2.000000,cartesian,0.0,0.0,1.0668e-05,8.072e-05,32,256
cube,2.000000,cartesian,5.8271e-05,6.0653e-05,0.0,0.0,32,256
cube,2.000000,cartesian,0.0,0.0,4.982e-06,3.8374e-05,32,256
cube,2.000000,cartesian,0.00010186,0.000102267,0.0,0.0,32,256
cube,2.000000,cartesian,0.0,0.0,8.811e-06,6.4724e-05,32,256
cube,2.000000,cartesian,0.000111366,9.9303e-05,0.0,0.0,32,256
cube,2.000000,cartesian,0.0,0.0,1.0324e-05,7.0308e-05,32,256
cube,2.000000,cartesian,0.000151923,0.000153458,0.0,0.0,32,256
cube,2.000000,cartesian,0.0,0.0,1.2587e-05,9.9064e-05,32,256
cube,2.000000,cartesian,0.000112804,0.000110344,0.0,0.0,32,256
cube,2.000000,cartesian,0.0,0.0,9.896e-06,7.3769e-05,32,256
cube,2.000000,cartesian,0.000125006,9.0055e-05,0.0,0.0,32,256
cube,2.000000,cartesian,0.0,0.0,9.488e-06,8.5074e-05,32,256
cube,2.000000,cartesian,9.8703e-05,0.000106834,0.0,0.0,32,256
cube,2.000000,cartesian,0.0,0.0,8.751e-06,6.3664e-05,32,256
cube,2.000000,cartesian,0.000134729,0.000135318,0.0,0.0,32,256
cube,2.000000,cartesian,0.0,0.0,1.2797e-05,8.4313e-05,32,256
cube,2.000000,cartesian,7.5586e-05,0.00010054,0.0,0.0,32,256
cube,2.000000,cartesian,0.0,0.0,7.045e-06,4.765e-05,32,256
cube,2.000000,cartesian,0.000179209,0.000197324,0.0,0.0,32,256
cube,2.000000,cartesian,0.0,0.0,1.4224e-05,0.000121915,32,256
cube,2.000000,cartesian,0.000123455,0.000120929,0.0,0.0,32,256
cube,2.000000,cartesian,0.0,0.0,9.462e-06,8.2303e-05,32,256
cube,2.000000,cartesian,9.4758e-05,9.0561e-05,0.0,0.0,32,256
cube,2.000000,cartesian,0.0,0.0,7.915e-06,6.2509e-05,32,256
cube,2.000000,cartesian,4.8486e-05,3.6481e-05,0.0,0.0,32,256
cube,2.000000,cartesian,0.0,0.0,3.899e-06,3.2668e-05,32,256
cube,2.000000,cartesian,9.2595e-05,0.000121006,0.0,0.0,32,256
cube,2.000000,cartesian,0.0,0.0,8.935e-06,5.7108e-05,32,256
cube,2.000000,cartesian,0.000191611,0.000176427,0.0,0.0,32,256
cube,2.000000,cartesian,0.0,0.0,1.5057e-05,0.000128993,32,256
cube,2.000000,cartesian,7.5388e-05,7.3359e-05,0.0,0.0,32,256
cube,2.000000,cartesian,0.0,0.0,5.702e-06,5.0165e-05,32,256
cube,2.000000,cartesian,0.000141805,0.000108181,0.0,0.0,32,256
cube,2.000000,cartesian,0.0,0.0,1.2996e-05,8.2463e-05,32,256
cube,2.000000,cartesian,0.000127337,0.000111032,0.0,0.0,32,256
cube,2.000000,cartesian,0.0,0.0,1.0813e-05,8.3989e-05,32,256
cube,2.000000,cartesian,0.000134534,0.000138861,0.0,0.0,32,256
cube,2.000000,cartesian,0.0,0.0,1.2878e-05,8.3852e-05,32,256
cube,2.000000,cartesian,0.00011229,8.8489e-05,0.0,0.0,32,256
cube,2.000000,cartesian,0.0,0.0,8.217e-06,7.5416e-05,32,256
cube,2.000000,cartesian,0.000179682,0.000152688,0.0,0.0,32,256
cube,2.000000,cartesian,0.0,0.0,1.6219e-05,0.000114581,32,256
cube,2.000000,cartesian,0.000101233,9.4208e-05,0.0,0.0,32,256
cube,2.000000,cartesian,0.0,0.0,8.195e-06,6.6644e-05,32,256
cube,2.000000,cartesian,0.000135166,0.00016592,0.0,0.0,32,256
cube,2.000000,cartesian,0.0,0.0,1.13e-05,8.8952e-05,32,256
cube,2.000000,cartesian,0.000127491,0.000104137,0.0,0.0,32,256
cube,2.000000,cartesian,0.0,0.0,9.19e-06,8.5157e-05,32,256
cube,2.000000,cartesian,2.9382e-05,2.2113e-05,0.0,0.0,32,256
cube,2.000000,cartesian,0.0,0.0,1.751e-06,2.0663e-05,32,256
cube,2.000000,cartesian,0.000160423,0.000111867,0.0,0.0,32,256
cube,2.000000,cartesian,0.0,0.0,1.1346e-05,0.000111069,32,256
cube,2.000000,cartesian,0.000127216,0.000152172,0.0,0.0,32,256
cube,2.000000,cartesian,0.0,0.0,1.1028e-05,8.3514e-05,32,256
cube,2.000000,cartesian,8.8804e-05,7.8842e-05,0.0,0.0,32,256
cube,2.000000,cartesian,0.0,0.0,6.572e-06,6.1607e-05,32,256
cube,2.000000,cartesian,0.000130258,0.000137446,0.0,0.0,32,256
cube,2.000000,cartesian,0.0,0.0,1.1311e-05,8.4324e-05,32,256
cube,2.000000,cartesian,0.000128101,0.000131336,0.0,0.0,32,256
cube,2.000000,cartesian,0.0,0.0,1.1411e-05,8.2508e-05,32,256
cube,2.000000,cartesian,0.000173077,0.000196879,0.0,0.0,32,256
cube,2.000000,cartesian,0.0,0.0,1.698e-05,0.000105567,32,256
cube,2.000000,cartesian,0.00012955,0.000144432,0.0,0.0,32,256
cube,2.000000,cartesian,0.0,0.0,1.3039e-05,7.9553e-05,32,256
cube,2.000000,cartesian,0.00010181,9.4358e-05,0.0,0.0,32,256
cube,2.000000,cartesian,0.0,0.0,7.3e-06,6.963e-05,32,256
cube,2.000000,cartesian,0.000131374,0.00012474,0.0,0.0,32,256
cube,2.000000,cartesian,0.0,0.0,1.1453e-05,8.4973e-05,32,256
cube,2.000000,cartesian,0.000132655,0.000121839,0.0,0.0,32,256
cube,2.000000,cartesian,0.0,0.0,1.2727e-05,8.1314e-05,32,256
cube,2.000000,cartesian,0.000130017,8.539e-05,0.0,0.0,32,256
cube,2.000000,cartesian,0.0,0.0,8.805e-06,8.9929e-05,32,256
cube,2.000000,cartesian,0.000128403,7.3583e-05,0.0,0.0,32,256
cube,2.000000,cartesian,0.0,0.0,7.057e-06,9.9143e-05,32,256
cube,2.000000,cartesian,0.000128198,0.000130527,0.0,0.0,32,256
cube,2.000000,cartesian,0.0,0.0,1.1615e-05,8.2311e-05,32,256
cube,2.000000,cartesian,9.7808e-05,9.0872e-05,0.0,0.0,32,256
cube,2.000000,cartesian,0.0,0.0,8.095e-06,6.3766e-05,32,256
cube,2.000000,cartesian,0.000129795,0.000158213,0.0,0.0,32,256
cube,2.000000,cartesian,0.0,0.0,1.2972e-05,7.9602e-05,32,256
cube,2.000000,cartesian,0.000156752,0.000116536,0.0,0.0,32,256
cube,2.000000,cartesian,0.0,0.0,1.283e-05,0.000103841,32,256
cube,2.000000,cartesian,0.00016624,0.000141673,0.0,0.0,32,256
cube,2.000000,cartesian,0.0,0.0,2.6339e-05,9.9628e-05,32,256
cube,2.000000,cartesian,0.000160531,0.00012536,0.0,0.0,32,256
cube,2.000000,cartesian,0.0,0.0,1.4513e-05,0.000102323,32,256
cube,2.000000,cartesian,0.000138675,0.000115292,0.0,0.0,32,256
cube,2.000000,cartesian,0.0,0.0,1.2777e-05,8.6615e-05,32,256
cube,2.000000,cartesian,0.000114765,8.3954e-05,0.0,0.0,32,256
cube,2.000000,cartesian,0.0,0.0,8.104e-06,7.7293e-05,32,256
cube,2.000000,cartesian,0.000153171,0.000181521,0.0,0.0,32,256
cube,2.000000,cartesian,0.0,0.0,1.4323e-05,9.6409e-05,32,256
cube,2.000000,cartesian,5.6506e-05,2.8723e-05,0.0,0.0,32,256
cube,2.000000,cartesian,0.0,0.0,3.08e-06,4.176e-05,32,256
cube,2.000000,cartesian,0.000170986,0.000165201,0.0,0.0,32,256
cube,2.000000,cartesian,0.0,0.0,1.5252e-05,0.000109804,32,256
cube,2.000000,cartesian,0.000132919,0.000109767,0.0,0.0,32,256
cube,2.000000,cartesian,0.0,0.0,9.922e-06,8.9107e-05,32,256
cube,2.000000,cartesian,0.000197534,0.000197418,0.0,0.0,32,256
cube,2.000000,cartesian,0.0,0.0,1.3798e-05,0.00010746,32,256
cube,2.000000,cartesian,0.000140754,0.000156415,0.0,0.0,32,256
cube,2.000000,cartesian,0.0,0.0,1.8409e-05,7.3418e-05,32,256
cube,2.000000,cartesian,0.00012651,8.6493e-05,0.0,0.0,32,256
cube,2.000000,cartesian,0.0,0.0,9.253e-06,8.4726e-05,32,256
cube,2.000000,cartesian,0.000120478,0.000102879,0.0,0.0,32,256
cube,2.000000,cartesian,0.0,0.0,3.9432e-05,5.6117e-05,32,256
cube,2.000000,cartesian,0.000113419,0.000134668,0.0,0.0,32,256
cube,2.000000,cartesian,0.0,0.0,1.1447e-05,6.9421e-05,32,256
cube,2.000000,cartesian,0.000118597,0.000148812,0.0,0.0,32,256
cube,2.000000,cartesian,0.0,0.0,1.2113e-05,7.3443e-05,32,256
cube,2.000000,cartesian,8.9239e-05,0.000127244,0.0,0.0,32,256
cube,2.000000,cartesian,0.0,0.0,7.753e-06,5.6926e-05,32,256
cube,2.000000,cartesian,0.000118024,0.000128759,0.0,0.0,32,256
cube,2.000000,cartesian,0.0,0.0,9.088e-06,8.0526e-05,32,256
cube,2.000000,cartesian,0.000128815,0.000143972,0.0,0.0,32,256
cube,2.000000,cartesian,0.0,0.0,1.1299e-05,8.1542e-05,32,256
cube,2.000000,cartesian,3.3697e-05,3.4976e-05,0.0,0.0,32,256
cube,2.000000,cartesian,0.0,0.0,2.929e-06,2.1757e-05,32,256
cube,2.000000,cartesian,0.000146515,0.000139439,0.0,0.0,32,256
cube,2.000000,cartesian,0.0,0.0,1.2458e-05,9.3551e-05,32,256
cube,2.000000,cartesian,0.000127161,0.000122915,0.0,0.0,32,256
cube,2.000000,cartesian,0.0,0.0,1.1526e-05,8.1526e-05,32,256
cube,2.000000,cartesian,0.0001167,9.6405e-05,0.0,0.0,32,256
cube,2.000000,cartesian,0.0,0.0,2.0744e-05,6.8241e-05,32,256
cube,2.000000,cartesian,0.000120364,0.00012116,0.0,0.0,32,256
cube,2.000000,cartesian,0.0,0.0,1.0039e-05,7.7704e-05,32,256
cube,2.000000,cartesian,0.000112812,0.00013036,0.0,0.0,32,256
cube,2.000000,cartesian,0.0,0.0,1.1072e-05,6.9594e-05,32,256
cube,2.000000,cartesian,0.000197929,0.000145863,0.0,0.0,32,256
cube,2.000000,cartesian,0.0,0.0,1.7991e-05,0.000119283,32,256
cube,2.000000,cartesian,0.000125542,9.079e-05,0.0,0.0,32,256
cube,2.000000,cartesian,0.0,0.0,9.089e-06,8.5274e-05,32,256
cube,2.000000,cartesian,0.000101881,0.000138738,0.0,0.0,32,256
cube,2.000000,cartesian,0.0,0.0,1.0374e-05,6.3991e-05,32,256
cube,2.000000,cartesian,0.000113545,0.000109839,0.0,0.0,32,256
cube,2.000000,cartesian,0.0,0.0,8.982e-06,7.5204e-05,32,256
cube,2.000000,cartesian,0.000292247,0.000166668,0.0,0.0,32,256
cube,2.000000,cartesian,0.0,0.0,2.0907e-05,0.000209353,32,256
cube,2.000000,cartesian,5.5898e-05,5.5812e-05,0.0,0.0,32,256
cube,2.000000,cartesian,0.0,0.0,5.459e-06,3.4519e-05,32,256
cube,2.000000,cartesian,0.000200367,0.000119651,0.0,0.0,32,256
cube,2.000000,cartesian,0.0,0.0,3.9203e-05,0.000106642,32,256
cube,2.000000,cartesian,0.000139747,8.5935e-05,0.0,0.0,32,256
cube,2.000000,cartesian,0.0,0.0,9.504e-06,9.7967e-05,32,256
cube,2.000000,cartesian,9.0344e-05,9.3449e-05,0.0,0.0,32,256
cube,2.000000,cartesian,0.0,0.0,7.944e-06,5.903e-05,32,256
cube,2.000000,cartesian,0.000125864,0.000134671,0.0,0.0,32,256
cube,2.000000,cartesian,0.0,0.0,1.3434e-05,7.6988e-05,32,256
cube,2.000000,cartesian,0.000120329,0.000102374,0.0,0.0,32,256
cube,2.000000,cartesian,0.0,0.0,9.585e-06,8.0217e-05,32,256
cube,2.000000,cartesian,0.000123075,9.0611e-05,0.0,0.0,32,256
cube,2.000000,cartesian,0.0,0.0,9.809e-06,8.2098e-05,32,256
cube,2.000000,cartesian,0.000125026,0.000130757,0.0,0.0,32,256
cube,2.000000,cartesian,0.0,0.0,1.1643e-05,7.9663e-05,32,256
cube,2.000000,cartesian,0.000112085,7.3319e-05,0.0,0.0,32,256
cube,2.000000,cartesian,0.0,0.0,9.513e-06,7.0495e-05,32,256
cube,2.000000,cartesian,0.000136098,0.000124519,0.0,0.0,32,256
cube,2.000000,cartesian,0.0,0.0,1.2313e-05,8.6936e-05,32,256
cube,2.000000,cartesian,0.000112899,0.000140911,0.0,0.0,32,256
cube,2.000000,cartesian,0.0,0.0,1.2486e-05,6.6457e-05,32,256
cube,2.000000,cartesian,0.000118471,8.5284e-05,0.0,0.0,32,256
cube,2.000000,cartesian,0.0,0.0,8.458e-06,8.3435e-05,32,256
cube,2.000000,cartesian,7.2035e-05,4.8759e-05,0.0,0.0,32,256
cube,2.000000,cartesian,0.0,0.0,5.554e-06,4.813e-05,32,256
cube,2.000000,cartesian,0.000146098,0.000149899,0.0,0.0,32,256
cube,2.000000,cartesian,0.0,0.0,1.3638e-05,9.3701e-05,32,256
cube,2.000000,cartesian,0.000148374,0.000122432,0.0,0.0,32,256
cube,2.000000,cartesian,0.0,0.0,1.085e-05,9.7491e-05,32,256
cube,2.000000,cartesian,0.000114799,0.000136271,0.0,0.0,32,256
cube,2.000000,cartesian,0.0,0.0,1.2755e-05,6.3937e-05,32,256
cube,2.000000,cartesian,0.000209085,0.000145004,0.0,0.0,32,256
cube,2.000000,cartesian,0.0,0.0,1.6118e-05,0.000139463,32,256
cube,2.000000,cartesian,0.000143343,0.000152036,0.0,0.0,32,256
cube,2.000000,cartesian,0.0,0.0,1.0141e-05,9.8153e-05,32,256
cube,2.000000,cartesian,0.000115833,0.00012847,0.0,0.0,32,256
cube,2.000000,cartesian,0.0,0.0,9.358e-06,7.7356e-05,32,256
cube,2.000000,cartesian,0.000139977,0.000155784,0.0,0.0,32,256
cube,2.000000,cartesian,0.0,0.0,1.3475e-05,8.7585e-05,32,256
cube,2.000000,cartesian,0.000211493,0.00021757,0.0,0.0,32,256
cube,2.000000,cartesian,0.0,0.0,2.3048e-05,0.000124124,32,256
cube,2.000000,cartesian,0.00011339,0.000122658,0.0,0.0,32,256
cube,2.000000,cartesian,0.0,0.0,1.0905e-05,6.3751e-05,32,256
cube,2.000000,cartesian,0.000100342,0.000103328,0.0,0.0,32,256
cube,2.000000,cartesian,0.0,0.0,8.36e-06,6.5259e-05,32,256
cube,2.000000,cartesian,7.0267e-05,6.319e-05,0.0,0.0,32,256
cube,2.000000,cartesian,0.0,0.0,6.996e-06,4.2649e-05,32,256
cube,2.000000,cartesian,0.000117212,9.6468e-05,0.0,0.0,32,256
cube,2.000000,cartesian,0.0,0.0,9.832e-06,7.6601e-05,32,256
cube,2.000000,cartesian,0.000119335,0.00011311,0.0,0.0,32,256
cube,2.000000,cartesian,0.0,0.0,1.1217e-05,7.5903e-05,32,256
cube,2.000000,cartesian,0.000157587,0.000173725,0.0,0.0,32,256
cube,2.000000,cartesian,0.0,0.0,1.7119e-05,9.3948e-05,32,256
cube,2.000000,cartesian,0.000121732,7.4038e-05,0.0,0.0,32,256
cube,2.000000,cartesian,0.0,0.0,9.275e-06,8.1048e-05,32,256
cube,2.000000,cartesian,0.000149183,0.000162177,0.0,0.0,32,256
cube,2.000000,cartesian,0.0,0.0,1.2545e-05,9.8433e-05,32,256
cube,2.000000,cartesian,0.000116097,0.000176234,0.0,0.0,32,256
cube,2.000000,cartesian,0.0,0.0,1.2659e-05,6.8626e-05,32,256
cube,2.000000,cartesian,0.000136107,0.00014218,0.0,0.0,32,256
cube,2.000000,cartesian,0.0,0.0,1.5168e-05,8.0768e-05,32,256
cube,2.000000,cartesian,0.0001576,0.000259989,0.0,0.0,32,256
cube,2.000000,cartesian,0.0,0.0,1.4653e-05,0.000100805,32,256
cube,2.000000,cartesian,5.3474e-05,5.7986e-05,0.0,0.0,32,256
cube,2.000000,cartesian,0.0,0.0,4.421e-06,3.5445e-05,32,256
cube,2.000000,cartesian,0.000154604,0.000131904,0.0,0.0,32,256
cube,2.000000,cartesian,0.0,0.0,1.2233e-05,0.000101988,32,256
cube,2.000000,cartesian,8.5768e-05,6.3608e-05,0.0,0.0,32,256
cube,2.000000,cartesian,0.0,0.0,5.873e-06,5.8473e-05,32,256
cube,2.000000,cartesian,9.7201e-05,9.713e-05,0.0,0.0,32,256
cube,2.000000,cartesian,0.0,0.0,8.339e-06,6.2414e-05,32,256
cube,2.000000,cartesian,0.000107964,0.000128171,0.0,0.0,32,256
cube,2.000000,cartesian,0.0,0.0,1.0704e-05,6.7482e-05,32,256
cube,2.000000,cartesian,0.000114974,7.9377e-05,0.0,0.0,32,256
cube,2.000000,cartesian,0.0,0.0,9.332e-06,7.4697e-05,32,256
cube,2.000000,cartesian,8.4644e-05,8.7524e-05,0.0,0.0,32,256
cube,2.000000,cartesian,0.0,0.0,7.125e-06,5.4742e-05,32,256
cube,2.000000,cartesian,2.359e-05,1.555e-05,0.0,0.0,32,256
cube,2.000000,cartesian,0.0,0.0,1.625e-06,1.5879e-05,32,256
cube,2.000000,cartesian,0.000128472,0.000110835,0.0,0.0,32,256
cube,2.000000,cartesian,0.0,0.0,1.1292e-05,8.141e-05,32,256
cube,2.000000,cartesian,0.00012902,8.8921e-05,0.0,0.0,32,256
cube,2.000000,cartesian,0.0,0.0,1.0394e-05,8.4526e-05,32,256
cube,2.000000,cartesian,0.000126976,0.000129315,0.0,0.0,32,256
cube,2.000000,cartesian,0.0,0.0,1.4442e-05,7.4539e-05,32,256
cube,2.000000,cartesian,0.000212926,0.000171323,0.0,0.0,32,256
cube,2.000000,cartesian,0.0,0.0,2.229e-05,0.000144943,32,256
cube,2.000000,cartesian,0.000125305,0.000111951,0.0,0.0,32,256
cube,2.000000,cartesian,0.0,0.0,9.999e-06,8.1885e-05,32,256
cube,2.000000,cartesian,0.000127389,0.00011254,0.0,0.0,32,256
cube,2.000000,cartesian,0.0,0.0,1.1048e-05,8.2608e-05,32,256
cube,2.000000,cartesian,0.000143892,0.00013042,0.0,0.0,32,256
cube,2.000000,cartesian,0.0,0.0,1.1299e-05,9.7846e-05,32,256
cube,2.000000,cartesian,0.000160895,0.000129133,0.0,0.0,32,256
cube,2.000000,cartesian,0.0,0.0,1.3201e-05,0.000103491,32,256
cube,2.000000,cartesian,0.000103382,0.000116637,0.0,0.0,32,256
cube,2.000000,cartesian,0.0,0.0,8.897e-06,6.7402e-05,32,256
cube,2.000000,cartesian,0.000204673,0.000188071,0.0,0.0,32,256
cube,2.000000,cartesian,0.0,0.0,1.7558e-05,0.000123705,32,256
cube,2.000000,cartesian,0.000114914,9.9144e-05,0.0,0.0,32,256
cube,2.000000,cartesian,0.0,0.0,8.369e-06,7.7864e-05,32,256
cube,2.000000,cartesian,9.7798e-05,8.3037e-05,0.0,0.0,32,256
cube,2.000000,cartesian,0.0,0.0,8.815e-06,6.1917e-05,32,256
cube,2.000000,cartesian,0.000153683,0.000108366,0.0,0.0,32,256
cube,2.000000,cartesian,0.0,0.0,9.326e-06,8.3015e-05,32,256
cube,2.000000,cartesian,9.9429e-05,0.000165163,0.0,0.0,32,256
cube,2.000000,cartesian,0.0,0.0,9.915e-06,6.1996e-05,32,256
cube,2.000000,cartesian,0.000119291,5.061e-05,0.0,0.0,32,256
cube,2.000000,cartesian,0.0,0.0,8.761e-06,8.0012e-05,32,256
cube,2.000000,cartesian,0.000125677,0.000124657,0.0,0.0,32,256
cube,2.000000,cartesian,0.0,0.0,1.0621e-05,8.2347e-05,32,256
cube,2.000000,cartesian,0.000126847,0.000117216,0.0,0.0,32,256
cube,2.000000,cartesian,0.0,0.0,1.0836e-05,8.2583e-05,32,256
cube,2.000000,cartesian,0.00013599,0.000129438,0.0,0.0,32,256
cube,2.000000,cartesian,0.0,0.0,1.2623e-05,8.6248e-05,32,256
cube,2.000000,cartesian,0.000122129,0.000111982,0.0,0.0,32,256
cube,2.000000,cartesian,0.0,0.0,1.1524e-05,7.5961e-05,32,256
cube,2.000000,cartesian,8.1333e-05,7.552e-05,0.0,0.0,32,256
cube,2.000000,cartesian,0.0,0.0,5.884e-06,5.5691e-05,32,256
cube,2.000000,cartesian,7.6821e-05,7.3514e-05,0.0,0.0,32,256
cube,2.000000,cartesian,0.0,0.0,6.495e-06,5.0892e-05,32,256
cube,2.000000,cartesian,0.000128993,0.000148134,0.0,0.0,32,256
cube,2.000000,cartesian,0.0,0.0,1.3857e-05,7.8207e-05,32,256
cube,2.000000,cartesian,0.000124177,9.1867e-05,0.0,0.0,32,256
cube,2.000000,cartesian,0.0,0.0,9.211e-06,8.0812e-05,32,256
cube,2.000000,cartesian,7.0591e-05,3.7643e-05,0.0,0.0,32,256
cube,2.000000,cartesian,0.0,0.0,5.023e-06,4.8574e-05,32,256
cube,2.000000,cartesian,0.000130538,0.000124773,0.0,0.0,32,256
cube,2.000000,cartesian,0.0,0.0,1.1727e-05,8.4867e-05,32,256
cube,2.000000,cartesian,0.000131089,0.000143145,0.0,0.0,32,256
cube,2.000000,cartesian,0.0,0.0,1.0106e-05,8.9128e-05,32,256
cube,2.000000,cartesian,0.000100275,8.5466e-05,0.0,0.0,32,256
cube,2.000000,cartesian,0.0,0.0,6.827e-06,7.1449e-05,32,256
cube,2.000000,cartesian,8.6145e-05,9.1715e-05,0.0,0.0,32,256
cube,2.000000,cartesian,0.0,0.0,9.229e-06,5.2108e-05,32,256
cube,2.000000,cartesian,0.000128429,7.0792e-05,0.0,0.0,32,256
cube,2.000000,cartesian,0.0,0.0,1.0244e-05,8.4342e-05,32,256
cube,2.000000,cartesian,0.000125292,0.0001035,0.0,0.0,32,256
cube,2.000000,cartesian,0.0,0.0,1.1074e-05,8.0711e-05,32,256
cube,2.000000,cartesian,0.000113806,0.000114745,0.0,0.0,32,256
cube,2.000000,cartesian,0.0,0.0,1.0468e-05,7.24e-05,32,256
cube,2.000000,cartesian,0.000154126,0.000124742,0.0,0.0,32,256
cube,2.000000,cartesian,0.0,0.0,1.543e-05,9.6623e-05,32,256
cube,2.000000,cartesian,0.000136368,0.000124301,0.0,0.0,32,256
cube,2.000000,cartesian,0.0,0.0,1.184e-05,8.9399e-05,32,256
cube,2.000000,cartesian,0.000175861,0.000141049,0.0,0.0,32,256
cube,2.000000,cartesian,0.0,0.0,1.5757e-05,0.00011756,32,256
cube,2.000000,cartesian,0.000145694,0.000137918,0.0,0.0,32,256
cube,2.000000,cartesian,0.0,0.0,1.2793e-05,9.3227e-05,32,256
cube,2.000000,cartesian,8.9374e-05,7.5597e-05,0.0,0.0,32,256
cube,2.000000,cartesian,0.0,0.0,6.069e-06,6.087e-05,32,256
cube,2.000000,cartesian,0.000110502,8.7266e-05,0.0,0.0,32,256
cube,2.000000,cartesian,0.0,0.0,1.0353e-05,6.9171e-05,32,256
cube,2.000000,cartesian,7.636e-05,5.699e-05,0.0,0.0,32,256
cube,2.000000,cartesian,0.0,0.0,5.818e-06,5.0462e-05,32,256
cube,2.000000,cartesian,0.000128579,0.000135905,0.0,0.0,32,256
cube,2.000000,cartesian,0.0,0.0,1.1426e-05,8.2364e-05,32,256
cube,2.000000,cartesian,0.000115061,0.000114615,0.0,0.0,32,256
cube,2.000000,cartesian,0.0,0.0,9.886e-06,7.4794e-05,32,256
cube,2.000000,cartesian,0.00010466,0.000106842,0.0,0.0,32,256
cube,2.000000,cartesian,0.0,0.0,1.0414e-05,6.4722e-05,32,256
cube,2.000000,cartesian,0.000136715,0.00011497,0.0,0.0,32,256
cube,2.000000,cartesian,0.0,0.0,1.3037e-05,8.7049e-05,32,256
cube,2.000000,cartesian,0.000122717,0.000189404,0.0,0.0,32,256
cube,2.000000,cartesian,0.0,0.0,1.2862e-05,7.4039e-05,32,256
cube,2.000000,cartesian,9.0844e-05,4.2482e-05,0.0,0.0,32,256
cube,2.000000,cartesian,0.0,0.0,5.28e-06,6.6499e-05,32,256
cube,2.000000,cartesian,0.000166714,0.000162275,0.0,0.0,32,256
cube,2.000000,cartesian,0.0,0.0,1.1936e-05,0.000106598,32,256
cube,2.000000,cartesian,0.000148256,0.000145364,0.0,0.0,32,256
cube,2.000000,cartesian,0.0,0.0,2.2895e-05,8.6785e-05,32,256
cube,2.000000,cartesian,0.000399238,0.000138353,0.0,0.0,32,256
cube,2.000000,cartesian,0.0,0.0,1.1241e-05,8.5239e-05,32,256
cube,2.000000,cartesian,0.000184435,0.000149855,0.0,0.0,32,256
cube,2.000000,cartesian,0.0,0.0,1.2223e-05,0.000133878,32,256
cube,2.000000,cartesian,0.000192162,0.000130768,0.0,0.0,32,256
cube,2.000000,cartesian,0.0,0.0,1.4486e-05,8.1238e-05,32,256
cube,2.000000,cartesian,0.000163863,0.000151988,0.0,0.0,32,256
cube,2.000000,cartesian,0.0,0.0,1.4222e-05,0.000106139,32,256
cube,2.000000,cartesian,0.000150983,0.000113787,0.0,0.0,32,256
cube,2.000000,cartesian,0.0,0.0,1.2187e-05,9.9697e-05,32,256
cube,2.000000,cartesian,0.000137128,0.000121984,0.0,0.0,32,256
cube,2.000000,cartesian,0.0,0.0,1.4493e-05,8.1639e-05,32,256
cube,2.000000,cartesian,0.000136308,0.000130147,0.0,0.0,32,256
cube,2.000000,cartesian,0.0,0.0,1.0665e-05,9.2824e-05,32,256
cube,2.000000,cartesian,0.000157208,0.000172965,0.0,0.0,32,256
cube,2.000000,cartesian,0.0,0.0,1.4685e-05,9.8569e-05,32,256
cube,2.000000,cartesian,0.000151989,0.000146956,0.0,0.0,32,256
cube,2.000000,cartesian,0.0,0.0,1.4121e-05,9.6272e-05,32,256
cube,2.000000,cartesian,0.000197665,0.000103535,0.0,0.0,32,256
cube,2.000000,cartesian,0.0,0.0,1.3209e-05,0.000138464,32,256
cube,2.000000,cartesian,0.00010838,8.8834e-05,0.0,0.0,32,256
cube,2.000000,cartesian,0.0,0.0,8.936e-06,6.9964e-05,32,256
cube,2.000000,cartesian,0.000196814,0.000164761,0.0,0.0,32,256
cube,2.000000,cartesian,0.0,0.0,1.6132e-05,0.000127711,32,256
cube,2.000000,cartesian,0.000110403,8.8337e-05,0.0,0.0,32,256
cube,2.000000,cartesian,0.0,0.0,9.246e-06,7.1422e-05,32,256
cube,2.000000,cartesian,0.000181842,0.000184181,0.0,0.0,32,256
cube,2.000000,cartesian,0.0,0.0,1.7059e-05,0.000113704,32,256
cube,2.000000,cartesian,0.000147377,0.000160505,0.0,0.0,32,256
cube,2.000000,cartesian,0.0,0.0,1.3824e-05,9.3039e-05,32,256
cube,2.000000,cartesian,7.7888e-05,7.4447e-05,0.0,0.0,32,256
cube,2.000000,cartesian,0.0,0.0,6.213e-06,5.1276e-05,32,256
cube,2.000000,cartesian,0.000150858,0.000144027,0.0,0.0,32,256
cube,2.000000,cartesian,0.0,0.0,1.5295e-05,9.2947e-05,32,256
cube,2.000000,cartesian,4.6015e-05,2.7874e-05,0.0,0.0,32,256
cube,2.000000,cartesian,0.0,0.0,2.871e-06,3.224e-05,32,256
cube,2.000000,cartesian,0.000125274,0.000133596,0.0,0.0,32,256
cube,2.000000,cartesian,0.0,0.0,2.4295e-05,6.951e-05,32,256
cube,2.000000,cartesian,0.000103973,7.8234e-05,0.0,0.0,32,256
cube,2.000000,cartesian,0.0,0.0,8.42e-06,6.7558e-05,32,256
cube,2.000000,cartesian,0.000145005,0.000116526,0.0,0.0,32,256
cube,2.000000,cartesian,0.0,0.0,1.0434e-05,9.8369e-05,32,256
cube,2.000000,cartesian,0.000139427,0.000164754,0.0,0.0,32,256
cube,2.000000,cartesian,0.0,0.0,1.4602e-05,8.3104e-05,32,256
cube,2.000000,cartesian,0.000139143,9.8311e-05,0.0,0.0,32,256
cube,2.000000,cartesian,0.0,0.0,1.1591e-05,9.1213e-05,32,256
cube,2.000000,cartesian,0.000149006,0.000120036,0.0,0.0,32,256
cube,2.000000,cartesian,0.0,0.0,1.1121e-05,0.00010165,32,256
cube,2.000000,cartesian,0.000136083,0.000116746,0.0,0.0,32,256
cube,2.000000,cartesian,0.0,0.0,1.2025e-05,8.7829e-05,32,256
cube,2.000000,cartesian,0.000137971,8.0709e-05,0.0,0.0,32,256
cube,2.000000,cartesian,0.0,0.0,7.492e-06,8.1834e-05,32,256
cube,2.000000,cartesian,0.000147056,0.00017502,0.0,0.0,32,256
cube,2.000000,cartesian,0.0,0.0,1.5958e-05,8.7239e-05,32,256
cube,2.000000,cartesian,7.916e-05,9.1087e-05,0.0,0.0,32,256
cube,2.000000,cartesian,0.0,0.0,6.952e-06,5.1865e-05,32,256
cube,2.000000,cartesian,0.000159296,0.000153916,0.0,0.0,32,256
cube,2.000000,cartesian,0.0,0.0,1.4587e-05,0.000102155,32,256
cube,2.000000,cartesian,0.000137247,0.000162178,0.0,0.0,32,256
cube,2.000000,cartesian,0.0,0.0,1.3071e-05,8.5588e-05,32,256
cube,2.000000,cartesian,0.00012731,0.000115093,0.0,0.0,32,256
cube,2.000000,cartesian,0.0,0.0,1.1409e-05,8.1399e-05,32,256
cube,2.000000,cartesian,0.000128272,0.000157523,0.0,0.0,32,256
cube,2.000000,cartesian,0.0,0.0,1.123e-05,8.1035e-05,32,256
cube,2.000000,cartesian,0.000139878,0.000116051,0.0,0.0,32,256
cube,2.000000,cartesian,0.0,0.0,1.2589e-05,9.0822e-05,32,256
cube,2.000000,cartesian,0.000126442,0.000105628,0.0,0.0,32,256
cube,2.000000,cartesian,0.0,0.0,1.111e-05,8.0229e-05,32,256
cube,2.000000,cartesian,0.00010217,6.4716e-05,0.0,0.0,32,256
cube,2.000000,cartesian,0.0,0.0,7.881e-06,6.863e-05,32,256
cube,2.000000,cartesian,0.000105152,8.5848e-05,0.0,0.0,32,256
cube,2.000000,cartesian,0.0,0.0,9.372e-06,6.6841e-05,32,256
cube,2.000000,cartesian,0.00012132,0.000100753,0.0,0.0,32,256
cube,2.000000,cartesian,0.0,0.0,8.522e-06,7.0732e-05,32,256
cube,2.000000,cartesian,0.000144607,0.000123858,0.0,0.0,32,256
cube,2.000000,cartesian,0.0,0.0,1.4277e-05,8.9467e-05,32,256
cube,2.000000,cartesian,0.000124269,0.000114557,0.0,0.0,32,256
cube,2.000000,cartesian,0.0,0.0,1.0412e-05,8.013e-05,32,256
cube,2.000000,cartesian,0.000161931,0.000173659,0.0,0.0,32,256
cube,2.000000,cartesian,0.0,0.0,1.5739e-05,0.000100343,32,256
cube,2.000000,cartesian,0.000178734,0.00016401,0.0,0.0,32,256
cube,2.000000,cartesian,0.0,0.0,2.3322e-05,0.000108298,32,256
cube,2.000000,cartesian,0.000121627,0.000112393,0.0,0.0,32,256
cube,2.000000,cartesian,0.0,0.0,8.637e-06,8.3859e-05,32,256
cube,2.000000,cartesian,0.000110738,0.000133245,0.0,0.0,32,256
cube,2.000000,cartesian,0.0,0.0,1.1633e-05,6.6875e-05,32,256
cube,2.000000,cartesian,0.000114688,0.000106794,0.0,0.0,32,256
cube,2.000000,cartesian,0.0,0.0,1.0267e-05,7.3587e-05,32,256
cube,2.000000,cartesian,0.000133119,0.000108855,0.0,0.0,32,256
cube,2.000000,cartesian,0.0,0.0,1.169e-05,8.3318e-05,32,256
cube,2.000000,cartesian,9.6386e-05,9.2359e-05,0.0,0.0,32,256
cube,2.000000,cartesian,0.0,0.0,9.928e-06,5.9412e-05,32,256
cube,2.000000,cartesian,0.000139535,0.000126188,0.0,0.0,32,256
cube,2.000000,cartesian,0.0,0.0,1.1423e-05,9.2691e-05,32,256
cube,2.000000,cartesian,0.000133902,0.000109093,0.0,0.0,32,256
cube,2.000000,cartesian,0.0,0.0,1.2002e-05,8.4835e-05,32,256
cube,2.000000,cartesian,0.000117754,8.6865e-05,0.0,0.0,32,256
cube,2.000000,cartesian,0.0,0.0,8.63e-06,7.902e-05,32,256
cube,2.000000,cartesian,0.000116635,7.9209e-05,0.0,0.0,32,256
cube,2.000000,cartesian,0.0,0.0,7.208e-06,8.3626e-05,32,256
cube,2.000000,cartesian,0.00013776,0.000107577,0.0,0.0,32,256
cube,2.000000,cartesian,0.0,0.0,1.1211e-05,9.0485e-05,32,256
cube,2.000000,cartesian,0.000132711,0.000125839,0.0,0.0,32,256
cube,2.000000,cartesian,0.0,0.0,1.1458e-05,8.6808e-05,32,256
cube,2.000000,cartesian,0.000114319,0.000110044,0.0,0.0,32,256
cube,2.000000,cartesian,0.0,0.0,1.0676e-05,7.2393e-05,32,256
cube,2.000000,cartesian,5.8958e-05,2.7916e-05,0.0,0.0,32,256
cube,2.000000,cartesian,0.0,0.0,3.688e-06,4.2298e-05,32,256
cube,2.000000,cartesian,0.000145316,0.000156495,0.0,0.0,32,256
cube,2.000000,cartesian,0.0,0.0,1.4186e-05,9.1306e-05,32,256
cube,2.000000,cartesian,7.4489e-05,6.9144e-05,0.0,0.0,32,256
cube,2.000000,cartesian,0.0,0.0,6.293e-06,4.9134e-05,32,256
cube,2.000000,cartesian,7.6409e-05,6.692e-05,0.0,0.0,32,256
cube,2.000000,cartesian,0.0,0.0,6.903e-06,5.0064e-05,32,256
cube,2.000000,cartesian,0.000129327,0.000147901,0.0,0.0,32,256
cube,2.000000,cartesian,0.0,0.0,1.3432e-05,7.906e-05,32,256
cube,2.000000,cartesian,6.9991e-05,6.8417e-05,0.0,0.0,32,256
cube,2.000000,cartesian,0.0,0.0,5.786e-06,4.6391e-05,32,256
cube,2.000000,cartesian,0.000120443,0.000139067,0.0,0.0,32,256
cube,2.000000,cartesian,0.0,0.0,1.2218e-05,7.297e-05,32,256
cube,2.000000,cartesian,0.000117215,0.000122316,0.0,0.0,32,256
cube,2.000000,cartesian,0.0,0.0,1.018e-05,7.597e-05,32,256
cube,2.000000,cartesian,0.000134187,0.000153619,0.0,0.0,32,256
cube,2.000000,cartesian,0.0,0.0,1.3761e-05,8.295e-05,32,256
cube,2.000000,cartesian,0.000109585,0.000105891,0.0,0.0,32,256
cube,2.000000,cartesian,0.0,0.0,9.356e-06,7.0119e-05,32,256
cube,2.000000,cartesian,0.000167833,0.000128575,0.0,0.0,32,256
cube,2.000000,cartesian,0.0,0.0,1.2532e-05,0.000118275,32,256
cube,2.000000,cartesian,7.7684e-05,6.3538e-05,0.0,0.0,32,256
cube,2.000000,cartesian,0.0,0.0,6.175e-06,5.2276e-05,32,256
cube,2.000000,cartesian,0.000115885,8.7482e-05,0.0,0.0,32,256
cube,2.000000,cartesian,0.0,0.0,2.2254e-05,6.6842e-05,32,256
cube,2.000000,cartesian,0.00011941,0.000118536,0.0,0.0,32,256
cube,2.000000,cartesian,0.0,0.0,1.1244e-05,7.5119e-05,32,256
cube,2.000000,cartesian,0.00017463,0.000186588,0.0,0.0,32,256
cube,2.000000,cartesian,0.0,0.0,1.7427e-05,0.000107752,32,256
cube,2.000000,cartesian,0.000116019,0.000134867,0.0,0.0,32,256
cube,2.000000,cartesian,0.0,0.0,1.1135e-05,7.0041e-05,32,256
cube,2.000000,cartesian,0.00017877,0.000302885,0.0,0.0,32,256
cube,2.000000,cartesian,0.0,0.0,1.9137e-05,0.000105182,32,256
cube,2.000000,cartesian,8.3666e-05,7.0384e-05,0.0,0.0,32,256
cube,2.000000,cartesian,0.0,0.0,7.008e-06,5.5054e-05,32,256
cube,2.000000,cartesian,0.000129588,0.000107757,0.0,0.0,32,256
cube,2.000000,cartesian,0.0,0.0,1.0921e-05,8.6001e-05,32,256
cube,2.000000,cartesian,0.000200245,0.00019693,0.0,0.0,32,256
cube,2.000000,cartesian,0.0,0.0,1.7863e-05,0.000132577,32,256
cube,2.000000,cartesian,0.00012863,0.000105429,0.0,0.0,32,256
cube,2.000000,cartesian,0.0,0.0,1.1399e-05,8.3312e-05,32,256
cube,2.000000,cartesian,0.000140146,0.000114439,0.0,0.0,32,256
cube,2.000000,cartesian,0.0,0.0,1.1242e-05,9.1344e-05,32,256
cube,2.000000,cartesian,0.000104765,0.00010601,0.0,0.0,32,256
cube,2.000000,cartesian,0.0,0.0,9.804e-06,6.6813e-05,32,256
cube,2.000000,cartesian,0.000206541,0.000153573,0.0,0.0,32,256
cube,2.000000,cartesian,0.0,0.0,1.7947e-05,0.000133596,32,256
cube,2.000000,cartesian,0.000126387,0.000146662,0.0,0.0,32,256
cube,2.000000,cartesian,0.0,0.0,1.2329e-05,7.7572e-05,32,256
cube,2.000000,cartesian,0.000127582,0.000148305,0.0,0.0,32,256
cube,2.000000,cartesian,0.0,0.0,1.2934e-05,7.7913e-05,32,256
cube,2.000000,cartesian,9.6652e-05,8.4351e-05,0.0,0.0,32,256
cube,2.000000,cartesian,0.0,0.0,7.912e-06,6.2888e-05,32,256
cube,2.000000,cartesian,0.00010867,8.4594e-05,0.0,0.0,32,256
cube,2.000000,cartesian,0.0,0.0,8.191e-06,7.3246e-05,32,256
cube,2.000000,cartesian,0.000108496,8.7007e-05,0.0,0.0,32,256
cube,2.000000,cartesian,0.0,0.0,7.389e-06,7.9335e-05,32,256
cube,2.000000,cartesian,0.000127464,0.00010532,0.0,0.0,32,256
cube,2.000000,cartesian,0.0,0.0,1.1316e-05,8.2242e-05,32,256
cube,2.000000,cartesian,0.000123796,0.000132951,0.0,0.0,32,256
cube,2.000000,cartesian,0.0,0.0,1.2764e-05,7.5469e-05,32,256
cube,2.000000,cartesian,0.000156019,9.2362e-05,0.0,0.0,32,256
cube,2.000000,cartesian,0.0,0.0,1.1736e-05,0.00010476,32,256
cube,2.000000,cartesian,0.000134091,0.000141777,0.0,0.0,32,256
cube,2.000000,cartesian,0.0,0.0,1.4013e-05,8.1817e-05,32,256
cube,2.000000,cartesian,0.000128092,0.0001139,0.0,0.0,32,256
cube,2.000000,cartesian,0.0,0.0,1.0797e-05,8.2899e-05,32,256
cube,2.000000,cartesian,0.000119439,0.000111406,0.0,0.0,32,256
cube,2.000000,cartesian,0.0,0.0,1.1803e-05,7.4362e-05,32,256
cube,2.000000,cartesian,0.00017383,0.000179733,0.0,0.0,32,256
cube,2.000000,cartesian,0.0,0.0,1.523e-05,0.000111255,32,256
cube,2.000000,cartesian,7.0134e-05,6.873e-05,0.0,0.0,32,256
cube,2.000000,cartesian,0.0,0.0,5.062e-06,4.773e-05,32,256
cube,2.000000,cartesian,0.000125266,0.000106362,0.0,0.0,32,256
cube,2.000000,cartesian,0.0,0.0,1.2439e-05,7.5153e-05,32,256
cube,2.000000,cartesian,6.363e-06,5.128e-06,0.0,0.0,32,256
cube,2.000000,cartesian,0.0,0.0,3.18e-07,4.874e-06,32,256
cube,2.000000,cartesian,0.000118997,9.8738e-05,0.0,0.0,32,256
cube,2.000000,cartesian,0.0,0.0,1.0253e-05,5.1692e-05,32,256
cube,2.000000,cartesian,4.7306e-05,9.668e-06,0.0,0.0,32,256
cube,2.000000,cartesian,0.0,0.0,2.132e-06,3.4962e-05,32,256
cube,2.000000,cartesian,0.000100298,0.000115178,0.0,0.0,32,256
cube,2.000000,cartesian,0.0,0.0,9.368e-06,6.292e-05,32,256
cube,2.000000,cartesian,8.3299e-05,6.1568e-05,0.0,0.0,32,256
cube,2.000000,cartesian,0.0,0.0,5.343e-06,5.0146e-05,32,256
cube,2.000000,cartesian,0.000124184,0.000140441,0.0,0.0,32,256
cube,2.000000,cartesian,0.0,0.0,1.5698e-05,6.8061e-05,32,256
cube,2.000000,cartesian,0.000183877,0.000164747,0.0,0.0,32,256
cube,2.000000,cartesian,0.0,0.0,1.6768e-05,0.000116878,32,256
cube,2.000000,cartesian,0.000144861,0.000162612,0.0,0.0,32,256
cube,2.000000,cartesian,0.0,0.0,1.2851e-05,9.3378e-05,32,256
cube,2.000000,cartesian,6.2055e-05,5.6904e-05,0.0,0.0,32,256
cube,2.000000,cartesian,0.0,0.0,5.365e-06,4.1303e-05,32,256
cube,2.000000,cartesian,0.000165777,0.000125281,0.0,0.0,32,256
cube,2.000000,cartesian,0.0,0.0,1.295e-05,0.000109514,32,256
cube,2.000000,cartesian,0.000158776,0.000107386,0.0,0.0,32,256
cube,2.000000,cartesian,0.0,0.0,1.4315e-05,0.000101613,32,256
cube,2.000000,cartesian,0.000146678,0.000124836,0.0,0.0,32,256
cube,2.000000,cartesian,0.0,0.0,1.0939e-05,0.000101064,32,256
cube,2.000000,cartesian,0.000145507,0.000131129,0.0,0.0,32,256
cube,2.000000,cartesian,0.0,0.0,1.3618e-05,8.8876e-05,32,256
cube,2.000000,cartesian,0.000103262,0.000115938,0.0,0.0,32,256
cube,2.000000,cartesian,0.0,0.0,9.717e-06,6.5637e-05,32,256
cube,2.000000,cartesian,9.5554e-05,8.548e-05,0.0,0.0,32,256
cube,2.000000,cartesian,0.0,0.0,9.694e-06,5.7867e-05,32,256
cube,2.000000,cartesian,0.000108904,0.000118167,0.0,0.0,32,256
cube,2.000000,cartesian,0.0,0.0,9.91e-06,7.0069e-05,32,256
cube,2.000000,cartesian,0.000103287,9.4234e-05,0.0,0.0,32,256
cube,2.000000,cartesian,0.0,0.0,1.0087e-05,6.5996e-05,32,256
cube,2.000000,cartesian,9.9174e-05,8.959e-05,0.0,0.0,32,256
cube,2.000000,cartesian,0.0,0.0,8.315e-06,6.3655e-05,32,256
cube,2.000000,cartesian,0.000118196,9.8793e-05,0.0,0.0,32,256
cube,2.000000,cartesian,0.0,0.0,9.815e-06,7.6939e-05,32,256
cube,2.000000,cartesian,0.000111955,0.000104572,0.0,0.0,32,256
cube,2.000000,cartesian,0.0,0.0,8.689e-06,7.4323e-05,32,256
cube,2.000000,cartesian,7.7599e-05,7.546e-05,0.0,0.0,32,256
cube,2.000000,cartesian,0.0,0.0,6.413e-06,5.0741e-05,32,256
cube,2.000000,cartesian,0.000143174,0.000128337,0.0,0.0,32,256
cube,2.000000,cartesian,0.0,0.0,1.1162e-05,9.8667e-05,32,256
cube,2.000000,cartesian,7.8666e-05,9.4102e-05,0.0,0.0,32,256
cube,2.000000,cartesian,0.0,0.0,6.799e-06,5.1305e-05,32,256
cube,2.000000,cartesian,0.00014735,0.000151264,0.0,0.0,32,256
cube,2.000000,cartesian,0.0,0.0,1.4293e-05,9.2677e-05,32,256
cube,2.000000,cartesian,0.000100014,7.7309e-05,0.0,0.0,32,256
cube,2.000000,cartesian,0.0,0.0,9.784e-06,6.2192e-05,32,256
cube,2.000000,cartesian,0.000147786,0.000108733,0.0,0.0,32,256
cube,2.000000,cartesian,0.0,0.0,1.2911e-05,9.6e-05,32,256
cube,2.000000,cartesian,0.000103779,6.9513e-05,0.0,0.0,32,256
cube,2.000000,cartesian,0.0,0.0,8.143e-06,6.9567e-05,32,256
cube,2.000000,cartesian,0.000149096,0.000142571,0.0,0.0,32,256
cube,2.000000,cartesian,0.0,0.0,1.2281e-05,9.8536e-05,32,256
cube,2.000000,cartesian,0.000143187,0.000149264,0.0,0.0,32,256
cube,2.000000,cartesian,0.0,0.0,1.416e-05,8.8207e-05,32,256
cube,2.000000,cartesian,0.000113737,0.000123703,0.0,0.0,32,256
cube,2.000000,cartesian,0.0,0.0,1.0142e-05,7.2481e-05,32,256
cube,2.000000,cartesian,0.000151376,0.000145966,0.0,0.0,32,256
cube,2.000000,cartesian,0.0,0.0,1.3695e-05,9.7593e-05,32,256
cube,2.000000,cartesian,0.000146392,0.000148748,0.0,0.0,32,256
cube,2.000000,cartesian,0.0,0.0,1.3261e-05,9.4309e-05,32,256
cube,2.000000,cartesian,0.000156322,0.000148336,0.0,0.0,32,256
cube,2.000000,cartesian,0.0,0.0,1.4385e-05,9.9003e-05,32,256
cube,2.000000,cartesian,8.4585e-05,6.01e-05,0.0,0.0,32,256
cube,2.000000,cartesian,0.0,0.0,6.856e-06,5.5143e-05,32,256
cube,2.000000,cartesian,0.000146518,0.000133841,0.0,0.0,32,256
cube,2.000000,cartesian,0.0,0.0,1.3077e-05,9.2304e-05,32,256
cube,2.000000,cartesian,0.000112635,0.000151022,0.0,0.0,32,256
cube,2.000000,cartesian,0.0,0.0,1.2191e-05,6.7935e-05,32,256
cube,2.000000,cartesian,0.000119831,0.000103784,0.0,0.0,32,256
cube,2.000000,cartesian,0.0,0.0,1.1429e-05,7.5914e-05,32,256
cube,2.000000,cartesian,0.000125864,7.4125e-05,0.0,0.0,32,256
cube,2.000000,cartesian,0.0,0.0,7.886e-06,8.8675e-05,32,256
cube,2.000000,cartesian,0.000118718,9.9751e-05,0.0,0.0,32,256
cube,2.000000,cartesian,0.0,0.0,9.079e-06,7.8662e-05,32,256
cube,2.000000,cartesian,0.000110262,7.8189e-05,0.0,0.0,32,256
cube,2.000000,cartesian,0.0,0.0,8.401e-06,6.2192e-05,32,256
cube,2.000000,cartesian,0.000135847,0.000132947,0.0,0.0,32,256
cube,2.000000,cartesian,0.0,0.0,1.0592e-05,9.082e-05,32,256
cube,2.000000,cartesian,0.000127652,0.000107136,0.0,0.0,32,256
cube,2.000000,cartesian,0.0,0.0,8.533e-06,8.9362e-05,32,256
cube,2.000000,cartesian,0.000165751,0.000156264,0.0,0.0,32,256
cube,2.000000,cartesian,0.0,0.0,1.483e-05,0.00010596,32,256
cube,2.000000,cartesian,0.000224988,0.000153377,0.0,0.0,32,256
cube,2.000000,cartesian,0.0,0.0,1.5269e-05,0.000142399,32,256
cube,2.000000,cartesian,0.000114424,0.000134508,0.0,0.0,32,256
cube,2.000000,cartesian,0.0,0.0,9.589e-06,7.4875e-05,32,256
cube,2.000000,cartesian,0.000103498,0.000102442,0.0,0.0,32,256
cube,2.000000,cartesian,0.0,0.0,9.336e-06,6.6807e-05,32,256
cube,2.000000,cartesian,0.000104027,7.8239e-05,0.0,0.0,32,256
cube,2.000000,cartesian,0.0,0.0,7.731e-06,7.0778e-05,32,256
cube,2.000000,cartesian,0.000160139,0.000173002,0.0,0.0,32,256
cube,2.000000,cartesian,0.0,0.0,1.4126e-05,0.000105904,32,256
cube,2.000000,cartesian,0.000153606,0.000169988,0.0,0.0,32,256
cube,2.000000,cartesian,0.0,0.0,1.4366e-05,9.7997e-05,32,256
cube,2.000000,cartesian,0.000147274,0.000136995,0.0,0.0,32,256
cube,2.000000,cartesian,0.0,0.0,1.1996e-05,9.7828e-05,32,256
cube,2.000000,cartesian,0.000124999,0.00013938,0.0,0.0,32,256
cube,2.000000,cartesian,0.0,0.0,1.1801e-05,7.9539e-05,32,256
cube,2.000000,cartesian,0.0001826,0.000162218,0.0,0.0,32,256
cube,2.000000,cartesian,0.0,0.0,1.4714e-05,0.000117913,32,256
cube,2.000000,cartesian,0.000152146,0.000195557,0.0,0.0,32,256
cube,2.000000,cartesian,0.0,0.0,1.4128e-05,9.6804e-05,32,256
cube,2.000000,cartesian,0.000100301,0.000140253,0.0,0.0,32,256
cube,2.000000,cartesian,0.0,0.0,1.0142e-05,6.1704e-05,32,256
cube,2.000000,cartesian,0.00017488,0.000158974,0.0,0.0,32,256
cube,2.000000,cartesian,0.0,0.0,1.4103e-05,0.000115057,32,256
cube,2.000000,cartesian,0.000162355,0.000167687,0.0,0.0,32,256
cube,2.000000,cartesian,0.0,0.0,9.697e-06,0.000116627,32,256
cube,2.000000,cartesian,0.000168264,8.0586e-05,0.0,0.0,32,256
cube,2.000000,cartesian,0.0,0.0,1.2214e-05,9.9628e-05,32,256
cube,2.000000,cartesian,0.000137884,0.000121011,0.0,0.0,32,256
cube,2.000000,cartesian,0.0,0.0,1.1561e-05,9.0285e-05,32,256
cube,2.000000,cartesian,0.000137478,0.00015197,0.0,0.0,32,256
cube,2.000000,cartesian,0.0,0.0,1.2934e-05,8.7827e-05,32,256
cube,2.000000,cartesian,0.00011595,0.000120589,0.0,0.0,32,256
cube,2.000000,cartesian,0.0,0.0,1.0222e-05,7.5016e-05,32,256
cube,2.000000,cartesian,9.2711e-05,8.0934e-05,0.0,0.0,32,256
cube,2.000000,cartesian,0.0,0.0,8.409e-06,5.9796e-05,32,256
cube,2.000000,cartesian,0.000115174,0.000145537,0.0,0.0,32,256
cube,2.000000,cartesian,0.0,0.0,1.0181e-05,7.2837e-05,32,256
cube,2.000000,cartesian,0.000132892,0.000141883,0.0,0.0,32,256
cube,2.000000,cartesian,0.0,0.0,1.2057e-05,8.4794e-05,32,256
cube,2.000000,cartesian,7.2189e-05,6.94e-05,0.0,0.0,32,256
cube,2.000000,cartesian,0.0,0.0,6.058e-06,4.6502e-05,32,256
cube,2.000000,cartesian,0.000143523,0.000116437,0.0,0.0,32,256
cube,2.000000,cartesian,0.0,0.0,1.3259e-05,9.054e-05,32,256
cube,2.000000,cartesian,4.8377e-05,3.8223e-05,0.0,0.0,32,256
cube,2.000000,cartesian,0.0,0.0,4.319e-06,3.103e-05,32,256
cube,2.000000,cartesian,0.000215588,0.000177033,0.0,0.0,32,256
cube,2.000000,cartesian,0.0,0.0,1.6478e-05,0.000120855,32,256
cube,2.000000,cartesian,0.000118576,0.000124765,0.0,0.0,32,256
cube,2.000000,cartesian,0.0,0.0,1.1935e-05,7.3139e-05,32,256
cube,2.000000,cartesian,3.0821e-05,2.5294e-05,0.0,0.0,32,256
cube,2.000000,cartesian,0.0,0.0,2.934e-06,2.008e-05,32,256
cube,2.000000,cartesian,0.000181985,0.000155939,0.0,0.0,32,256
cube,2.000000,cartesian,0.0,0.0,1.4871e-05,0.000120281,32,256
cube,2.000000,cartesian,0.000142498,0.000149358,0.0,0.0,32,256
cube,2.000000,cartesian,0.0,0.0,1.4009e-05,8.9143e-05,32,256
cube,2.000000,cartesian,0.000127743,0.000136645,0.0,0.0,32,256
cube,2.000000,cartesian,0.0,0.0,1.2728e-05,7.8759e-05,32,256
cube,2.000000,cartesian,4.8199e-05,3.5268e-05,0.0,0.0,32,256
cube,2.000000,cartesian,0.0,0.0,3.538e-06,3.3043e-05,32,256
cube,2.000000,cartesian,0.000137133,0.000110633,0.0,0.0,32,256
cube,2.000000,cartesian,0.0,0.0,1.0943e-05,8.9759e-05,32,256
cube,2.000000,cartesian,0.000136567,0.000150565,0.0,0.0,32,256
cube,2.000000,cartesian,0.0,0.0,1.2865e-05,8.5443e-05,32,256
cube,2.000000,cartesian,0.000118493,0.000101478,0.0,0.0,32,256
cube,2.000000,cartesian,0.0,0.0,8.277e-06,8.0878e-05,32,256
cube,2.000000,cartesian,0.000127042,0.000111063,0.0,0.0,32,256
cube,2.000000,cartesian,0.0,0.0,1.0273e-05,8.5291e-05,32,256
cube,2.000000,cartesian,0.000156408,0.000151129,0.0,0.0,32,256
cube,2.000000,cartesian,0.0,0.0,1.2792e-05,0.000102126,32,256
cube,2.000000,cartesian,0.000121446,8.5198e-05,0.0,0.0,32,256
cube,2.000000,cartesian,0.0,0.0,8.443e-06,8.2736e-05,32,256
cube,2.000000,cartesian,0.000207512,0.000162183,0.0,0.0,32,256
cube,2.000000,cartesian,0.0,0.0,1.1652e-05,7.5425e-05,32,256
cube,2.000000,cartesian,0.000105527,0.000151958,0.0,0.0,32,256
cube,2.000000,cartesian,0.0,0.0,9.665e-06,6.4555e-05,32,256
cube,2.000000,cartesian,0.00015237,0.000190419,0.0,0.0,32,256
cube,2.000000,cartesian,0.0,0.0,1.5985e-05,9.1023e-05,32,256
cube,2.000000,cartesian,0.000109893,0.000100487,0.0,0.0,32,256
cube,2.000000,cartesian,0.0,0.0,1.0308e-05,6.9244e-05,32,256
cube,2.000000,cartesian,6.8895e-05,5.771e-05,0.0,0.0,32,256
cube,2.000000,cartesian,0.0,0.0,6.013e-06,4.5112e-05,32,256
cube,2.000000,cartesian,0.000142881,0.000131523,0.0,0.0,32,256
cube,2.000000,cartesian,0.0,0.0,1.2665e-05,9.17e-05,32,256
cube,2.000000,cartesian,0.000214304,0.000128732,0.0,0.0,32,256
cube,2.000000,cartesian,0.0,0.0,1.4358e-05,0.000154368,32,256
cube,2.000000,cartesian,5.6406e-05,4.4938e-05,0.0,0.0,32,256
cube,2.000000,cartesian,0.0,0.0,4.635e-06,3.7176e-05,32,256
cube,2.000000,cartesian,0.000157959,0.000168054,0.0,0.0,32,256
cube,2.000000,cartesian,0.0,0.0,1.4806e-05,0.000100132,32,256
cube,2.000000,cartesian,0.000128726,0.000119146,0.0,0.0,32,256
cube,2.000000,cartesian,0.0,0.0,1.0765e-05,8.5003e-05,32,256
cube,2.000000,cartesian,0.000128223,0.000115311,0.0,0.0,32,256
cube,2.000000,cartesian,0.0,0.0,1.1823e-05,8.1703e-05,32,256
cube,2.000000,cartesian,0.00012861,0.000105339,0.0,0.0,32,256
cube,2.000000,cartesian,0.0,0.0,1.0534e-05,8.6793e-05,32,256
cube,2.000000,cartesian,5.7823e-05,4.002e-05,0.0,0.0,32,256
cube,2.000000,cartesian,0.0,0.0,3.977e-06,4.1123e-05,32,256
cube,2.000000,cartesian,0.00014924,0.000191455,0.0,0.0,32,256
cube,2.000000,cartesian,0.0,0.0,1.7618e-05,8.4539e-05,32,256
cube,2.000000,cartesian,0.000106543,0.000103736,0.0,0.0,32,256
cube,2.000000,cartesian,0.0,0.0,1.0551e-05,6.5311e-05,32,256
cube,2.000000,cartesian,2.691e-05,2.7975e-05,0.0,0.0,32,256
cube,2.000000,cartesian,0.0,0.0,2.431e-06,1.7359e-05,32,256
cube,2.000000,cartesian,0.000136062,0.000126969,0.0,0.0,32,256
cube,2.000000,cartesian,0.0,0.0,1.2494e-05,8.7245e-05,32,256
cube,2.000000,cartesian,8.9776e-05,8.3603e-05,0.0,0.0,32,256
cube,2.000000,cartesian,0.0,0.0,8.384e-06,5.6465e-05,32,256
cube,2.000000,cartesian,6.6796e-05,5.4429e-05,0.0,0.0,32,256
cube,2.000000,cartesian,0.0,0.0,3.747e-06,4.9927e-05,32,256
cube,2.000000,cartesian,0.000115198,0.000123539,0.0,0.0,32,256
cube,2.000000,cartesian,0.0,0.0,1.1508e-05,7.1106e-05,32,256
cube,2.000000,cartesian,0.000127709,0.000121334,0.0,0.0,32,256
cube,2.000000,cartesian,0.0,0.0,1.198e-05,8.0537e-05,32,256
cube,2.000000,cartesian,2.256e-05,1.4698e-05,0.0,0.0,32,256
cube,2.000000,cartesian,0.0,0.0,1.769e-06,1.5149e-05,32,256
cube,2.000000,cartesian,6.8286e-05,3.941e-05,0.0,0.0,32,256
cube,2.000000,cartesian,0.0,0.0,5.475e-06,4.5381e-05,32,256
cube,2.000000,cartesian,0.000134393,7.8656e-05,0.0,0.0,32,256
cube,2.000000,cartesian,0.0,0.0,9.906e-06,8.9548e-05,32,256
cube,2.000000,cartesian,0.000122979,0.000149452,0.0,0.0,32,256
cube,2.000000,cartesian,0.0,0.0,1.1787e-05,7.7967e-05,32,256
cube,2.000000,cartesian,0.000176727,0.000153817,0.0,0.0,32,256
cube,2.000000,cartesian,0.0,0.0,1.5113e-05,0.000113612,32,256
cube,2.000000,cartesian,0.000146795,0.000128866,0.0,0.0,32,256
cube,2.000000,cartesian,0.0,0.0,1.4992e-05,9.0683e-05,32,256
cube,2.000000,cartesian,0.00011999,0.000114001,0.0,0.0,32,256
cube,2.000000,cartesian,0.0,0.0,9.545e-06,7.8149e-05,32,256
cube,2.000000,cartesian,0.000121089,9.539e-05,0.0,0.0,32,256
cube,2.000000,cartesian,0.0,0.0,1.1988e-05,7.5967e-05,32,256
cube,2.000000,cartesian,0.000107281,4.9254e-05,0.0,0.0,32,256
cube,2.000000,cartesian,0.0,0.0,7e-06,6.4987e-05,32,256
cube,2.000000,cartesian,0.000150386,0.000144805,0.0,0.0,32,256
cube,2.000000,cartesian,0.0,0.0,1.7029e-05,8.6263e-05,32,256
cube,2.000000,cartesian,0.000114323,0.000119993,0.0,0.0,32,256
cube,2.000000,cartesian,0.0,0.0,1.2536e-05,6.817e-05,32,256
