kernel,radius,mode,get_range_time,loop_time,projectionTime,binarySearchTime,threshold,maxPointsLeaf
sphere,2.000000,polar,0.0,0.0,0.000156703,1.4482e-05,32,256
sphere,2.000000,polar,0.0,0.0,7.1554e-05,4.4274e-05,32,256
sphere,2.000000,polar,0.0,0.0,5.561e-06,7.292e-06,32,256
sphere,2.000000,polar,0.0,0.0,1.1724e-05,2.4747e-05,32,256
sphere,2.000000,polar,0.0,0.0,1.7047e-05,1.8032e-05,32,256
sphere,2.000000,polar,0.0,0.0,7.348e-06,1.7158e-05,32,256
sphere,2.000000,polar,0.0,0.0,1.4391e-05,2.9398e-05,32,256
sphere,2.000000,polar,0.0,0.0,1.6043e-05,3.3912e-05,32,256
sphere,2.000000,polar,0.0,0.0,1.1761e-05,3.3209e-05,32,256
sphere,2.000000,polar,0.0,0.0,7.659e-06,1.7504e-05,32,256
sphere,2.000000,polar,0.0,0.0,1.2796e-05,3.0202e-05,32,256
sphere,2.000000,polar,0.0,0.0,1.2499e-05,3.3867e-05,32,256
sphere,2.000000,polar,0.0,0.0,9.215e-06,2.5327e-05,32,256
sphere,2.000000,polar,0.0,0.0,5.417e-06,2.83e-06,32,256
sphere,2.000000,polar,0.0,0.0,1.2398e-05,2.9279e-05,32,256
sphere,2.000000,polar,0.0,0.0,7.852e-06,2.1268e-05,32,256
sphere,2.000000,polar,0.0,0.0,1.262e-05,4.1335e-05,32,256
sphere,2.000000,polar,0.0,0.0,2.1244e-05,0.000135076,32,256
sphere,2.000000,polar,0.0,0.0,7.74e-06,6.752e-06,32,256
sphere,2.000000,polar,0.0,0.0,1.8218e-05,3.8655e-05,32,256
sphere,2.000000,polar,0.0,0.0,1.5886e-05,4.0882e-05,32,256
sphere,2.000000,polar,0.0,0.0,1.3978e-05,3.444e-05,32,256
sphere,2.000000,polar,0.0,0.0,4.771e-06,6.32e-06,32,256
sphere,2.000000,polar,0.0,0.0,1.1859e-05,1.868e-05,32,256
sphere,2.000000,polar,0.0,0.0,1.2224e-05,2.4243e-05,32,256
sphere,2.000000,polar,0.0,0.0,1.628e-06,2.7e-06,32,256
sphere,2.000000,polar,0.0,0.0,1.0352e-05,2.7597e-05,32,256
sphere,2.000000,polar,0.0,0.0,3.242e-06,6.962e-06,32,256
sphere,2.000000,polar,0.0,0.0,1.3899e-05,3.4607e-05,32,256
sphere,2.000000,polar,0.0,0.0,2.0298e-05,3.7774e-05,32,256
sphere,2.000000,polar,0.0,0.0,1.2074e-05,2.2958e-05,32,256
sphere,2.000000,polar,0.0,0.0,1.4869e-05,3.8786e-05,32,256
sphere,2.000000,polar,0.0,0.0,1.443e-05,2.4588e-05,32,256
sphere,2.000000,polar,0.0,0.0,1.2673e-05,2.5559e-05,32,256
sphere,2.000000,polar,0.0,0.0,8.469e-06,1.6125e-05,32,256
sphere,2.000000,polar,0.0,0.0,1.527e-05,3.787e-05,32,256
sphere,2.000000,polar,0.0,0.0,9.577e-06,1.4564e-05,32,256
sphere,2.000000,polar,0.0,0.0,1.3782e-05,3.4535e-05,32,256
sphere,2.000000,polar,0.0,0.0,8.274e-06,8.953e-06,32,256
sphere,2.000000,polar,0.0,0.0,1.0131e-05,1.4042e-05,32,256
sphere,2.000000,polar,0.0,0.0,1.0611e-05,1.7982e-05,32,256
sphere,2.000000,polar,0.0,0.0,6.612e-06,1.6072e-05,32,256
sphere,2.000000,polar,0.0,0.0,2.1803e-05,4.2758e-05,32,256
sphere,2.000000,polar,0.0,0.0,1.7262e-05,4.0084e-05,32,256
sphere,2.000000,polar,0.0,0.0,7.301e-06,1.3813e-05,32,256
sphere,2.000000,polar,0.0,0.0,9.78e-06,2.1831e-05,32,256
sphere,2.000000,polar,0.0,0.0,1.1131e-05,2.7828e-05,32,256
sphere,2.000000,polar,0.0,0.0,1.801e-05,3.176e-05,32,256
sphere,2.000000,polar,0.0,0.0,1.3082e-05,1.8844e-05,32,256
sphere,2.000000,polar,0.0,0.0,1.3378e-05,3.391e-05,32,256
sphere,2.000000,polar,0.0,0.0,8.76e-06,2.5702e-05,32,256
sphere,2.000000,polar,0.0,0.0,8.803e-06,1.3832e-05,32,256
sphere,2.000000,polar,0.0,0.0,1.2019e-05,4.7596e-05,32,256
sphere,2.000000,polar,0.0,0.0,9.325e-06,2.6449e-05,32,256
sphere,2.000000,polar,0.0,0.0,1.6899e-05,5.4033e-05,32,256
sphere,2.000000,polar,0.0,0.0,9.468e-06,2.8905e-05,32,256
sphere,2.000000,polar,0.0,0.0,1.8098e-05,4.411e-05,32,256
sphere,2.000000,polar,0.0,0.0,4.955e-06,9.83e-07,32,256
sphere,2.000000,polar,0.0,0.0,9.696e-06,2.1099e-05,32,256
sphere,2.000000,polar,0.0,0.0,1.4013e-05,4.3681e-05,32,256
sphere,2.000000,polar,0.0,0.0,1.0781e-05,3.7759e-05,32,256
sphere,2.000000,polar,0.0,0.0,6.618e-06,1.6982e-05,32,256
sphere,2.000000,polar,0.0,0.0,1.1114e-05,3.852e-05,32,256
sphere,2.000000,polar,0.0,0.0,8.968e-06,1.721e-05,32,256
sphere,2.000000,polar,0.0,0.0,1.1498e-05,3.2632e-05,32,256
sphere,2.000000,polar,0.0,0.0,8.023e-06,1.4689e-05,32,256
sphere,2.000000,polar,0.0,0.0,4.002e-06,9.274e-06,32,256
sphere,2.000000,polar,0.0,0.0,5.322e-06,8.972e-06,32,256
sphere,2.000000,polar,0.0,0.0,7.366e-06,1.4106e-05,32,256
sphere,2.000000,polar,0.0,0.0,1.2155e-05,3.303e-05,32,256
sphere,2.000000,polar,0.0,0.0,1.1339e-05,3.3312e-05,32,256
sphere,2.000000,polar,0.0,0.0,6.878e-06,2.3795e-05,32,256
sphere,2.000000,polar,0.0,0.0,1.003e-05,2.5102e-05,32,256
sphere,2.000000,polar,0.0,0.0,1.2008e-05,3.9292e-05,32,256
sphere,2.000000,polar,0.0,0.0,1.1333e-05,3.686e-05,32,256
sphere,2.000000,polar,0.0,0.0,8.175e-06,2.3612e-05,32,256
sphere,2.000000,polar,0.0,0.0,7.632e-06,1.7968e-05,32,256
sphere,2.000000,polar,0.0,0.0,9.613e-06,2.9515e-05,32,256
sphere,2.000000,polar,0.0,0.0,7.691e-06,1.5239e-05,32,256
sphere,2.000000,polar,0.0,0.0,6.278e-06,1.893e-05,32,256
sphere,2.000000,polar,0.0,0.0,1.0733e-05,3.8991e-05,32,256
sphere,2.000000,polar,0.0,0.0,9.686e-06,2.9195e-05,32,256
sphere,2.000000,polar,0.0,0.0,1.4342e-05,4.0423e-05,32,256
sphere,2.000000,polar,0.0,0.0,1.0436e-05,3.1276e-05,32,256
sphere,2.000000,polar,0.0,0.0,1.1669e-05,3.7417e-05,32,256
sphere,2.000000,polar,0.0,0.0,9.313e-06,3.0448e-05,32,256
sphere,2.000000,polar,0.0,0.0,9.624e-06,2.0005e-05,32,256
sphere,2.000000,polar,0.0,0.0,3.134e-06,9.202e-06,32,256
sphere,2.000000,polar,0.0,0.0,6.555e-06,2.0538e-05,32,256
sphere,2.000000,polar,0.0,0.0,9.642e-06,2.9323e-05,32,256
sphere,2.000000,polar,0.0,0.0,1.4467e-05,3.0599e-05,32,256
sphere,2.000000,polar,0.0,0.0,1.171e-05,2.3913e-05,32,256
sphere,2.000000,polar,0.0,0.0,1.2116e-05,2.2351e-05,32,256
sphere,2.000000,polar,0.0,0.0,9.889e-06,2.3023e-05,32,256
sphere,2.000000,polar,0.0,0.0,9.087e-06,3.3621e-05,32,256
sphere,2.000000,polar,0.0,0.0,9.692e-06,2.9141e-05,32,256
sphere,2.000000,polar,0.0,0.0,1.8633e-05,4.907e-05,32,256
sphere,2.000000,polar,0.0,0.0,1.294e-05,3.458e-05,32,256
sphere,2.000000,polar,0.0,0.0,1.9292e-05,3.4239e-05,32,256
sphere,2.000000,polar,0.0,0.0,1.7514e-05,4.2039e-05,32,256
sphere,2.000000,polar,0.0,0.0,1.1023e-05,2.4844e-05,32,256
sphere,2.000000,polar,0.0,0.0,1.7704e-05,3.6745e-05,32,256
sphere,2.000000,polar,0.0,0.0,1.1161e-05,1.8516e-05,32,256
sphere,2.000000,polar,0.0,0.0,9.169e-06,9.761e-06,32,256
sphere,2.000000,polar,0.0,0.0,4.483e-06,6.344e-06,32,256
sphere,2.000000,polar,0.0,0.0,3.127e-06,7.265e-06,32,256
sphere,2.000000,polar,0.0,0.0,7.73e-06,1.3048e-05,32,256
sphere,2.000000,polar,0.0,0.0,4.26e-06,1.1699e-05,32,256
sphere,2.000000,polar,0.0,0.0,1.0835e-05,3.1456e-05,32,256
sphere,2.000000,polar,0.0,0.0,7.18e-06,1.6236e-05,32,256
sphere,2.000000,polar,0.0,0.0,1.0014e-05,2.8167e-05,32,256
sphere,2.000000,polar,0.0,0.0,7.486e-06,2.1744e-05,32,256
sphere,2.000000,polar,0.0,0.0,1.1798e-05,3.6414e-05,32,256
sphere,2.000000,polar,0.0,0.0,1.4245e-05,3.9996e-05,32,256
sphere,2.000000,polar,0.0,0.0,1.1092e-05,3.5747e-05,32,256
sphere,2.000000,polar,0.0,0.0,8.646e-06,2.3558e-05,32,256
sphere,2.000000,polar,0.0,0.0,8.726e-06,2.0268e-05,32,256
sphere,2.000000,polar,0.0,0.0,4.901e-06,2.305e-06,32,256
sphere,2.000000,polar,0.0,0.0,4.754e-06,9.937e-06,32,256
sphere,2.000000,polar,0.0,0.0,1.1965e-05,3.4129e-05,32,256
sphere,2.000000,polar,0.0,0.0,3.556e-06,7.677e-06,32,256
sphere,2.000000,polar,0.0,0.0,1.0165e-05,2.7193e-05,32,256
sphere,2.000000,polar,0.0,0.0,7.118e-06,2.159e-05,32,256
sphere,2.000000,polar,0.0,0.0,1.4375e-05,3.9225e-05,32,256
sphere,2.000000,polar,0.0,0.0,1.2299e-05,3.1361e-05,32,256
sphere,2.000000,polar,0.0,0.0,1.4803e-05,4.7143e-05,32,256
sphere,2.000000,polar,0.0,0.0,1.2386e-05,2.9653e-05,32,256
sphere,2.000000,polar,0.0,0.0,6.818e-06,8.486e-06,32,256
sphere,2.000000,polar,0.0,0.0,3.006e-06,4.362e-06,32,256
sphere,2.000000,polar,0.0,0.0,1.488e-05,3.6048e-05,32,256
sphere,2.000000,polar,0.0,0.0,1.7068e-05,3.5878e-05,32,256
sphere,2.000000,polar,0.0,0.0,7.033e-06,1.6687e-05,32,256
sphere,2.000000,polar,0.0,0.0,1.4781e-05,3.4681e-05,32,256
sphere,2.000000,polar,0.0,0.0,7.681e-06,7.797e-06,32,256
sphere,2.000000,polar,0.0,0.0,4.0412e-05,4.6096e-05,32,256
sphere,2.000000,polar,0.0,0.0,1.2747e-05,2.1745e-05,32,256
sphere,2.000000,polar,0.0,0.0,1.0009e-05,2.0584e-05,32,256
sphere,2.000000,polar,0.0,0.0,1.6026e-05,3.7886e-05,32,256
sphere,2.000000,polar,0.0,0.0,1.3465e-05,3.2251e-05,32,256
sphere,2.000000,polar,0.0,0.0,9.254e-06,1.3648e-05,32,256
sphere,2.000000,polar,0.0,0.0,7.878e-06,8.082e-06,32,256
sphere,2.000000,polar,0.0,0.0,6.818e-06,2.0646e-05,32,256
sphere,2.000000,polar,0.0,0.0,1.3061e-05,3.7079e-05,32,256
sphere,2.000000,polar,0.0,0.0,4.733e-06,9.091e-06,32,256
sphere,2.000000,polar,0.0,0.0,1.3047e-05,2.7288e-05,32,256
sphere,2.000000,polar,0.0,0.0,1.6128e-05,3.517e-05,32,256
sphere,2.000000,polar,0.0,0.0,1.8366e-05,4.4703e-05,32,256
sphere,2.000000,polar,0.0,0.0,1.1702e-05,2.6527e-05,32,256
sphere,2.000000,polar,0.0,0.0,7.93e-06,4.86e-06,32,256
sphere,2.000000,polar,0.0,0.0,9.375e-06,2.1094e-05,32,256
sphere,2.000000,polar,0.0,0.0,1.3215e-05,1.1654e-05,32,256
sphere,2.000000,polar,0.0,0.0,8.749e-06,2.0159e-05,32,256
sphere,2.000000,polar,0.0,0.0,1.1075e-05,1.8524e-05,32,256
sphere,2.000000,polar,0.0,0.0,1.3998e-05,2.9904e-05,32,256
sphere,2.000000,polar,0.0,0.0,9.974e-06,1.9843e-05,32,256
sphere,2.000000,polar,0.0,0.0,3.206e-06,6.656e-06,32,256
sphere,2.000000,polar,0.0,0.0,9.743e-06,2.1894e-05,32,256
sphere,2.000000,polar,0.0,0.0,2.0957e-05,5.4335e-05,32,256
sphere,2.000000,polar,0.0,0.0,9.006e-06,2.5366e-05,32,256
sphere,2.000000,polar,0.0,0.0,9.507e-06,1.9543e-05,32,256
sphere,2.000000,polar,0.0,0.0,6.3e-06,7.357e-06,32,256
sphere,2.000000,polar,0.0,0.0,1.2064e-05,3.3935e-05,32,256
sphere,2.000000,polar,0.0,0.0,1.003e-05,2.6446e-05,32,256
sphere,2.000000,polar,0.0,0.0,7.367e-06,9.379e-06,32,256
sphere,2.000000,polar,0.0,0.0,6.324e-06,1.4264e-05,32,256
sphere,2.000000,polar,0.0,0.0,1.1652e-05,3.4199e-05,32,256
sphere,2.000000,polar,0.0,0.0,1.2001e-05,3.8176e-05,32,256
sphere,2.000000,polar,0.0,0.0,2.402e-06,7.138e-06,32,256
sphere,2.000000,polar,0.0,0.0,8.023e-06,1.5304e-05,32,256
sphere,2.000000,polar,0.0,0.0,9.539e-06,2.5704e-05,32,256
sphere,2.000000,polar,0.0,0.0,4.175e-06,7.165e-06,32,256
sphere,2.000000,polar,0.0,0.0,1.1399e-05,3.3717e-05,32,256
sphere,2.000000,polar,0.0,0.0,5.591e-06,3.049e-06,32,256
sphere,2.000000,polar,0.0,0.0,1.6293e-05,4.5249e-05,32,256
sphere,2.000000,polar,0.0,0.0,1.0367e-05,2.8894e-05,32,256
sphere,2.000000,polar,0.0,0.0,8.011e-06,2.947e-05,32,256
sphere,2.000000,polar,0.0,0.0,9.085e-06,2.3832e-05,32,256
sphere,2.000000,polar,0.0,0.0,1.3149e-05,3.9387e-05,32,256
sphere,2.000000,polar,0.0,0.0,1.0042e-05,2.6805e-05,32,256
sphere,2.000000,polar,0.0,0.0,4.515e-06,1.3653e-05,32,256
sphere,2.000000,polar,0.0,0.0,9.372e-06,3.037e-05,32,256
sphere,2.000000,polar,0.0,0.0,6.734e-06,2.0923e-05,32,256
sphere,2.000000,polar,0.0,0.0,7.496e-06,7.09e-06,32,256
sphere,2.000000,polar,0.0,0.0,1.2873e-05,3.6349e-05,32,256
sphere,2.000000,polar,0.0,0.0,7.774e-06,2.1748e-05,32,256
sphere,2.000000,polar,0.0,0.0,8.218e-06,1.3248e-05,32,256
sphere,2.000000,polar,0.0,0.0,1.3342e-05,3.7862e-05,32,256
sphere,2.000000,polar,0.0,0.0,1.1422e-05,3.9029e-05,32,256
sphere,2.000000,polar,0.0,0.0,7.759e-06,1.7422e-05,32,256
sphere,2.000000,polar,0.0,0.0,4.833e-06,1.59e-05,32,256
sphere,2.000000,polar,0.0,0.0,1.6685e-05,4.7514e-05,32,256
sphere,2.000000,polar,0.0,0.0,1.2549e-05,3.8812e-05,32,256
sphere,2.000000,polar,0.0,0.0,1.1727e-05,3.5917e-05,32,256
sphere,2.000000,polar,0.0,0.0,7.16e-06,1.7736e-05,32,256
sphere,2.000000,polar,0.0,0.0,8.602e-06,2.946e-05,32,256
sphere,2.000000,polar,0.0,0.0,6.995e-06,2.1974e-05,32,256
sphere,2.000000,polar,0.0,0.0,1.1166e-05,3.0328e-05,32,256
sphere,2.000000,polar,0.0,0.0,1.7312e-05,2.2259e-05,32,256
sphere,2.000000,polar,0.0,0.0,1.8311e-05,3.6017e-05,32,256
sphere,2.000000,polar,0.0,0.0,6.639e-06,1.6403e-05,32,256
sphere,2.000000,polar,0.0,0.0,1.3797e-05,3.6143e-05,32,256
sphere,2.000000,polar,0.0,0.0,4.94e-07,0,32,256
sphere,2.000000,polar,0.0,0.0,1.6323e-05,4.1543e-05,32,256
sphere,2.000000,polar,0.0,0.0,8.855e-06,1.9084e-05,32,256
sphere,2.000000,polar,0.0,0.0,2.3476e-05,1.3602e-05,32,256
sphere,2.000000,polar,0.0,0.0,1.2912e-05,3.118e-05,32,256
sphere,2.000000,polar,0.0,0.0,5.998e-06,7.492e-06,32,256
sphere,2.000000,polar,0.0,0.0,1.0933e-05,1.9222e-05,32,256
sphere,2.000000,polar,0.0,0.0,1.0633e-05,2.1574e-05,32,256
sphere,2.000000,polar,0.0,0.0,8.876e-06,2.5185e-05,32,256
sphere,2.000000,polar,0.0,0.0,1.1579e-05,3.8e-05,32,256
sphere,2.000000,polar,0.0,0.0,1.1409e-05,3.9861e-05,32,256
sphere,2.000000,polar,0.0,0.0,2.993e-06,9.697e-06,32,256
sphere,2.000000,polar,0.0,0.0,1.6543e-05,4.5978e-05,32,256
sphere,2.000000,polar,0.0,0.0,8.711e-06,1.2577e-05,32,256
sphere,2.000000,polar,0.0,0.0,6.457e-06,1.4996e-05,32,256
sphere,2.000000,polar,0.0,0.0,9.381e-06,2.4762e-05,32,256
sphere,2.000000,polar,0.0,0.0,7.005e-06,1.717e-05,32,256
sphere,2.000000,polar,0.0,0.0,8.155e-06,2.3981e-05,32,256
sphere,2.000000,polar,0.0,0.0,9.729e-06,2.9727e-05,32,256
sphere,2.000000,polar,0.0,0.0,5.847e-06,5.701e-06,32,256
sphere,2.000000,polar,0.0,0.0,8.089e-06,1.9745e-05,32,256
sphere,2.000000,polar,0.0,0.0,1.0325e-05,3.1329e-05,32,256
sphere,2.000000,polar,0.0,0.0,7.814e-06,1.9189e-05,32,256
sphere,2.000000,polar,0.0,0.0,4.223e-06,7.622e-06,32,256
sphere,2.000000,polar,0.0,0.0,1.239e-05,3.3408e-05,32,256
sphere,2.000000,polar,0.0,0.0,6.5315e-05,4.6502e-05,32,256
sphere,2.000000,polar,0.0,0.0,7.703e-06,2.2851e-05,32,256
sphere,2.000000,polar,0.0,0.0,2.8879e-05,4.9933e-05,32,256
sphere,2.000000,polar,0.0,0.0,1.1676e-05,3.7901e-05,32,256
sphere,2.000000,polar,0.0,0.0,1.0413e-05,3.5257e-05,32,256
sphere,2.000000,polar,0.0,0.0,8.739e-06,1.3548e-05,32,256
sphere,2.000000,polar,0.0,0.0,1.8125e-05,4.9066e-05,32,256
sphere,2.000000,polar,0.0,0.0,8.835e-06,2.4704e-05,32,256
sphere,2.000000,polar,0.0,0.0,9.251e-06,2.8364e-05,32,256
sphere,2.000000,polar,0.0,0.0,5.299e-06,1.2441e-05,32,256
sphere,2.000000,polar,0.0,0.0,3.924e-06,2.976e-06,32,256
sphere,2.000000,polar,0.0,0.0,5.547e-06,8.08e-06,32,256
sphere,2.000000,polar,0.0,0.0,2.1692e-05,3.0338e-05,32,256
sphere,2.000000,polar,0.0,0.0,5.606e-06,1.137e-05,32,256
sphere,2.000000,polar,0.0,0.0,1.2955e-05,3.274e-05,32,256
sphere,2.000000,polar,0.0,0.0,9.321e-06,2.8156e-05,32,256
sphere,2.000000,polar,0.0,0.0,9.043e-06,1.6877e-05,32,256
sphere,2.000000,polar,0.0,0.0,0.000330944,1.9737e-05,32,256
sphere,2.000000,polar,0.0,0.0,4.018e-06,8.541e-06,32,256
sphere,2.000000,polar,0.0,0.0,1.1595e-05,2.0794e-05,32,256
sphere,2.000000,polar,0.0,0.0,7.936e-06,2.6248e-05,32,256
sphere,2.000000,polar,0.0,0.0,9.397e-06,2.8213e-05,32,256
sphere,2.000000,polar,0.0,0.0,1.0239e-05,2.9279e-05,32,256
sphere,2.000000,polar,0.0,0.0,9.014e-06,2.2354e-05,32,256
sphere,2.000000,polar,0.0,0.0,7.684e-06,2.3813e-05,32,256
sphere,2.000000,polar,0.0,0.0,2.306e-06,6.751e-06,32,256
sphere,2.000000,polar,0.0,0.0,1.0722e-05,3.2814e-05,32,256
sphere,2.000000,polar,0.0,0.0,8.187e-06,1.6814e-05,32,256
sphere,2.000000,polar,0.0,0.0,1.1514e-05,2.9933e-05,32,256
sphere,2.000000,polar,0.0,0.0,9.769e-06,2.9213e-05,32,256
sphere,2.000000,polar,0.0,0.0,1.3637e-05,3.6815e-05,32,256
sphere,2.000000,polar,0.0,0.0,8.812e-06,2.7183e-05,32,256
sphere,2.000000,polar,0.0,0.0,1.1954e-05,2.9485e-05,32,256
sphere,2.000000,polar,0.0,0.0,1.6549e-05,4.1891e-05,32,256
sphere,2.000000,polar,0.0,0.0,6.809e-06,1.0378e-05,32,256
sphere,2.000000,polar,0.0,0.0,1.6261e-05,4.6881e-05,32,256
sphere,2.000000,polar,0.0,0.0,1.0646e-05,3.26e-05,32,256
sphere,2.000000,polar,0.0,0.0,4.638e-06,7.376e-06,32,256
sphere,2.000000,polar,0.0,0.0,1.0449e-05,3.2022e-05,32,256
sphere,2.000000,polar,0.0,0.0,8.459e-06,2.4184e-05,32,256
sphere,2.000000,polar,0.0,0.0,8.135e-06,1.7237e-05,32,256
sphere,2.000000,polar,0.0,0.0,1.1416e-05,3.2969e-05,32,256
sphere,2.000000,polar,0.0,0.0,6.022e-06,1.3997e-05,32,256
sphere,2.000000,polar,0.0,0.0,1.023e-05,2.7277e-05,32,256
sphere,2.000000,polar,0.0,0.0,6.865e-06,1.6164e-05,32,256
sphere,2.000000,polar,0.0,0.0,9.254e-06,2.8661e-05,32,256
sphere,2.000000,polar,0.0,0.0,4.592e-06,1.3041e-05,32,256
sphere,2.000000,polar,0.0,0.0,1.1401e-05,3.2688e-05,32,256
sphere,2.000000,polar,0.0,0.0,7.745e-06,1.723e-05,32,256
sphere,2.000000,polar,0.0,0.0,3.981e-06,1.0669e-05,32,256
sphere,2.000000,polar,0.0,0.0,9.4e-06,1.9634e-05,32,256
sphere,2.000000,polar,0.0,0.0,9.2e-06,2.6778e-05,32,256
sphere,2.000000,polar,0.0,0.0,4.628e-06,1.0617e-05,32,256
sphere,2.000000,polar,0.0,0.0,7.22e-06,2.0773e-05,32,256
sphere,2.000000,polar,0.0,0.0,7.58e-06,7.373e-06,32,256
sphere,2.000000,polar,0.0,0.0,7.247e-06,1.9919e-05,32,256
sphere,2.000000,polar,0.0,0.0,1.2644e-05,3.415e-05,32,256
sphere,2.000000,polar,0.0,0.0,1.0036e-05,2.3571e-05,32,256
sphere,2.000000,polar,0.0,0.0,1.0745e-05,3.3472e-05,32,256
sphere,2.000000,polar,0.0,0.0,9.742e-06,2.6887e-05,32,256
sphere,2.000000,polar,0.0,0.0,1.0327e-05,2.2891e-05,32,256
sphere,2.000000,polar,0.0,0.0,8.914e-06,2.6992e-05,32,256
sphere,2.000000,polar,0.0,0.0,1.0047e-05,1.8282e-05,32,256
sphere,2.000000,polar,0.0,0.0,5.533e-06,9.883e-06,32,256
sphere,2.000000,polar,0.0,0.0,1.3382e-05,3.6248e-05,32,256
sphere,2.000000,polar,0.0,0.0,1.1553e-05,4.9821e-05,32,256
sphere,2.000000,polar,0.0,0.0,7.09e-06,1.6775e-05,32,256
sphere,2.000000,polar,0.0,0.0,8.345e-06,1.6211e-05,32,256
sphere,2.000000,polar,0.0,0.0,5.924e-06,5.171e-06,32,256
sphere,2.000000,polar,0.0,0.0,3.087e-06,1.0486e-05,32,256
sphere,2.000000,polar,0.0,0.0,1.133e-05,3.4952e-05,32,256
sphere,2.000000,polar,0.0,0.0,1.2084e-05,3.7847e-05,32,256
sphere,2.000000,polar,0.0,0.0,8.179e-06,2.4245e-05,32,256
sphere,2.000000,polar,0.0,0.0,6.725e-06,1.0801e-05,32,256
sphere,2.000000,polar,0.0,0.0,8.522e-06,2.496e-05,32,256
sphere,2.000000,polar,0.0,0.0,1.5675e-05,3.7422e-05,32,256
sphere,2.000000,polar,0.0,0.0,1.5515e-05,3.7289e-05,32,256
sphere,2.000000,polar,0.0,0.0,8.902e-06,2.1081e-05,32,256
sphere,2.000000,polar,0.0,0.0,1.2459e-05,3.6519e-05,32,256
sphere,2.000000,polar,0.0,0.0,1.3231e-05,3.2373e-05,32,256
sphere,2.000000,polar,0.0,0.0,1.291e-05,3.6401e-05,32,256
sphere,2.000000,polar,0.0,0.0,6.764e-06,5.842e-06,32,256
sphere,2.000000,polar,0.0,0.0,1.1173e-05,3.1631e-05,32,256
sphere,2.000000,polar,0.0,0.0,1.457e-05,4.0071e-05,32,256
sphere,2.000000,polar,0.0,0.0,1.0337e-05,2.9743e-05,32,256
sphere,2.000000,polar,0.0,0.0,1.9252e-05,4.6672e-05,32,256
sphere,2.000000,polar,0.0,0.0,1.5228e-05,3.7466e-05,32,256
sphere,2.000000,polar,0.0,0.0,9.361e-06,2.4797e-05,32,256
sphere,2.000000,polar,0.0,0.0,1.1002e-05,2.949e-05,32,256
sphere,2.000000,polar,0.0,0.0,3.223e-06,8.558e-06,32,256
sphere,2.000000,polar,0.0,0.0,1.0219e-05,2.8572e-05,32,256
sphere,2.000000,polar,0.0,0.0,1.1402e-05,3.1456e-05,32,256
sphere,2.000000,polar,0.0,0.0,3.426e-06,5.661e-06,32,256
sphere,2.000000,polar,0.0,0.0,1.1644e-05,2.9946e-05,32,256
sphere,2.000000,polar,0.0,0.0,8.015e-06,2.395e-05,32,256
sphere,2.000000,polar,0.0,0.0,1.3706e-05,4.2656e-05,32,256
sphere,2.000000,polar,0.0,0.0,1.2218e-05,3.6448e-05,32,256
sphere,2.000000,polar,0.0,0.0,1.0754e-05,3.2662e-05,32,256
sphere,2.000000,polar,0.0,0.0,1.2255e-05,3.83e-05,32,256
sphere,2.000000,polar,0.0,0.0,4.763e-06,1.273e-05,32,256
sphere,2.000000,polar,0.0,0.0,1.678e-05,4.1981e-05,32,256
sphere,2.000000,polar,0.0,0.0,2.1722e-05,4.9402e-05,32,256
sphere,2.000000,polar,0.0,0.0,1.1661e-05,3.5819e-05,32,256
sphere,2.000000,polar,0.0,0.0,1.4036e-05,3.4375e-05,32,256
sphere,2.000000,polar,0.0,0.0,1.1398e-05,3.7268e-05,32,256
sphere,2.000000,polar,0.0,0.0,9.497e-06,2.837e-05,32,256
sphere,2.000000,polar,0.0,0.0,6.959e-06,1.7525e-05,32,256
sphere,2.000000,polar,0.0,0.0,6.218e-06,1.6281e-05,32,256
sphere,2.000000,polar,0.0,0.0,9.804e-06,3.0184e-05,32,256
sphere,2.000000,polar,0.0,0.0,9.21e-06,1.7868e-05,32,256
sphere,2.000000,polar,0.0,0.0,1.2296e-05,3.2785e-05,32,256
sphere,2.000000,polar,0.0,0.0,1.7429e-05,4.2066e-05,32,256
sphere,2.000000,polar,0.0,0.0,1.5881e-05,5.6236e-05,32,256
sphere,2.000000,polar,0.0,0.0,3.532e-06,5.383e-06,32,256
sphere,2.000000,polar,0.0,0.0,6.36e-06,1.16e-05,32,256
sphere,2.000000,polar,0.0,0.0,1.0992e-05,3.1414e-05,32,256
sphere,2.000000,polar,0.0,0.0,1.3066e-05,3.5777e-05,32,256
sphere,2.000000,polar,0.0,0.0,4.71e-06,8.726e-06,32,256
sphere,2.000000,polar,0.0,0.0,1.2187e-05,3.4705e-05,32,256
sphere,2.000000,polar,0.0,0.0,6.461e-06,8.303e-06,32,256
sphere,2.000000,polar,0.0,0.0,1.1122e-05,3.5149e-05,32,256
sphere,2.000000,polar,0.0,0.0,6.414e-06,1.7571e-05,32,256
sphere,2.000000,polar,0.0,0.0,1.3175e-05,3.5532e-05,32,256
sphere,2.000000,polar,0.0,0.0,9.971e-06,4.7367e-05,32,256
sphere,2.000000,polar,0.0,0.0,1.0098e-05,3.2042e-05,32,256
sphere,2.000000,polar,0.0,0.0,2.611e-06,8.238e-06,32,256
sphere,2.000000,polar,0.0,0.0,5.504e-06,8.786e-06,32,256
sphere,2.000000,polar,0.0,0.0,4.191e-06,9.128e-06,32,256
sphere,2.000000,polar,0.0,0.0,4.573e-06,1.0673e-05,32,256
sphere,2.000000,polar,0.0,0.0,9.198e-06,2.0688e-05,32,256
sphere,2.000000,polar,0.0,0.0,4.497e-06,1.3403e-05,32,256
sphere,2.000000,polar,0.0,0.0,7.17e-06,1.4298e-05,32,256
sphere,2.000000,polar,0.0,0.0,1.1367e-05,3.6075e-05,32,256
sphere,2.000000,polar,0.0,0.0,1.0653e-05,2.7118e-05,32,256
sphere,2.000000,polar,0.0,0.0,6.383e-06,1.0837e-05,32,256
sphere,2.000000,polar,0.0,0.0,7.85e-06,1.7026e-05,32,256
sphere,2.000000,polar,0.0,0.0,6.976e-06,2.0917e-05,32,256
sphere,2.000000,polar,0.0,0.0,8.154e-06,2.5716e-05,32,256
sphere,2.000000,polar,0.0,0.0,5.695e-06,9.039e-06,32,256
sphere,2.000000,polar,0.0,0.0,1.6909e-05,4.5496e-05,32,256
sphere,2.000000,polar,0.0,0.0,9.283e-06,2.1723e-05,32,256
sphere,2.000000,polar,0.0,0.0,1.1875e-05,1.9624e-05,32,256
sphere,2.000000,polar,0.0,0.0,9.636e-06,2.7128e-05,32,256
sphere,2.000000,polar,0.0,0.0,1.6124e-05,6.2241e-05,32,256
sphere,2.000000,polar,0.0,0.0,1.7334e-05,4.5177e-05,32,256
sphere,2.000000,polar,0.0,0.0,1.7742e-05,4.1713e-05,32,256
sphere,2.000000,polar,0.0,0.0,4.3347e-05,6.629e-05,32,256
sphere,2.000000,polar,0.0,0.0,1.194e-05,3.2305e-05,32,256
sphere,2.000000,polar,0.0,0.0,2.2314e-05,4.8439e-05,32,256
sphere,2.000000,polar,0.0,0.0,1.4291e-05,3.1105e-05,32,256
sphere,2.000000,polar,0.0,0.0,1.3879e-05,2.5597e-05,32,256
sphere,2.000000,polar,0.0,0.0,1.2312e-05,3.2076e-05,32,256
sphere,2.000000,polar,0.0,0.0,1.4097e-05,3.5397e-05,32,256
sphere,2.000000,polar,0.0,0.0,9.398e-06,1.9968e-05,32,256
sphere,2.000000,polar,0.0,0.0,1.3599e-05,3.4776e-05,32,256
sphere,2.000000,polar,0.0,0.0,9.331e-06,1.9514e-05,32,256
sphere,2.000000,polar,0.0,0.0,8.873e-06,7.218e-06,32,256
sphere,2.000000,polar,0.0,0.0,1.7061e-05,3.4008e-05,32,256
sphere,2.000000,polar,0.0,0.0,9.934e-06,1.8387e-05,32,256
sphere,2.000000,polar,0.0,0.0,8.92e-06,1.4269e-05,32,256
sphere,2.000000,polar,0.0,0.0,1.9075e-05,4.2955e-05,32,256
sphere,2.000000,polar,0.0,0.0,8.607e-06,2.2978e-05,32,256
sphere,2.000000,polar,0.0,0.0,1.2511e-05,2.7137e-05,32,256
sphere,2.000000,polar,0.0,0.0,6.89e-07,2.351e-06,32,256
sphere,2.000000,polar,0.0,0.0,5.684e-06,5.391e-06,32,256
sphere,2.000000,polar,0.0,0.0,1.413e-06,1.239e-06,32,256
sphere,2.000000,polar,0.0,0.0,7.322e-06,9.167e-06,32,256
sphere,2.000000,polar,0.0,0.0,9.077e-06,2.3988e-05,32,256
sphere,2.000000,polar,0.0,0.0,1.2555e-05,2.2264e-05,32,256
sphere,2.000000,polar,0.0,0.0,1.852e-05,4.199e-05,32,256
sphere,2.000000,polar,0.0,0.0,1.0183e-05,1.8743e-05,32,256
sphere,2.000000,polar,0.0,0.0,4.83e-06,1.0085e-05,32,256
sphere,2.000000,polar,0.0,0.0,1.6114e-05,3.2344e-05,32,256
sphere,2.000000,polar,0.0,0.0,9.499e-06,1.1554e-05,32,256
sphere,2.000000,polar,0.0,0.0,1.8117e-05,3.9793e-05,32,256
sphere,2.000000,polar,0.0,0.0,2.1013e-05,4.5266e-05,32,256
sphere,2.000000,polar,0.0,0.0,1.2579e-05,3.2739e-05,32,256
sphere,2.000000,polar,0.0,0.0,7.607e-06,9.706e-06,32,256
sphere,2.000000,polar,0.0,0.0,1.0795e-05,2.7192e-05,32,256
sphere,2.000000,polar,0.0,0.0,1.086e-05,2.7804e-05,32,256
sphere,2.000000,polar,0.0,0.0,1.2483e-05,8.855e-06,32,256
sphere,2.000000,polar,0.0,0.0,1.7021e-05,4.0914e-05,32,256
sphere,2.000000,polar,0.0,0.0,1.5924e-05,3.2981e-05,32,256
sphere,2.000000,polar,0.0,0.0,8.05e-06,1.3657e-05,32,256
sphere,2.000000,polar,0.0,0.0,1.3293e-05,2.8056e-05,32,256
sphere,2.000000,polar,0.0,0.0,7.804e-06,2.31e-05,32,256
sphere,2.000000,polar,0.0,0.0,1.5945e-05,3.6858e-05,32,256
sphere,2.000000,polar,0.0,0.0,6.791e-06,1.2813e-05,32,256
sphere,2.000000,polar,0.0,0.0,1.5735e-05,3.7858e-05,32,256
sphere,2.000000,polar,0.0,0.0,8.99e-06,1.7607e-05,32,256
sphere,2.000000,polar,0.0,0.0,1.1584e-05,2.3246e-05,32,256
sphere,2.000000,polar,0.0,0.0,8.789e-06,1.172e-05,32,256
sphere,2.000000,polar,0.0,0.0,1.505e-05,3.6473e-05,32,256
sphere,2.000000,polar,0.0,0.0,8.352e-06,1.2287e-05,32,256
sphere,2.000000,polar,0.0,0.0,1.3208e-05,4.1967e-05,32,256
sphere,2.000000,polar,0.0,0.0,1.4461e-05,3.7764e-05,32,256
sphere,2.000000,polar,0.0,0.0,8.721e-06,1.319e-05,32,256
sphere,2.000000,polar,0.0,0.0,1.168e-05,3.2812e-05,32,256
sphere,2.000000,polar,0.0,0.0,1.0749e-05,2.6673e-05,32,256
sphere,2.000000,polar,0.0,0.0,9.864e-06,2.8127e-05,32,256
sphere,2.000000,polar,0.0,0.0,1.0623e-05,3.5584e-05,32,256
sphere,2.000000,polar,0.0,0.0,1.1687e-05,3.7212e-05,32,256
sphere,2.000000,polar,0.0,0.0,6.819e-06,1.3325e-05,32,256
sphere,2.000000,polar,0.0,0.0,1.1448e-05,3.4658e-05,32,256
sphere,2.000000,polar,0.0,0.0,1.1782e-05,3.5851e-05,32,256
sphere,2.000000,polar,0.0,0.0,1.549e-05,4.7585e-05,32,256
sphere,2.000000,polar,0.0,0.0,3.653e-06,1.1208e-05,32,256
sphere,2.000000,polar,0.0,0.0,1.0471e-05,3.4306e-05,32,256
sphere,2.000000,polar,0.0,0.0,7.577e-06,1.6658e-05,32,256
sphere,2.000000,polar,0.0,0.0,6.559e-06,1.6668e-05,32,256
sphere,2.000000,polar,0.0,0.0,1.2613e-05,3.4692e-05,32,256
sphere,2.000000,polar,0.0,0.0,9.389e-06,1.7342e-05,32,256
sphere,2.000000,polar,0.0,0.0,1.1185e-05,5.8041e-05,32,256
sphere,2.000000,polar,0.0,0.0,7.799e-06,1.4041e-05,32,256
sphere,2.000000,polar,0.0,0.0,2.0031e-05,4.7112e-05,32,256
sphere,2.000000,polar,0.0,0.0,8.01e-06,1.9294e-05,32,256
sphere,2.000000,polar,0.0,0.0,5.975e-06,1.629e-05,32,256
sphere,2.000000,polar,0.0,0.0,1.4576e-05,4.1986e-05,32,256
sphere,2.000000,polar,0.0,0.0,1.2277e-05,3.998e-05,32,256
sphere,2.000000,polar,0.0,0.0,8.13e-06,1.7212e-05,32,256
sphere,2.000000,polar,0.0,0.0,7.149e-06,1.9177e-05,32,256
sphere,2.000000,polar,0.0,0.0,1.255e-05,3.6073e-05,32,256
sphere,2.000000,polar,0.0,0.0,1.0536e-05,3.4367e-05,32,256
sphere,2.000000,polar,0.0,0.0,8.626e-06,2.6399e-05,32,256
sphere,2.000000,polar,0.0,0.0,1.0359e-05,2.9791e-05,32,256
sphere,2.000000,polar,0.0,0.0,1.207e-05,3.6244e-05,32,256
sphere,2.000000,polar,0.0,0.0,4.088e-06,7.679e-06,32,256
sphere,2.000000,polar,0.0,0.0,7.998e-06,1.1988e-05,32,256
sphere,2.000000,polar,0.0,0.0,2.833e-06,5.269e-06,32,256
sphere,2.000000,polar,0.0,0.0,1.4389e-05,3.6143e-05,32,256
sphere,2.000000,polar,0.0,0.0,5.291e-06,6.778e-06,32,256
sphere,2.000000,polar,0.0,0.0,2.542e-06,7.126e-06,32,256
sphere,2.000000,polar,0.0,0.0,1.3801e-05,3.8982e-05,32,256
sphere,2.000000,polar,0.0,0.0,8.09e-06,1.7454e-05,32,256
sphere,2.000000,polar,0.0,0.0,1.1019e-05,3.5966e-05,32,256
sphere,2.000000,polar,0.0,0.0,2.194e-06,2.984e-06,32,256
sphere,2.000000,polar,0.0,0.0,8.878e-06,1.7543e-05,32,256
sphere,2.000000,polar,0.0,0.0,1.3375e-05,4.5197e-05,32,256
sphere,2.000000,polar,0.0,0.0,1.0326e-05,2.9483e-05,32,256
sphere,2.000000,polar,0.0,0.0,1.0435e-05,3.1842e-05,32,256
sphere,2.000000,polar,0.0,0.0,1.5181e-05,4.5157e-05,32,256
sphere,2.000000,polar,0.0,0.0,1.4571e-05,3.4375e-05,32,256
sphere,2.000000,polar,0.0,0.0,1.0042e-05,3.0673e-05,32,256
sphere,2.000000,polar,0.0,0.0,7.882e-06,2.6379e-05,32,256
sphere,2.000000,polar,0.0,0.0,7.436e-06,1.4026e-05,32,256
sphere,2.000000,polar,0.0,0.0,7.812e-06,2.3474e-05,32,256
sphere,2.000000,polar,0.0,0.0,5.532e-06,1.5841e-05,32,256
sphere,2.000000,polar,0.0,0.0,1.4285e-05,4.1206e-05,32,256
sphere,2.000000,polar,0.0,0.0,9.667e-06,3.224e-05,32,256
sphere,2.000000,polar,0.0,0.0,3.258e-06,1.1177e-05,32,256
sphere,2.000000,polar,0.0,0.0,1.5491e-05,3.6886e-05,32,256
sphere,2.000000,polar,0.0,0.0,9.681e-06,2.7481e-05,32,256
sphere,2.000000,polar,0.0,0.0,1.1157e-05,3.2201e-05,32,256
sphere,2.000000,polar,0.0,0.0,9.511e-06,2.8301e-05,32,256
sphere,2.000000,polar,0.0,0.0,4.568e-06,1.5408e-05,32,256
sphere,2.000000,polar,0.0,0.0,1.4627e-05,3.2288e-05,32,256
sphere,2.000000,polar,0.0,0.0,6.576e-06,1.5272e-05,32,256
sphere,2.000000,polar,0.0,0.0,1.855e-06,5.878e-06,32,256
sphere,2.000000,polar,0.0,0.0,8.089e-06,1.495e-05,32,256
sphere,2.000000,polar,0.0,0.0,5.425e-06,1.1939e-05,32,256
sphere,2.000000,polar,0.0,0.0,3.147e-06,1.0945e-05,32,256
sphere,2.000000,polar,0.0,0.0,7.157e-06,1.6892e-05,32,256
sphere,2.000000,polar,0.0,0.0,1.1727e-05,3.3931e-05,32,256
sphere,2.000000,polar,0.0,0.0,1.984e-06,5.18e-06,32,256
sphere,2.000000,polar,0.0,0.0,4.113e-06,4.114e-06,32,256
sphere,2.000000,polar,0.0,0.0,6.437e-06,1.4779e-05,32,256
sphere,2.000000,polar,0.0,0.0,7.855e-06,1.7222e-05,32,256
sphere,2.000000,polar,0.0,0.0,1.4149e-05,3.6901e-05,32,256
sphere,2.000000,polar,0.0,0.0,8.026e-06,1.4886e-05,32,256
sphere,2.000000,polar,0.0,0.0,1.2614e-05,3.1542e-05,32,256
sphere,2.000000,polar,0.0,0.0,7.044e-06,1.5262e-05,32,256
sphere,2.000000,polar,0.0,0.0,5.03e-06,6.134e-06,32,256
sphere,2.000000,polar,0.0,0.0,1.1826e-05,3.2571e-05,32,256
sphere,2.000000,polar,0.0,0.0,7.93e-06,2.7831e-05,32,256
sphere,2.000000,polar,0.0,0.0,3.178e-06,1.1509e-05,32,256
sphere,2.000000,polar,0.0,0.0,1.1747e-05,3.328e-05,32,256
sphere,2.000000,polar,0.0,0.0,4.766e-06,6.298e-06,32,256
sphere,2.000000,polar,0.0,0.0,8.202e-06,2.3404e-05,32,256
sphere,2.000000,polar,0.0,0.0,9.135e-06,1.8414e-05,32,256
sphere,2.000000,polar,0.0,0.0,6.439e-06,1.6628e-05,32,256
sphere,2.000000,polar,0.0,0.0,1.2253e-05,2.8975e-05,32,256
sphere,2.000000,polar,0.0,0.0,1.315e-05,3.3429e-05,32,256
sphere,2.000000,polar,0.0,0.0,1.0473e-05,3.1893e-05,32,256
sphere,2.000000,polar,0.0,0.0,7.637e-06,1.7909e-05,32,256
sphere,2.000000,polar,0.0,0.0,1.1618e-05,3.0736e-05,32,256
sphere,2.000000,polar,0.0,0.0,1.0717e-05,3.4953e-05,32,256
sphere,2.000000,polar,0.0,0.0,8.439e-06,2.6458e-05,32,256
sphere,2.000000,polar,0.0,0.0,5.463e-06,2.928e-06,32,256
sphere,2.000000,polar,0.0,0.0,1.4371e-05,3.1972e-05,32,256
sphere,2.000000,polar,0.0,0.0,7.716e-06,2.0951e-05,32,256
sphere,2.000000,polar,0.0,0.0,1.1846e-05,3.2883e-05,32,256
sphere,2.000000,polar,0.0,0.0,1.1062e-05,3.6643e-05,32,256
sphere,2.000000,polar,0.0,0.0,6.07e-06,5.491e-06,32,256
sphere,2.000000,polar,0.0,0.0,1.3662e-05,3.4506e-05,32,256
sphere,2.000000,polar,0.0,0.0,1.1591e-05,3.1926e-05,32,256
sphere,2.000000,polar,0.0,0.0,1.1082e-05,3.0904e-05,32,256
sphere,2.000000,polar,0.0,0.0,3.615e-06,5.629e-06,32,256
sphere,2.000000,polar,0.0,0.0,9.411e-06,1.6938e-05,32,256
sphere,2.000000,polar,0.0,0.0,9.018e-06,2.2656e-05,32,256
sphere,2.000000,polar,0.0,0.0,1.221e-06,2.258e-06,32,256
sphere,2.000000,polar,0.0,0.0,6.742e-06,2.2474e-05,32,256
sphere,2.000000,polar,0.0,0.0,2.354e-06,6.383e-06,32,256
sphere,2.000000,polar,0.0,0.0,1.313e-05,3.2804e-05,32,256
sphere,2.000000,polar,0.0,0.0,1.169e-05,3.3955e-05,32,256
sphere,2.000000,polar,0.0,0.0,8.17e-06,2.0955e-05,32,256
sphere,2.000000,polar,0.0,0.0,1.1297e-05,3.3127e-05,32,256
sphere,2.000000,polar,0.0,0.0,1.0752e-05,2.3299e-05,32,256
sphere,2.000000,polar,0.0,0.0,9.913e-06,2.399e-05,32,256
sphere,2.000000,polar,0.0,0.0,6.595e-06,1.4106e-05,32,256
sphere,2.000000,polar,0.0,0.0,1.2209e-05,3.7772e-05,32,256
sphere,2.000000,polar,0.0,0.0,7.655e-06,1.4697e-05,32,256
sphere,2.000000,polar,0.0,0.0,1.031e-05,3.0939e-05,32,256
sphere,2.000000,polar,0.0,0.0,6.072e-06,8.459e-06,32,256
sphere,2.000000,polar,0.0,0.0,5.835e-06,1.4087e-05,32,256
sphere,2.000000,polar,0.0,0.0,6.732e-06,1.6052e-05,32,256
sphere,2.000000,polar,0.0,0.0,4.12e-06,1.0109e-05,32,256
sphere,2.000000,polar,0.0,0.0,1.0767e-05,3.307e-05,32,256
sphere,2.000000,polar,0.0,0.0,2.2629e-05,2.4986e-05,32,256
sphere,2.000000,polar,0.0,0.0,4.366e-06,1.1995e-05,32,256
sphere,2.000000,polar,0.0,0.0,6.349e-06,1.4055e-05,32,256
sphere,2.000000,polar,0.0,0.0,6.552e-06,1.8302e-05,32,256
sphere,2.000000,polar,0.0,0.0,1.0488e-05,2.8788e-05,32,256
sphere,2.000000,polar,0.0,0.0,1.0202e-05,1.7993e-05,32,256
sphere,2.000000,polar,0.0,0.0,1.109e-05,2.9015e-05,32,256
sphere,2.000000,polar,0.0,0.0,8.018e-06,2.5243e-05,32,256
sphere,2.000000,polar,0.0,0.0,5.867e-06,1.2949e-05,32,256
sphere,2.000000,polar,0.0,0.0,8.998e-06,2.5609e-05,32,256
sphere,2.000000,polar,0.0,0.0,6.969e-06,2.4887e-05,32,256
sphere,2.000000,polar,0.0,0.0,1.6214e-05,5.114e-05,32,256
sphere,2.000000,polar,0.0,0.0,9.449e-06,2.9042e-05,32,256
sphere,2.000000,polar,0.0,0.0,1.6998e-05,4.4914e-05,32,256
sphere,2.000000,polar,0.0,0.0,4.926e-06,8.27e-07,32,256
sphere,2.000000,polar,0.0,0.0,9.634e-06,2.0646e-05,32,256
sphere,2.000000,polar,0.0,0.0,1.516e-05,3.7371e-05,32,256
sphere,2.000000,polar,0.0,0.0,1.0373e-05,3.1406e-05,32,256
sphere,2.000000,polar,0.0,0.0,6.551e-06,1.7025e-05,32,256
sphere,2.000000,polar,0.0,0.0,1.1044e-05,4.0977e-05,32,256
sphere,2.000000,polar,0.0,0.0,8.862e-06,1.8777e-05,32,256
sphere,2.000000,polar,0.0,0.0,1.1006e-05,3.2802e-05,32,256
sphere,2.000000,polar,0.0,0.0,7.695e-06,1.3648e-05,32,256
sphere,2.000000,polar,0.0,0.0,1.5878e-05,1.2754e-05,32,256
sphere,2.000000,polar,0.0,0.0,5.327e-06,8.643e-06,32,256
sphere,2.000000,polar,0.0,0.0,7.277e-06,1.3935e-05,32,256
sphere,2.000000,polar,0.0,0.0,1.1476e-05,3.4852e-05,32,256
sphere,2.000000,polar,0.0,0.0,1.3237e-05,3.4912e-05,32,256
sphere,2.000000,polar,0.0,0.0,6.575e-06,2.3495e-05,32,256
sphere,2.000000,polar,0.0,0.0,1.0236e-05,2.8317e-05,32,256
sphere,2.000000,polar,0.0,0.0,1.2447e-05,3.5635e-05,32,256
sphere,2.000000,polar,0.0,0.0,1.4716e-05,3.7882e-05,32,256
sphere,2.000000,polar,0.0,0.0,1.1046e-05,2.716e-05,32,256
sphere,2.000000,polar,0.0,0.0,1.1195e-05,1.8504e-05,32,256
sphere,2.000000,polar,0.0,0.0,1.3038e-05,2.7907e-05,32,256
sphere,2.000000,polar,0.0,0.0,9.957e-06,1.6401e-05,32,256
sphere,2.000000,polar,0.0,0.0,8.944e-06,1.3506e-05,32,256
sphere,2.000000,polar,0.0,0.0,1.1091e-05,3.5253e-05,32,256
sphere,2.000000,polar,0.0,0.0,9.771e-06,2.8481e-05,32,256
sphere,2.000000,polar,0.0,0.0,1.4786e-05,4.0709e-05,32,256
sphere,2.000000,polar,0.0,0.0,9.956e-06,3.0856e-05,32,256
sphere,2.000000,polar,0.0,0.0,1.1432e-05,3.5713e-05,32,256
sphere,2.000000,polar,0.0,0.0,9.415e-06,2.7765e-05,32,256
sphere,2.000000,polar,0.0,0.0,9.579e-06,1.9019e-05,32,256
sphere,2.000000,polar,0.0,0.0,3.619e-06,9.659e-06,32,256
sphere,2.000000,polar,0.0,0.0,6.337e-06,2.1293e-05,32,256
sphere,2.000000,polar,0.0,0.0,1.0001e-05,3.0004e-05,32,256
sphere,2.000000,polar,0.0,0.0,1.1079e-05,2.908e-05,32,256
sphere,2.000000,polar,0.0,0.0,8.534e-06,2.4211e-05,32,256
sphere,2.000000,polar,0.0,0.0,9.599e-06,2.0605e-05,32,256
sphere,2.000000,polar,0.0,0.0,7.2e-06,3.4741e-05,32,256
sphere,2.000000,polar,0.0,0.0,6.961e-06,1.8948e-05,32,256
sphere,2.000000,polar,0.0,0.0,7.144e-06,1.9827e-05,32,256
sphere,2.000000,polar,0.0,0.0,1.4116e-05,5.0874e-05,32,256
sphere,2.000000,polar,0.0,0.0,8.9e-06,3.1353e-05,32,256
sphere,2.000000,polar,0.0,0.0,1.1544e-05,3.0819e-05,32,256
sphere,2.000000,polar,0.0,0.0,1.3204e-05,4.0474e-05,32,256
sphere,2.000000,polar,0.0,0.0,7.727e-06,2.2582e-05,32,256
sphere,2.000000,polar,0.0,0.0,1.3234e-05,3.3727e-05,32,256
sphere,2.000000,polar,0.0,0.0,8.401e-06,1.7846e-05,32,256
sphere,2.000000,polar,0.0,0.0,7.242e-06,9.339e-06,32,256
sphere,2.000000,polar,0.0,0.0,3.685e-06,4.6e-06,32,256
sphere,2.000000,polar,0.0,0.0,2.805e-06,7e-06,32,256
sphere,2.000000,polar,0.0,0.0,7.963e-06,1.1039e-05,32,256
sphere,2.000000,polar,0.0,0.0,4.17e-06,1.1698e-05,32,256
sphere,2.000000,polar,0.0,0.0,1.115e-05,3.0428e-05,32,256
sphere,2.000000,polar,0.0,0.0,6.886e-06,1.6303e-05,32,256
sphere,2.000000,polar,0.0,0.0,9.473e-06,2.1503e-05,32,256
sphere,2.000000,polar,0.0,0.0,7.482e-06,2.0241e-05,32,256
sphere,2.000000,polar,0.0,0.0,1.1384e-05,3.709e-05,32,256
sphere,2.000000,polar,0.0,0.0,1.326e-05,3.7587e-05,32,256
sphere,2.000000,polar,0.0,0.0,1.0875e-05,3.7065e-05,32,256
sphere,2.000000,polar,0.0,0.0,8.71e-06,2.1997e-05,32,256
sphere,2.000000,polar,0.0,0.0,8.843e-06,1.9887e-05,32,256
sphere,2.000000,polar,0.0,0.0,5.139e-06,1.827e-06,32,256
sphere,2.000000,polar,0.0,0.0,4.55e-06,8.992e-06,32,256
sphere,2.000000,polar,0.0,0.0,1.2416e-05,3.5913e-05,32,256
sphere,2.000000,polar,0.0,0.0,3.598e-06,7.778e-06,32,256
sphere,2.000000,polar,0.0,0.0,1.0441e-05,3.8196e-05,32,256
sphere,2.000000,polar,0.0,0.0,7.598e-06,4.0226e-05,32,256
sphere,2.000000,polar,0.0,0.0,1.4142e-05,4.1501e-05,32,256
sphere,2.000000,polar,0.0,0.0,1.2228e-05,3.1185e-05,32,256
sphere,2.000000,polar,0.0,0.0,1.337e-05,3.9682e-05,32,256
sphere,2.000000,polar,0.0,0.0,1.0327e-05,3.6682e-05,32,256
sphere,2.000000,polar,0.0,0.0,5.12e-06,6.639e-06,32,256
sphere,2.000000,polar,0.0,0.0,2.41e-06,3.82e-06,32,256
sphere,2.000000,polar,0.0,0.0,1.1242e-05,3.3457e-05,32,256
sphere,2.000000,polar,0.0,0.0,1.2852e-05,3.334e-05,32,256
sphere,2.000000,polar,0.0,0.0,5.763e-06,1.5053e-05,32,256
sphere,2.000000,polar,0.0,0.0,1.1012e-05,3.1704e-05,32,256
sphere,2.000000,polar,0.0,0.0,5.913e-06,6.373e-06,32,256
sphere,2.000000,polar,0.0,0.0,1.3462e-05,4.1824e-05,32,256
sphere,2.000000,polar,0.0,0.0,9.588e-06,2.0498e-05,32,256
sphere,2.000000,polar,0.0,0.0,6.799e-06,1.9978e-05,32,256
sphere,2.000000,polar,0.0,0.0,1.2811e-05,3.5494e-05,32,256
sphere,2.000000,polar,0.0,0.0,1.0092e-05,2.9371e-05,32,256
sphere,2.000000,polar,0.0,0.0,7.313e-06,1.2699e-05,32,256
sphere,2.000000,polar,0.0,0.0,6.188e-06,7.777e-06,32,256
sphere,2.000000,polar,0.0,0.0,5.833e-06,1.8078e-05,32,256
sphere,2.000000,polar,0.0,0.0,9.003e-06,2.6715e-05,32,256
sphere,2.000000,polar,0.0,0.0,3.482e-06,8.357e-06,32,256
sphere,2.000000,polar,0.0,0.0,8.793e-06,2.4651e-05,32,256
sphere,2.000000,polar,0.0,0.0,1.1511e-05,3.3623e-05,32,256
sphere,2.000000,polar,0.0,0.0,1.3346e-05,4.1264e-05,32,256
sphere,2.000000,polar,0.0,0.0,8.691e-06,2.7229e-05,32,256
sphere,2.000000,polar,0.0,0.0,6.014e-06,3.876e-06,32,256
sphere,2.000000,polar,0.0,0.0,7.09e-06,1.9103e-05,32,256
sphere,2.000000,polar,0.0,0.0,6.745e-06,9.009e-06,32,256
sphere,2.000000,polar,0.0,0.0,6.321e-06,1.8523e-05,32,256
sphere,2.000000,polar,0.0,0.0,8.02e-06,1.6395e-05,32,256
sphere,2.000000,polar,0.0,0.0,9.397e-06,2.7196e-05,32,256
sphere,2.000000,polar,0.0,0.0,6.742e-06,2.1123e-05,32,256
sphere,2.000000,polar,0.0,0.0,2.212e-06,6.668e-06,32,256
sphere,2.000000,polar,0.0,0.0,6.657e-06,1.9917e-05,32,256
sphere,2.000000,polar,0.0,0.0,1.434e-05,4.3607e-05,32,256
sphere,2.000000,polar,0.0,0.0,6.153e-06,2.1064e-05,32,256
sphere,2.000000,polar,0.0,0.0,8.153e-06,2.912e-05,32,256
sphere,2.000000,polar,0.0,0.0,6.25e-06,7.22e-06,32,256
sphere,2.000000,polar,0.0,0.0,1.2292e-05,3.5763e-05,32,256
sphere,2.000000,polar,0.0,0.0,1.1024e-05,2.7176e-05,32,256
sphere,2.000000,polar,0.0,0.0,8.617e-06,9.319e-06,32,256
sphere,2.000000,polar,0.0,0.0,9.536e-06,1.5861e-05,32,256
sphere,2.000000,polar,0.0,0.0,1.4714e-05,3.7216e-05,32,256
sphere,2.000000,polar,0.0,0.0,1.616e-05,4.3504e-05,32,256
sphere,2.000000,polar,0.0,0.0,3.315e-06,1.2096e-05,32,256
sphere,2.000000,polar,0.0,0.0,1.0479e-05,1.7377e-05,32,256
sphere,2.000000,polar,0.0,0.0,1.3289e-05,3.0729e-05,32,256
sphere,2.000000,polar,0.0,0.0,5.244e-06,1.1542e-05,32,256
sphere,2.000000,polar,0.0,0.0,1.2815e-05,3.6616e-05,32,256
sphere,2.000000,polar,0.0,0.0,5.352e-06,3.205e-06,32,256
sphere,2.000000,polar,0.0,0.0,1.6382e-05,4.7516e-05,32,256
sphere,2.000000,polar,0.0,0.0,1.0602e-05,2.8434e-05,32,256
sphere,2.000000,polar,0.0,0.0,7.702e-06,3.5027e-05,32,256
sphere,2.000000,polar,0.0,0.0,9.058e-06,2.5942e-05,32,256
sphere,2.000000,polar,0.0,0.0,1.3733e-05,3.8679e-05,32,256
sphere,2.000000,polar,0.0,0.0,1.0835e-05,2.6485e-05,32,256
sphere,2.000000,polar,0.0,0.0,5.751e-06,1.4624e-05,32,256
sphere,2.000000,polar,0.0,0.0,1.2414e-05,2.5958e-05,32,256
sphere,2.000000,polar,0.0,0.0,7.012e-06,2.0883e-05,32,256
sphere,2.000000,polar,0.0,0.0,7.745e-06,8.733e-06,32,256
sphere,2.000000,polar,0.0,0.0,1.2968e-05,3.6988e-05,32,256
sphere,2.000000,polar,0.0,0.0,9.364e-06,2.669e-05,32,256
sphere,2.000000,polar,0.0,0.0,8.27e-06,1.3106e-05,32,256
sphere,2.000000,polar,0.0,0.0,1.3694e-05,3.9782e-05,32,256
sphere,2.000000,polar,0.0,0.0,1.1972e-05,4.0165e-05,32,256
sphere,2.000000,polar,0.0,0.0,7.396e-06,1.7689e-05,32,256
sphere,2.000000,polar,0.0,0.0,5.289e-06,1.5583e-05,32,256
sphere,2.000000,polar,0.0,0.0,1.751e-05,4.7871e-05,32,256
sphere,2.000000,polar,0.0,0.0,1.3639e-05,4.121e-05,32,256
sphere,2.000000,polar,0.0,0.0,1.3332e-05,3.4477e-05,32,256
sphere,2.000000,polar,0.0,0.0,8.083e-06,1.9431e-05,32,256
sphere,2.000000,polar,0.0,0.0,1.0627e-05,2.3244e-05,32,256
sphere,2.000000,polar,0.0,0.0,8.285e-06,2.1555e-05,32,256
sphere,2.000000,polar,0.0,0.0,1.2517e-05,3.1028e-05,32,256
sphere,2.000000,polar,0.0,0.0,8.458e-06,1.643e-05,32,256
sphere,2.000000,polar,0.0,0.0,1.3607e-05,2.878e-05,32,256
sphere,2.000000,polar,0.0,0.0,7.838e-06,1.8533e-05,32,256
sphere,2.000000,polar,0.0,0.0,1.5791e-05,5.9813e-05,32,256
sphere,2.000000,polar,0.0,0.0,5.05e-07,0,32,256
sphere,2.000000,polar,0.0,0.0,1.9701e-05,4.653e-05,32,256
sphere,2.000000,polar,0.0,0.0,1.1885e-05,2.0677e-05,32,256
sphere,2.000000,polar,0.0,0.0,7.834e-06,1.2748e-05,32,256
sphere,2.000000,polar,0.0,0.0,1.5054e-05,3.3103e-05,32,256
sphere,2.000000,polar,0.0,0.0,7.634e-06,8.954e-06,32,256
sphere,2.000000,polar,0.0,0.0,1.214e-05,2.067e-05,32,256
sphere,2.000000,polar,0.0,0.0,1.625e-05,2.3886e-05,32,256
sphere,2.000000,polar,0.0,0.0,1.1621e-05,2.6936e-05,32,256
sphere,2.000000,polar,0.0,0.0,2.1461e-05,4.2202e-05,32,256
sphere,2.000000,polar,0.0,0.0,1.476e-05,3.6759e-05,32,256
sphere,2.000000,polar,0.0,0.0,4.517e-06,1.0118e-05,32,256
sphere,2.000000,polar,0.0,0.0,2.3077e-05,5.0472e-05,32,256
sphere,2.000000,polar,0.0,0.0,1.1469e-05,1.313e-05,32,256
sphere,2.000000,polar,0.0,0.0,9.352e-06,1.8312e-05,32,256
sphere,2.000000,polar,0.0,0.0,1.2698e-05,2.6236e-05,32,256
sphere,2.000000,polar,0.0,0.0,9.398e-06,1.9312e-05,32,256
sphere,2.000000,polar,0.0,0.0,1.1556e-05,2.6838e-05,32,256
sphere,2.000000,polar,0.0,0.0,1.3199e-05,3.6434e-05,32,256
sphere,2.000000,polar,0.0,0.0,6.406e-06,5.712e-06,32,256
sphere,2.000000,polar,0.0,0.0,1.1593e-05,4.6341e-05,32,256
sphere,2.000000,polar,0.0,0.0,1.1059e-05,3.1023e-05,32,256
sphere,2.000000,polar,0.0,0.0,1.096e-05,1.9086e-05,32,256
sphere,2.000000,polar,0.0,0.0,6.466e-06,7.987e-06,32,256
sphere,2.000000,polar,0.0,0.0,1.6872e-05,3.5768e-05,32,256
sphere,2.000000,polar,0.0,0.0,1.8946e-05,4.9571e-05,32,256
sphere,2.000000,polar,0.0,0.0,2.7506e-05,2.4016e-05,32,256
sphere,2.000000,polar,0.0,0.0,1.9207e-05,4.8e-05,32,256
sphere,2.000000,polar,0.0,0.0,1.5257e-05,4.4022e-05,32,256
sphere,2.000000,polar,0.0,0.0,1.0673e-05,3.671e-05,32,256
sphere,2.000000,polar,0.0,0.0,8.825e-06,1.4128e-05,32,256
sphere,2.000000,polar,0.0,0.0,1.4419e-05,4.1054e-05,32,256
sphere,2.000000,polar,0.0,0.0,1.157e-05,2.5577e-05,32,256
sphere,2.000000,polar,0.0,0.0,1.1393e-05,3.0317e-05,32,256
sphere,2.000000,polar,0.0,0.0,6.251e-06,1.2378e-05,32,256
sphere,2.000000,polar,0.0,0.0,4.81e-06,3.444e-06,32,256
sphere,2.000000,polar,0.0,0.0,7.086e-06,1.0451e-05,32,256
sphere,2.000000,polar,0.0,0.0,1.6235e-05,3.3644e-05,32,256
sphere,2.000000,polar,0.0,0.0,6.821e-06,1.1873e-05,32,256
sphere,2.000000,polar,0.0,0.0,1.5822e-05,4.1598e-05,32,256
sphere,2.000000,polar,0.0,0.0,1.1557e-05,2.9194e-05,32,256
sphere,2.000000,polar,0.0,0.0,9.993e-06,1.7211e-05,32,256
sphere,2.000000,polar,0.0,0.0,1.029e-05,1.7118e-05,32,256
sphere,2.000000,polar,0.0,0.0,4.315e-06,9.009e-06,32,256
sphere,2.000000,polar,0.0,0.0,1.2869e-05,2.3164e-05,32,256
sphere,2.000000,polar,0.0,0.0,9.506e-06,2.4086e-05,32,256
sphere,2.000000,polar,0.0,0.0,1.1442e-05,3.0021e-05,32,256
sphere,2.000000,polar,0.0,0.0,1.2173e-05,3.0641e-05,32,256
sphere,2.000000,polar,0.0,0.0,9.985e-06,2.0491e-05,32,256
sphere,2.000000,polar,0.0,0.0,9.365e-06,2.9498e-05,32,256
sphere,2.000000,polar,0.0,0.0,2.871e-06,6.925e-06,32,256
sphere,2.000000,polar,0.0,0.0,1.2344e-05,3.3821e-05,32,256
sphere,2.000000,polar,0.0,0.0,9.067e-06,1.8043e-05,32,256
sphere,2.000000,polar,0.0,0.0,1.5982e-05,3.2512e-05,32,256
sphere,2.000000,polar,0.0,0.0,1.4418e-05,2.3402e-05,32,256
sphere,2.000000,polar,0.0,0.0,2.0963e-05,4.1809e-05,32,256
sphere,2.000000,polar,0.0,0.0,1.3723e-05,3.1785e-05,32,256
sphere,2.000000,polar,0.0,0.0,1.2359e-05,3.072e-05,32,256
sphere,2.000000,polar,0.0,0.0,1.5107e-05,4.4705e-05,32,256
sphere,2.000000,polar,0.0,0.0,6.661e-06,1.0048e-05,32,256
sphere,2.000000,polar,0.0,0.0,1.9821e-05,4.7422e-05,32,256
sphere,2.000000,polar,0.0,0.0,1.4553e-05,3.4523e-05,32,256
sphere,2.000000,polar,0.0,0.0,6.583e-06,8.424e-06,32,256
sphere,2.000000,polar,0.0,0.0,2.5633e-05,7.5997e-05,32,256
sphere,2.000000,polar,0.0,0.0,1.2291e-05,2.5696e-05,32,256
sphere,2.000000,polar,0.0,0.0,1.1405e-05,1.9778e-05,32,256
sphere,2.000000,polar,0.0,0.0,1.2835e-05,3.8181e-05,32,256
sphere,2.000000,polar,0.0,0.0,6.055e-06,1.476e-05,32,256
sphere,2.000000,polar,0.0,0.0,1.0641e-05,2.8891e-05,32,256
sphere,2.000000,polar,0.0,0.0,7.094e-06,1.9084e-05,32,256
sphere,2.000000,polar,0.0,0.0,9.859e-06,2.7858e-05,32,256
sphere,2.000000,polar,0.0,0.0,4.735e-06,1.397e-05,32,256
sphere,2.000000,polar,0.0,0.0,1.2647e-05,3.4867e-05,32,256
sphere,2.000000,polar,0.0,0.0,7.872e-06,1.543e-05,32,256
sphere,2.000000,polar,0.0,0.0,4.112e-06,1.9201e-05,32,256
sphere,2.000000,polar,0.0,0.0,9.668e-06,2.0726e-05,32,256
sphere,2.000000,polar,0.0,0.0,9.703e-06,2.7138e-05,32,256
sphere,2.000000,polar,0.0,0.0,4.761e-06,1.0616e-05,32,256
sphere,2.000000,polar,0.0,0.0,1.149e-05,2.2031e-05,32,256
sphere,2.000000,polar,0.0,0.0,2.4151e-05,8.605e-06,32,256
sphere,2.000000,polar,0.0,0.0,7.105e-06,2.0782e-05,32,256
sphere,2.000000,polar,0.0,0.0,1.1206e-05,3.3143e-05,32,256
sphere,2.000000,polar,0.0,0.0,1.0229e-05,2.3005e-05,32,256
sphere,2.000000,polar,0.0,0.0,1.1053e-05,4.4381e-05,32,256
sphere,2.000000,polar,0.0,0.0,9.845e-06,2.3144e-05,32,256
sphere,2.000000,polar,0.0,0.0,8.056e-06,2.232e-05,32,256
sphere,2.000000,polar,0.0,0.0,8.941e-06,2.8914e-05,32,256
sphere,2.000000,polar,0.0,0.0,7.806e-06,1.7908e-05,32,256
sphere,2.000000,polar,0.0,0.0,4.267e-06,8.129e-06,32,256
sphere,2.000000,polar,0.0,0.0,1.2852e-05,3.7005e-05,32,256
sphere,2.000000,polar,0.0,0.0,1.162e-05,3.5219e-05,32,256
sphere,2.000000,polar,0.0,0.0,6.751e-06,1.5926e-05,32,256
sphere,2.000000,polar,0.0,0.0,8.375e-06,1.5343e-05,32,256
sphere,2.000000,polar,0.0,0.0,5.899e-06,5.171e-06,32,256
sphere,2.000000,polar,0.0,0.0,3.241e-06,1.0982e-05,32,256
sphere,2.000000,polar,0.0,0.0,1.127e-05,3.2861e-05,32,256
sphere,2.000000,polar,0.0,0.0,1.2682e-05,3.6648e-05,32,256
sphere,2.000000,polar,0.0,0.0,8.296e-06,2.4172e-05,32,256
sphere,2.000000,polar,0.0,0.0,7.275e-06,1.1149e-05,32,256
sphere,2.000000,polar,0.0,0.0,8.77e-06,2.2231e-05,32,256
sphere,2.000000,polar,0.0,0.0,1.563e-05,4.0107e-05,32,256
sphere,2.000000,polar,0.0,0.0,1.2593e-05,3.8002e-05,32,256
sphere,2.000000,polar,0.0,0.0,1.0688e-05,2.5006e-05,32,256
sphere,2.000000,polar,0.0,0.0,1.2381e-05,4.0025e-05,32,256
sphere,2.000000,polar,0.0,0.0,1.3417e-05,3.2877e-05,32,256
sphere,2.000000,polar,0.0,0.0,1.3103e-05,3.9471e-05,32,256
sphere,2.000000,polar,0.0,0.0,6.721e-06,6.619e-06,32,256
sphere,2.000000,polar,0.0,0.0,1.1053e-05,3.0982e-05,32,256
sphere,2.000000,polar,0.0,0.0,1.4238e-05,4.1458e-05,32,256
sphere,2.000000,polar,0.0,0.0,9.954e-06,2.8808e-05,32,256
sphere,2.000000,polar,0.0,0.0,1.9068e-05,4.5781e-05,32,256
sphere,2.000000,polar,0.0,0.0,1.4286e-05,4.0823e-05,32,256
sphere,2.000000,polar,0.0,0.0,7.398e-06,2.2618e-05,32,256
sphere,2.000000,polar,0.0,0.0,1.1749e-05,3.0456e-05,32,256
sphere,2.000000,polar,0.0,0.0,3.408e-06,8.816e-06,32,256
sphere,2.000000,polar,0.0,0.0,1.0227e-05,2.6922e-05,32,256
sphere,2.000000,polar,0.0,0.0,1.5542e-05,3.2506e-05,32,256
sphere,2.000000,polar,0.0,0.0,4.26e-06,6.456e-06,32,256
sphere,2.000000,polar,0.0,0.0,1.3226e-05,3.4915e-05,32,256
sphere,2.000000,polar,0.0,0.0,9.353e-06,2.3914e-05,32,256
sphere,2.000000,polar,0.0,0.0,1.461e-05,4.6054e-05,32,256
sphere,2.000000,polar,0.0,0.0,1.2415e-05,3.9612e-05,32,256
sphere,2.000000,polar,0.0,0.0,1.1398e-05,3.3634e-05,32,256
sphere,2.000000,polar,0.0,0.0,1.2253e-05,2.9099e-05,32,256
sphere,2.000000,polar,0.0,0.0,4.88e-06,1.2961e-05,32,256
sphere,2.000000,polar,0.0,0.0,1.3167e-05,3.8579e-05,32,256
sphere,2.000000,polar,0.0,0.0,1.3589e-05,3.8762e-05,32,256
sphere,2.000000,polar,0.0,0.0,1.1261e-05,3.4634e-05,32,256
sphere,2.000000,polar,0.0,0.0,1.3963e-05,3.1864e-05,32,256
sphere,2.000000,polar,0.0,0.0,1.1514e-05,3.3883e-05,32,256
sphere,2.000000,polar,0.0,0.0,9.851e-06,2.8965e-05,32,256
sphere,2.000000,polar,0.0,0.0,6.941e-06,1.8018e-05,32,256
sphere,2.000000,polar,0.0,0.0,6.555e-06,1.5949e-05,32,256
sphere,2.000000,polar,0.0,0.0,9.345e-06,2.8366e-05,32,256
sphere,2.000000,polar,0.0,0.0,9.446e-06,1.9295e-05,32,256
sphere,2.000000,polar,0.0,0.0,1.1382e-05,3.5696e-05,32,256
sphere,2.000000,polar,0.0,0.0,1.2889e-05,4.402e-05,32,256
sphere,2.000000,polar,0.0,0.0,1.543e-05,4.862e-05,32,256
sphere,2.000000,polar,0.0,0.0,4.061e-06,5.749e-06,32,256
sphere,2.000000,polar,0.0,0.0,7.079e-06,1.6257e-05,32,256
sphere,2.000000,polar,0.0,0.0,1.128e-05,3.0908e-05,32,256
sphere,2.000000,polar,0.0,0.0,1.6451e-05,3.7044e-05,32,256
sphere,2.000000,polar,0.0,0.0,4.917e-06,8.585e-06,32,256
sphere,2.000000,polar,0.0,0.0,1.281e-05,3.5775e-05,32,256
sphere,2.000000,polar,0.0,0.0,6.277e-06,8.641e-06,32,256
sphere,2.000000,polar,0.0,0.0,1.1038e-05,3.2322e-05,32,256
sphere,2.000000,polar,0.0,0.0,6.227e-06,1.7851e-05,32,256
sphere,2.000000,polar,0.0,0.0,1.3198e-05,3.4457e-05,32,256
sphere,2.000000,polar,0.0,0.0,1.983e-05,4.1376e-05,32,256
sphere,2.000000,polar,0.0,0.0,1.9958e-05,4.9508e-05,32,256
sphere,2.000000,polar,0.0,0.0,3.939e-06,1.6337e-05,32,256
sphere,2.000000,polar,0.0,0.0,5.528e-06,3.0123e-05,32,256
sphere,2.000000,polar,0.0,0.0,4.48e-06,9.359e-06,32,256
sphere,2.000000,polar,0.0,0.0,4.541e-06,1.1315e-05,32,256
sphere,2.000000,polar,0.0,0.0,9.586e-06,2.0267e-05,32,256
sphere,2.000000,polar,0.0,0.0,4.858e-06,1.3564e-05,32,256
sphere,2.000000,polar,0.0,0.0,7.284e-06,1.5267e-05,32,256
sphere,2.000000,polar,0.0,0.0,1.0977e-05,3.4063e-05,32,256
sphere,2.000000,polar,0.0,0.0,1.019e-05,2.9129e-05,32,256
sphere,2.000000,polar,0.0,0.0,6.481e-06,1.115e-05,32,256
sphere,2.000000,polar,0.0,0.0,8.233e-06,1.8379e-05,32,256
sphere,2.000000,polar,0.0,0.0,7.24e-06,2.0978e-05,32,256
sphere,2.000000,polar,0.0,0.0,8.307e-06,2.4915e-05,32,256
sphere,2.000000,polar,0.0,0.0,6.058e-06,9.237e-06,32,256
sphere,2.000000,polar,0.0,0.0,1.5343e-05,4.5688e-05,32,256
sphere,2.000000,polar,0.0,0.0,7.025e-06,2.0933e-05,32,256
sphere,2.000000,polar,0.0,0.0,9.243e-06,1.886e-05,32,256
sphere,2.000000,polar,0.0,0.0,7.501e-06,2.3786e-05,32,256
sphere,2.000000,polar,0.0,0.0,1.2687e-05,3.5293e-05,32,256
sphere,2.000000,polar,0.0,0.0,1.35e-05,4.2833e-05,32,256
sphere,2.000000,polar,0.0,0.0,1.0165e-05,2.732e-05,32,256
sphere,2.000000,polar,0.0,0.0,1.2649e-05,4.64e-05,32,256
sphere,2.000000,polar,0.0,0.0,8.709e-06,2.95e-05,32,256
sphere,2.000000,polar,0.0,0.0,1.6744e-05,4.1038e-05,32,256
sphere,2.000000,polar,0.0,0.0,1.0859e-05,3.0157e-05,32,256
sphere,2.000000,polar,0.0,0.0,4.3379e-05,2.4348e-05,32,256
sphere,2.000000,polar,0.0,0.0,9.661e-06,2.6872e-05,32,256
sphere,2.000000,polar,0.0,0.0,8.617e-06,3.1258e-05,32,256
sphere,2.000000,polar,0.0,0.0,6.828e-06,1.8469e-05,32,256
sphere,2.000000,polar,0.0,0.0,1.0457e-05,3.2267e-05,32,256
sphere,2.000000,polar,0.0,0.0,7.538e-06,1.867e-05,32,256
sphere,2.000000,polar,0.0,0.0,7.406e-06,6.206e-06,32,256
sphere,2.000000,polar,0.0,0.0,1.2343e-05,3.1179e-05,32,256
sphere,2.000000,polar,0.0,0.0,7.371e-06,1.6964e-05,32,256
sphere,2.000000,polar,0.0,0.0,6.938e-06,1.3859e-05,32,256
sphere,2.000000,polar,0.0,0.0,1.5698e-05,3.9437e-05,32,256
sphere,2.000000,polar,0.0,0.0,5.833e-06,2.063e-05,32,256
sphere,2.000000,polar,0.0,0.0,9.607e-06,2.5157e-05,32,256
sphere,2.000000,polar,0.0,0.0,6.7e-07,2.324e-06,32,256
sphere,2.000000,polar,0.0,0.0,4.362e-06,4.85e-06,32,256
sphere,2.000000,polar,0.0,0.0,7.72e-07,1.497e-06,32,256
sphere,2.000000,polar,0.0,0.0,5.863e-06,8.292e-06,32,256
sphere,2.000000,polar,0.0,0.0,6.777e-06,3.0493e-05,32,256
sphere,2.000000,polar,0.0,0.0,9.345e-06,2.2092e-05,32,256
sphere,2.000000,polar,0.0,0.0,2.8593e-05,4.0756e-05,32,256
sphere,2.000000,polar,0.0,0.0,8.687e-06,1.7782e-05,32,256
sphere,2.000000,polar,0.0,0.0,5.089e-06,9.991e-06,32,256
sphere,2.000000,polar,0.0,0.0,1.4729e-05,3.1046e-05,32,256
sphere,2.000000,polar,0.0,0.0,7.216e-06,7.254e-06,32,256
sphere,2.000000,polar,0.0,0.0,1.3625e-05,3.6064e-05,32,256
sphere,2.000000,polar,0.0,0.0,1.3782e-05,3.6507e-05,32,256
sphere,2.000000,polar,0.0,0.0,9.334e-06,2.996e-05,32,256
sphere,2.000000,polar,0.0,0.0,5.739e-06,8.348e-06,32,256
sphere,2.000000,polar,0.0,0.0,8.243e-06,2.6525e-05,32,256
sphere,2.000000,polar,0.0,0.0,8.369e-06,3.972e-05,32,256
sphere,2.000000,polar,0.0,0.0,6.669e-06,8.285e-06,32,256
sphere,2.000000,polar,0.0,0.0,1.2406e-05,4.1007e-05,32,256
sphere,2.000000,polar,0.0,0.0,1.2073e-05,3.0608e-05,32,256
sphere,2.000000,polar,0.0,0.0,5.688e-06,1.3118e-05,32,256
sphere,2.000000,polar,0.0,0.0,9.515e-06,2.7824e-05,32,256
sphere,2.000000,polar,0.0,0.0,6.057e-06,2.0879e-05,32,256
sphere,2.000000,polar,0.0,0.0,1.2483e-05,4.0283e-05,32,256
sphere,2.000000,polar,0.0,0.0,4.982e-06,1.1486e-05,32,256
sphere,2.000000,polar,0.0,0.0,1.1489e-05,3.2971e-05,32,256
sphere,2.000000,polar,0.0,0.0,6.363e-06,1.575e-05,32,256
sphere,2.000000,polar,0.0,0.0,8.521e-06,2.1741e-05,32,256
sphere,2.000000,polar,0.0,0.0,6.234e-06,1.1555e-05,32,256
sphere,2.000000,polar,0.0,0.0,1.132e-05,3.3307e-05,32,256
sphere,2.000000,polar,0.0,0.0,8.156e-06,1.1343e-05,32,256
sphere,2.000000,polar,0.0,0.0,1.3308e-05,4.0731e-05,32,256
sphere,2.000000,polar,0.0,0.0,1.387e-05,3.5e-05,32,256
sphere,2.000000,polar,0.0,0.0,5.498e-06,1.0632e-05,32,256
sphere,2.000000,polar,0.0,0.0,1.1211e-05,3.0883e-05,32,256
sphere,2.000000,polar,0.0,0.0,1.0718e-05,2.4462e-05,32,256
sphere,2.000000,polar,0.0,0.0,1.08e-05,2.8823e-05,32,256
sphere,2.000000,polar,0.0,0.0,1.1666e-05,4.391e-05,32,256
sphere,2.000000,polar,0.0,0.0,1.2049e-05,3.6871e-05,32,256
sphere,2.000000,polar,0.0,0.0,6.994e-06,1.2775e-05,32,256
sphere,2.000000,polar,0.0,0.0,1.1565e-05,3.509e-05,32,256
sphere,2.000000,polar,0.0,0.0,1.1943e-05,4.2267e-05,32,256
sphere,2.000000,polar,0.0,0.0,1.5656e-05,4.7062e-05,32,256
sphere,2.000000,polar,0.0,0.0,3.545e-06,1.076e-05,32,256
sphere,2.000000,polar,0.0,0.0,1.0546e-05,3.3139e-05,32,256
sphere,2.000000,polar,0.0,0.0,7.578e-06,1.5492e-05,32,256
sphere,2.000000,polar,0.0,0.0,6.637e-06,1.7177e-05,32,256
sphere,2.000000,polar,0.0,0.0,1.2598e-05,3.5671e-05,32,256
sphere,2.000000,polar,0.0,0.0,9.606e-06,0.000958371,32,256
sphere,2.000000,polar,0.0,0.0,1.4383e-05,3.6244e-05,32,256
sphere,2.000000,polar,0.0,0.0,1.0287e-05,1.4891e-05,32,256
sphere,2.000000,polar,0.0,0.0,2.0855e-05,4.919e-05,32,256
sphere,2.000000,polar,0.0,0.0,1.0282e-05,2.1043e-05,32,256
sphere,2.000000,polar,0.0,0.0,7.419e-06,1.7682e-05,32,256
sphere,2.000000,polar,0.0,0.0,1.8084e-05,5.8158e-05,32,256
sphere,2.000000,polar,0.0,0.0,1.2336e-05,6.1036e-05,32,256
sphere,2.000000,polar,0.0,0.0,9.9e-06,1.9639e-05,32,256
sphere,2.000000,polar,0.0,0.0,9.238e-06,2.2049e-05,32,256
sphere,2.000000,polar,0.0,0.0,1.247e-05,3.4238e-05,32,256
sphere,2.000000,polar,0.0,0.0,1.0245e-05,3.1949e-05,32,256
sphere,2.000000,polar,0.0,0.0,7.723e-06,2.2759e-05,32,256
sphere,2.000000,polar,0.0,0.0,1.0085e-05,2.8423e-05,32,256
sphere,2.000000,polar,0.0,0.0,1.2669e-05,3.5262e-05,32,256
sphere,2.000000,polar,0.0,0.0,4.167e-06,7.732e-06,32,256
sphere,2.000000,polar,0.0,0.0,8.083e-06,1.241e-05,32,256
sphere,2.000000,polar,0.0,0.0,2.689e-06,5.079e-06,32,256
sphere,2.000000,polar,0.0,0.0,1.5141e-05,3.7078e-05,32,256
sphere,2.000000,polar,0.0,0.0,4.974e-06,6.807e-06,32,256
sphere,2.000000,polar,0.0,0.0,2.417e-06,7.2e-06,32,256
sphere,2.000000,polar,0.0,0.0,1.4175e-05,3.8647e-05,32,256
sphere,2.000000,polar,0.0,0.0,8.493e-06,1.9669e-05,32,256
sphere,2.000000,polar,0.0,0.0,1.1251e-05,3.0746e-05,32,256
sphere,2.000000,polar,0.0,0.0,1.927e-06,2.627e-06,32,256
sphere,2.000000,polar,0.0,0.0,9.381e-06,1.6063e-05,32,256
sphere,2.000000,polar,0.0,0.0,1.3449e-05,4.1472e-05,32,256
sphere,2.000000,polar,0.0,0.0,1.0959e-05,2.9216e-05,32,256
sphere,2.000000,polar,0.0,0.0,1.0952e-05,3.3914e-05,32,256
sphere,2.000000,polar,0.0,0.0,1.4512e-05,4.4435e-05,32,256
sphere,2.000000,polar,0.0,0.0,1.2435e-05,3.4431e-05,32,256
sphere,2.000000,polar,0.0,0.0,9.818e-06,4.4887e-05,32,256
sphere,2.000000,polar,0.0,0.0,8.194e-06,2.4732e-05,32,256
sphere,2.000000,polar,0.0,0.0,7.362e-06,1.4998e-05,32,256
sphere,2.000000,polar,0.0,0.0,7.741e-06,2.261e-05,32,256
sphere,2.000000,polar,0.0,0.0,5.126e-06,1.5618e-05,32,256
sphere,2.000000,polar,0.0,0.0,1.5349e-05,3.9637e-05,32,256
sphere,2.000000,polar,0.0,0.0,1.2788e-05,0.000219129,32,256
sphere,2.000000,polar,0.0,0.0,3.274e-06,1.1599e-05,32,256
sphere,2.000000,polar,0.0,0.0,1.5217e-05,5.5038e-05,32,256
sphere,2.000000,polar,0.0,0.0,9.596e-06,2.7284e-05,32,256
sphere,2.000000,polar,0.0,0.0,1.1246e-05,4.0347e-05,32,256
sphere,2.000000,polar,0.0,0.0,9.467e-06,4.1583e-05,32,256
sphere,2.000000,polar,0.0,0.0,5.018e-06,1.5209e-05,32,256
sphere,2.000000,polar,0.0,0.0,1.9774e-05,3.5014e-05,32,256
sphere,2.000000,polar,0.0,0.0,1.045e-05,1.5436e-05,32,256
sphere,2.000000,polar,0.0,0.0,3.314e-06,6.109e-06,32,256
sphere,2.000000,polar,0.0,0.0,1.1138e-05,1.7634e-05,32,256
sphere,2.000000,polar,0.0,0.0,8.194e-06,1.3601e-05,32,256
sphere,2.000000,polar,0.0,0.0,5.697e-06,1.219e-05,32,256
sphere,2.000000,polar,0.0,0.0,1.396e-05,5.8099e-05,32,256
sphere,2.000000,polar,0.0,0.0,1.6202e-05,3.3346e-05,32,256
sphere,2.000000,polar,0.0,0.0,2.444e-06,5.813e-06,32,256
sphere,2.000000,polar,0.0,0.0,5.006e-06,4.755e-06,32,256
sphere,2.000000,polar,0.0,0.0,1.0062e-05,1.5146e-05,32,256
sphere,2.000000,polar,0.0,0.0,7.453e-06,1.6329e-05,32,256
sphere,2.000000,polar,0.0,0.0,1.4551e-05,3.8395e-05,32,256
sphere,2.000000,polar,0.0,0.0,8.525e-06,1.4706e-05,32,256
sphere,2.000000,polar,0.0,0.0,1.3334e-05,3.8131e-05,32,256
sphere,2.000000,polar,0.0,0.0,7.155e-06,1.6367e-05,32,256
sphere,2.000000,polar,0.0,0.0,5.43e-06,5.934e-06,32,256
sphere,2.000000,polar,0.0,0.0,1.3651e-05,3.412e-05,32,256
sphere,2.000000,polar,0.0,0.0,8.376e-06,9.8607e-05,32,256
cube,2.000000,polar,0.0,0.0,4.712e-06,1.5235e-05,32,256
cube,2.000000,polar,0.0,0.0,7.256e-06,7.724e-06,32,256
cube,2.000000,polar,0.0,0.0,7.697e-06,1.184e-05,32,256
cube,2.000000,polar,0.0,0.0,4.374e-06,1.056e-06,32,256
cube,2.000000,polar,0.0,0.0,5.983e-06,6.89e-07,32,256
cube,2.000000,polar,0.0,0.0,5.114e-06,4.674e-06,32,256
cube,2.000000,polar,0.0,0.0,5.923e-06,4.057e-06,32,256
cube,2.000000,polar,0.0,0.0,6.892e-06,5.247e-06,32,256
cube,2.000000,polar,0.0,0.0,5.401e-06,1.68e-06,32,256
cube,2.000000,polar,0.0,0.0,4.798e-06,0,32,256
cube,2.000000,polar,0.0,0.0,0.000127187,3.021e-06,32,256
cube,2.000000,polar,0.0,0.0,8.431e-06,5.088e-06,32,256
cube,2.000000,polar,0.0,0.0,4.715e-06,1.093e-06,32,256
cube,2.000000,polar,0.0,0.0,5.621e-06,5.291e-06,32,256
cube,2.000000,polar,0.0,0.0,7.888e-06,3.4026e-05,32,256
cube,2.000000,polar,0.0,0.0,5.312e-06,5.117e-06,32,256
cube,2.000000,polar,0.0,0.0,7.408e-06,3.774e-06,32,256
cube,2.000000,polar,0.0,0.0,5.508e-06,2.544e-06,32,256
cube,2.000000,polar,0.0,0.0,5.918e-06,5.639e-06,32,256
cube,2.000000,polar,0.0,0.0,1.1183e-05,1.1285e-05,32,256
cube,2.000000,polar,0.0,0.0,5.645e-06,0,32,256
cube,2.000000,polar,0.0,0.0,6.683e-06,2.278e-06,32,256
cube,2.000000,polar,0.0,0.0,9.45e-06,2.2431e-05,32,256
cube,2.000000,polar,0.0,0.0,6.9e-06,1.984e-06,32,256
cube,2.000000,polar,0.0,0.0,9.368e-06,1.0333e-05,32,256
cube,2.000000,polar,0.0,0.0,1.82e-06,4.169e-06,32,256
cube,2.000000,polar,0.0,0.0,1.6478e-05,3.719e-06,32,256
cube,2.000000,polar,0.0,0.0,2.537e-06,5.133e-06,32,256
cube,2.000000,polar,0.0,0.0,6.555e-06,6.015e-06,32,256
cube,2.000000,polar,0.0,0.0,7.292e-06,1.0598e-05,32,256
cube,2.000000,polar,0.0,0.0,4.069e-06,1.268e-06,32,256
cube,2.000000,polar,0.0,0.0,8.01e-06,8.266e-06,32,256
cube,2.000000,polar,0.0,0.0,8.491e-06,4.581e-06,32,256
cube,2.000000,polar,0.0,0.0,7.372e-06,4.327e-06,32,256
cube,2.000000,polar,0.0,0.0,5.034e-06,4.453e-06,32,256
cube,2.000000,polar,0.0,0.0,6.227e-06,2.185e-06,32,256
cube,2.000000,polar,0.0,0.0,5.877e-06,2.113e-06,32,256
cube,2.000000,polar,0.0,0.0,7.329e-06,4.031e-06,32,256
cube,2.000000,polar,0.0,0.0,4.22e-06,0,32,256
cube,2.000000,polar,0.0,0.0,4.106e-06,9.92e-07,32,256
cube,2.000000,polar,0.0,0.0,6.307e-06,5.428e-06,32,256
cube,2.000000,polar,0.0,0.0,5.427e-06,1.0267e-05,32,256
cube,2.000000,polar,0.0,0.0,6.96e-06,6.29e-06,32,256
cube,2.000000,polar,0.0,0.0,8.566e-06,1.3619e-05,32,256
cube,2.000000,polar,0.0,0.0,2.563e-06,1.268e-06,32,256
cube,2.000000,polar,0.0,0.0,5.204e-06,1.681e-06,32,256
cube,2.000000,polar,0.0,0.0,7.864e-06,9.412e-06,32,256
cube,2.000000,polar,0.0,0.0,4.893e-06,0,32,256
cube,2.000000,polar,0.0,0.0,7.174e-06,0,32,256
cube,2.000000,polar,0.0,0.0,4.892e-06,0,32,256
cube,2.000000,polar,0.0,0.0,5.226e-06,3.876e-06,32,256
cube,2.000000,polar,0.0,0.0,5.477e-06,8.038e-06,32,256
cube,2.000000,polar,0.0,0.0,6.353e-06,8.745e-06,32,256
cube,2.000000,polar,0.0,0.0,8.374e-06,1.653e-05,32,256
cube,2.000000,polar,0.0,0.0,8.157e-06,6.566e-06,32,256
cube,2.000000,polar,0.0,0.0,7.683e-06,8.853e-06,32,256
cube,2.000000,polar,0.0,0.0,1.1243e-05,8.1e-06,32,256
cube,2.000000,polar,0.0,0.0,4.967e-06,0,32,256
cube,2.000000,polar,0.0,0.0,9.493e-06,2.9303e-05,32,256
cube,2.000000,polar,0.0,0.0,9.481e-06,1.0561e-05,32,256
cube,2.000000,polar,0.0,0.0,6.292e-06,6.778e-06,32,256
cube,2.000000,polar,0.0,0.0,8.89e-06,2.2004e-05,32,256
cube,2.000000,polar,0.0,0.0,7.631e-06,8.966e-06,32,256
cube,2.000000,polar,0.0,0.0,1.5344e-05,2.4043e-05,32,256
cube,2.000000,polar,0.0,0.0,7.467e-06,3.086e-06,32,256
cube,2.000000,polar,0.0,0.0,1.0429e-05,1.2655e-05,32,256
cube,2.000000,polar,0.0,0.0,7.334e-06,1.4897e-05,32,256
cube,2.000000,polar,0.0,0.0,6.43e-06,4.345e-06,32,256
cube,2.000000,polar,0.0,0.0,6.828e-06,8.805e-06,32,256
cube,2.000000,polar,0.0,0.0,7.942e-06,5.154e-06,32,256
cube,2.000000,polar,0.0,0.0,7.825e-06,1.0047e-05,32,256
cube,2.000000,polar,0.0,0.0,1.1998e-05,3.0278e-05,32,256
cube,2.000000,polar,0.0,0.0,6.848e-06,6.208e-06,32,256
cube,2.000000,polar,0.0,0.0,5.014e-06,0,32,256
cube,2.000000,polar,0.0,0.0,8.055e-06,4.335e-06,32,256
cube,2.000000,polar,0.0,0.0,6.456e-06,7.07e-06,32,256
cube,2.000000,polar,0.0,0.0,6.613e-06,2.231e-06,32,256
cube,2.000000,polar,0.0,0.0,5.675e-06,1.093e-06,32,256
cube,2.000000,polar,0.0,0.0,9.632e-06,7.879e-06,32,256
cube,2.000000,polar,0.0,0.0,6.789e-06,1.295e-06,32,256
cube,2.000000,polar,0.0,0.0,7.427e-06,3.7e-06,32,256
cube,2.000000,polar,0.0,0.0,7.235e-06,5.53e-06,32,256
cube,2.000000,polar,0.0,0.0,1.0478e-05,7.273e-06,32,256
cube,2.000000,polar,0.0,0.0,6.666e-06,5.437e-06,32,256
cube,2.000000,polar,0.0,0.0,7.297e-06,3.195e-06,32,256
cube,2.000000,polar,0.0,0.0,6.369e-06,4.388e-06,32,256
cube,2.000000,polar,0.0,0.0,6.383e-06,0,32,256
cube,2.000000,polar,0.0,0.0,6.054e-06,1.3233e-05,32,256
cube,2.000000,polar,0.0,0.0,3.438e-06,2.7e-06,32,256
cube,2.000000,polar,0.0,0.0,6.417e-06,5.841e-06,32,256
cube,2.000000,polar,0.0,0.0,8.863e-06,6.9e-06,32,256
cube,2.000000,polar,0.0,0.0,8.928e-06,1.6309e-05,32,256
cube,2.000000,polar,0.0,0.0,7.329e-06,0,32,256
cube,2.000000,polar,0.0,0.0,4.799e-06,3.095e-06,32,256
cube,2.000000,polar,0.0,0.0,4.942e-06,5.17e-06,32,256
cube,2.000000,polar,0.0,0.0,4.734e-06,5.344e-06,32,256
cube,2.000000,polar,0.0,0.0,1.0436e-05,1.1233e-05,32,256
cube,2.000000,polar,0.0,0.0,8.008e-06,7.946e-06,32,256
cube,2.000000,polar,0.0,0.0,6.249e-06,1.81e-06,32,256
cube,2.000000,polar,0.0,0.0,7.019e-06,7.34e-06,32,256
cube,2.000000,polar,0.0,0.0,7.429e-06,1.5732e-05,32,256
cube,2.000000,polar,0.0,0.0,7.479e-06,7.164e-06,32,256
cube,2.000000,polar,0.0,0.0,1.0393e-05,1.7878e-05,32,256
cube,2.000000,polar,0.0,0.0,6.413e-06,2.526e-06,32,256
cube,2.000000,polar,0.0,0.0,4.61e-06,1.0101e-05,32,256
cube,2.000000,polar,0.0,0.0,2.478e-06,4.573e-06,32,256
cube,2.000000,polar,0.0,0.0,5.817e-06,1.854e-06,32,256
cube,2.000000,polar,0.0,0.0,2.726e-06,3.333e-06,32,256
cube,2.000000,polar,0.0,0.0,5.4e-06,2.048e-06,32,256
cube,2.000000,polar,0.0,0.0,4.519e-06,0,32,256
cube,2.000000,polar,0.0,0.0,5.635e-06,4.73e-06,32,256
cube,2.000000,polar,0.0,0.0,5.136e-06,7.806e-06,32,256
cube,2.000000,polar,0.0,0.0,6.404e-06,6.172e-06,32,256
cube,2.000000,polar,0.0,0.0,7.852e-06,4.665e-06,32,256
cube,2.000000,polar,0.0,0.0,5.48e-06,3.619e-06,32,256
cube,2.000000,polar,0.0,0.0,5.163e-06,2.25e-06,32,256
cube,2.000000,polar,0.0,0.0,6.248e-06,6.356e-06,32,256
cube,2.000000,polar,0.0,0.0,6.122e-06,7.218e-06,32,256
cube,2.000000,polar,0.0,0.0,8.434e-06,1.4761e-05,32,256
cube,2.000000,polar,0.0,0.0,5.794e-06,3.29e-06,32,256
cube,2.000000,polar,0.0,0.0,2.965e-06,1.276e-06,32,256
cube,2.000000,polar,0.0,0.0,5.575e-06,3.949e-06,32,256
cube,2.000000,polar,0.0,0.0,3.517e-06,1.993e-06,32,256
cube,2.000000,polar,0.0,0.0,7.392e-06,5.007e-06,32,256
cube,2.000000,polar,0.0,0.0,5.263e-06,0,32,256
cube,2.000000,polar,0.0,0.0,6.516e-06,5.52e-06,32,256
cube,2.000000,polar,0.0,0.0,6.013e-06,7.496e-06,32,256
cube,2.000000,polar,0.0,0.0,4.028e-06,1.046e-06,32,256
cube,2.000000,polar,0.0,0.0,2.513e-06,3.599e-06,32,256
cube,2.000000,polar,0.0,0.0,5.198e-06,0,32,256
cube,2.000000,polar,0.0,0.0,7.214e-06,5.097e-06,32,256
cube,2.000000,polar,0.0,0.0,2.94e-06,1.644e-06,32,256
cube,2.000000,polar,0.0,0.0,5.045e-06,2.223e-06,32,256
cube,2.000000,polar,0.0,0.0,9.265e-06,1.8325e-05,32,256
cube,2.000000,polar,0.0,0.0,8.927e-06,1.3388e-05,32,256
cube,2.000000,polar,0.0,0.0,6.082e-06,4.005e-06,32,256
cube,2.000000,polar,0.0,0.0,3.793e-06,2.617e-06,32,256
cube,2.000000,polar,0.0,0.0,6.061e-06,4.582e-06,32,256
cube,2.000000,polar,0.0,0.0,6.067e-06,7.31e-06,32,256
cube,2.000000,polar,0.0,0.0,6.37e-06,1.0028e-05,32,256
cube,2.000000,polar,0.0,0.0,5.988e-06,3.949e-06,32,256
cube,2.000000,polar,0.0,0.0,8.595e-06,1.588e-05,32,256
cube,2.000000,polar,0.0,0.0,4.791e-06,1.553e-06,32,256
cube,2.000000,polar,0.0,0.0,2.884e-06,3.526e-06,32,256
cube,2.000000,polar,0.0,0.0,5.691e-06,1.8955e-05,32,256
cube,2.000000,polar,0.0,0.0,5.662e-06,2.746e-06,32,256
cube,2.000000,polar,0.0,0.0,6.362e-06,3.334e-06,32,256
cube,2.000000,polar,0.0,0.0,5.209e-06,5.41e-06,32,256
cube,2.000000,polar,0.0,0.0,5.571e-06,8.534e-06,32,256
cube,2.000000,polar,0.0,0.0,4.362e-06,4.546e-06,32,256
cube,2.000000,polar,0.0,0.0,5.602e-06,2.902e-06,32,256
cube,2.000000,polar,0.0,0.0,2.668e-06,0,32,256
cube,2.000000,polar,0.0,0.0,8.232e-06,1.5265e-05,32,256
cube,2.000000,polar,0.0,0.0,5.125e-06,1.533e-06,32,256
cube,2.000000,polar,0.0,0.0,4.652e-06,7.448e-06,32,256
cube,2.000000,polar,0.0,0.0,4.003e-06,7.605e-06,32,256
cube,2.000000,polar,0.0,0.0,5.401e-06,1.8015e-05,32,256
cube,2.000000,polar,0.0,0.0,8.887e-06,6.824e-06,32,256
cube,2.000000,polar,0.0,0.0,4.693e-06,8.907e-06,32,256
cube,2.000000,polar,0.0,0.0,6.432e-06,7.743e-06,32,256
cube,2.000000,polar,0.0,0.0,5.492e-06,6.226e-06,32,256
cube,2.000000,polar,0.0,0.0,6.204e-06,3.086e-06,32,256
cube,2.000000,polar,0.0,0.0,6.865e-06,7.549e-06,32,256
cube,2.000000,polar,0.0,0.0,8.58e-06,1.2836e-05,32,256
cube,2.000000,polar,0.0,0.0,6.246e-06,1.7661e-05,32,256
cube,2.000000,polar,0.0,0.0,5.998e-06,5.18e-06,32,256
cube,2.000000,polar,0.0,0.0,6.034e-06,5.658e-06,32,256
cube,2.000000,polar,0.0,0.0,3.985e-06,1.0452e-05,32,256
cube,2.000000,polar,0.0,0.0,5.75e-06,3.875e-06,32,256
cube,2.000000,polar,0.0,0.0,4.302e-06,1.029e-06,32,256
cube,2.000000,polar,0.0,0.0,4.052e-06,7.845e-06,32,256
cube,2.000000,polar,0.0,0.0,5.385e-06,2.599e-06,32,256
cube,2.000000,polar,0.0,0.0,5.693e-06,1.038e-06,32,256
cube,2.000000,polar,0.0,0.0,8.372e-06,5.198e-06,32,256
cube,2.000000,polar,0.0,0.0,5.554e-06,9.83e-07,32,256
cube,2.000000,polar,0.0,0.0,1.2997e-05,1.0214e-05,32,256
cube,2.000000,polar,0.0,0.0,7.08e-06,1.5412e-05,32,256
cube,2.000000,polar,0.0,0.0,6.563e-06,4.041e-06,32,256
cube,2.000000,polar,0.0,0.0,6.155e-06,5.86e-06,32,256
cube,2.000000,polar,0.0,0.0,4.64e-06,1.2426e-05,32,256
cube,2.000000,polar,0.0,0.0,4.757e-06,0,32,256
cube,2.000000,polar,0.0,0.0,4.932e-06,5.382e-06,32,256
cube,2.000000,polar,0.0,0.0,6.956e-06,6.982e-06,32,256
cube,2.000000,polar,0.0,0.0,8.103e-06,9.876e-06,32,256
cube,2.000000,polar,0.0,0.0,6.747e-06,5.591e-06,32,256
cube,2.000000,polar,0.0,0.0,7.781e-06,6.52e-07,32,256
cube,2.000000,polar,0.0,0.0,8.951e-06,9.434e-06,32,256
cube,2.000000,polar,0.0,0.0,8.322e-06,7.521e-06,32,256
cube,2.000000,polar,0.0,0.0,8.562e-06,1.0092e-05,32,256
cube,2.000000,polar,0.0,0.0,3.249e-06,4.904e-06,32,256
cube,2.000000,polar,0.0,0.0,8.973e-06,4.666e-06,32,256
cube,2.000000,polar,0.0,0.0,8.284e-06,7.658e-06,32,256
cube,2.000000,polar,0.0,0.0,5.964e-06,2.324e-06,32,256
cube,2.000000,polar,0.0,0.0,7.26e-06,5.823e-06,32,256
cube,2.000000,polar,0.0,0.0,1.1473e-05,7.505e-06,32,256
cube,2.000000,polar,0.0,0.0,5.366e-06,2.654e-06,32,256
cube,2.000000,polar,0.0,0.0,6.316e-06,2.15e-06,32,256
cube,2.000000,polar,0.0,0.0,5.831e-06,3.214e-06,32,256
cube,2.000000,polar,0.0,0.0,5.497e-06,6.08e-06,32,256
cube,2.000000,polar,0.0,0.0,5.962e-06,1.359e-05,32,256
cube,2.000000,polar,0.0,0.0,7.035e-06,3.829e-06,32,256
cube,2.000000,polar,0.0,0.0,1.331e-06,2.58e-06,32,256
cube,2.000000,polar,0.0,0.0,8.192e-06,8.905e-06,32,256
cube,2.000000,polar,0.0,0.0,6.678e-06,5.657e-06,32,256
cube,2.000000,polar,0.0,0.0,5.944e-06,4.711e-06,32,256
cube,2.000000,polar,0.0,0.0,8.937e-06,7.063e-06,32,256
cube,2.000000,polar,0.0,0.0,4.792e-06,0,32,256
cube,2.000000,polar,0.0,0.0,1.0083e-05,6.345e-06,32,256
cube,2.000000,polar,0.0,0.0,5.275e-06,2.81e-06,32,256
cube,2.000000,polar,0.0,0.0,4.759e-06,1.047e-06,32,256
cube,2.000000,polar,0.0,0.0,7.225e-06,6.016e-06,32,256
cube,2.000000,polar,0.0,0.0,8.315e-06,6.446e-06,32,256
cube,2.000000,polar,0.0,0.0,3.622e-06,7.235e-06,32,256
cube,2.000000,polar,0.0,0.0,9.485e-06,5.702e-06,32,256
cube,2.000000,polar,0.0,0.0,4.902e-06,0,32,256
cube,2.000000,polar,0.0,0.0,4.408e-06,2.113e-06,32,256
cube,2.000000,polar,0.0,0.0,5.18e-06,0,32,256
cube,2.000000,polar,0.0,0.0,5.411e-06,3.699e-06,32,256
cube,2.000000,polar,0.0,0.0,8.647e-06,3.399e-05,32,256
cube,2.000000,polar,0.0,0.0,7.63e-06,4.188e-06,32,256
cube,2.000000,polar,0.0,0.0,6.511e-06,9.636e-06,32,256
cube,2.000000,polar,0.0,0.0,6.288e-06,3.831e-06,32,256
cube,2.000000,polar,0.0,0.0,6.841e-06,4.96e-07,32,256
cube,2.000000,polar,0.0,0.0,5.686e-06,3.011e-06,32,256
cube,2.000000,polar,0.0,0.0,6.618e-06,8.322e-06,32,256
cube,2.000000,polar,0.0,0.0,8.913e-06,5.658e-06,32,256
cube,2.000000,polar,0.0,0.0,1.242e-05,1.4513e-05,32,256
cube,2.000000,polar,0.0,0.0,7.417e-06,7.87e-06,32,256
cube,2.000000,polar,0.0,0.0,1.0585e-05,5.345e-06,32,256
cube,2.000000,polar,0.0,0.0,7.849e-06,5.428e-06,32,256
cube,2.000000,polar,0.0,0.0,7.174e-06,5.685e-06,32,256
cube,2.000000,polar,0.0,0.0,8.407e-06,4.822e-06,32,256
cube,2.000000,polar,0.0,0.0,1.2058e-05,8.019e-06,32,256
cube,2.000000,polar,0.0,0.0,4.234e-06,0,32,256
cube,2.000000,polar,0.0,0.0,6.044e-06,2.461e-06,32,256
cube,2.000000,polar,0.0,0.0,6.928e-06,8.902e-06,32,256
cube,2.000000,polar,0.0,0.0,7.397e-06,6.299e-06,32,256
cube,2.000000,polar,0.0,0.0,8.753e-06,2.819e-06,32,256
cube,2.000000,polar,0.0,0.0,7.981e-06,3.085e-06,32,256
cube,2.000000,polar,0.0,0.0,7.452e-06,1.4595e-05,32,256
cube,2.000000,polar,0.0,0.0,6.633e-06,3.491e-06,32,256
cube,2.000000,polar,0.0,0.0,4.253e-06,0,32,256
cube,2.000000,polar,0.0,0.0,5.288e-06,0,32,256
cube,2.000000,polar,0.0,0.0,9.964e-06,7.229e-06,32,256
cube,2.000000,polar,0.0,0.0,4.15e-06,5.594e-06,32,256
cube,2.000000,polar,0.0,0.0,7.095e-06,1.46e-06,32,256
cube,2.000000,polar,0.0,0.0,4.945e-06,3.361e-06,32,256
cube,2.000000,polar,0.0,0.0,4.849e-06,3.361e-06,32,256
cube,2.000000,polar,0.0,0.0,4.653e-06,2.167e-06,32,256
cube,2.000000,polar,0.0,0.0,7.667e-06,2.7247e-05,32,256
cube,2.000000,polar,0.0,0.0,4.587e-06,4.96e-06,32,256
cube,2.000000,polar,0.0,0.0,2.489e-06,5.233e-06,32,256
cube,2.000000,polar,0.0,0.0,7.239e-06,5.585e-06,32,256
cube,2.000000,polar,0.0,0.0,8.109e-06,1.281e-05,32,256
cube,2.000000,polar,0.0,0.0,6.861e-06,6.53e-07,32,256
cube,2.000000,polar,0.0,0.0,8.616e-06,8.394e-06,32,256
cube,2.000000,polar,0.0,0.0,6.674e-06,5.237e-06,32,256
cube,2.000000,polar,0.0,0.0,6.179e-06,3.067e-06,32,256
cube,2.000000,polar,0.0,0.0,6.917e-06,3.71e-06,32,256
cube,2.000000,polar,0.0,0.0,1.2197e-05,8.062e-06,32,256
cube,2.000000,polar,0.0,0.0,3.375e-06,0,32,256
cube,2.000000,polar,0.0,0.0,1.1587e-05,1.1151e-05,32,256
cube,2.000000,polar,0.0,0.0,7.096e-06,8.733e-06,32,256
cube,2.000000,polar,0.0,0.0,3.943e-06,0,32,256
cube,2.000000,polar,0.0,0.0,6.214e-06,1.534e-06,32,256
cube,2.000000,polar,0.0,0.0,5.014e-06,1.46e-06,32,256
cube,2.000000,polar,0.0,0.0,1.0234e-05,2.1004e-05,32,256
cube,2.000000,polar,0.0,0.0,9.053e-06,5.842e-06,32,256
cube,2.000000,polar,0.0,0.0,9.068e-06,1.879e-05,32,256
cube,2.000000,polar,0.0,0.0,7.802e-06,5.593e-06,32,256
cube,2.000000,polar,0.0,0.0,5.615e-06,4.189e-06,32,256
cube,2.000000,polar,0.0,0.0,4.365e-06,3.702e-06,32,256
cube,2.000000,polar,0.0,0.0,2.473e-06,0,32,256
cube,2.000000,polar,0.0,0.0,5.849e-06,1.964e-06,32,256
cube,2.000000,polar,0.0,0.0,6.494e-06,1.7796e-05,32,256
cube,2.000000,polar,0.0,0.0,3.989e-06,1.0714e-05,32,256
cube,2.000000,polar,0.0,0.0,4.784e-06,0,32,256
cube,2.000000,polar,0.0,0.0,5.072e-06,3.949e-06,32,256
cube,2.000000,polar,0.0,0.0,3.803e-06,2.653e-06,32,256
cube,2.000000,polar,0.0,0.0,3.432e-06,7.72e-07,32,256
cube,2.000000,polar,0.0,0.0,8.84e-06,2.2436e-05,32,256
cube,2.000000,polar,0.0,0.0,5.778e-06,9.001e-06,32,256
cube,2.000000,polar,0.0,0.0,5.482e-06,3.949e-06,32,256
cube,2.000000,polar,0.0,0.0,5.95e-06,0,32,256
cube,2.000000,polar,0.0,0.0,6.607e-06,5.327e-06,32,256
cube,2.000000,polar,0.0,0.0,6.767e-06,1.212e-06,32,256
cube,2.000000,polar,0.0,0.0,6.997e-06,8.349e-06,32,256
cube,2.000000,polar,0.0,0.0,5.453e-06,8.285e-06,32,256
cube,2.000000,polar,0.0,0.0,8.566e-06,2.644e-06,32,256
cube,2.000000,polar,0.0,0.0,4.941e-06,7.108e-06,32,256
cube,2.000000,polar,0.0,0.0,5.107e-06,0,32,256
cube,2.000000,polar,0.0,0.0,6.258e-06,7.99e-06,32,256
cube,2.000000,polar,0.0,0.0,4.829e-06,4.831e-06,32,256
cube,2.000000,polar,0.0,0.0,5.739e-06,2.766e-06,32,256
cube,2.000000,polar,0.0,0.0,5.037e-06,1.286e-06,32,256
cube,2.000000,polar,0.0,0.0,8.776e-06,4.193e-05,32,256
cube,2.000000,polar,0.0,0.0,8.698e-06,8.082e-06,32,256
cube,2.000000,polar,0.0,0.0,5.838e-06,1.847e-06,32,256
cube,2.000000,polar,0.0,0.0,8.619e-06,2.2866e-05,32,256
cube,2.000000,polar,0.0,0.0,4.367e-06,0,32,256
cube,2.000000,polar,0.0,0.0,5.867e-06,0,32,256
cube,2.000000,polar,0.0,0.0,8.572e-06,4.352e-06,32,256
cube,2.000000,polar,0.0,0.0,9.438e-06,1.3185e-05,32,256
cube,2.000000,polar,0.0,0.0,8.557e-06,8.495e-06,32,256
cube,2.000000,polar,0.0,0.0,5.241e-06,9.82e-07,32,256
cube,2.000000,polar,0.0,0.0,7.755e-06,5.343e-06,32,256
cube,2.000000,polar,0.0,0.0,1.0306e-05,5.602e-06,32,256
cube,2.000000,polar,0.0,0.0,9.8e-06,1.5401e-05,32,256
cube,2.000000,polar,0.0,0.0,6.101e-06,6.09e-06,32,256
cube,2.000000,polar,0.0,0.0,1.152e-05,7.78e-06,32,256
cube,2.000000,polar,0.0,0.0,8.12e-06,1.6275e-05,32,256
cube,2.000000,polar,0.0,0.0,9.676e-06,4.051e-06,32,256
cube,2.000000,polar,0.0,0.0,7.545e-06,5.473e-06,32,256
cube,2.000000,polar,0.0,0.0,3.853e-06,4.031e-06,32,256
cube,2.000000,polar,0.0,0.0,8.903e-06,1.0618e-05,32,256
cube,2.000000,polar,0.0,0.0,3.524e-06,1.2397e-05,32,256
cube,2.000000,polar,0.0,0.0,5.573e-06,8.72e-07,32,256
cube,2.000000,polar,0.0,0.0,8.331e-06,1.2216e-05,32,256
cube,2.000000,polar,0.0,0.0,9.743e-06,1.4466e-05,32,256
cube,2.000000,polar,0.0,0.0,6.152e-06,0,32,256
cube,2.000000,polar,0.0,0.0,7.113e-06,1.0182e-05,32,256
cube,2.000000,polar,0.0,0.0,8.059e-06,4.793e-06,32,256
cube,2.000000,polar,0.0,0.0,7.755e-06,6.124e-06,32,256
cube,2.000000,polar,0.0,0.0,7.031e-06,9.138e-06,32,256
cube,2.000000,polar,0.0,0.0,8.903e-06,2.204e-06,32,256
cube,2.000000,polar,0.0,0.0,2.394e-06,0,32,256
cube,2.000000,polar,0.0,0.0,9.94e-06,9.715e-06,32,256
cube,2.000000,polar,0.0,0.0,5.511e-06,7.81e-07,32,256
cube,2.000000,polar,0.0,0.0,6.912e-06,3.167e-06,32,256
cube,2.000000,polar,0.0,0.0,9.279e-06,6.953e-06,32,256
cube,2.000000,polar,0.0,0.0,9.778e-06,9.294e-06,32,256
cube,2.000000,polar,0.0,0.0,6.871e-06,5.153e-06,32,256
cube,2.000000,polar,0.0,0.0,5.86e-06,1.2078e-05,32,256
cube,2.000000,polar,0.0,0.0,5.459e-06,1.1028e-05,32,256
cube,2.000000,polar,0.0,0.0,4.544e-06,3.894e-06,32,256
cube,2.000000,polar,0.0,0.0,6.053e-06,2.288e-06,32,256
cube,2.000000,polar,0.0,0.0,5.832e-06,4.529e-06,32,256
cube,2.000000,polar,0.0,0.0,7.832e-06,6.932e-06,32,256
cube,2.000000,polar,0.0,0.0,8.776e-06,7.285e-06,32,256
cube,2.000000,polar,0.0,0.0,8.146e-06,3.0721e-05,32,256
cube,2.000000,polar,0.0,0.0,4.447e-06,0,32,256
cube,2.000000,polar,0.0,0.0,5.809e-06,5.483e-06,32,256
cube,2.000000,polar,0.0,0.0,7.996e-06,7.136e-06,32,256
cube,2.000000,polar,0.0,0.0,3.715e-06,0,32,256
cube,2.000000,polar,0.0,0.0,7.056e-06,6.742e-06,32,256
cube,2.000000,polar,0.0,0.0,6.656e-06,7.173e-06,32,256
cube,2.000000,polar,0.0,0.0,7.85e-06,7.9e-06,32,256
cube,2.000000,polar,0.0,0.0,1.0078e-05,2.2711e-05,32,256
cube,2.000000,polar,0.0,0.0,8.822e-06,8.398e-06,32,256
cube,2.000000,polar,0.0,0.0,7.332e-06,3.012e-06,32,256
cube,2.000000,polar,0.0,0.0,6.831e-06,3.407e-06,32,256
cube,2.000000,polar,0.0,0.0,5.812e-06,1.6734e-05,32,256
cube,2.000000,polar,0.0,0.0,8.16e-06,6.026e-06,32,256
cube,2.000000,polar,0.0,0.0,3.03e-06,0,32,256
cube,2.000000,polar,0.0,0.0,4.419e-06,8.109e-06,32,256
cube,2.000000,polar,0.0,0.0,7.223e-06,3.186e-06,32,256
cube,2.000000,polar,0.0,0.0,4.821e-06,4.831e-06,32,256
cube,2.000000,polar,0.0,0.0,7.017e-06,1.783e-06,32,256
cube,2.000000,polar,0.0,0.0,7.263e-06,3.976e-06,32,256
cube,2.000000,polar,0.0,0.0,5.767e-06,0,32,256
cube,2.000000,polar,0.0,0.0,6.037e-06,3.71e-06,32,256
cube,2.000000,polar,0.0,0.0,8.613e-06,1.0103e-05,32,256
cube,2.000000,polar,0.0,0.0,4.851e-06,6.227e-06,32,256
cube,2.000000,polar,0.0,0.0,5.181e-06,4.951e-06,32,256
cube,2.000000,polar,0.0,0.0,6.384e-06,1.1763e-05,32,256
cube,2.000000,polar,0.0,0.0,8.34e-06,1.0183e-05,32,256
cube,2.000000,polar,0.0,0.0,4.895e-06,2.856e-06,32,256
cube,2.000000,polar,0.0,0.0,8.697e-06,9.054e-06,32,256
cube,2.000000,polar,0.0,0.0,3.756e-06,2.655e-06,32,256
cube,2.000000,polar,0.0,0.0,4.954e-06,2.829e-06,32,256
cube,2.000000,polar,0.0,0.0,7.019e-06,1.212e-06,32,256
cube,2.000000,polar,0.0,0.0,5.998e-06,5.197e-06,32,256
cube,2.000000,polar,0.0,0.0,7.43e-06,9.577e-06,32,256
cube,2.000000,polar,0.0,0.0,4.276e-06,2.001e-06,32,256
cube,2.000000,polar,0.0,0.0,1.1351e-05,1.7928e-05,32,256
cube,2.000000,polar,0.0,0.0,6.6e-06,4.931e-06,32,256
cube,2.000000,polar,0.0,0.0,5.756e-06,4.509e-06,32,256
cube,2.000000,polar,0.0,0.0,5.338e-06,7.062e-06,32,256
cube,2.000000,polar,0.0,0.0,5.669e-06,8.125e-06,32,256
cube,2.000000,polar,0.0,0.0,3.281e-06,2.232e-06,32,256
cube,2.000000,polar,0.0,0.0,5.659e-06,3.783e-06,32,256
cube,2.000000,polar,0.0,0.0,5.863e-06,2.02e-06,32,256
cube,2.000000,polar,0.0,0.0,8.036e-06,1.4658e-05,32,256
cube,2.000000,polar,0.0,0.0,4.991e-06,0,32,256
cube,2.000000,polar,0.0,0.0,6.618e-06,7.999e-06,32,256
cube,2.000000,polar,0.0,0.0,5.699e-06,6.098e-06,32,256
cube,2.000000,polar,0.0,0.0,7.869e-06,2.662e-06,32,256
cube,2.000000,polar,0.0,0.0,4.535e-06,5.767e-06,32,256
cube,2.000000,polar,0.0,0.0,6.813e-06,6.972e-06,32,256
cube,2.000000,polar,0.0,0.0,4.78e-07,2.406e-06,32,256
cube,2.000000,polar,0.0,0.0,4.985e-06,7.228e-06,32,256
cube,2.000000,polar,0.0,0.0,4.587e-06,1.6721e-05,32,256
cube,2.000000,polar,0.0,0.0,5.417e-06,4.015e-06,32,256
cube,2.000000,polar,0.0,0.0,7.206e-06,6.567e-06,32,256
cube,2.000000,polar,0.0,0.0,6.407e-06,5.88e-07,32,256
cube,2.000000,polar,0.0,0.0,7.821e-06,3.03e-06,32,256
cube,2.000000,polar,0.0,0.0,7.502e-06,1.2839e-05,32,256
cube,2.000000,polar,0.0,0.0,2.937e-06,4.656e-06,32,256
cube,2.000000,polar,0.0,0.0,8.55e-06,8.789e-06,32,256
cube,2.000000,polar,0.0,0.0,9.957e-06,1.9063e-05,32,256
cube,2.000000,polar,0.0,0.0,5.546e-06,2.478e-06,32,256
cube,2.000000,polar,0.0,0.0,7.06e-06,4.527e-06,32,256
cube,2.000000,polar,0.0,0.0,4.452e-06,2.269e-06,32,256
cube,2.000000,polar,0.0,0.0,3.801e-06,0,32,256
cube,2.000000,polar,0.0,0.0,5.171e-06,4.711e-06,32,256
cube,2.000000,polar,0.0,0.0,5.136e-06,5.363e-06,32,256
cube,2.000000,polar,0.0,0.0,5.771e-06,6.236e-06,32,256
cube,2.000000,polar,0.0,0.0,6.109e-06,8.479e-06,32,256
cube,2.000000,polar,0.0,0.0,6.413e-06,6.355e-06,32,256
cube,2.000000,polar,0.0,0.0,4.286e-06,5.566e-06,32,256
cube,2.000000,polar,0.0,0.0,4.812e-06,8.36e-07,32,256
cube,2.000000,polar,0.0,0.0,4.167e-06,4.299e-06,32,256
cube,2.000000,polar,0.0,0.0,5.899e-06,1.083e-06,32,256
cube,2.000000,polar,0.0,0.0,5.342e-06,8.257e-06,32,256
cube,2.000000,polar,0.0,0.0,8.042e-06,1.2235e-05,32,256
cube,2.000000,polar,0.0,0.0,6.367e-06,1.2398e-05,32,256
cube,2.000000,polar,0.0,0.0,8.157e-06,1.3223e-05,32,256
cube,2.000000,polar,0.0,0.0,5.66e-06,1.726e-06,32,256
cube,2.000000,polar,0.0,0.0,6.173e-06,5.887e-06,32,256
cube,2.000000,polar,0.0,0.0,5.943e-06,1.597e-06,32,256
cube,2.000000,polar,0.0,0.0,7.541e-06,7.411e-06,32,256
cube,2.000000,polar,0.0,0.0,7.518e-06,2.811e-06,32,256
cube,2.000000,polar,0.0,0.0,5.52e-06,1.1933e-05,32,256
cube,2.000000,polar,0.0,0.0,7.413e-06,7.216e-06,32,256
cube,2.000000,polar,0.0,0.0,4.318e-06,0,32,256
cube,2.000000,polar,0.0,0.0,5.619e-06,6.08e-06,32,256
cube,2.000000,polar,0.0,0.0,6.267e-06,6.437e-06,32,256
cube,2.000000,polar,0.0,0.0,6.5e-06,6.853e-06,32,256
cube,2.000000,polar,0.0,0.0,4.818e-06,5.565e-06,32,256
cube,2.000000,polar,0.0,0.0,6.287e-06,6.117e-06,32,256
cube,2.000000,polar,0.0,0.0,5.828e-06,6.087e-06,32,256
cube,2.000000,polar,0.0,0.0,8.391e-06,5.795e-06,32,256
cube,2.000000,polar,0.0,0.0,1.0631e-05,1.6902e-05,32,256
cube,2.000000,polar,0.0,0.0,5.336e-06,2.994e-06,32,256
cube,2.000000,polar,0.0,0.0,4.217e-06,1.764e-06,32,256
cube,2.000000,polar,0.0,0.0,6.783e-06,1.2985e-05,32,256
cube,2.000000,polar,0.0,0.0,6.408e-06,2.294e-06,32,256
cube,2.000000,polar,0.0,0.0,5.121e-06,1.112e-06,32,256
cube,2.000000,polar,0.0,0.0,6.597e-06,7.658e-06,32,256
cube,2.000000,polar,0.0,0.0,4.2768e-05,3.957e-06,32,256
cube,2.000000,polar,0.0,0.0,9.26e-06,1.0219e-05,32,256
cube,2.000000,polar,0.0,0.0,4.574e-06,0,32,256
cube,2.000000,polar,0.0,0.0,3.651e-06,0,32,256
cube,2.000000,polar,0.0,0.0,1.3619e-05,9.577e-06,32,256
cube,2.000000,polar,0.0,0.0,5.772e-06,4.178e-06,32,256
cube,2.000000,polar,0.0,0.0,9.298e-06,2.3178e-05,32,256
cube,2.000000,polar,0.0,0.0,8.352e-06,2.2306e-05,32,256
cube,2.000000,polar,0.0,0.0,5.973e-06,2.232e-06,32,256
cube,2.000000,polar,0.0,0.0,5.031e-06,3.774e-06,32,256
cube,2.000000,polar,0.0,0.0,4.62e-06,4.684e-06,32,256
cube,2.000000,polar,0.0,0.0,4.932e-06,1.341e-06,32,256
cube,2.000000,polar,0.0,0.0,6.072e-06,3.168e-06,32,256
cube,2.000000,polar,0.0,0.0,3.821e-06,4.648e-06,32,256
cube,2.000000,polar,0.0,0.0,6.685e-06,8.486e-06,32,256
cube,2.000000,polar,0.0,0.0,3.39e-06,7.954e-06,32,256
cube,2.000000,polar,0.0,0.0,6.305e-06,8.08e-07,32,256
cube,2.000000,polar,0.0,0.0,5.602e-06,5.116e-06,32,256
cube,2.000000,polar,0.0,0.0,1.212e-06,7.26e-07,32,256
cube,2.000000,polar,0.0,0.0,8.269e-06,5.996e-06,32,256
cube,2.000000,polar,0.0,0.0,6.321e-06,3.941e-06,32,256
cube,2.000000,polar,0.0,0.0,4.722e-06,7.99e-07,32,256
cube,2.000000,polar,0.0,0.0,2.16e-06,1.158e-06,32,256
cube,2.000000,polar,0.0,0.0,6.554e-06,6.356e-06,32,256
cube,2.000000,polar,0.0,0.0,6.636e-06,5.374e-06,32,256
cube,2.000000,polar,0.0,0.0,1.0463e-05,1.1206e-05,32,256
cube,2.000000,polar,0.0,0.0,5.778e-06,6.318e-06,32,256
cube,2.000000,polar,0.0,0.0,7.902e-06,1.2196e-05,32,256
cube,2.000000,polar,0.0,0.0,7.097e-06,1.1423e-05,32,256
cube,2.000000,polar,0.0,0.0,4.709e-06,2.654e-06,32,256
cube,2.000000,polar,0.0,0.0,3.994e-06,4.876e-06,32,256
cube,2.000000,polar,0.0,0.0,4.468e-06,0,32,256
cube,2.000000,polar,0.0,0.0,5.546e-06,1.0329e-05,32,256
cube,2.000000,polar,0.0,0.0,4.521e-06,1.0069e-05,32,256
cube,2.000000,polar,0.0,0.0,7.543e-06,1.0714e-05,32,256
cube,2.000000,polar,0.0,0.0,7.752e-06,9.604e-06,32,256
cube,2.000000,polar,0.0,0.0,3.238e-06,5.567e-06,32,256
cube,2.000000,polar,0.0,0.0,6.854e-06,1.985e-06,32,256
cube,2.000000,polar,0.0,0.0,6.628e-06,8.063e-06,32,256
cube,2.000000,polar,0.0,0.0,5.809e-06,4.483e-06,32,256
cube,2.000000,polar,0.0,0.0,5.506e-06,3.592e-06,32,256
cube,2.000000,polar,0.0,0.0,3.278e-06,1.0955e-05,32,256
cube,2.000000,polar,0.0,0.0,6.702e-06,2.02e-06,32,256
cube,2.000000,polar,0.0,0.0,4.786e-06,2.158e-06,32,256
cube,2.000000,polar,0.0,0.0,1.415e-06,2.489e-06,32,256
cube,2.000000,polar,0.0,0.0,7.699e-06,8.476e-06,32,256
cube,2.000000,polar,0.0,0.0,4.101e-06,4.326e-06,32,256
cube,2.000000,polar,0.0,0.0,4.084e-06,1.3514e-05,32,256
cube,2.000000,polar,0.0,0.0,4.409e-06,8.91e-07,32,256
cube,2.000000,polar,0.0,0.0,6.892e-06,5.941e-06,32,256
cube,2.000000,polar,0.0,0.0,1.701e-06,2.452e-06,32,256
cube,2.000000,polar,0.0,0.0,4.887e-06,1.6211e-05,32,256
cube,2.000000,polar,0.0,0.0,1.132e-05,4.2703e-05,32,256
cube,2.000000,polar,0.0,0.0,4.45e-06,2.626e-06,32,256
cube,2.000000,polar,0.0,0.0,8.392e-06,6.309e-06,32,256
cube,2.000000,polar,0.0,0.0,7.231e-06,9.085e-06,32,256
cube,2.000000,polar,0.0,0.0,6.748e-06,6.079e-06,32,256
cube,2.000000,polar,0.0,0.0,5.726e-06,7.502e-06,32,256
cube,2.000000,polar,0.0,0.0,5.624e-06,1.0247e-05,32,256
cube,2.000000,polar,0.0,0.0,4.754e-06,1.956e-06,32,256
cube,2.000000,polar,0.0,0.0,4.592e-06,5.217e-06,32,256
cube,2.000000,polar,0.0,0.0,4.16e-06,1.5094e-05,32,256
cube,2.000000,polar,0.0,0.0,6.499e-06,6.274e-06,32,256
cube,2.000000,polar,0.0,0.0,5.842e-06,1.2472e-05,32,256
cube,2.000000,polar,0.0,0.0,4.083e-06,7.89e-07,32,256
cube,2.000000,polar,0.0,0.0,6.173e-06,9.19e-07,32,256
cube,2.000000,polar,0.0,0.0,5.367e-06,4.261e-06,32,256
cube,2.000000,polar,0.0,0.0,5.639e-06,3.886e-06,32,256
cube,2.000000,polar,0.0,0.0,6.804e-06,4.512e-06,32,256
cube,2.000000,polar,0.0,0.0,5.421e-06,1.524e-06,32,256
cube,2.000000,polar,0.0,0.0,4.832e-06,0,32,256
cube,2.000000,polar,0.0,0.0,5.52e-06,2.966e-06,32,256
cube,2.000000,polar,0.0,0.0,5.737e-06,3.462e-06,32,256
cube,2.000000,polar,0.0,0.0,3.878e-06,1.028e-06,32,256
cube,2.000000,polar,0.0,0.0,5.767e-06,5.034e-06,32,256
cube,2.000000,polar,0.0,0.0,7.919e-06,1.0808e-05,32,256
cube,2.000000,polar,0.0,0.0,4.859e-06,5.189e-06,32,256
cube,2.000000,polar,0.0,0.0,6.135e-06,3.243e-06,32,256
cube,2.000000,polar,0.0,0.0,5.536e-06,2.737e-06,32,256
cube,2.000000,polar,0.0,0.0,5.963e-06,4.674e-06,32,256
cube,2.000000,polar,0.0,0.0,8.38e-06,9.974e-06,32,256
cube,2.000000,polar,0.0,0.0,4.496e-06,0,32,256
cube,2.000000,polar,0.0,0.0,5.113e-06,1.865e-06,32,256
cube,2.000000,polar,0.0,0.0,6.024e-06,2.0354e-05,32,256
cube,2.000000,polar,0.0,0.0,6.645e-06,2.029e-06,32,256
cube,2.000000,polar,0.0,0.0,7.256e-06,9.687e-06,32,256
cube,2.000000,polar,0.0,0.0,1.184e-06,2.204e-06,32,256
cube,2.000000,polar,0.0,0.0,3.526e-06,2.949e-06,32,256
cube,2.000000,polar,0.0,0.0,1.969e-06,4.628e-06,32,256
cube,2.000000,polar,0.0,0.0,5.314e-06,5.509e-06,32,256
cube,2.000000,polar,0.0,0.0,6.813e-06,1.0065e-05,32,256
cube,2.000000,polar,0.0,0.0,4.689e-06,1.626e-06,32,256
cube,2.000000,polar,0.0,0.0,6.881e-06,7.67e-06,32,256
cube,2.000000,polar,0.0,0.0,7.063e-06,3.497e-06,32,256
cube,2.000000,polar,0.0,0.0,5.37e-06,3.555e-06,32,256
cube,2.000000,polar,0.0,0.0,3.752e-06,4.411e-06,32,256
cube,2.000000,polar,0.0,0.0,5.292e-06,1.809e-06,32,256
cube,2.000000,polar,0.0,0.0,4.959e-06,1.929e-06,32,256
cube,2.000000,polar,0.0,0.0,6.24e-06,3.683e-06,32,256
cube,2.000000,polar,0.0,0.0,3.786e-06,0,32,256
cube,2.000000,polar,0.0,0.0,3.428e-06,8.81e-07,32,256
cube,2.000000,polar,0.0,0.0,5.161e-06,5.52e-06,32,256
cube,2.000000,polar,0.0,0.0,4.516e-06,1.1146e-05,32,256
cube,2.000000,polar,0.0,0.0,5.991e-06,6.42e-06,32,256
cube,2.000000,polar,0.0,0.0,6.984e-06,1.0591e-05,32,256
cube,2.000000,polar,0.0,0.0,2.14e-06,1.074e-06,32,256
cube,2.000000,polar,0.0,0.0,4.68e-06,1.194e-06,32,256
cube,2.000000,polar,0.0,0.0,8.75e-06,1.2058e-05,32,256
cube,2.000000,polar,0.0,0.0,4.573e-06,0,32,256
cube,2.000000,polar,0.0,0.0,6.619e-06,0,32,256
cube,2.000000,polar,0.0,0.0,4.814e-06,0,32,256
cube,2.000000,polar,0.0,0.0,5.071e-06,3.287e-06,32,256
cube,2.000000,polar,0.0,0.0,5.795e-06,7.558e-06,32,256
cube,2.000000,polar,0.0,0.0,5.747e-06,8.238e-06,32,256
cube,2.000000,polar,0.0,0.0,6.586e-06,1.6181e-05,32,256
cube,2.000000,polar,0.0,0.0,7.17e-06,6.254e-06,32,256
cube,2.000000,polar,0.0,0.0,6.358e-06,8.772e-06,32,256
cube,2.000000,polar,0.0,0.0,8.763e-06,7.559e-06,32,256
cube,2.000000,polar,0.0,0.0,4.683e-06,0,32,256
cube,2.000000,polar,0.0,0.0,7.478e-06,1.4759e-05,32,256
cube,2.000000,polar,0.0,0.0,8.147e-06,9.705e-06,32,256
cube,2.000000,polar,0.0,0.0,6.362e-06,7.849e-06,32,256
cube,2.000000,polar,0.0,0.0,8.67e-06,2.2575e-05,32,256
cube,2.000000,polar,0.0,0.0,7.309e-06,8.66e-06,32,256
cube,2.000000,polar,0.0,0.0,8.523e-06,2.0216e-05,32,256
cube,2.000000,polar,0.0,0.0,5.232e-06,3.003e-06,32,256
cube,2.000000,polar,0.0,0.0,7.386e-06,1.1395e-05,32,256
cube,2.000000,polar,0.0,0.0,5.135e-06,1.3747e-05,32,256
cube,2.000000,polar,0.0,0.0,4.991e-06,4.032e-06,32,256
cube,2.000000,polar,0.0,0.0,5.018e-06,7.714e-06,32,256
cube,2.000000,polar,0.0,0.0,7.146e-06,4.519e-06,32,256
cube,2.000000,polar,0.0,0.0,6.977e-06,8.302e-06,32,256
cube,2.000000,polar,0.0,0.0,9.119e-06,2.8565e-05,32,256
cube,2.000000,polar,0.0,0.0,6.29e-06,2.104e-06,32,256
cube,2.000000,polar,0.0,0.0,5.062e-06,0,32,256
cube,2.000000,polar,0.0,0.0,5.755e-06,3.627e-06,32,256
cube,2.000000,polar,0.0,0.0,4.896e-06,6.163e-06,32,256
cube,2.000000,polar,0.0,0.0,5.333e-06,2.094e-06,32,256
cube,2.000000,polar,0.0,0.0,4.611e-06,9.09e-07,32,256
cube,2.000000,polar,0.0,0.0,7.416e-06,6.421e-06,32,256
cube,2.000000,polar,0.0,0.0,5.429e-06,1.057e-06,32,256
cube,2.000000,polar,0.0,0.0,5.039e-06,2.848e-06,32,256
cube,2.000000,polar,0.0,0.0,5.379e-06,4.555e-06,32,256
cube,2.000000,polar,0.0,0.0,7.408e-06,6.62e-06,32,256
cube,2.000000,polar,0.0,0.0,5.187e-06,4.104e-06,32,256
cube,2.000000,polar,0.0,0.0,5.884e-06,2.939e-06,32,256
cube,2.000000,polar,0.0,0.0,5.111e-06,3.214e-06,32,256
cube,2.000000,polar,0.0,0.0,5.781e-06,0,32,256
cube,2.000000,polar,0.0,0.0,4.015e-06,1.2023e-05,32,256
cube,2.000000,polar,0.0,0.0,3.177e-06,2.396e-06,32,256
cube,2.000000,polar,0.0,0.0,5.015e-06,5.417e-06,32,256
cube,2.000000,polar,0.0,0.0,7.21e-06,6.832e-06,32,256
cube,2.000000,polar,0.0,0.0,7.653e-06,7.171e-06,32,256
cube,2.000000,polar,0.0,0.0,6.929e-06,0,32,256
cube,2.000000,polar,0.0,0.0,4.226e-06,2.921e-06,32,256
cube,2.000000,polar,0.0,0.0,4.666e-06,5.427e-06,32,256
cube,2.000000,polar,0.0,0.0,5.369e-06,5.061e-06,32,256
cube,2.000000,polar,0.0,0.0,8.155e-06,1.4006e-05,32,256
cube,2.000000,polar,0.0,0.0,6.214e-06,7.339e-06,32,256
cube,2.000000,polar,0.0,0.0,5.368e-06,1.947e-06,32,256
cube,2.000000,polar,0.0,0.0,7.092e-06,6.574e-06,32,256
cube,2.000000,polar,0.0,0.0,6.252e-06,1.0461e-05,32,256
cube,2.000000,polar,0.0,0.0,2.2429e-05,6.778e-06,32,256
cube,2.000000,polar,0.0,0.0,1.0114e-05,1.7827e-05,32,256
cube,2.000000,polar,0.0,0.0,5.97e-06,2.407e-06,32,256
cube,2.000000,polar,0.0,0.0,4.828e-06,9.889e-06,32,256
cube,2.000000,polar,0.0,0.0,2.418e-06,4.316e-06,32,256
cube,2.000000,polar,0.0,0.0,5.704e-06,1.663e-06,32,256
cube,2.000000,polar,0.0,0.0,2.783e-06,3.756e-06,32,256
cube,2.000000,polar,0.0,0.0,5.391e-06,2.351e-06,32,256
cube,2.000000,polar,0.0,0.0,4.608e-06,0,32,256
cube,2.000000,polar,0.0,0.0,5.549e-06,4.546e-06,32,256
cube,2.000000,polar,0.0,0.0,4.91e-06,6.816e-06,32,256
cube,2.000000,polar,0.0,0.0,5.623e-06,5.933e-06,32,256
cube,2.000000,polar,0.0,0.0,7.17e-06,4.298e-06,32,256
cube,2.000000,polar,0.0,0.0,5.307e-06,3.381e-06,32,256
cube,2.000000,polar,0.0,0.0,5.144e-06,1.955e-06,32,256
cube,2.000000,polar,0.0,0.0,7.85e-06,6.098e-06,32,256
cube,2.000000,polar,0.0,0.0,5.822e-06,6.998e-06,32,256
cube,2.000000,polar,0.0,0.0,8.644e-06,1.3948e-05,32,256
cube,2.000000,polar,0.0,0.0,5.716e-06,2.535e-06,32,256
cube,2.000000,polar,0.0,0.0,3.117e-06,8.63e-07,32,256
cube,2.000000,polar,0.0,0.0,5.695e-06,3.673e-06,32,256
cube,2.000000,polar,0.0,0.0,3.519e-06,1.726e-06,32,256
cube,2.000000,polar,0.0,0.0,7.593e-06,4.719e-06,32,256
cube,2.000000,polar,0.0,0.0,5.194e-06,0,32,256
cube,2.000000,polar,0.0,0.0,6.485e-06,4.967e-06,32,256
cube,2.000000,polar,0.0,0.0,5.86e-06,7.596e-06,32,256
cube,2.000000,polar,0.0,0.0,4.487e-06,1.193e-06,32,256
cube,2.000000,polar,0.0,0.0,2.747e-06,4.096e-06,32,256
cube,2.000000,polar,0.0,0.0,5.18e-06,0,32,256
cube,2.000000,polar,0.0,0.0,6.939e-06,5.877e-06,32,256
cube,2.000000,polar,0.0,0.0,3.108e-06,1.414e-06,32,256
cube,2.000000,polar,0.0,0.0,5.116e-06,2.416e-06,32,256
cube,2.000000,polar,0.0,0.0,8.928e-06,1.9001e-05,32,256
cube,2.000000,polar,0.0,0.0,8.237e-06,1.3611e-05,32,256
cube,2.000000,polar,0.0,0.0,6.116e-06,3.683e-06,32,256
cube,2.000000,polar,0.0,0.0,3.331e-06,6.06e-07,32,256
cube,2.000000,polar,0.0,0.0,5.705e-06,4.004e-06,32,256
cube,2.000000,polar,0.0,0.0,5.955e-06,7.118e-06,32,256
cube,2.000000,polar,0.0,0.0,6.361e-06,1.0298e-05,32,256
cube,2.000000,polar,0.0,0.0,6.066e-06,3.746e-06,32,256
cube,2.000000,polar,0.0,0.0,5.197e-06,1.6851e-05,32,256
cube,2.000000,polar,0.0,0.0,4.767e-06,1.544e-06,32,256
cube,2.000000,polar,0.0,0.0,2.793e-06,3.618e-06,32,256
cube,2.000000,polar,0.0,0.0,5.408e-06,4.188e-06,32,256
cube,2.000000,polar,0.0,0.0,5.466e-06,2.304e-06,32,256
cube,2.000000,polar,0.0,0.0,6.494e-06,3.656e-06,32,256
cube,2.000000,polar,0.0,0.0,5.151e-06,5.042e-06,32,256
cube,2.000000,polar,0.0,0.0,5.722e-06,9.157e-06,32,256
cube,2.000000,polar,0.0,0.0,4.262e-06,5.729e-06,32,256
cube,2.000000,polar,0.0,0.0,5.661e-06,2.59e-06,32,256
cube,2.000000,polar,0.0,0.0,2.705e-06,0,32,256
cube,2.000000,polar,0.0,0.0,8.234e-06,1.5429e-05,32,256
cube,2.000000,polar,0.0,0.0,4.945e-06,1.598e-06,32,256
cube,2.000000,polar,0.0,0.0,4.549e-06,7.594e-06,32,256
cube,2.000000,polar,0.0,0.0,2.699e-06,6.117e-06,32,256
cube,2.000000,polar,0.0,0.0,5.294e-06,1.7794e-05,32,256
cube,2.000000,polar,0.0,0.0,8.445e-06,6.852e-06,32,256
cube,2.000000,polar,0.0,0.0,4.336e-06,9.983e-06,32,256
cube,2.000000,polar,0.0,0.0,6.432e-06,8.056e-06,32,256
cube,2.000000,polar,0.0,0.0,5.601e-06,5.316e-06,32,256
cube,2.000000,polar,0.0,0.0,6.688e-06,2.545e-06,32,256
cube,2.000000,polar,0.0,0.0,8.765e-06,8.596e-06,32,256
cube,2.000000,polar,0.0,0.0,1.1226e-05,1.3832e-05,32,256
cube,2.000000,polar,0.0,0.0,7.292e-06,1.4649e-05,32,256
cube,2.000000,polar,0.0,0.0,7.776e-06,4.602e-06,32,256
cube,2.000000,polar,0.0,0.0,7.753e-06,4.721e-06,32,256
cube,2.000000,polar,0.0,0.0,5.585e-06,1.3565e-05,32,256
cube,2.000000,polar,0.0,0.0,7.069e-06,3.783e-06,32,256
cube,2.000000,polar,0.0,0.0,5.224e-06,1.341e-06,32,256
cube,2.000000,polar,0.0,0.0,5.097e-06,8.651e-06,32,256
cube,2.000000,polar,0.0,0.0,6.952e-06,3.306e-06,32,256
cube,2.000000,polar,0.0,0.0,6.166e-06,1.516e-06,32,256
cube,2.000000,polar,0.0,0.0,1.017e-05,4.903e-06,32,256
cube,2.000000,polar,0.0,0.0,6.532e-06,9.92e-07,32,256
cube,2.000000,polar,0.0,0.0,7.403e-06,9.973e-06,32,256
cube,2.000000,polar,0.0,0.0,8.982e-06,1.7595e-05,32,256
cube,2.000000,polar,0.0,0.0,8.179e-06,4.123e-06,32,256
cube,2.000000,polar,0.0,0.0,1.04e-05,6.126e-06,32,256
cube,2.000000,polar,0.0,0.0,5.931e-06,1.192e-05,32,256
cube,2.000000,polar,0.0,0.0,5.789e-06,0,32,256
cube,2.000000,polar,0.0,0.0,6.094e-06,6.054e-06,32,256
cube,2.000000,polar,0.0,0.0,8.689e-06,7.585e-06,32,256
cube,2.000000,polar,0.0,0.0,9.94e-06,1.0518e-05,32,256
cube,2.000000,polar,0.0,0.0,7.884e-06,5.805e-06,32,256
cube,2.000000,polar,0.0,0.0,8.14e-06,5.88e-07,32,256
cube,2.000000,polar,0.0,0.0,1.1463e-05,1.1145e-05,32,256
cube,2.000000,polar,0.0,0.0,7.745e-06,6.512e-06,32,256
cube,2.000000,polar,0.0,0.0,9.471e-06,1.0072e-05,32,256
cube,2.000000,polar,0.0,0.0,8.37e-06,5.041e-06,32,256
cube,2.000000,polar,0.0,0.0,1.0452e-05,4.133e-06,32,256
cube,2.000000,polar,0.0,0.0,7.774e-06,7.166e-06,32,256
cube,2.000000,polar,0.0,0.0,6.084e-06,2.085e-06,32,256
cube,2.000000,polar,0.0,0.0,6.961e-06,5.337e-06,32,256
cube,2.000000,polar,0.0,0.0,6.485e-06,5.555e-06,32,256
cube,2.000000,polar,0.0,0.0,3.554e-06,2.407e-06,32,256
cube,2.000000,polar,0.0,0.0,5.016e-06,1.837e-06,32,256
cube,2.000000,polar,0.0,0.0,4.982e-06,2.828e-06,32,256
cube,2.000000,polar,0.0,0.0,4.735e-06,5.124e-06,32,256
cube,2.000000,polar,0.0,0.0,5.826e-06,1.3031e-05,32,256
cube,2.000000,polar,0.0,0.0,6.615e-06,3.967e-06,32,256
cube,2.000000,polar,0.0,0.0,1.284e-06,1.764e-06,32,256
cube,2.000000,polar,0.0,0.0,7.675e-06,7.842e-06,32,256
cube,2.000000,polar,0.0,0.0,6.134e-06,5.364e-06,32,256
cube,2.000000,polar,0.0,0.0,4.501e-06,3.583e-06,32,256
cube,2.000000,polar,0.0,0.0,6.134e-06,4.968e-06,32,256
cube,2.000000,polar,0.0,0.0,3.943e-06,0,32,256
cube,2.000000,polar,0.0,0.0,8.08e-06,5.832e-06,32,256
cube,2.000000,polar,0.0,0.0,4.754e-06,1.993e-06,32,256
cube,2.000000,polar,0.0,0.0,3.89e-06,7.72e-07,32,256
cube,2.000000,polar,0.0,0.0,5.904e-06,5.216e-06,32,256
cube,2.000000,polar,0.0,0.0,6.508e-06,5.961e-06,32,256
cube,2.000000,polar,0.0,0.0,2.933e-06,7.521e-06,32,256
cube,2.000000,polar,0.0,0.0,7.931e-06,5.391e-06,32,256
cube,2.000000,polar,0.0,0.0,4.366e-06,0,32,256
cube,2.000000,polar,0.0,0.0,3.942e-06,1.892e-06,32,256
cube,2.000000,polar,0.0,0.0,4.696e-06,0,32,256
cube,2.000000,polar,0.0,0.0,4.697e-06,4.014e-06,32,256
cube,2.000000,polar,0.0,0.0,6.529e-06,1.0267e-05,32,256
cube,2.000000,polar,0.0,0.0,5.714e-06,3.673e-06,32,256
cube,2.000000,polar,0.0,0.0,6.056e-06,8.478e-06,32,256
cube,2.000000,polar,0.0,0.0,6.925e-06,5.125e-06,32,256
cube,2.000000,polar,0.0,0.0,4.833e-06,4.69e-07,32,256
cube,2.000000,polar,0.0,0.0,4.218e-06,2.04e-06,32,256
cube,2.000000,polar,0.0,0.0,3.943e-06,8.606e-06,32,256
cube,2.000000,polar,0.0,0.0,6.321e-06,4.95e-06,32,256
cube,2.000000,polar,0.0,0.0,8.182e-06,1.056e-05,32,256
cube,2.000000,polar,0.0,0.0,4.79e-06,7.237e-06,32,256
cube,2.000000,polar,0.0,0.0,8.149e-06,4.381e-06,32,256
cube,2.000000,polar,0.0,0.0,5.717e-06,5.576e-06,32,256
cube,2.000000,polar,0.0,0.0,5.344e-06,4.84e-06,32,256
cube,2.000000,polar,0.0,0.0,6.279e-06,4.281e-06,32,256
cube,2.000000,polar,0.0,0.0,9.122e-06,6.732e-06,32,256
cube,2.000000,polar,0.0,0.0,3.853e-06,0,32,256
cube,2.000000,polar,0.0,0.0,5.06e-06,2.003e-06,32,256
cube,2.000000,polar,0.0,0.0,6.092e-06,8.953e-06,32,256
cube,2.000000,polar,0.0,0.0,6.164e-06,5.64e-06,32,256
cube,2.000000,polar,0.0,0.0,4.624e-06,1.993e-06,32,256
cube,2.000000,polar,0.0,0.0,6.734e-06,2.931e-06,32,256
cube,2.000000,polar,0.0,0.0,7.076e-06,1.5775e-05,32,256
cube,2.000000,polar,0.0,0.0,6.217e-06,3.398e-06,32,256
cube,2.000000,polar,0.0,0.0,4.212e-06,0,32,256
cube,2.000000,polar,0.0,0.0,5.295e-06,0,32,256
cube,2.000000,polar,0.0,0.0,7.071e-06,6.457e-06,32,256
cube,2.000000,polar,0.0,0.0,2.645e-06,5.089e-06,32,256
cube,2.000000,polar,0.0,0.0,5.776e-06,1.083e-06,32,256
cube,2.000000,polar,0.0,0.0,3.946e-06,3.003e-06,32,256
cube,2.000000,polar,0.0,0.0,4.386e-06,2.342e-06,32,256
cube,2.000000,polar,0.0,0.0,4.466e-06,2.094e-06,32,256
cube,2.000000,polar,0.0,0.0,5.554e-06,8.824e-06,32,256
cube,2.000000,polar,0.0,0.0,4.242e-06,4.757e-06,32,256
cube,2.000000,polar,0.0,0.0,2.575e-06,5.63e-06,32,256
cube,2.000000,polar,0.0,0.0,6.018e-06,5.096e-06,32,256
cube,2.000000,polar,0.0,0.0,7.567e-06,1.1684e-05,32,256
cube,2.000000,polar,0.0,0.0,5.451e-06,8.17e-07,32,256
cube,2.000000,polar,0.0,0.0,7.561e-06,7.78e-06,32,256
cube,2.000000,polar,0.0,0.0,6.01e-06,5.142e-06,32,256
cube,2.000000,polar,0.0,0.0,5.216e-06,2.277e-06,32,256
cube,2.000000,polar,0.0,0.0,5.328e-06,2.699e-06,32,256
cube,2.000000,polar,0.0,0.0,7.866e-06,7.346e-06,32,256
cube,2.000000,polar,0.0,0.0,3.446e-06,0,32,256
cube,2.000000,polar,0.0,0.0,8.918e-06,5.915e-06,32,256
cube,2.000000,polar,0.0,0.0,5.789e-06,7.302e-06,32,256
cube,2.000000,polar,0.0,0.0,3.816e-06,0,32,256
cube,2.000000,polar,0.0,0.0,4.934e-06,9.46e-07,32,256
cube,2.000000,polar,0.0,0.0,4.346e-06,8.81e-07,32,256
cube,2.000000,polar,0.0,0.0,6.824e-06,1.7709e-05,32,256
cube,2.000000,polar,0.0,0.0,5.903e-06,5.472e-06,32,256
cube,2.000000,polar,0.0,0.0,6.446e-06,1.5335e-05,32,256
cube,2.000000,polar,0.0,0.0,6.068e-06,4.885e-06,32,256
cube,2.000000,polar,0.0,0.0,4.814e-06,3.469e-06,32,256
cube,2.000000,polar,0.0,0.0,4.164e-06,3.848e-06,32,256
cube,2.000000,polar,0.0,0.0,2.445e-06,0,32,256
cube,2.000000,polar,0.0,0.0,5.45e-06,1.708e-06,32,256
cube,2.000000,polar,0.0,0.0,6.36e-06,1.7435e-05,32,256
cube,2.000000,polar,0.0,0.0,3.939e-06,9.606e-06,32,256
cube,2.000000,polar,0.0,0.0,4.727e-06,0,32,256
cube,2.000000,polar,0.0,0.0,6.191e-06,6.98e-06,32,256
cube,2.000000,polar,0.0,0.0,3.548e-06,3.094e-06,32,256
cube,2.000000,polar,0.0,0.0,3.577e-06,5.7e-07,32,256
cube,2.000000,polar,0.0,0.0,9.478e-06,2.4364e-05,32,256
cube,2.000000,polar,0.0,0.0,5.48e-06,5.922e-06,32,256
cube,2.000000,polar,0.0,0.0,5.4e-06,5.033e-06,32,256
cube,2.000000,polar,0.0,0.0,5.801e-06,0,32,256
cube,2.000000,polar,0.0,0.0,6.399e-06,5.041e-06,32,256
cube,2.000000,polar,0.0,0.0,9.864e-06,9.92e-07,32,256
cube,2.000000,polar,0.0,0.0,7.169e-06,8.375e-06,32,256
cube,2.000000,polar,0.0,0.0,5.162e-06,7.825e-06,32,256
cube,2.000000,polar,0.0,0.0,5.39e-06,2.646e-06,32,256
cube,2.000000,polar,0.0,0.0,4.636e-06,6.899e-06,32,256
cube,2.000000,polar,0.0,0.0,5.159e-06,0,32,256
cube,2.000000,polar,0.0,0.0,6.252e-06,7.339e-06,32,256
cube,2.000000,polar,0.0,0.0,4.791e-06,4.537e-06,32,256
cube,2.000000,polar,0.0,0.0,5.83e-06,2.729e-06,32,256
cube,2.000000,polar,0.0,0.0,5.159e-06,1.377e-06,32,256
cube,2.000000,polar,0.0,0.0,7.989e-06,2.8957e-05,32,256
cube,2.000000,polar,0.0,0.0,7.554e-06,7.639e-06,32,256
cube,2.000000,polar,0.0,0.0,5.846e-06,1.864e-06,32,256
cube,2.000000,polar,0.0,0.0,9.111e-06,2.3565e-05,32,256
cube,2.000000,polar,0.0,0.0,4.334e-06,0,32,256
cube,2.000000,polar,0.0,0.0,4.96e-06,0,32,256
cube,2.000000,polar,0.0,0.0,7.862e-06,4.416e-06,32,256
cube,2.000000,polar,0.0,0.0,1.1296e-05,1.5071e-05,32,256
cube,2.000000,polar,0.0,0.0,7.432e-06,9.236e-06,32,256
cube,2.000000,polar,0.0,0.0,5.233e-06,9.36e-07,32,256
cube,2.000000,polar,0.0,0.0,7.492e-06,5.344e-06,32,256
cube,2.000000,polar,0.0,0.0,6.708e-06,4.619e-06,32,256
cube,2.000000,polar,0.0,0.0,9.087e-06,1.4354e-05,32,256
cube,2.000000,polar,0.0,0.0,5.945e-06,5.804e-06,32,256
cube,2.000000,polar,0.0,0.0,9.006e-06,6.023e-06,32,256
cube,2.000000,polar,0.0,0.0,7.499e-06,1.5134e-05,32,256
cube,2.000000,polar,0.0,0.0,8.607e-06,3.599e-06,32,256
cube,2.000000,polar,0.0,0.0,6.716e-06,4.399e-06,32,256
cube,2.000000,polar,0.0,0.0,3.638e-06,7.236e-06,32,256
cube,2.000000,polar,0.0,0.0,8.039e-06,1.4063e-05,32,256
cube,2.000000,polar,0.0,0.0,3.804e-06,1.2141e-05,32,256
cube,2.000000,polar,0.0,0.0,4.695e-06,6.98e-07,32,256
cube,2.000000,polar,0.0,0.0,7.026e-06,1.1561e-05,32,256
cube,2.000000,polar,0.0,0.0,8.279e-06,1.8343e-05,32,256
cube,2.000000,polar,0.0,0.0,5.93e-06,0,32,256
cube,2.000000,polar,0.0,0.0,7.843e-06,1.0664e-05,32,256
cube,2.000000,polar,0.0,0.0,6.546e-06,4.115e-06,32,256
cube,2.000000,polar,0.0,0.0,6.263e-06,6.868e-06,32,256
cube,2.000000,polar,0.0,0.0,6.739e-06,9.235e-06,32,256
cube,2.000000,polar,0.0,0.0,6.315e-06,2.728e-06,32,256
cube,2.000000,polar,0.0,0.0,2.384e-06,0,32,256
cube,2.000000,polar,0.0,0.0,7.689e-06,8.391e-06,32,256
cube,2.000000,polar,0.0,0.0,6.229e-06,8.73e-07,32,256
cube,2.000000,polar,0.0,0.0,6.095e-06,3.206e-06,32,256
cube,2.000000,polar,0.0,0.0,6.524e-06,1.5348e-05,32,256
cube,2.000000,polar,0.0,0.0,7.166e-06,7.51e-06,32,256
cube,2.000000,polar,0.0,0.0,6.478e-06,5.373e-06,32,256
cube,2.000000,polar,0.0,0.0,5.507e-06,1.0892e-05,32,256
cube,2.000000,polar,0.0,0.0,5.469e-06,1.0431e-05,32,256
cube,2.000000,polar,0.0,0.0,4.324e-06,3.444e-06,32,256
cube,2.000000,polar,0.0,0.0,6.033e-06,2.223e-06,32,256
cube,2.000000,polar,0.0,0.0,5.702e-06,4.968e-06,32,256
cube,2.000000,polar,0.0,0.0,7.418e-06,6.228e-06,32,256
cube,2.000000,polar,0.0,0.0,9.104e-06,7.007e-06,32,256
cube,2.000000,polar,0.0,0.0,7.742e-06,2.133e-05,32,256
cube,2.000000,polar,0.0,0.0,4.262e-06,0,32,256
cube,2.000000,polar,0.0,0.0,1.7606e-05,2.489e-06,32,256
cube,2.000000,polar,0.0,0.0,7.563e-06,5.786e-06,32,256
cube,2.000000,polar,0.0,0.0,3.677e-06,0,32,256
cube,2.000000,polar,0.0,0.0,6.676e-06,5.998e-06,32,256
cube,2.000000,polar,0.0,0.0,6.401e-06,7.732e-06,32,256
cube,2.000000,polar,0.0,0.0,6.324e-06,7.044e-06,32,256
cube,2.000000,polar,0.0,0.0,8.056e-06,2.1499e-05,32,256
cube,2.000000,polar,0.0,0.0,6.973e-06,8.164e-06,32,256
cube,2.000000,polar,0.0,0.0,5.403e-06,2.36e-06,32,256
cube,2.000000,polar,0.0,0.0,4.874e-06,2.443e-06,32,256
cube,2.000000,polar,0.0,0.0,4.222e-06,1.4458e-05,32,256
cube,2.000000,polar,0.0,0.0,6.949e-06,5.198e-06,32,256
cube,2.000000,polar,0.0,0.0,2.596e-06,0,32,256
cube,2.000000,polar,0.0,0.0,3.393e-06,3.169e-06,32,256
cube,2.000000,polar,0.0,0.0,5.64e-06,2.572e-06,32,256
cube,2.000000,polar,0.0,0.0,3.305e-06,3.804e-06,32,256
cube,2.000000,polar,0.0,0.0,5.212e-06,1.883e-06,32,256
cube,2.000000,polar,0.0,0.0,5.255e-06,3.389e-06,32,256
cube,2.000000,polar,0.0,0.0,4.897e-06,0,32,256
cube,2.000000,polar,0.0,0.0,5.554e-06,2.02e-06,32,256
cube,2.000000,polar,0.0,0.0,6.902e-06,1.0158e-05,32,256
cube,2.000000,polar,0.0,0.0,4.325e-06,5.949e-06,32,256
cube,2.000000,polar,0.0,0.0,4.703e-06,4.5e-06,32,256
cube,2.000000,polar,0.0,0.0,6.149e-06,1.1287e-05,32,256
cube,2.000000,polar,0.0,0.0,7.482e-06,5.647e-06,32,256
cube,2.000000,polar,0.0,0.0,4.612e-06,2.975e-06,32,256
cube,2.000000,polar,0.0,0.0,8.252e-06,9.24e-06,32,256
cube,2.000000,polar,0.0,0.0,3.546e-06,2.442e-06,32,256
cube,2.000000,polar,0.0,0.0,4.789e-06,2.103e-06,32,256
cube,2.000000,polar,0.0,0.0,6.796e-06,9.46e-07,32,256
cube,2.000000,polar,0.0,0.0,5.949e-06,4.547e-06,32,256
cube,2.000000,polar,0.0,0.0,6.808e-06,8.01e-06,32,256
cube,2.000000,polar,0.0,0.0,3.924e-06,1.965e-06,32,256
cube,2.000000,polar,0.0,0.0,1.4787e-05,2.022e-05,32,256
cube,2.000000,polar,0.0,0.0,8.764e-06,5.391e-06,32,256
cube,2.000000,polar,0.0,0.0,5.863e-06,3.968e-06,32,256
cube,2.000000,polar,0.0,0.0,5.216e-06,6.483e-06,32,256
cube,2.000000,polar,0.0,0.0,5.791e-06,7.78e-06,32,256
cube,2.000000,polar,0.0,0.0,3.347e-06,2.067e-06,32,256
cube,2.000000,polar,0.0,0.0,6.09e-06,4.178e-06,32,256
cube,2.000000,polar,0.0,0.0,5.953e-06,1.808e-06,32,256
cube,2.000000,polar,0.0,0.0,7.581e-06,1.3804e-05,32,256
cube,2.000000,polar,0.0,0.0,5.042e-06,0,32,256
cube,2.000000,polar,0.0,0.0,6.355e-06,8.351e-06,32,256
cube,2.000000,polar,0.0,0.0,5.656e-06,5.712e-06,32,256
cube,2.000000,polar,0.0,0.0,7.627e-06,3.206e-06,32,256
cube,2.000000,polar,0.0,0.0,3.586e-06,3.931e-06,32,256
cube,2.000000,polar,0.0,0.0,6.144e-06,6.693e-06,32,256
cube,2.000000,polar,0.0,0.0,3.86e-07,2.378e-06,32,256
cube,2.000000,polar,0.0,0.0,4.862e-06,7.161e-06,32,256
cube,2.000000,polar,0.0,0.0,4.379e-06,1.6524e-05,32,256
cube,2.000000,polar,0.0,0.0,5.241e-06,3.886e-06,32,256
cube,2.000000,polar,0.0,0.0,4.418e-06,7.054e-06,32,256
cube,2.000000,polar,0.0,0.0,5.889e-06,1.001e-06,32,256
cube,2.000000,polar,0.0,0.0,7.586e-06,2.875e-06,32,256
cube,2.000000,polar,0.0,0.0,7.735e-06,1.4034e-05,32,256
cube,2.000000,polar,0.0,0.0,2.807e-06,5.19e-06,32,256
cube,2.000000,polar,0.0,0.0,8.553e-06,7.751e-06,32,256
cube,2.000000,polar,0.0,0.0,1.0123e-05,2.0894e-05,32,256
cube,2.000000,polar,0.0,0.0,5.553e-06,2.746e-06,32,256
cube,2.000000,polar,0.0,0.0,7.213e-06,4.756e-06,32,256
cube,2.000000,polar,0.0,0.0,4.537e-06,1.644e-06,32,256
cube,2.000000,polar,0.0,0.0,3.623e-06,0,32,256
cube,2.000000,polar,0.0,0.0,4.764e-06,4.105e-06,32,256
cube,2.000000,polar,0.0,0.0,4.946e-06,5.061e-06,32,256
cube,2.000000,polar,0.0,0.0,6.355e-06,6.19e-06,32,256
cube,2.000000,polar,0.0,0.0,7.073e-06,5.861e-06,32,256
cube,2.000000,polar,0.0,0.0,6.383e-06,6.604e-06,32,256
cube,2.000000,polar,0.0,0.0,4.158e-06,5.466e-06,32,256
cube,2.000000,polar,0.0,0.0,4.731e-06,7.99e-07,32,256
cube,2.000000,polar,0.0,0.0,3.466e-06,3.95e-06,32,256
cube,2.000000,polar,0.0,0.0,5.899e-06,1.019e-06,32,256
cube,2.000000,polar,0.0,0.0,5.628e-06,7.859e-06,32,256
cube,2.000000,polar,0.0,0.0,7.696e-06,1.0779e-05,32,256
cube,2.000000,polar,0.0,0.0,6.146e-06,1.1535e-05,32,256
cube,2.000000,polar,0.0,0.0,7.449e-06,1.1926e-05,32,256
cube,2.000000,polar,0.0,0.0,5.636e-06,1.349e-06,32,256
cube,2.000000,polar,0.0,0.0,5.838e-06,5.392e-06,32,256
cube,2.000000,polar,0.0,0.0,6.032e-06,1.772e-06,32,256
cube,2.000000,polar,0.0,0.0,7.42e-06,7.108e-06,32,256
cube,2.000000,polar,0.0,0.0,7.398e-06,2.828e-06,32,256
cube,2.000000,polar,0.0,0.0,5.606e-06,1.2103e-05,32,256
cube,2.000000,polar,0.0,0.0,6.809e-06,7.135e-06,32,256
cube,2.000000,polar,0.0,0.0,4.279e-06,0,32,256
cube,2.000000,polar,0.0,0.0,5.576e-06,6.088e-06,32,256
cube,2.000000,polar,0.0,0.0,6.001e-06,6.374e-06,32,256
cube,2.000000,polar,0.0,0.0,6.464e-06,7.007e-06,32,256
cube,2.000000,polar,0.0,0.0,4.433e-06,5.005e-06,32,256
cube,2.000000,polar,0.0,0.0,6.193e-06,4.04e-06,32,256
cube,2.000000,polar,0.0,0.0,6.196e-06,6.209e-06,32,256
cube,2.000000,polar,0.0,0.0,7.776e-06,5.555e-06,32,256
cube,2.000000,polar,0.0,0.0,1.2359e-05,1.6366e-05,32,256
cube,2.000000,polar,0.0,0.0,5.557e-06,2.847e-06,32,256
cube,2.000000,polar,0.0,0.0,4.318e-06,1.827e-06,32,256
cube,2.000000,polar,0.0,0.0,6.537e-06,1.6053e-05,32,256
cube,2.000000,polar,0.0,0.0,6.141e-06,2.735e-06,32,256
cube,2.000000,polar,0.0,0.0,5.011e-06,1.267e-06,32,256
cube,2.000000,polar,0.0,0.0,6.535e-06,7.532e-06,32,256
cube,2.000000,polar,0.0,0.0,5.057e-06,3.701e-06,32,256
cube,2.000000,polar,0.0,0.0,9.068e-06,1.057e-05,32,256
cube,2.000000,polar,0.0,0.0,4.568e-06,0,32,256
cube,2.000000,polar,0.0,0.0,3.181e-06,0,32,256
cube,2.000000,polar,0.0,0.0,7.735e-06,8.771e-06,32,256
cube,2.000000,polar,0.0,0.0,6.52e-06,4.006e-06,32,256
cube,2.000000,polar,0.0,0.0,8.966e-06,2.2487e-05,32,256
cube,2.000000,polar,0.0,0.0,8.321e-06,2.1086e-05,32,256
cube,2.000000,polar,0.0,0.0,5.866e-06,1.774e-06,32,256
cube,2.000000,polar,0.0,0.0,4.856e-06,3.656e-06,32,256
cube,2.000000,polar,0.0,0.0,4.861e-06,4.059e-06,32,256
cube,2.000000,polar,0.0,0.0,4.792e-06,1.644e-06,32,256
cube,2.000000,polar,0.0,0.0,5.843e-06,2.232e-06,32,256
cube,2.000000,polar,0.0,0.0,3.886e-06,4.493e-06,32,256
cube,2.000000,polar,0.0,0.0,7.256e-06,8.514e-06,32,256
cube,2.000000,polar,0.0,0.0,3.413e-06,8.265e-06,32,256
cube,2.000000,polar,0.0,0.0,6.399e-06,7.16e-07,32,256
cube,2.000000,polar,0.0,0.0,5.757e-06,4.931e-06,32,256
cube,2.000000,polar,0.0,0.0,1.215e-06,8.08e-07,32,256
cube,2.000000,polar,0.0,0.0,9.018e-06,5.493e-06,32,256
cube,2.000000,polar,0.0,0.0,8.405e-06,3.885e-06,32,256
cube,2.000000,polar,0.0,0.0,5.153e-06,8.82e-07,32,256
cube,2.000000,polar,0.0,0.0,1.818e-06,1.433e-06,32,256
cube,2.000000,polar,0.0,0.0,6.967e-06,5.821e-06,32,256
cube,2.000000,polar,0.0,0.0,8.95e-06,6.63e-06,32,256
cube,2.000000,polar,0.0,0.0,7.293e-06,1.0977e-05,32,256
cube,2.000000,polar,0.0,0.0,6.101e-06,6.548e-06,32,256
cube,2.000000,polar,0.0,0.0,8.466e-06,1.1303e-05,32,256
cube,2.000000,polar,0.0,0.0,7.55e-06,1.2205e-05,32,256
cube,2.000000,polar,0.0,0.0,4.913e-06,2.295e-06,32,256
cube,2.000000,polar,0.0,0.0,4.046e-06,4.27e-06,32,256
cube,2.000000,polar,0.0,0.0,4.487e-06,0,32,256
cube,2.000000,polar,0.0,0.0,5.986e-06,1.0022e-05,32,256
cube,2.000000,polar,0.0,0.0,4.382e-06,9.834e-06,32,256
cube,2.000000,polar,0.0,0.0,7.486e-06,1.001e-05,32,256
cube,2.000000,polar,0.0,0.0,7.846e-06,9.76e-06,32,256
cube,2.000000,polar,0.0,0.0,3.669e-06,5.5e-06,32,256
cube,2.000000,polar,0.0,0.0,6.978e-06,2.461e-06,32,256
cube,2.000000,polar,0.0,0.0,6.47e-06,1.4903e-05,32,256
cube,2.000000,polar,0.0,0.0,5.835e-06,4.335e-06,32,256
cube,2.000000,polar,0.0,0.0,5.207e-06,3.967e-06,32,256
cube,2.000000,polar,0.0,0.0,3.273e-06,1.0633e-05,32,256
cube,2.000000,polar,0.0,0.0,6.791e-06,2.085e-06,32,256
cube,2.000000,polar,0.0,0.0,4.77e-06,1.984e-06,32,256
cube,2.000000,polar,0.0,0.0,1.274e-06,2.553e-06,32,256
cube,2.000000,polar,0.0,0.0,5.82e-06,6.539e-06,32,256
cube,2.000000,polar,0.0,0.0,4.159e-06,4.831e-06,32,256
cube,2.000000,polar,0.0,0.0,3.991e-06,1.3776e-05,32,256
cube,2.000000,polar,0.0,0.0,4.381e-06,9e-07,32,256
cube,2.000000,polar,0.0,0.0,6.395e-06,6.053e-06,32,256
cube,2.000000,polar,0.0,0.0,1.616e-06,2.828e-06,32,256
cube,2.000000,polar,0.0,0.0,6.695e-06,1.6743e-05,32,256
cube,2.000000,polar,0.0,0.0,1.343e-05,3.166e-05,32,256
cube,2.000000,polar,0.0,0.0,5.284e-06,2.755e-06,32,256
cube,2.000000,polar,0.0,0.0,1.0065e-05,7.071e-06,32,256
cube,2.000000,polar,0.0,0.0,8.571e-06,9.343e-06,32,256
cube,2.000000,polar,0.0,0.0,7.537e-06,7.211e-06,32,256
cube,2.000000,polar,0.0,0.0,6.534e-06,7.882e-06,32,256
cube,2.000000,polar,0.0,0.0,6.744e-06,1.0794e-05,32,256
cube,2.000000,polar,0.0,0.0,5.613e-06,1.893e-06,32,256
cube,2.000000,polar,0.0,0.0,5.301e-06,4.388e-06,32,256
sphere,2.000000,cartesian,0.0,0.0,2.583e-06,2.438e-05,32,256
sphere,2.000000,cartesian,0.0,0.0,1.5343e-05,5.9943e-05,32,256
sphere,2.000000,cartesian,0.0,0.0,1.2126e-05,3.2149e-05,32,256
sphere,2.000000,cartesian,0.0,0.0,1.1948e-05,2.7964e-05,32,256
sphere,2.000000,cartesian,0.0,0.0,1.7238e-05,3.5364e-05,32,256
sphere,2.000000,cartesian,0.0,0.0,1.0552e-05,2.6207e-05,32,256
sphere,2.000000,cartesian,0.0,0.0,1.5604e-05,4.1353e-05,32,256
sphere,2.000000,cartesian,0.0,0.0,1.4551e-05,7.4143e-05,32,256
sphere,2.000000,cartesian,0.0,0.0,1.3793e-05,2.8749e-05,32,256
sphere,2.000000,cartesian,0.0,0.0,1.5067e-05,3.3901e-05,32,256
sphere,2.000000,cartesian,0.0,0.0,1.3702e-05,3.6576e-05,32,256
sphere,2.000000,cartesian,0.0,0.0,1.5343e-05,4.7765e-05,32,256
sphere,2.000000,cartesian,0.0,0.0,1.2681e-05,3.2384e-05,32,256
sphere,2.000000,cartesian,0.0,0.0,1.4891e-05,2.4838e-05,32,256
sphere,2.000000,cartesian,0.0,0.0,1.4183e-05,3.768e-05,32,256
sphere,2.000000,cartesian,0.0,0.0,1.1915e-05,3.5606e-05,32,256
sphere,2.000000,cartesian,0.0,0.0,1.5176e-05,3.4281e-05,32,256
sphere,2.000000,cartesian,0.0,0.0,1.359e-05,3.3381e-05,32,256
sphere,2.000000,cartesian,0.0,0.0,1.4757e-05,3.8254e-05,32,256
sphere,2.000000,cartesian,0.0,0.0,1.8492e-05,4.3988e-05,32,256
sphere,2.000000,cartesian,0.0,0.0,1.497e-05,3.0808e-05,32,256
sphere,2.000000,cartesian,0.0,0.0,1.5006e-05,3.3193e-05,32,256
sphere,2.000000,cartesian,0.0,0.0,7.312e-06,2.3733e-05,32,256
sphere,2.000000,cartesian,0.0,0.0,1.8077e-05,3.4714e-05,32,256
sphere,2.000000,cartesian,0.0,0.0,1.2075e-05,5.4117e-05,32,256
sphere,2.000000,cartesian,0.0,0.0,1.819e-06,9.902e-06,32,256
sphere,2.000000,cartesian,0.0,0.0,7.797e-06,3.0422e-05,32,256
sphere,2.000000,cartesian,0.0,0.0,1.682e-06,1.2404e-05,32,256
sphere,2.000000,cartesian,0.0,0.0,1.3054e-05,2.7424e-05,32,256
sphere,2.000000,cartesian,0.0,0.0,1.3378e-05,3.1116e-05,32,256
sphere,2.000000,cartesian,0.0,0.0,1.1311e-05,2.4412e-05,32,256
sphere,2.000000,cartesian,0.0,0.0,1.4709e-05,6.2918e-05,32,256
sphere,2.000000,cartesian,0.0,0.0,1.9417e-05,4.1092e-05,32,256
sphere,2.000000,cartesian,0.0,0.0,1.3902e-05,3.8541e-05,32,256
sphere,2.000000,cartesian,0.0,0.0,1.1309e-05,2.38e-05,32,256
sphere,2.000000,cartesian,0.0,0.0,1.4325e-05,3.6969e-05,32,256
sphere,2.000000,cartesian,0.0,0.0,1.5599e-05,3.3931e-05,32,256
sphere,2.000000,cartesian,0.0,0.0,1.4427e-05,3.8076e-05,32,256
sphere,2.000000,cartesian,0.0,0.0,1.3698e-05,4.0724e-05,32,256
sphere,2.000000,cartesian,0.0,0.0,1.0232e-05,2.2298e-05,32,256
sphere,2.000000,cartesian,0.0,0.0,1.1328e-05,3.7914e-05,32,256
sphere,2.000000,cartesian,0.0,0.0,7.257e-06,4.418e-05,32,256
sphere,2.000000,cartesian,0.0,0.0,1.3368e-05,3.4496e-05,32,256
sphere,2.000000,cartesian,0.0,0.0,1.2709e-05,4.1002e-05,32,256
sphere,2.000000,cartesian,0.0,0.0,6.232e-06,2.2834e-05,32,256
sphere,2.000000,cartesian,0.0,0.0,1.1826e-05,3.5607e-05,32,256
sphere,2.000000,cartesian,0.0,0.0,1.0066e-05,3.8354e-05,32,256
sphere,2.000000,cartesian,0.0,0.0,1.34e-05,3.6209e-05,32,256
sphere,2.000000,cartesian,0.0,0.0,2.5477e-05,9.8513e-05,32,256
sphere,2.000000,cartesian,0.0,0.0,2.0058e-05,3.8416e-05,32,256
sphere,2.000000,cartesian,0.0,0.0,1.2193e-05,3.6686e-05,32,256
sphere,2.000000,cartesian,0.0,0.0,9.146e-06,2.3572e-05,32,256
sphere,2.000000,cartesian,0.0,0.0,8.934e-06,3.7419e-05,32,256
sphere,2.000000,cartesian,0.0,0.0,7.279e-06,4.9846e-05,32,256
sphere,2.000000,cartesian,0.0,0.0,1.7802e-05,5.5627e-05,32,256
sphere,2.000000,cartesian,0.0,0.0,1.1972e-05,3.7189e-05,32,256
sphere,2.000000,cartesian,0.0,0.0,2.2913e-05,5.5667e-05,32,256
sphere,2.000000,cartesian,0.0,0.0,1.4337e-05,4.575e-05,32,256
sphere,2.000000,cartesian,0.0,0.0,1.4197e-05,4.7759e-05,32,256
sphere,2.000000,cartesian,0.0,0.0,1.5716e-05,3.4457e-05,32,256
sphere,2.000000,cartesian,0.0,0.0,1.3302e-05,5.6168e-05,32,256
sphere,2.000000,cartesian,0.0,0.0,9.922e-06,3.9476e-05,32,256
sphere,2.000000,cartesian,0.0,0.0,9.887e-06,6.6869e-05,32,256
sphere,2.000000,cartesian,0.0,0.0,1.6387e-05,3.6682e-05,32,256
sphere,2.000000,cartesian,0.0,0.0,1.3796e-05,3.7725e-05,32,256
sphere,2.000000,cartesian,0.0,0.0,1.2862e-05,3.0179e-05,32,256
sphere,2.000000,cartesian,0.0,0.0,9.615e-06,2.3635e-05,32,256
sphere,2.000000,cartesian,0.0,0.0,1.133e-05,3.5654e-05,32,256
sphere,2.000000,cartesian,0.0,0.0,1.4363e-05,4.0874e-05,32,256
sphere,2.000000,cartesian,0.0,0.0,1.3312e-05,3.3627e-05,32,256
sphere,2.000000,cartesian,0.0,0.0,1.604e-05,4.612e-05,32,256
sphere,2.000000,cartesian,0.0,0.0,7.619e-06,6.0669e-05,32,256
sphere,2.000000,cartesian,0.0,0.0,1.6401e-05,4.5992e-05,32,256
sphere,2.000000,cartesian,0.0,0.0,5.2436e-05,4.2549e-05,32,256
sphere,2.000000,cartesian,0.0,0.0,1.253e-05,4.1124e-05,32,256
sphere,2.000000,cartesian,0.0,0.0,9.692e-06,3.2874e-05,32,256
sphere,2.000000,cartesian,0.0,0.0,1.5464e-05,2.849e-05,32,256
sphere,2.000000,cartesian,0.0,0.0,1.2224e-05,3.2736e-05,32,256
sphere,2.000000,cartesian,0.0,0.0,1.571e-05,3.0996e-05,32,256
sphere,2.000000,cartesian,0.0,0.0,1.2592e-05,2.0973e-05,32,256
sphere,2.000000,cartesian,0.0,0.0,1.2259e-05,3.8112e-05,32,256
sphere,2.000000,cartesian,0.0,0.0,1.1282e-05,3.8072e-05,32,256
sphere,2.000000,cartesian,0.0,0.0,1.9164e-05,5.4938e-05,32,256
sphere,2.000000,cartesian,0.0,0.0,1.2744e-05,4.8199e-05,32,256
sphere,2.000000,cartesian,0.0,0.0,1.3761e-05,3.6702e-05,32,256
sphere,2.000000,cartesian,0.0,0.0,1.15e-05,3.2593e-05,32,256
sphere,2.000000,cartesian,0.0,0.0,2.4718e-05,5.5506e-05,32,256
sphere,2.000000,cartesian,0.0,0.0,4.768e-06,1.8547e-05,32,256
sphere,2.000000,cartesian,0.0,0.0,1.3483e-05,2.7585e-05,32,256
sphere,2.000000,cartesian,0.0,0.0,1.435e-05,4.4914e-05,32,256
sphere,2.000000,cartesian,0.0,0.0,1.5052e-05,4.4147e-05,32,256
sphere,2.000000,cartesian,0.0,0.0,1.8869e-05,3.9471e-05,32,256
sphere,2.000000,cartesian,0.0,0.0,1.8873e-05,4.7512e-05,32,256
sphere,2.000000,cartesian,0.0,0.0,9.132e-06,3.1166e-05,32,256
sphere,2.000000,cartesian,0.0,0.0,8.313e-06,3.0318e-05,32,256
sphere,2.000000,cartesian,0.0,0.0,7.781e-06,2.2182e-05,32,256
sphere,2.000000,cartesian,0.0,0.0,1.7251e-05,5.0974e-05,32,256
sphere,2.000000,cartesian,0.0,0.0,9.219e-06,3.8145e-05,32,256
sphere,2.000000,cartesian,0.0,0.0,1.4444e-05,3.0621e-05,32,256
sphere,2.000000,cartesian,0.0,0.0,1.6425e-05,5.3249e-05,32,256
sphere,2.000000,cartesian,0.0,0.0,1.1943e-05,3.9944e-05,32,256
sphere,2.000000,cartesian,0.0,0.0,1.8623e-05,4.4639e-05,32,256
sphere,2.000000,cartesian,0.0,0.0,1.5792e-05,4.5945e-05,32,256
sphere,2.000000,cartesian,0.0,0.0,1.602e-05,4.3148e-05,32,256
sphere,2.000000,cartesian,0.0,0.0,7.466e-06,2.4531e-05,32,256
sphere,2.000000,cartesian,0.0,0.0,3.124e-06,2.0321e-05,32,256
sphere,2.000000,cartesian,0.0,0.0,1.6282e-05,5.8593e-05,32,256
sphere,2.000000,cartesian,0.0,0.0,5.071e-06,3.2213e-05,32,256
sphere,2.000000,cartesian,0.0,0.0,1.5058e-05,4.0889e-05,32,256
sphere,2.000000,cartesian,0.0,0.0,1.37e-05,3.3922e-05,32,256
sphere,2.000000,cartesian,0.0,0.0,1.666e-05,3.3686e-05,32,256
sphere,2.000000,cartesian,0.0,0.0,1.158e-05,4.7859e-05,32,256
sphere,2.000000,cartesian,0.0,0.0,1.362e-05,3.9165e-05,32,256
sphere,2.000000,cartesian,0.0,0.0,1.5828e-05,4.7782e-05,32,256
sphere,2.000000,cartesian,0.0,0.0,1.2321e-05,3.4775e-05,32,256
sphere,2.000000,cartesian,0.0,0.0,1.3216e-05,3.9461e-05,32,256
sphere,2.000000,cartesian,0.0,0.0,1.4497e-05,4.6373e-05,32,256
sphere,2.000000,cartesian,0.0,0.0,1.3052e-05,3.3173e-05,32,256
sphere,2.000000,cartesian,0.0,0.0,9.235e-06,1.6715e-05,32,256
sphere,2.000000,cartesian,0.0,0.0,1.3828e-05,5.9113e-05,32,256
sphere,2.000000,cartesian,0.0,0.0,6.927e-06,2.0462e-05,32,256
sphere,2.000000,cartesian,0.0,0.0,1.5615e-05,3.8407e-05,32,256
sphere,2.000000,cartesian,0.0,0.0,8.028e-06,2.8341e-05,32,256
sphere,2.000000,cartesian,0.0,0.0,1.8278e-05,5.089e-05,32,256
sphere,2.000000,cartesian,0.0,0.0,1.8655e-05,5.7678e-05,32,256
sphere,2.000000,cartesian,0.0,0.0,2.2916e-05,8.6922e-05,32,256
sphere,2.000000,cartesian,0.0,0.0,1.5948e-05,4.5737e-05,32,256
sphere,2.000000,cartesian,0.0,0.0,1.3311e-05,5.634e-05,32,256
sphere,2.000000,cartesian,0.0,0.0,4.32e-06,2.3864e-05,32,256
sphere,2.000000,cartesian,0.0,0.0,1.4279e-05,3.3452e-05,32,256
sphere,2.000000,cartesian,0.0,0.0,1.7393e-05,3.6424e-05,32,256
sphere,2.000000,cartesian,0.0,0.0,7.379e-06,3.3811e-05,32,256
sphere,2.000000,cartesian,0.0,0.0,1.5694e-05,3.9743e-05,32,256
sphere,2.000000,cartesian,0.0,0.0,1.7844e-05,3.3707e-05,32,256
sphere,2.000000,cartesian,0.0,0.0,1.5572e-05,3.8061e-05,32,256
sphere,2.000000,cartesian,0.0,0.0,1.8574e-05,4.5872e-05,32,256
sphere,2.000000,cartesian,0.0,0.0,9.623e-06,3.5295e-05,32,256
sphere,2.000000,cartesian,0.0,0.0,1.628e-05,3.6541e-05,32,256
sphere,2.000000,cartesian,0.0,0.0,1.3666e-05,3.1894e-05,32,256
sphere,2.000000,cartesian,0.0,0.0,1.7139e-05,3.9294e-05,32,256
sphere,2.000000,cartesian,0.0,0.0,1.6941e-05,3.7343e-05,32,256
sphere,2.000000,cartesian,0.0,0.0,6.001e-06,3.7262e-05,32,256
sphere,2.000000,cartesian,0.0,0.0,1.2141e-05,3.5053e-05,32,256
sphere,2.000000,cartesian,0.0,0.0,7.38e-06,2.3761e-05,32,256
sphere,2.000000,cartesian,0.0,0.0,1.2526e-05,5.8411e-05,32,256
sphere,2.000000,cartesian,0.0,0.0,1.4527e-05,3.3833e-05,32,256
sphere,2.000000,cartesian,0.0,0.0,1.8196e-05,4.3547e-05,32,256
sphere,2.000000,cartesian,0.0,0.0,1.1404e-05,2.8216e-05,32,256
sphere,2.000000,cartesian,0.0,0.0,1.7505e-05,3.7686e-05,32,256
sphere,2.000000,cartesian,0.0,0.0,1.2218e-05,3.2535e-05,32,256
sphere,2.000000,cartesian,0.0,0.0,7.0973e-05,2.9771e-05,32,256
sphere,2.000000,cartesian,0.0,0.0,8.338e-06,2.7015e-05,32,256
sphere,2.000000,cartesian,0.0,0.0,1.7153e-05,5.3825e-05,32,256
sphere,2.000000,cartesian,0.0,0.0,1.3025e-05,3.5929e-05,32,256
sphere,2.000000,cartesian,0.0,0.0,9.544e-06,2.8392e-05,32,256
sphere,2.000000,cartesian,0.0,0.0,4.231e-06,2.0194e-05,32,256
sphere,2.000000,cartesian,0.0,0.0,1.1685e-05,2.7873e-05,32,256
sphere,2.000000,cartesian,0.0,0.0,1.8447e-05,5.5003e-05,32,256
sphere,2.000000,cartesian,0.0,0.0,7.601e-06,2.8918e-05,32,256
sphere,2.000000,cartesian,0.0,0.0,1.4883e-05,3.4437e-05,32,256
sphere,2.000000,cartesian,0.0,0.0,1.4113e-05,2.5376e-05,32,256
sphere,2.000000,cartesian,0.0,0.0,1.4681e-05,4.1134e-05,32,256
sphere,2.000000,cartesian,0.0,0.0,1.3662e-05,4.0109e-05,32,256
sphere,2.000000,cartesian,0.0,0.0,2.9846e-05,4.6997e-05,32,256
sphere,2.000000,cartesian,0.0,0.0,1.0595e-05,4.5749e-05,32,256
sphere,2.000000,cartesian,0.0,0.0,1.3258e-05,3.8609e-05,32,256
sphere,2.000000,cartesian,0.0,0.0,1.5487e-05,4.6251e-05,32,256
sphere,2.000000,cartesian,0.0,0.0,1.273e-06,1.1132e-05,32,256
sphere,2.000000,cartesian,0.0,0.0,1.6413e-05,3.6056e-05,32,256
sphere,2.000000,cartesian,0.0,0.0,1.571e-05,3.5085e-05,32,256
sphere,2.000000,cartesian,0.0,0.0,7.378e-06,2.6503e-05,32,256
sphere,2.000000,cartesian,0.0,0.0,1.3475e-05,3.8235e-05,32,256
sphere,2.000000,cartesian,0.0,0.0,1.4584e-05,1.7645e-05,32,256
sphere,2.000000,cartesian,0.0,0.0,2.0668e-05,5.3711e-05,32,256
sphere,2.000000,cartesian,0.0,0.0,1.3896e-05,7.0965e-05,32,256
sphere,2.000000,cartesian,0.0,0.0,9.627e-06,5.3108e-05,32,256
sphere,2.000000,cartesian,0.0,0.0,1.5012e-05,3.9959e-05,32,256
sphere,2.000000,cartesian,0.0,0.0,1.5503e-05,4.8824e-05,32,256
sphere,2.000000,cartesian,0.0,0.0,1.5197e-05,3.3552e-05,32,256
sphere,2.000000,cartesian,0.0,0.0,6.287e-06,4.0504e-05,32,256
sphere,2.000000,cartesian,0.0,0.0,3.6622e-05,3.9937e-05,32,256
sphere,2.000000,cartesian,0.0,0.0,9.133e-06,3.4393e-05,32,256
sphere,2.000000,cartesian,0.0,0.0,1.7644e-05,4.8663e-05,32,256
sphere,2.000000,cartesian,0.0,0.0,1.426e-05,5.2177e-05,32,256
sphere,2.000000,cartesian,0.0,0.0,1.2538e-05,4.7799e-05,32,256
sphere,2.000000,cartesian,0.0,0.0,1.6668e-05,3.7914e-05,32,256
sphere,2.000000,cartesian,0.0,0.0,1.6107e-05,3.5143e-05,32,256
sphere,2.000000,cartesian,0.0,0.0,1.313e-05,3.8455e-05,32,256
sphere,2.000000,cartesian,0.0,0.0,1.2357e-05,4.1156e-05,32,256
sphere,2.000000,cartesian,0.0,0.0,4.882e-06,2.7894e-05,32,256
sphere,2.000000,cartesian,0.0,0.0,1.952e-05,5.2672e-05,32,256
sphere,2.000000,cartesian,0.0,0.0,1.5074e-05,5.5003e-05,32,256
sphere,2.000000,cartesian,0.0,0.0,1.8761e-05,4.0742e-05,32,256
sphere,2.000000,cartesian,0.0,0.0,1.2551e-05,5.2924e-05,32,256
sphere,2.000000,cartesian,0.0,0.0,1.1874e-05,4.6498e-05,32,256
sphere,2.000000,cartesian,0.0,0.0,9.238e-06,2.5421e-05,32,256
sphere,2.000000,cartesian,0.0,0.0,1.3647e-05,3.4789e-05,32,256
sphere,2.000000,cartesian,0.0,0.0,1.5375e-05,3.6314e-05,32,256
sphere,2.000000,cartesian,0.0,0.0,1.0686e-05,3.1601e-05,32,256
sphere,2.000000,cartesian,0.0,0.0,1.0662e-05,5.0929e-05,32,256
sphere,2.000000,cartesian,0.0,0.0,1.6855e-05,3.9591e-05,32,256
sphere,2.000000,cartesian,0.0,0.0,1.321e-06,7.835e-06,32,256
sphere,2.000000,cartesian,0.0,0.0,1.9654e-05,4.4721e-05,32,256
sphere,2.000000,cartesian,0.0,0.0,1.0376e-05,3.1463e-05,32,256
sphere,2.000000,cartesian,0.0,0.0,1.1221e-05,3.2489e-05,32,256
sphere,2.000000,cartesian,0.0,0.0,1.364e-05,3.0022e-05,32,256
sphere,2.000000,cartesian,0.0,0.0,1.114e-05,2.4042e-05,32,256
sphere,2.000000,cartesian,0.0,0.0,1.6516e-05,4.6088e-05,32,256
sphere,2.000000,cartesian,0.0,0.0,1.4332e-05,5.4074e-05,32,256
sphere,2.000000,cartesian,0.0,0.0,1.4222e-05,2.6414e-05,32,256
sphere,2.000000,cartesian,0.0,0.0,1.2916e-05,4.135e-05,32,256
sphere,2.000000,cartesian,0.0,0.0,1.7793e-05,4.5871e-05,32,256
sphere,2.000000,cartesian,0.0,0.0,5.033e-06,2.4539e-05,32,256
sphere,2.000000,cartesian,0.0,0.0,2.052e-05,5.1986e-05,32,256
sphere,2.000000,cartesian,0.0,0.0,1.8967e-05,4.2424e-05,32,256
sphere,2.000000,cartesian,0.0,0.0,9.803e-06,4.4034e-05,32,256
sphere,2.000000,cartesian,0.0,0.0,1.3245e-05,3.2519e-05,32,256
sphere,2.000000,cartesian,0.0,0.0,1.2086e-05,5.6148e-05,32,256
sphere,2.000000,cartesian,0.0,0.0,9.406e-06,3.0917e-05,32,256
sphere,2.000000,cartesian,0.0,0.0,1.2359e-05,3.7608e-05,32,256
sphere,2.000000,cartesian,0.0,0.0,1.4132e-05,3.5779e-05,32,256
sphere,2.000000,cartesian,0.0,0.0,1.4225e-05,4.3057e-05,32,256
sphere,2.000000,cartesian,0.0,0.0,1.3132e-05,3.5206e-05,32,256
sphere,2.000000,cartesian,0.0,0.0,1.2908e-05,3.7106e-05,32,256
sphere,2.000000,cartesian,0.0,0.0,8.666e-06,2.2426e-05,32,256
sphere,2.000000,cartesian,0.0,0.0,1.5959e-05,3.7366e-05,32,256
sphere,2.000000,cartesian,0.0,0.0,1.655e-05,4.5519e-05,32,256
sphere,2.000000,cartesian,0.0,0.0,1.0681e-05,3.8616e-05,32,256
sphere,2.000000,cartesian,0.0,0.0,1.8738e-05,0.000107047,32,256
sphere,2.000000,cartesian,0.0,0.0,1.3196e-05,3.6775e-05,32,256
sphere,2.000000,cartesian,0.0,0.0,1.3457e-05,5.6356e-05,32,256
sphere,2.000000,cartesian,0.0,0.0,1.8434e-05,5.1991e-05,32,256
sphere,2.000000,cartesian,0.0,0.0,1.7129e-05,4.4381e-05,32,256
sphere,2.000000,cartesian,0.0,0.0,1.2027e-05,2.9353e-05,32,256
sphere,2.000000,cartesian,0.0,0.0,1.143e-05,3.0794e-05,32,256
sphere,2.000000,cartesian,0.0,0.0,9.487e-06,3.1509e-05,32,256
sphere,2.000000,cartesian,0.0,0.0,1.0462e-05,8.284e-06,32,256
sphere,2.000000,cartesian,0.0,0.0,1.224e-05,4.3439e-05,32,256
sphere,2.000000,cartesian,0.0,0.0,2.4888e-05,4.7666e-05,32,256
sphere,2.000000,cartesian,0.0,0.0,1.1756e-05,3.7113e-05,32,256
sphere,2.000000,cartesian,0.0,0.0,1.5601e-05,3.6945e-05,32,256
sphere,2.000000,cartesian,0.0,0.0,1.2838e-05,2.9551e-05,32,256
sphere,2.000000,cartesian,0.0,0.0,1.745e-05,3.8363e-05,32,256
sphere,2.000000,cartesian,0.0,0.0,1.7302e-05,4.6897e-05,32,256
sphere,2.000000,cartesian,0.0,0.0,5.963e-06,2.3317e-05,32,256
sphere,2.000000,cartesian,0.0,0.0,2.083e-05,5.8772e-05,32,256
sphere,2.000000,cartesian,0.0,0.0,9.166e-06,4.3745e-05,32,256
sphere,2.000000,cartesian,0.0,0.0,1.2188e-05,3.4591e-05,32,256
sphere,2.000000,cartesian,0.0,0.0,1.3294e-05,3.281e-05,32,256
sphere,2.000000,cartesian,0.0,0.0,2.1663e-05,4.1906e-05,32,256
sphere,2.000000,cartesian,0.0,0.0,1.1359e-05,4.1531e-05,32,256
sphere,2.000000,cartesian,0.0,0.0,2.221e-06,1.554e-05,32,256
sphere,2.000000,cartesian,0.0,0.0,1.5058e-05,3.2688e-05,32,256
sphere,2.000000,cartesian,0.0,0.0,1.2604e-05,4.5778e-05,32,256
sphere,2.000000,cartesian,0.0,0.0,1.6758e-05,3.4561e-05,32,256
sphere,2.000000,cartesian,0.0,0.0,2.6448e-05,5.1065e-05,32,256
sphere,2.000000,cartesian,0.0,0.0,4.0181e-05,4.6132e-05,32,256
sphere,2.000000,cartesian,0.0,0.0,9.945e-06,3.1382e-05,32,256
sphere,2.000000,cartesian,0.0,0.0,1.2979e-05,4.9793e-05,32,256
sphere,2.000000,cartesian,0.0,0.0,1.6522e-05,3.9935e-05,32,256
sphere,2.000000,cartesian,0.0,0.0,1.2295e-05,3.5023e-05,32,256
sphere,2.000000,cartesian,0.0,0.0,2.0511e-05,4.8045e-05,32,256
sphere,2.000000,cartesian,0.0,0.0,1.3098e-05,3.3375e-05,32,256
sphere,2.000000,cartesian,0.0,0.0,9.582e-06,2.5758e-05,32,256
sphere,2.000000,cartesian,0.0,0.0,1.2761e-05,4.4406e-05,32,256
sphere,2.000000,cartesian,0.0,0.0,1.1323e-05,3.1297e-05,32,256
sphere,2.000000,cartesian,0.0,0.0,0.000126284,4.2601e-05,32,256
sphere,2.000000,cartesian,0.0,0.0,1.3608e-05,3.735e-05,32,256
sphere,2.000000,cartesian,0.0,0.0,1.1598e-05,3.2229e-05,32,256
sphere,2.000000,cartesian,0.0,0.0,1.3316e-05,3.8079e-05,32,256
sphere,2.000000,cartesian,0.0,0.0,1.3007e-05,6.0749e-05,32,256
sphere,2.000000,cartesian,0.0,0.0,9.751e-06,3.1262e-05,32,256
sphere,2.000000,cartesian,0.0,0.0,6.303e-06,2.5068e-05,32,256
sphere,2.000000,cartesian,0.0,0.0,1.4546e-05,2.8048e-05,32,256
sphere,2.000000,cartesian,0.0,0.0,1.3958e-05,3.9991e-05,32,256
sphere,2.000000,cartesian,0.0,0.0,6.056e-06,3.8606e-05,32,256
sphere,2.000000,cartesian,0.0,0.0,1.6686e-05,5.3919e-05,32,256
sphere,2.000000,cartesian,0.0,0.0,1.2165e-05,2.9221e-05,32,256
sphere,2.000000,cartesian,0.0,0.0,7.306e-06,1.9435e-05,32,256
sphere,2.000000,cartesian,0.0,0.0,9.743e-06,3.0256e-05,32,256
sphere,2.000000,cartesian,0.0,0.0,1.8766e-05,4.5238e-05,32,256
sphere,2.000000,cartesian,0.0,0.0,8.42e-06,3.7508e-05,32,256
sphere,2.000000,cartesian,0.0,0.0,1.361e-05,3.6086e-05,32,256
sphere,2.000000,cartesian,0.0,0.0,1.5744e-05,4.2151e-05,32,256
sphere,2.000000,cartesian,0.0,0.0,1.3044e-05,3.2262e-05,32,256
sphere,2.000000,cartesian,0.0,0.0,1.7051e-05,3.5269e-05,32,256
sphere,2.000000,cartesian,0.0,0.0,1.3192e-05,4.1316e-05,32,256
sphere,2.000000,cartesian,0.0,0.0,1.0026e-05,2.8718e-05,32,256
sphere,2.000000,cartesian,0.0,0.0,1.3307e-05,4.6862e-05,32,256
sphere,2.000000,cartesian,0.0,0.0,7.98e-06,2.5808e-05,32,256
sphere,2.000000,cartesian,0.0,0.0,1.5687e-05,3.8171e-05,32,256
sphere,2.000000,cartesian,0.0,0.0,1.228e-05,3.2548e-05,32,256
sphere,2.000000,cartesian,0.0,0.0,1.0454e-05,4.466e-05,32,256
sphere,2.000000,cartesian,0.0,0.0,1.4746e-05,3.4562e-05,32,256
sphere,2.000000,cartesian,0.0,0.0,1.448e-05,3.5463e-05,32,256
sphere,2.000000,cartesian,0.0,0.0,3.706e-06,2.4103e-05,32,256
sphere,2.000000,cartesian,0.0,0.0,1.2441e-05,3.7604e-05,32,256
sphere,2.000000,cartesian,0.0,0.0,1.5078e-05,3.8845e-05,32,256
sphere,2.000000,cartesian,0.0,0.0,1.2805e-05,4.7592e-05,32,256
sphere,2.000000,cartesian,0.0,0.0,1.2616e-05,4.5801e-05,32,256
sphere,2.000000,cartesian,0.0,0.0,1.4028e-05,4.6372e-05,32,256
sphere,2.000000,cartesian,0.0,0.0,2.2907e-05,9.1019e-05,32,256
sphere,2.000000,cartesian,0.0,0.0,1.9907e-05,4.1571e-05,32,256
sphere,2.000000,cartesian,0.0,0.0,1.5044e-05,3.8527e-05,32,256
sphere,2.000000,cartesian,0.0,0.0,1.5154e-05,3.8768e-05,32,256
sphere,2.000000,cartesian,0.0,0.0,1.8169e-05,5.0628e-05,32,256
sphere,2.000000,cartesian,0.0,0.0,1.746e-05,4.9476e-05,32,256
sphere,2.000000,cartesian,0.0,0.0,1.5052e-05,4.4537e-05,32,256
sphere,2.000000,cartesian,0.0,0.0,0.000129916,3.4662e-05,32,256
sphere,2.000000,cartesian,0.0,0.0,1.6816e-05,4.3534e-05,32,256
sphere,2.000000,cartesian,0.0,0.0,1.1413e-05,3.7076e-05,32,256
sphere,2.000000,cartesian,0.0,0.0,2.3789e-05,8.0959e-05,32,256
sphere,2.000000,cartesian,0.0,0.0,1.9652e-05,4.7279e-05,32,256
sphere,2.000000,cartesian,0.0,0.0,8.642e-06,2.9976e-05,32,256
sphere,2.000000,cartesian,0.0,0.0,1.5659e-05,4.5814e-05,32,256
sphere,2.000000,cartesian,0.0,0.0,3.938e-06,1.94e-05,32,256
sphere,2.000000,cartesian,0.0,0.0,1.3255e-05,3.2232e-05,32,256
sphere,2.000000,cartesian,0.0,0.0,1.2555e-05,4.1744e-05,32,256
sphere,2.000000,cartesian,0.0,0.0,6.085e-06,1.9589e-05,32,256
sphere,2.000000,cartesian,0.0,0.0,1.6217e-05,3.951e-05,32,256
sphere,2.000000,cartesian,0.0,0.0,1.1591e-05,4.9361e-05,32,256
sphere,2.000000,cartesian,0.0,0.0,1.5858e-05,4.0566e-05,32,256
sphere,2.000000,cartesian,0.0,0.0,1.5215e-05,4.2108e-05,32,256
sphere,2.000000,cartesian,0.0,0.0,1.2713e-05,3.9532e-05,32,256
sphere,2.000000,cartesian,0.0,0.0,1.7524e-05,3.8356e-05,32,256
sphere,2.000000,cartesian,0.0,0.0,7.272e-06,3.7563e-05,32,256
sphere,2.000000,cartesian,0.0,0.0,1.5966e-05,3.142e-05,32,256
sphere,2.000000,cartesian,0.0,0.0,1.5194e-05,4.0817e-05,32,256
sphere,2.000000,cartesian,0.0,0.0,1.4731e-05,3.6639e-05,32,256
sphere,2.000000,cartesian,0.0,0.0,1.8089e-05,4.2383e-05,32,256
sphere,2.000000,cartesian,0.0,0.0,1.2922e-05,5.0475e-05,32,256
sphere,2.000000,cartesian,0.0,0.0,1.331e-05,3.0059e-05,32,256
sphere,2.000000,cartesian,0.0,0.0,9.159e-06,4.2288e-05,32,256
sphere,2.000000,cartesian,0.0,0.0,1.0884e-05,3.0016e-05,32,256
sphere,2.000000,cartesian,0.0,0.0,1.0839e-05,3.0588e-05,32,256
sphere,2.000000,cartesian,0.0,0.0,1.6301e-05,4.5613e-05,32,256
sphere,2.000000,cartesian,0.0,0.0,1.3926e-05,3.4827e-05,32,256
sphere,2.000000,cartesian,0.0,0.0,1.7372e-05,5.9044e-05,32,256
sphere,2.000000,cartesian,0.0,0.0,1.814e-05,8.2169e-05,32,256
sphere,2.000000,cartesian,0.0,0.0,7.251e-06,2.6495e-05,32,256
sphere,2.000000,cartesian,0.0,0.0,1.2753e-05,2.6852e-05,32,256
sphere,2.000000,cartesian,0.0,0.0,1.2997e-05,3.5722e-05,32,256
sphere,2.000000,cartesian,0.0,0.0,1.5544e-05,4.1288e-05,32,256
sphere,2.000000,cartesian,0.0,0.0,9.038e-06,2.9646e-05,32,256
sphere,2.000000,cartesian,0.0,0.0,1.4589e-05,3.9117e-05,32,256
sphere,2.000000,cartesian,0.0,0.0,1.2511e-05,2.516e-05,32,256
sphere,2.000000,cartesian,0.0,0.0,1.2971e-05,3.3951e-05,32,256
sphere,2.000000,cartesian,0.0,0.0,8.218e-06,4.3575e-05,32,256
sphere,2.000000,cartesian,0.0,0.0,1.6337e-05,4.1876e-05,32,256
sphere,2.000000,cartesian,0.0,0.0,1.244e-05,3.4213e-05,32,256
sphere,2.000000,cartesian,0.0,0.0,1.1902e-05,3.0581e-05,32,256
sphere,2.000000,cartesian,0.0,0.0,3.001e-06,2.4414e-05,32,256
sphere,2.000000,cartesian,0.0,0.0,1.1965e-05,3.1788e-05,32,256
sphere,2.000000,cartesian,0.0,0.0,5.967e-06,3.2073e-05,32,256
sphere,2.000000,cartesian,0.0,0.0,6.869e-06,3.6005e-05,32,256
sphere,2.000000,cartesian,0.0,0.0,1.51e-05,3.6883e-05,32,256
sphere,2.000000,cartesian,0.0,0.0,5.676e-06,3.2946e-05,32,256
sphere,2.000000,cartesian,0.0,0.0,1.2932e-05,3.8098e-05,32,256
sphere,2.000000,cartesian,0.0,0.0,1.2874e-05,3.6836e-05,32,256
sphere,2.000000,cartesian,0.0,0.0,1.4496e-05,4.2539e-05,32,256
sphere,2.000000,cartesian,0.0,0.0,1.3549e-05,3.3072e-05,32,256
sphere,2.000000,cartesian,0.0,0.0,1.3619e-05,3.9369e-05,32,256
sphere,2.000000,cartesian,0.0,0.0,8.069e-06,2.7394e-05,32,256
sphere,2.000000,cartesian,0.0,0.0,9.569e-06,2.4795e-05,32,256
sphere,2.000000,cartesian,0.0,0.0,1.2514e-05,3.7393e-05,32,256
sphere,2.000000,cartesian,0.0,0.0,1.858e-05,4.2924e-05,32,256
sphere,2.000000,cartesian,0.0,0.0,9.343e-06,3.0917e-05,32,256
sphere,2.000000,cartesian,0.0,0.0,1.6935e-05,4.3419e-05,32,256
sphere,2.000000,cartesian,0.0,0.0,8.089e-06,2.6489e-05,32,256
sphere,2.000000,cartesian,0.0,0.0,1.4052e-05,3.5714e-05,32,256
sphere,2.000000,cartesian,0.0,0.0,1.6744e-05,4.9059e-05,32,256
sphere,2.000000,cartesian,0.0,0.0,1.2791e-05,3.2732e-05,32,256
sphere,2.000000,cartesian,0.0,0.0,1.4639e-05,3.9916e-05,32,256
sphere,2.000000,cartesian,0.0,0.0,1.1752e-05,4.271e-05,32,256
sphere,2.000000,cartesian,0.0,0.0,2.078e-05,4.4985e-05,32,256
sphere,2.000000,cartesian,0.0,0.0,1.8292e-05,4.1115e-05,32,256
sphere,2.000000,cartesian,0.0,0.0,1.4816e-05,3.8128e-05,32,256
sphere,2.000000,cartesian,0.0,0.0,1.078e-05,3.441e-05,32,256
sphere,2.000000,cartesian,0.0,0.0,1.0249e-05,3.8538e-05,32,256
sphere,2.000000,cartesian,0.0,0.0,8.87e-06,3.0831e-05,32,256
sphere,2.000000,cartesian,0.0,0.0,1.3955e-05,3.1015e-05,32,256
sphere,2.000000,cartesian,0.0,0.0,1.2053e-05,3.8117e-05,32,256
sphere,2.000000,cartesian,0.0,0.0,1.8665e-05,4.3597e-05,32,256
sphere,2.000000,cartesian,0.0,0.0,1.5562e-05,2.7311e-05,32,256
sphere,2.000000,cartesian,0.0,0.0,1.2627e-05,3.6441e-05,32,256
sphere,2.000000,cartesian,0.0,0.0,1.2823e-05,4.0856e-05,32,256
sphere,2.000000,cartesian,0.0,0.0,1.8947e-05,7.7596e-05,32,256
sphere,2.000000,cartesian,0.0,0.0,6.368e-06,2.5083e-05,32,256
sphere,2.000000,cartesian,0.0,0.0,1.5877e-05,5.3216e-05,32,256
sphere,2.000000,cartesian,0.0,0.0,3.22e-07,3.747e-06,32,256
sphere,2.000000,cartesian,0.0,0.0,9.439e-06,2.933e-05,32,256
sphere,2.000000,cartesian,0.0,0.0,1.571e-06,7.293e-06,32,256
sphere,2.000000,cartesian,0.0,0.0,1.0824e-05,1.7588e-05,32,256
sphere,2.000000,cartesian,0.0,0.0,7.651e-06,3.315e-05,32,256
sphere,2.000000,cartesian,0.0,0.0,1.7607e-05,2.4811e-05,32,256
sphere,2.000000,cartesian,0.0,0.0,1.7256e-05,4.2609e-05,32,256
sphere,2.000000,cartesian,0.0,0.0,1.476e-05,4.4885e-05,32,256
sphere,2.000000,cartesian,0.0,0.0,5.362e-06,3.3035e-05,32,256
sphere,2.000000,cartesian,0.0,0.0,1.9699e-05,5.6828e-05,32,256
sphere,2.000000,cartesian,0.0,0.0,1.5084e-05,3.0139e-05,32,256
sphere,2.000000,cartesian,0.0,0.0,1.5621e-05,4.0751e-05,32,256
sphere,2.000000,cartesian,0.0,0.0,1.6873e-05,3.8546e-05,32,256
sphere,2.000000,cartesian,0.0,0.0,1.0927e-05,3.3179e-05,32,256
sphere,2.000000,cartesian,0.0,0.0,1.136e-05,3.0293e-05,32,256
sphere,2.000000,cartesian,0.0,0.0,1.0853e-05,3.2794e-05,32,256
sphere,2.000000,cartesian,0.0,0.0,1.0326e-05,3.458e-05,32,256
sphere,2.000000,cartesian,0.0,0.0,1.4135e-05,2.7828e-05,32,256
sphere,2.000000,cartesian,0.0,0.0,1.24e-05,6.4076e-05,32,256
sphere,2.000000,cartesian,0.0,0.0,1.3174e-05,5.2651e-05,32,256
sphere,2.000000,cartesian,0.0,0.0,7.973e-06,2.4467e-05,32,256
sphere,2.000000,cartesian,0.0,0.0,1.1752e-05,3.1136e-05,32,256
sphere,2.000000,cartesian,0.0,0.0,7.301e-06,4.3673e-05,32,256
sphere,2.000000,cartesian,0.0,0.0,1.5348e-05,3.9056e-05,32,256
sphere,2.000000,cartesian,0.0,0.0,9.549e-06,3.2771e-05,32,256
sphere,2.000000,cartesian,0.0,0.0,1.6483e-05,4.5093e-05,32,256
sphere,2.000000,cartesian,0.0,0.0,1.1427e-05,3.3638e-05,32,256
sphere,2.000000,cartesian,0.0,0.0,1.148e-05,3.2012e-05,32,256
sphere,2.000000,cartesian,0.0,0.0,1.1228e-05,4.3984e-05,32,256
sphere,2.000000,cartesian,0.0,0.0,1.3658e-05,3.5563e-05,32,256
sphere,2.000000,cartesian,0.0,0.0,1.6692e-05,4.4846e-05,32,256
sphere,2.000000,cartesian,0.0,0.0,1.6173e-05,5.2271e-05,32,256
sphere,2.000000,cartesian,0.0,0.0,1.9094e-05,4.1025e-05,32,256
sphere,2.000000,cartesian,0.0,0.0,1.0561e-05,2.4052e-05,32,256
sphere,2.000000,cartesian,0.0,0.0,1.7584e-05,3.3492e-05,32,256
sphere,2.000000,cartesian,0.0,0.0,1.6598e-05,3.6258e-05,32,256
sphere,2.000000,cartesian,0.0,0.0,1.2406e-05,2.9917e-05,32,256
sphere,2.000000,cartesian,0.0,0.0,1.246e-05,3.4649e-05,32,256
sphere,2.000000,cartesian,0.0,0.0,1.2922e-05,3.3345e-05,32,256
sphere,2.000000,cartesian,0.0,0.0,1.186e-05,3.6996e-05,32,256
sphere,2.000000,cartesian,0.0,0.0,1.4096e-05,3.4348e-05,32,256
sphere,2.000000,cartesian,0.0,0.0,1.3343e-05,3.5306e-05,32,256
sphere,2.000000,cartesian,0.0,0.0,1.9031e-05,4.4456e-05,32,256
sphere,2.000000,cartesian,0.0,0.0,6.178e-06,3.4414e-05,32,256
sphere,2.000000,cartesian,0.0,0.0,1.2706e-05,3.526e-05,32,256
sphere,2.000000,cartesian,0.0,0.0,1.3237e-05,3.0579e-05,32,256
sphere,2.000000,cartesian,0.0,0.0,1.0103e-05,4.5418e-05,32,256
sphere,2.000000,cartesian,0.0,0.0,1.6501e-05,5.0427e-05,32,256
sphere,2.000000,cartesian,0.0,0.0,1.6738e-05,4.677e-05,32,256
sphere,2.000000,cartesian,0.0,0.0,1.312e-05,3.5794e-05,32,256
sphere,2.000000,cartesian,0.0,0.0,1.5475e-05,3.9354e-05,32,256
sphere,2.000000,cartesian,0.0,0.0,2.0504e-05,4.6879e-05,32,256
sphere,2.000000,cartesian,0.0,0.0,1.5275e-05,4.0503e-05,32,256
sphere,2.000000,cartesian,0.0,0.0,7.528e-06,2.3795e-05,32,256
sphere,2.000000,cartesian,0.0,0.0,1.6429e-05,6.5156e-05,32,256
sphere,2.000000,cartesian,0.0,0.0,1.3969e-05,4.0377e-05,32,256
sphere,2.000000,cartesian,0.0,0.0,1.3741e-05,3.6847e-05,32,256
sphere,2.000000,cartesian,0.0,0.0,9.965e-06,5.1518e-05,32,256
sphere,2.000000,cartesian,0.0,0.0,1.6288e-05,4.3203e-05,32,256
sphere,2.000000,cartesian,0.0,0.0,1.2194e-05,2.8929e-05,32,256
sphere,2.000000,cartesian,0.0,0.0,9.305e-06,2.4147e-05,32,256
sphere,2.000000,cartesian,0.0,0.0,1.3427e-05,3.3597e-05,32,256
sphere,2.000000,cartesian,0.0,0.0,1.5463e-05,3.6159e-05,32,256
sphere,2.000000,cartesian,0.0,0.0,8.865e-06,1.6569e-05,32,256
sphere,2.000000,cartesian,0.0,0.0,1.6925e-05,4.1555e-05,32,256
sphere,2.000000,cartesian,0.0,0.0,3.967e-06,2.386e-05,32,256
sphere,2.000000,cartesian,0.0,0.0,1.8731e-05,4.0567e-05,32,256
sphere,2.000000,cartesian,0.0,0.0,1.9176e-05,2.423e-05,32,256
sphere,2.000000,cartesian,0.0,0.0,2.954e-06,2.8229e-05,32,256
sphere,2.000000,cartesian,0.0,0.0,1.5546e-05,6.7406e-05,32,256
sphere,2.000000,cartesian,0.0,0.0,1.5597e-05,3.4515e-05,32,256
sphere,2.000000,cartesian,0.0,0.0,1.4499e-05,3.8226e-05,32,256
sphere,2.000000,cartesian,0.0,0.0,3.731e-06,1.6884e-05,32,256
sphere,2.000000,cartesian,0.0,0.0,1.5749e-05,3.6906e-05,32,256
sphere,2.000000,cartesian,0.0,0.0,1.6707e-05,8.3615e-05,32,256
sphere,2.000000,cartesian,0.0,0.0,1.4262e-05,6.4092e-05,32,256
sphere,2.000000,cartesian,0.0,0.0,1.3423e-05,3.5884e-05,32,256
sphere,2.000000,cartesian,0.0,0.0,1.8737e-05,3.9934e-05,32,256
sphere,2.000000,cartesian,0.0,0.0,1.7871e-05,4.5988e-05,32,256
sphere,2.000000,cartesian,0.0,0.0,1.3302e-05,3.0259e-05,32,256
sphere,2.000000,cartesian,0.0,0.0,9.199e-06,3.2219e-05,32,256
sphere,2.000000,cartesian,0.0,0.0,1.7726e-05,4.4958e-05,32,256
sphere,2.000000,cartesian,0.0,0.0,9.332e-06,3.1357e-05,32,256
sphere,2.000000,cartesian,0.0,0.0,7.739e-06,3.2572e-05,32,256
sphere,2.000000,cartesian,0.0,0.0,2.048e-05,9.7901e-05,32,256
sphere,2.000000,cartesian,0.0,0.0,1.2494e-05,3.5085e-05,32,256
sphere,2.000000,cartesian,0.0,0.0,4.575e-06,1.8681e-05,32,256
sphere,2.000000,cartesian,0.0,0.0,2.4356e-05,4.9974e-05,32,256
sphere,2.000000,cartesian,0.0,0.0,1.4859e-05,3.4702e-05,32,256
sphere,2.000000,cartesian,0.0,0.0,1.5834e-05,3.3662e-05,32,256
sphere,2.000000,cartesian,0.0,0.0,1.2432e-05,3.6076e-05,32,256
sphere,2.000000,cartesian,0.0,0.0,4.722e-06,3.1462e-05,32,256
sphere,2.000000,cartesian,0.0,0.0,2.1001e-05,3.6682e-05,32,256
sphere,2.000000,cartesian,0.0,0.0,1.2391e-05,3.8576e-05,32,256
sphere,2.000000,cartesian,0.0,0.0,2.828e-06,1.5383e-05,32,256
sphere,2.000000,cartesian,0.0,0.0,1.7626e-05,5.2335e-05,32,256
sphere,2.000000,cartesian,0.0,0.0,9.276e-06,3.1333e-05,32,256
sphere,2.000000,cartesian,0.0,0.0,3.893e-06,2.6448e-05,32,256
sphere,2.000000,cartesian,0.0,0.0,1.9119e-05,3.9369e-05,32,256
sphere,2.000000,cartesian,0.0,0.0,1.5435e-05,3.3261e-05,32,256
sphere,2.000000,cartesian,0.0,0.0,2.119e-06,1.3302e-05,32,256
sphere,2.000000,cartesian,0.0,0.0,1.1221e-05,2.7071e-05,32,256
sphere,2.000000,cartesian,0.0,0.0,1.0611e-05,4.2585e-05,32,256
sphere,2.000000,cartesian,0.0,0.0,1.4188e-05,4.3137e-05,32,256
sphere,2.000000,cartesian,0.0,0.0,1.9631e-05,4.2244e-05,32,256
sphere,2.000000,cartesian,0.0,0.0,1.7546e-05,4.421e-05,32,256
sphere,2.000000,cartesian,0.0,0.0,1.8023e-05,4.4552e-05,32,256
sphere,2.000000,cartesian,0.0,0.0,1.3925e-05,3.0382e-05,32,256
sphere,2.000000,cartesian,0.0,0.0,1.3059e-05,3.0122e-05,32,256
sphere,2.000000,cartesian,0.0,0.0,1.6142e-05,4.4586e-05,32,256
sphere,2.000000,cartesian,0.0,0.0,1.1493e-05,2.6885e-05,32,256
sphere,2.000000,cartesian,0.0,0.0,2.694e-06,1.9128e-05,32,256
sphere,2.000000,cartesian,0.0,0.0,1.5951e-05,5.6586e-05,32,256
sphere,2.000000,cartesian,0.0,0.0,1.185e-05,2.8552e-05,32,256
sphere,2.000000,cartesian,0.0,0.0,1.2205e-05,2.3763e-05,32,256
sphere,2.000000,cartesian,0.0,0.0,1.8712e-05,3.5591e-05,32,256
sphere,2.000000,cartesian,0.0,0.0,1.1892e-05,3.1411e-05,32,256
sphere,2.000000,cartesian,0.0,0.0,1.6847e-05,4.6374e-05,32,256
sphere,2.000000,cartesian,0.0,0.0,1.6078e-05,8.6455e-05,32,256
sphere,2.000000,cartesian,0.0,0.0,1.5438e-05,3.0889e-05,32,256
sphere,2.000000,cartesian,0.0,0.0,1.665e-05,3.5223e-05,32,256
sphere,2.000000,cartesian,0.0,0.0,1.4913e-05,2.8092e-05,32,256
sphere,2.000000,cartesian,0.0,0.0,2.4907e-05,3.9107e-05,32,256
sphere,2.000000,cartesian,0.0,0.0,1.2724e-05,3.2977e-05,32,256
sphere,2.000000,cartesian,0.0,0.0,1.5844e-05,2.5359e-05,32,256
sphere,2.000000,cartesian,0.0,0.0,1.5657e-05,4.1522e-05,32,256
sphere,2.000000,cartesian,0.0,0.0,1.324e-05,3.9689e-05,32,256
sphere,2.000000,cartesian,0.0,0.0,1.6096e-05,3.3311e-05,32,256
sphere,2.000000,cartesian,0.0,0.0,1.5584e-05,5.315e-05,32,256
sphere,2.000000,cartesian,0.0,0.0,1.6081e-05,3.9777e-05,32,256
sphere,2.000000,cartesian,0.0,0.0,2.0466e-05,4.6452e-05,32,256
sphere,2.000000,cartesian,0.0,0.0,1.6813e-05,3.2287e-05,32,256
sphere,2.000000,cartesian,0.0,0.0,2.009e-05,3.5609e-05,32,256
sphere,2.000000,cartesian,0.0,0.0,1.0546e-05,2.6303e-05,32,256
sphere,2.000000,cartesian,0.0,0.0,2.2453e-05,4.0804e-05,32,256
sphere,2.000000,cartesian,0.0,0.0,1.3606e-05,4.4374e-05,32,256
sphere,2.000000,cartesian,0.0,0.0,2.065e-06,9.577e-06,32,256
sphere,2.000000,cartesian,0.0,0.0,8.422e-06,2.871e-05,32,256
sphere,2.000000,cartesian,0.0,0.0,1.873e-06,1.3306e-05,32,256
sphere,2.000000,cartesian,0.0,0.0,1.4289e-05,2.9396e-05,32,256
sphere,2.000000,cartesian,0.0,0.0,1.4982e-05,4.864e-05,32,256
sphere,2.000000,cartesian,0.0,0.0,1.2191e-05,2.5955e-05,32,256
sphere,2.000000,cartesian,0.0,0.0,1.6408e-05,4.7285e-05,32,256
sphere,2.000000,cartesian,0.0,0.0,2.1017e-05,4.2221e-05,32,256
sphere,2.000000,cartesian,0.0,0.0,1.7935e-05,4.0637e-05,32,256
sphere,2.000000,cartesian,0.0,0.0,1.2611e-05,2.6931e-05,32,256
sphere,2.000000,cartesian,0.0,0.0,3.3639e-05,4.0387e-05,32,256
sphere,2.000000,cartesian,0.0,0.0,1.712e-05,3.544e-05,32,256
sphere,2.000000,cartesian,0.0,0.0,2.9435e-05,3.9257e-05,32,256
sphere,2.000000,cartesian,0.0,0.0,1.5451e-05,4.2686e-05,32,256
sphere,2.000000,cartesian,0.0,0.0,1.11e-05,2.5264e-05,32,256
sphere,2.000000,cartesian,0.0,0.0,1.2474e-05,4.1355e-05,32,256
sphere,2.000000,cartesian,0.0,0.0,8.158e-06,3.5887e-05,32,256
sphere,2.000000,cartesian,0.0,0.0,1.4223e-05,3.1026e-05,32,256
sphere,2.000000,cartesian,0.0,0.0,1.3874e-05,5.5968e-05,32,256
sphere,2.000000,cartesian,0.0,0.0,6.338e-06,2.3648e-05,32,256
sphere,2.000000,cartesian,0.0,0.0,1.2779e-05,3.3984e-05,32,256
sphere,2.000000,cartesian,0.0,0.0,1.1571e-05,4.2859e-05,32,256
sphere,2.000000,cartesian,0.0,0.0,1.5042e-05,3.7946e-05,32,256
sphere,2.000000,cartesian,0.0,0.0,2.2241e-05,4.2672e-05,32,256
sphere,2.000000,cartesian,0.0,0.0,1.493e-05,3.4448e-05,32,256
sphere,2.000000,cartesian,0.0,0.0,1.0289e-05,3.6037e-05,32,256
sphere,2.000000,cartesian,0.0,0.0,1.0155e-05,2.3728e-05,32,256
sphere,2.000000,cartesian,0.0,0.0,1.0127e-05,3.0839e-05,32,256
sphere,2.000000,cartesian,0.0,0.0,8.559e-06,5.0963e-05,32,256
sphere,2.000000,cartesian,0.0,0.0,1.9865e-05,5.6208e-05,32,256
sphere,2.000000,cartesian,0.0,0.0,1.3394e-05,3.5181e-05,32,256
sphere,2.000000,cartesian,0.0,0.0,2.5661e-05,0.000118658,32,256
sphere,2.000000,cartesian,0.0,0.0,1.6238e-05,3.7538e-05,32,256
sphere,2.000000,cartesian,0.0,0.0,1.5643e-05,4.5441e-05,32,256
sphere,2.000000,cartesian,0.0,0.0,1.7232e-05,3.6593e-05,32,256
sphere,2.000000,cartesian,0.0,0.0,1.4779e-05,4.3349e-05,32,256
sphere,2.000000,cartesian,0.0,0.0,1.1237e-05,3.4348e-05,32,256
sphere,2.000000,cartesian,0.0,0.0,1.0814e-05,4.0975e-05,32,256
sphere,2.000000,cartesian,0.0,0.0,1.7811e-05,4.0378e-05,32,256
sphere,2.000000,cartesian,0.0,0.0,1.5046e-05,3.31e-05,32,256
sphere,2.000000,cartesian,0.0,0.0,1.4484e-05,3.2862e-05,32,256
sphere,2.000000,cartesian,0.0,0.0,7.349e-06,2.5168e-05,32,256
sphere,2.000000,cartesian,0.0,0.0,1.2679e-05,3.8215e-05,32,256
sphere,2.000000,cartesian,0.0,0.0,1.5829e-05,4.179e-05,32,256
sphere,2.000000,cartesian,0.0,0.0,1.487e-05,5.1976e-05,32,256
sphere,2.000000,cartesian,0.0,0.0,1.7892e-05,4.9651e-05,32,256
sphere,2.000000,cartesian,0.0,0.0,8.641e-06,4.8724e-05,32,256
sphere,2.000000,cartesian,0.0,0.0,1.8357e-05,5.8285e-05,32,256
sphere,2.000000,cartesian,0.0,0.0,1.6367e-05,4.0067e-05,32,256
sphere,2.000000,cartesian,0.0,0.0,1.4247e-05,3.8333e-05,32,256
sphere,2.000000,cartesian,0.0,0.0,1.0934e-05,3.3911e-05,32,256
sphere,2.000000,cartesian,0.0,0.0,1.6742e-05,3.0853e-05,32,256
sphere,2.000000,cartesian,0.0,0.0,1.3491e-05,3.6113e-05,32,256
sphere,2.000000,cartesian,0.0,0.0,1.7173e-05,3.2355e-05,32,256
sphere,2.000000,cartesian,0.0,0.0,1.3949e-05,2.2107e-05,32,256
sphere,2.000000,cartesian,0.0,0.0,2.4664e-05,4.8468e-05,32,256
sphere,2.000000,cartesian,0.0,0.0,1.1552e-05,3.6277e-05,32,256
sphere,2.000000,cartesian,0.0,0.0,1.9067e-05,5.5186e-05,32,256
sphere,2.000000,cartesian,0.0,0.0,1.2858e-05,4.4383e-05,32,256
sphere,2.000000,cartesian,0.0,0.0,1.3931e-05,3.2934e-05,32,256
sphere,2.000000,cartesian,0.0,0.0,1.1797e-05,3.7064e-05,32,256
sphere,2.000000,cartesian,0.0,0.0,2.1146e-05,5.0103e-05,32,256
sphere,2.000000,cartesian,0.0,0.0,2.681e-06,1.7937e-05,32,256
sphere,2.000000,cartesian,0.0,0.0,7.65e-06,2.3412e-05,32,256
sphere,2.000000,cartesian,0.0,0.0,1.0842e-05,3.7167e-05,32,256
sphere,2.000000,cartesian,0.0,0.0,1.4878e-05,4.1419e-05,32,256
sphere,2.000000,cartesian,0.0,0.0,1.5142e-05,3.9801e-05,32,256
sphere,2.000000,cartesian,0.0,0.0,1.8837e-05,5.045e-05,32,256
sphere,2.000000,cartesian,0.0,0.0,8.905e-06,3.3548e-05,32,256
sphere,2.000000,cartesian,0.0,0.0,8.216e-06,3.2289e-05,32,256
sphere,2.000000,cartesian,0.0,0.0,7.72e-06,2.2054e-05,32,256
sphere,2.000000,cartesian,0.0,0.0,1.7057e-05,5.3134e-05,32,256
sphere,2.000000,cartesian,0.0,0.0,9.27e-06,6.2293e-05,32,256
sphere,2.000000,cartesian,0.0,0.0,1.4472e-05,3.0967e-05,32,256
sphere,2.000000,cartesian,0.0,0.0,1.6329e-05,3.9952e-05,32,256
sphere,2.000000,cartesian,0.0,0.0,1.1895e-05,4.6323e-05,32,256
sphere,2.000000,cartesian,0.0,0.0,1.8455e-05,4.5579e-05,32,256
sphere,2.000000,cartesian,0.0,0.0,1.5558e-05,4.2677e-05,32,256
sphere,2.000000,cartesian,0.0,0.0,1.619e-05,4.3612e-05,32,256
sphere,2.000000,cartesian,0.0,0.0,7.56e-06,2.6953e-05,32,256
sphere,2.000000,cartesian,0.0,0.0,3.13e-06,2.1211e-05,32,256
sphere,2.000000,cartesian,0.0,0.0,1.6399e-05,4.7612e-05,32,256
sphere,2.000000,cartesian,0.0,0.0,5.069e-06,3.1475e-05,32,256
sphere,2.000000,cartesian,0.0,0.0,1.5404e-05,6.2704e-05,32,256
sphere,2.000000,cartesian,0.0,0.0,1.386e-05,3.388e-05,32,256
sphere,2.000000,cartesian,0.0,0.0,1.6585e-05,3.1861e-05,32,256
sphere,2.000000,cartesian,0.0,0.0,1.1629e-05,5.01e-05,32,256
sphere,2.000000,cartesian,0.0,0.0,1.3605e-05,3.8316e-05,32,256
sphere,2.000000,cartesian,0.0,0.0,1.5886e-05,6.6029e-05,32,256
sphere,2.000000,cartesian,0.0,0.0,1.2271e-05,3.744e-05,32,256
sphere,2.000000,cartesian,0.0,0.0,1.3056e-05,3.6933e-05,32,256
sphere,2.000000,cartesian,0.0,0.0,1.4486e-05,4.5708e-05,32,256
sphere,2.000000,cartesian,0.0,0.0,1.3664e-05,3.2954e-05,32,256
sphere,2.000000,cartesian,0.0,0.0,9.255e-06,1.6238e-05,32,256
sphere,2.000000,cartesian,0.0,0.0,1.3822e-05,4.3843e-05,32,256
sphere,2.000000,cartesian,0.0,0.0,7.028e-06,2.3489e-05,32,256
sphere,2.000000,cartesian,0.0,0.0,1.5652e-05,3.8102e-05,32,256
sphere,2.000000,cartesian,0.0,0.0,8.094e-06,2.9426e-05,32,256
sphere,2.000000,cartesian,0.0,0.0,1.8116e-05,4.9245e-05,32,256
sphere,2.000000,cartesian,0.0,0.0,1.8669e-05,5.1146e-05,32,256
sphere,2.000000,cartesian,0.0,0.0,1.3915e-05,3.4827e-05,32,256
sphere,2.000000,cartesian,0.0,0.0,1.3742e-05,4.1715e-05,32,256
sphere,2.000000,cartesian,0.0,0.0,1.1972e-05,3.004e-05,32,256
sphere,2.000000,cartesian,0.0,0.0,3.626e-06,2.5209e-05,32,256
sphere,2.000000,cartesian,0.0,0.0,1.256e-05,3.4335e-05,32,256
sphere,2.000000,cartesian,0.0,0.0,1.5468e-05,5.9142e-05,32,256
sphere,2.000000,cartesian,0.0,0.0,6.565e-06,3.075e-05,32,256
sphere,2.000000,cartesian,0.0,0.0,3.5756e-05,4.1246e-05,32,256
sphere,2.000000,cartesian,0.0,0.0,1.27e-05,3.9076e-05,32,256
sphere,2.000000,cartesian,0.0,0.0,1.3855e-05,3.9135e-05,32,256
sphere,2.000000,cartesian,0.0,0.0,1.9635e-05,4.5158e-05,32,256
sphere,2.000000,cartesian,0.0,0.0,8.173e-06,2.4125e-05,32,256
sphere,2.000000,cartesian,0.0,0.0,3.1146e-05,3.4723e-05,32,256
sphere,2.000000,cartesian,0.0,0.0,1.2243e-05,3.1461e-05,32,256
sphere,2.000000,cartesian,0.0,0.0,1.557e-05,4.0372e-05,32,256
sphere,2.000000,cartesian,0.0,0.0,1.5274e-05,3.6897e-05,32,256
sphere,2.000000,cartesian,0.0,0.0,5.232e-06,3.5807e-05,32,256
sphere,2.000000,cartesian,0.0,0.0,2.413e-05,3.6088e-05,32,256
sphere,2.000000,cartesian,0.0,0.0,6.376e-06,2.3142e-05,32,256
sphere,2.000000,cartesian,0.0,0.0,1.111e-05,3.1788e-05,32,256
sphere,2.000000,cartesian,0.0,0.0,1.2686e-05,2.9988e-05,32,256
sphere,2.000000,cartesian,0.0,0.0,1.6025e-05,4.4812e-05,32,256
sphere,2.000000,cartesian,0.0,0.0,1.0149e-05,2.4447e-05,32,256
sphere,2.000000,cartesian,0.0,0.0,1.5681e-05,3.6829e-05,32,256
sphere,2.000000,cartesian,0.0,0.0,1.0952e-05,3.2467e-05,32,256
sphere,2.000000,cartesian,0.0,0.0,1.4322e-05,2.9342e-05,32,256
sphere,2.000000,cartesian,0.0,0.0,7.391e-06,2.8597e-05,32,256
sphere,2.000000,cartesian,0.0,0.0,1.5027e-05,4.5642e-05,32,256
sphere,2.000000,cartesian,0.0,0.0,1.1558e-05,3.3678e-05,32,256
sphere,2.000000,cartesian,0.0,0.0,8.343e-06,2.58e-05,32,256
sphere,2.000000,cartesian,0.0,0.0,3.636e-06,1.9817e-05,32,256
sphere,2.000000,cartesian,0.0,0.0,1.0587e-05,2.6216e-05,32,256
sphere,2.000000,cartesian,0.0,0.0,1.8565e-05,8.0091e-05,32,256
sphere,2.000000,cartesian,0.0,0.0,7.458e-06,2.7984e-05,32,256
sphere,2.000000,cartesian,0.0,0.0,2.6242e-05,3.2501e-05,32,256
sphere,2.000000,cartesian,0.0,0.0,1.4052e-05,2.2689e-05,32,256
sphere,2.000000,cartesian,0.0,0.0,1.4738e-05,4.0665e-05,32,256
sphere,2.000000,cartesian,0.0,0.0,1.3541e-05,6.5057e-05,32,256
sphere,2.000000,cartesian,0.0,0.0,1.6168e-05,6.3429e-05,32,256
sphere,2.000000,cartesian,0.0,0.0,1.0546e-05,4.4633e-05,32,256
sphere,2.000000,cartesian,0.0,0.0,1.3263e-05,3.7718e-05,32,256
sphere,2.000000,cartesian,0.0,0.0,1.4885e-05,4.1985e-05,32,256
sphere,2.000000,cartesian,0.0,0.0,1.271e-06,1.0997e-05,32,256
sphere,2.000000,cartesian,0.0,0.0,1.9234e-05,3.5575e-05,32,256
sphere,2.000000,cartesian,0.0,0.0,1.197e-05,3.3171e-05,32,256
sphere,2.000000,cartesian,0.0,0.0,7.181e-06,2.329e-05,32,256
sphere,2.000000,cartesian,0.0,0.0,1.3408e-05,3.5842e-05,32,256
sphere,2.000000,cartesian,0.0,0.0,1.4408e-05,1.4509e-05,32,256
sphere,2.000000,cartesian,0.0,0.0,2.0711e-05,6.8551e-05,32,256
sphere,2.000000,cartesian,0.0,0.0,1.4053e-05,5.5577e-05,32,256
sphere,2.000000,cartesian,0.0,0.0,9.766e-06,3.7292e-05,32,256
sphere,2.000000,cartesian,0.0,0.0,1.5102e-05,3.8915e-05,32,256
sphere,2.000000,cartesian,0.0,0.0,1.8285e-05,4.6594e-05,32,256
sphere,2.000000,cartesian,0.0,0.0,1.4879e-05,3.4851e-05,32,256
sphere,2.000000,cartesian,0.0,0.0,6.179e-06,3.7742e-05,32,256
sphere,2.000000,cartesian,0.0,0.0,1.4826e-05,3.9898e-05,32,256
sphere,2.000000,cartesian,0.0,0.0,9.034e-06,3.5404e-05,32,256
sphere,2.000000,cartesian,0.0,0.0,1.7524e-05,4.9037e-05,32,256
sphere,2.000000,cartesian,0.0,0.0,1.4105e-05,3.6731e-05,32,256
sphere,2.000000,cartesian,0.0,0.0,1.2536e-05,4.7576e-05,32,256
sphere,2.000000,cartesian,0.0,0.0,1.6803e-05,3.4782e-05,32,256
sphere,2.000000,cartesian,0.0,0.0,1.6029e-05,3.3202e-05,32,256
sphere,2.000000,cartesian,0.0,0.0,1.5281e-05,4.2053e-05,32,256
sphere,2.000000,cartesian,0.0,0.0,1.2492e-05,4.1141e-05,32,256
sphere,2.000000,cartesian,0.0,0.0,5.024e-06,2.6017e-05,32,256
sphere,2.000000,cartesian,0.0,0.0,1.9212e-05,4.698e-05,32,256
sphere,2.000000,cartesian,0.0,0.0,1.5056e-05,4.0326e-05,32,256
sphere,2.000000,cartesian,0.0,0.0,1.5472e-05,3.786e-05,32,256
sphere,2.000000,cartesian,0.0,0.0,1.2261e-05,2.8061e-05,32,256
sphere,2.000000,cartesian,0.0,0.0,1.1161e-05,4.4733e-05,32,256
sphere,2.000000,cartesian,0.0,0.0,9.07e-06,2.5969e-05,32,256
sphere,2.000000,cartesian,0.0,0.0,1.3337e-05,3.451e-05,32,256
sphere,2.000000,cartesian,0.0,0.0,1.5168e-05,3.8243e-05,32,256
sphere,2.000000,cartesian,0.0,0.0,1.0281e-05,4.0484e-05,32,256
sphere,2.000000,cartesian,0.0,0.0,9.61e-06,3.7134e-05,32,256
sphere,2.000000,cartesian,0.0,0.0,1.4921e-05,3.6012e-05,32,256
sphere,2.000000,cartesian,0.0,0.0,1.263e-06,8.513e-06,32,256
sphere,2.000000,cartesian,0.0,0.0,1.6274e-05,4.5775e-05,32,256
sphere,2.000000,cartesian,0.0,0.0,1.0435e-05,3.4105e-05,32,256
sphere,2.000000,cartesian,0.0,0.0,1.003e-05,3.2349e-05,32,256
sphere,2.000000,cartesian,0.0,0.0,1.3111e-05,3.0267e-05,32,256
sphere,2.000000,cartesian,0.0,0.0,1.0663e-05,2.2788e-05,32,256
sphere,2.000000,cartesian,0.0,0.0,1.6043e-05,4.4398e-05,32,256
sphere,2.000000,cartesian,0.0,0.0,1.4427e-05,5.9815e-05,32,256
sphere,2.000000,cartesian,0.0,0.0,1.1326e-05,2.7348e-05,32,256
sphere,2.000000,cartesian,0.0,0.0,1.2764e-05,4.8042e-05,32,256
sphere,2.000000,cartesian,0.0,0.0,2.0753e-05,4.9024e-05,32,256
sphere,2.000000,cartesian,0.0,0.0,4.934e-06,2.3586e-05,32,256
sphere,2.000000,cartesian,0.0,0.0,2.0246e-05,5.2697e-05,32,256
sphere,2.000000,cartesian,0.0,0.0,1.8983e-05,4.1958e-05,32,256
sphere,2.000000,cartesian,0.0,0.0,9.748e-06,3.8358e-05,32,256
sphere,2.000000,cartesian,0.0,0.0,1.3099e-05,2.7579e-05,32,256
sphere,2.000000,cartesian,0.0,0.0,1.1827e-05,4.0558e-05,32,256
sphere,2.000000,cartesian,0.0,0.0,9.318e-06,3.0242e-05,32,256
sphere,2.000000,cartesian,0.0,0.0,1.2328e-05,6.333e-05,32,256
sphere,2.000000,cartesian,0.0,0.0,1.3958e-05,3.6221e-05,32,256
sphere,2.000000,cartesian,0.0,0.0,1.4128e-05,3.3818e-05,32,256
sphere,2.000000,cartesian,0.0,0.0,1.2772e-05,3.7255e-05,32,256
sphere,2.000000,cartesian,0.0,0.0,1.2848e-05,3.7498e-05,32,256
sphere,2.000000,cartesian,0.0,0.0,8.678e-06,2.3134e-05,32,256
sphere,2.000000,cartesian,0.0,0.0,1.5937e-05,3.6441e-05,32,256
sphere,2.000000,cartesian,0.0,0.0,1.6289e-05,5.097e-05,32,256
sphere,2.000000,cartesian,0.0,0.0,1.1353e-05,0.000205995,32,256
sphere,2.000000,cartesian,0.0,0.0,3.1674e-05,6.0153e-05,32,256
sphere,2.000000,cartesian,0.0,0.0,1.4499e-05,0.000108167,32,256
sphere,2.000000,cartesian,0.0,0.0,1.2039e-05,3.1641e-05,32,256
sphere,2.000000,cartesian,0.0,0.0,1.7283e-05,3.8338e-05,32,256
sphere,2.000000,cartesian,0.0,0.0,1.6401e-05,4.6114e-05,32,256
sphere,2.000000,cartesian,0.0,0.0,1.1461e-05,3.0282e-05,32,256
sphere,2.000000,cartesian,0.0,0.0,1.0748e-05,3.5726e-05,32,256
sphere,2.000000,cartesian,0.0,0.0,0.00320752,3.2455e-05,32,256
sphere,2.000000,cartesian,0.0,0.0,1.1424e-05,9.36e-06,32,256
sphere,2.000000,cartesian,0.0,0.0,1.2353e-05,4.1814e-05,32,256
sphere,2.000000,cartesian,0.0,0.0,2.3482e-05,8.2502e-05,32,256
sphere,2.000000,cartesian,0.0,0.0,1.2557e-05,3.7191e-05,32,256
sphere,2.000000,cartesian,0.0,0.0,1.7052e-05,3.7197e-05,32,256
sphere,2.000000,cartesian,0.0,0.0,1.4632e-05,3.1668e-05,32,256
sphere,2.000000,cartesian,0.0,0.0,1.8794e-05,3.6643e-05,32,256
sphere,2.000000,cartesian,0.0,0.0,1.7963e-05,4.9223e-05,32,256
sphere,2.000000,cartesian,0.0,0.0,6.182e-06,2.3879e-05,32,256
sphere,2.000000,cartesian,0.0,0.0,2.0523e-05,5.7159e-05,32,256
sphere,2.000000,cartesian,0.0,0.0,8.648e-06,3.0433e-05,32,256
sphere,2.000000,cartesian,0.0,0.0,1.1027e-05,3.4057e-05,32,256
sphere,2.000000,cartesian,0.0,0.0,1.3035e-05,3.019e-05,32,256
sphere,2.000000,cartesian,0.0,0.0,1.3699e-05,4.7789e-05,32,256
sphere,2.000000,cartesian,0.0,0.0,8.849e-06,4.3106e-05,32,256
sphere,2.000000,cartesian,0.0,0.0,1.962e-06,1.1425e-05,32,256
sphere,2.000000,cartesian,0.0,0.0,1.3745e-05,3.1365e-05,32,256
sphere,2.000000,cartesian,0.0,0.0,1.119e-05,4.439e-05,32,256
sphere,2.000000,cartesian,0.0,0.0,1.4919e-05,3.3284e-05,32,256
sphere,2.000000,cartesian,0.0,0.0,1.7585e-05,4.1239e-05,32,256
sphere,2.000000,cartesian,0.0,0.0,1.5169e-05,3.8904e-05,32,256
sphere,2.000000,cartesian,0.0,0.0,9.941e-06,3.4076e-05,32,256
sphere,2.000000,cartesian,0.0,0.0,1.3309e-05,4.3399e-05,32,256
sphere,2.000000,cartesian,0.0,0.0,1.6782e-05,4.0471e-05,32,256
sphere,2.000000,cartesian,0.0,0.0,1.2258e-05,4.263e-05,32,256
sphere,2.000000,cartesian,0.0,0.0,1.9962e-05,4.7152e-05,32,256
sphere,2.000000,cartesian,0.0,0.0,1.3085e-05,3.2802e-05,32,256
sphere,2.000000,cartesian,0.0,0.0,1.0595e-05,2.6911e-05,32,256
sphere,2.000000,cartesian,0.0,0.0,1.272e-05,4.3096e-05,32,256
sphere,2.000000,cartesian,0.0,0.0,1.2822e-05,2.8527e-05,32,256
sphere,2.000000,cartesian,0.0,0.0,1.8827e-05,4.1129e-05,32,256
sphere,2.000000,cartesian,0.0,0.0,1.4999e-05,3.9161e-05,32,256
sphere,2.000000,cartesian,0.0,0.0,1.3314e-05,3.5399e-05,32,256
sphere,2.000000,cartesian,0.0,0.0,1.4971e-05,5.1092e-05,32,256
sphere,2.000000,cartesian,0.0,0.0,1.4132e-05,4.7298e-05,32,256
sphere,2.000000,cartesian,0.0,0.0,1.0985e-05,3.5541e-05,32,256
sphere,2.000000,cartesian,0.0,0.0,7.365e-06,2.4472e-05,32,256
sphere,2.000000,cartesian,0.0,0.0,1.6576e-05,2.902e-05,32,256
sphere,2.000000,cartesian,0.0,0.0,1.5763e-05,2.6904e-05,32,256
sphere,2.000000,cartesian,0.0,0.0,1.0293e-05,2.8111e-05,32,256
sphere,2.000000,cartesian,0.0,0.0,1.8844e-05,5.3993e-05,32,256
sphere,2.000000,cartesian,0.0,0.0,1.372e-05,2.8784e-05,32,256
sphere,2.000000,cartesian,0.0,0.0,8.028e-06,2.1293e-05,32,256
sphere,2.000000,cartesian,0.0,0.0,1.0963e-05,3.2234e-05,32,256
sphere,2.000000,cartesian,0.0,0.0,2.0831e-05,4.6884e-05,32,256
sphere,2.000000,cartesian,0.0,0.0,9.459e-06,3.8047e-05,32,256
sphere,2.000000,cartesian,0.0,0.0,1.5597e-05,3.4956e-05,32,256
sphere,2.000000,cartesian,0.0,0.0,1.7613e-05,8.099e-05,32,256
sphere,2.000000,cartesian,0.0,0.0,1.4775e-05,3.4281e-05,32,256
sphere,2.000000,cartesian,0.0,0.0,1.6013e-05,3.4896e-05,32,256
sphere,2.000000,cartesian,0.0,0.0,1.329e-05,3.8974e-05,32,256
sphere,2.000000,cartesian,0.0,0.0,1.9124e-05,2.8269e-05,32,256
sphere,2.000000,cartesian,0.0,0.0,1.3221e-05,4.6634e-05,32,256
sphere,2.000000,cartesian,0.0,0.0,7.882e-06,2.4468e-05,32,256
sphere,2.000000,cartesian,0.0,0.0,1.557e-05,3.6411e-05,32,256
sphere,2.000000,cartesian,0.0,0.0,1.2058e-05,3.1545e-05,32,256
sphere,2.000000,cartesian,0.0,0.0,1.0473e-05,3.1002e-05,32,256
sphere,2.000000,cartesian,0.0,0.0,1.4928e-05,3.3444e-05,32,256
sphere,2.000000,cartesian,0.0,0.0,1.4405e-05,3.4017e-05,32,256
sphere,2.000000,cartesian,0.0,0.0,3.646e-06,2.4356e-05,32,256
sphere,2.000000,cartesian,0.0,0.0,1.2323e-05,3.7325e-05,32,256
sphere,2.000000,cartesian,0.0,0.0,1.5162e-05,3.3368e-05,32,256
sphere,2.000000,cartesian,0.0,0.0,1.2876e-05,4.2327e-05,32,256
sphere,2.000000,cartesian,0.0,0.0,1.3567e-05,3.4361e-05,32,256
sphere,2.000000,cartesian,0.0,0.0,1.4389e-05,3.7501e-05,32,256
sphere,2.000000,cartesian,0.0,0.0,2.157e-05,8.0407e-05,32,256
sphere,2.000000,cartesian,0.0,0.0,1.4265e-05,4.2464e-05,32,256
sphere,2.000000,cartesian,0.0,0.0,1.3386e-05,3.3669e-05,32,256
sphere,2.000000,cartesian,0.0,0.0,1.5197e-05,3.279e-05,32,256
sphere,2.000000,cartesian,0.0,0.0,2.1682e-05,5.1795e-05,32,256
sphere,2.000000,cartesian,0.0,0.0,1.7433e-05,7.314e-05,32,256
sphere,2.000000,cartesian,0.0,0.0,1.7189e-05,7.1156e-05,32,256
sphere,2.000000,cartesian,0.0,0.0,1.3773e-05,3.2493e-05,32,256
sphere,2.000000,cartesian,0.0,0.0,1.7286e-05,4.7613e-05,32,256
sphere,2.000000,cartesian,0.0,0.0,1.1453e-05,5.5903e-05,32,256
sphere,2.000000,cartesian,0.0,0.0,2.3444e-05,7.1223e-05,32,256
sphere,2.000000,cartesian,0.0,0.0,1.7798e-05,4.253e-05,32,256
sphere,2.000000,cartesian,0.0,0.0,7.841e-06,2.8286e-05,32,256
sphere,2.000000,cartesian,0.0,0.0,1.5461e-05,4.7506e-05,32,256
sphere,2.000000,cartesian,0.0,0.0,4.309e-06,2.0756e-05,32,256
sphere,2.000000,cartesian,0.0,0.0,1.3037e-05,3.2068e-05,32,256
sphere,2.000000,cartesian,0.0,0.0,1.3084e-05,4.6707e-05,32,256
sphere,2.000000,cartesian,0.0,0.0,6.544e-06,1.922e-05,32,256
sphere,2.000000,cartesian,0.0,0.0,1.6327e-05,4.5692e-05,32,256
sphere,2.000000,cartesian,0.0,0.0,1.1398e-05,4.6718e-05,32,256
sphere,2.000000,cartesian,0.0,0.0,1.5876e-05,3.9711e-05,32,256
sphere,2.000000,cartesian,0.0,0.0,1.5579e-05,6.1369e-05,32,256
sphere,2.000000,cartesian,0.0,0.0,1.2551e-05,3.8444e-05,32,256
sphere,2.000000,cartesian,0.0,0.0,1.7842e-05,5.9957e-05,32,256
sphere,2.000000,cartesian,0.0,0.0,7.285e-06,3.8079e-05,32,256
sphere,2.000000,cartesian,0.0,0.0,1.6449e-05,2.9682e-05,32,256
sphere,2.000000,cartesian,0.0,0.0,1.5436e-05,4.0437e-05,32,256
sphere,2.000000,cartesian,0.0,0.0,1.9266e-05,3.9595e-05,32,256
sphere,2.000000,cartesian,0.0,0.0,2.623e-05,4.9047e-05,32,256
sphere,2.000000,cartesian,0.0,0.0,1.4232e-05,3.5659e-05,32,256
sphere,2.000000,cartesian,0.0,0.0,1.3982e-05,3.2274e-05,32,256
sphere,2.000000,cartesian,0.0,0.0,1.1934e-05,4.3135e-05,32,256
sphere,2.000000,cartesian,0.0,0.0,1.0434e-05,2.6884e-05,32,256
sphere,2.000000,cartesian,0.0,0.0,1.0787e-05,3.4925e-05,32,256
sphere,2.000000,cartesian,0.0,0.0,1.6333e-05,4.371e-05,32,256
sphere,2.000000,cartesian,0.0,0.0,1.4147e-05,3.5179e-05,32,256
sphere,2.000000,cartesian,0.0,0.0,2.0639e-05,4.9051e-05,32,256
sphere,2.000000,cartesian,0.0,0.0,1.8063e-05,4.6412e-05,32,256
sphere,2.000000,cartesian,0.0,0.0,7.181e-06,2.4176e-05,32,256
sphere,2.000000,cartesian,0.0,0.0,1.2917e-05,2.6036e-05,32,256
sphere,2.000000,cartesian,0.0,0.0,1.2983e-05,3.5099e-05,32,256
sphere,2.000000,cartesian,0.0,0.0,1.5452e-05,3.8098e-05,32,256
sphere,2.000000,cartesian,0.0,0.0,9.14e-06,2.7633e-05,32,256
sphere,2.000000,cartesian,0.0,0.0,1.4809e-05,5.7794e-05,32,256
sphere,2.000000,cartesian,0.0,0.0,1.2481e-05,2.9135e-05,32,256
sphere,2.000000,cartesian,0.0,0.0,1.3269e-05,3.3256e-05,32,256
sphere,2.000000,cartesian,0.0,0.0,8.21e-06,4.6044e-05,32,256
sphere,2.000000,cartesian,0.0,0.0,1.6736e-05,6.4805e-05,32,256
sphere,2.000000,cartesian,0.0,0.0,1.4512e-05,3.4936e-05,32,256
sphere,2.000000,cartesian,0.0,0.0,1.3172e-05,3.1392e-05,32,256
sphere,2.000000,cartesian,0.0,0.0,3.538e-06,2.4864e-05,32,256
sphere,2.000000,cartesian,0.0,0.0,1.5712e-05,3.2961e-05,32,256
sphere,2.000000,cartesian,0.0,0.0,6.879e-06,3.5631e-05,32,256
sphere,2.000000,cartesian,0.0,0.0,7.955e-06,3.4559e-05,32,256
sphere,2.000000,cartesian,0.0,0.0,1.9342e-05,4.0295e-05,32,256
sphere,2.000000,cartesian,0.0,0.0,6.593e-06,2.3622e-05,32,256
sphere,2.000000,cartesian,0.0,0.0,1.4244e-05,3.9811e-05,32,256
sphere,2.000000,cartesian,0.0,0.0,1.4492e-05,3.2916e-05,32,256
sphere,2.000000,cartesian,0.0,0.0,1.6327e-05,3.6689e-05,32,256
sphere,2.000000,cartesian,0.0,0.0,1.5256e-05,3.5225e-05,32,256
sphere,2.000000,cartesian,0.0,0.0,1.4921e-05,4.0188e-05,32,256
sphere,2.000000,cartesian,0.0,0.0,9.068e-06,2.7683e-05,32,256
sphere,2.000000,cartesian,0.0,0.0,1.068e-05,2.5934e-05,32,256
sphere,2.000000,cartesian,0.0,0.0,1.4124e-05,3.8714e-05,32,256
sphere,2.000000,cartesian,0.0,0.0,3.4495e-05,7.9323e-05,32,256
sphere,2.000000,cartesian,0.0,0.0,1.2189e-05,3.3371e-05,32,256
sphere,2.000000,cartesian,0.0,0.0,1.6992e-05,4.1808e-05,32,256
sphere,2.000000,cartesian,0.0,0.0,7.971e-06,2.6559e-05,32,256
sphere,2.000000,cartesian,0.0,0.0,1.3949e-05,3.8109e-05,32,256
sphere,2.000000,cartesian,0.0,0.0,1.7692e-05,4.8957e-05,32,256
sphere,2.000000,cartesian,0.0,0.0,1.4199e-05,3.4174e-05,32,256
sphere,2.000000,cartesian,0.0,0.0,1.6612e-05,4.2423e-05,32,256
sphere,2.000000,cartesian,0.0,0.0,1.3097e-05,4.5458e-05,32,256
sphere,2.000000,cartesian,0.0,0.0,2.3239e-05,4.9267e-05,32,256
sphere,2.000000,cartesian,0.0,0.0,1.9475e-05,4.4797e-05,32,256
sphere,2.000000,cartesian,0.0,0.0,1.6695e-05,7.5762e-05,32,256
sphere,2.000000,cartesian,0.0,0.0,1.2286e-05,3.3523e-05,32,256
sphere,2.000000,cartesian,0.0,0.0,1.1759e-05,4.1245e-05,32,256
sphere,2.000000,cartesian,0.0,0.0,2.514e-05,3.55e-05,32,256
sphere,2.000000,cartesian,0.0,0.0,1.4281e-05,3.0739e-05,32,256
sphere,2.000000,cartesian,0.0,0.0,1.2065e-05,3.6123e-05,32,256
sphere,2.000000,cartesian,0.0,0.0,1.8404e-05,4.3497e-05,32,256
sphere,2.000000,cartesian,0.0,0.0,1.5607e-05,3.0066e-05,32,256
sphere,2.000000,cartesian,0.0,0.0,1.2643e-05,3.7152e-05,32,256
sphere,2.000000,cartesian,0.0,0.0,1.2805e-05,4.0174e-05,32,256
sphere,2.000000,cartesian,0.0,0.0,1.9065e-05,5.8682e-05,32,256
sphere,2.000000,cartesian,0.0,0.0,6.478e-06,2.5433e-05,32,256
sphere,2.000000,cartesian,0.0,0.0,1.5888e-05,5.1136e-05,32,256
sphere,2.000000,cartesian,0.0,0.0,3.48e-07,4.103e-06,32,256
sphere,2.000000,cartesian,0.0,0.0,1.2377e-05,3.0337e-05,32,256
sphere,2.000000,cartesian,0.0,0.0,1.474e-06,8.384e-06,32,256
sphere,2.000000,cartesian,0.0,0.0,1.2394e-05,2.0324e-05,32,256
sphere,2.000000,cartesian,0.0,0.0,8.805e-06,3.3534e-05,32,256
sphere,2.000000,cartesian,0.0,0.0,1.9479e-05,3.4946e-05,32,256
sphere,2.000000,cartesian,0.0,0.0,1.9652e-05,6.3518e-05,32,256
sphere,2.000000,cartesian,0.0,0.0,1.9174e-05,4.5962e-05,32,256
sphere,2.000000,cartesian,0.0,0.0,6.346e-06,3.2981e-05,32,256
sphere,2.000000,cartesian,0.0,0.0,2.754e-05,7.981e-05,32,256
sphere,2.000000,cartesian,0.0,0.0,1.6658e-05,4.5799e-05,32,256
sphere,2.000000,cartesian,0.0,0.0,1.7363e-05,6.5131e-05,32,256
sphere,2.000000,cartesian,0.0,0.0,1.9401e-05,4.4141e-05,32,256
sphere,2.000000,cartesian,0.0,0.0,1.2427e-05,3.2914e-05,32,256
sphere,2.000000,cartesian,0.0,0.0,1.2817e-05,3.0579e-05,32,256
sphere,2.000000,cartesian,0.0,0.0,1.252e-05,3.2885e-05,32,256
sphere,2.000000,cartesian,0.0,0.0,1.161e-05,3.5512e-05,32,256
sphere,2.000000,cartesian,0.0,0.0,1.5904e-05,2.6578e-05,32,256
sphere,2.000000,cartesian,0.0,0.0,1.4483e-05,4.7277e-05,32,256
sphere,2.000000,cartesian,0.0,0.0,1.4977e-05,4.6284e-05,32,256
sphere,2.000000,cartesian,0.0,0.0,9.163e-06,2.5622e-05,32,256
sphere,2.000000,cartesian,0.0,0.0,1.496e-05,3.2301e-05,32,256
sphere,2.000000,cartesian,0.0,0.0,1.0534e-05,4.553e-05,32,256
sphere,2.000000,cartesian,0.0,0.0,1.7169e-05,0.000119225,32,256
sphere,2.000000,cartesian,0.0,0.0,9.33e-06,2.9022e-05,32,256
sphere,2.000000,cartesian,0.0,0.0,1.5992e-05,4.3725e-05,32,256
sphere,2.000000,cartesian,0.0,0.0,1.0737e-05,3.1438e-05,32,256
sphere,2.000000,cartesian,0.0,0.0,1.1796e-05,3.0822e-05,32,256
sphere,2.000000,cartesian,0.0,0.0,1.1303e-05,4.1076e-05,32,256
sphere,2.000000,cartesian,0.0,0.0,1.3889e-05,3.5506e-05,32,256
sphere,2.000000,cartesian,0.0,0.0,1.666e-05,4.4478e-05,32,256
sphere,2.000000,cartesian,0.0,0.0,1.6224e-05,3.6241e-05,32,256
sphere,2.000000,cartesian,0.0,0.0,1.912e-05,4.0597e-05,32,256
sphere,2.000000,cartesian,0.0,0.0,1.066e-05,2.3446e-05,32,256
sphere,2.000000,cartesian,0.0,0.0,1.7481e-05,3.2451e-05,32,256
sphere,2.000000,cartesian,0.0,0.0,1.6579e-05,3.6732e-05,32,256
sphere,2.000000,cartesian,0.0,0.0,1.2387e-05,2.9389e-05,32,256
sphere,2.000000,cartesian,0.0,0.0,1.2357e-05,3.2629e-05,32,256
sphere,2.000000,cartesian,0.0,0.0,1.286e-05,3.5739e-05,32,256
sphere,2.000000,cartesian,0.0,0.0,1.1565e-05,3.6084e-05,32,256
sphere,2.000000,cartesian,0.0,0.0,1.4737e-05,3.6528e-05,32,256
sphere,2.000000,cartesian,0.0,0.0,2.3035e-05,4.1061e-05,32,256
sphere,2.000000,cartesian,0.0,0.0,2.6207e-05,8.4253e-05,32,256
sphere,2.000000,cartesian,0.0,0.0,6.128e-06,1.8916e-05,32,256
sphere,2.000000,cartesian,0.0,0.0,1.2995e-05,3.8359e-05,32,256
sphere,2.000000,cartesian,0.0,0.0,1.3429e-05,3.1345e-05,32,256
sphere,2.000000,cartesian,0.0,0.0,1.0097e-05,4.6231e-05,32,256
sphere,2.000000,cartesian,0.0,0.0,2.0095e-05,4.6431e-05,32,256
sphere,2.000000,cartesian,0.0,0.0,1.6782e-05,4.8326e-05,32,256
sphere,2.000000,cartesian,0.0,0.0,1.3026e-05,3.2911e-05,32,256
sphere,2.000000,cartesian,0.0,0.0,1.8539e-05,3.9105e-05,32,256
sphere,2.000000,cartesian,0.0,0.0,2.0566e-05,4.8336e-05,32,256
sphere,2.000000,cartesian,0.0,0.0,1.5258e-05,3.9964e-05,32,256
sphere,2.000000,cartesian,0.0,0.0,7.591e-06,2.6686e-05,32,256
sphere,2.000000,cartesian,0.0,0.0,1.6507e-05,4.1511e-05,32,256
sphere,2.000000,cartesian,0.0,0.0,1.4113e-05,4.0837e-05,32,256
sphere,2.000000,cartesian,0.0,0.0,1.3662e-05,3.937e-05,32,256
sphere,2.000000,cartesian,0.0,0.0,1.0182e-05,4.9944e-05,32,256
sphere,2.000000,cartesian,0.0,0.0,1.6425e-05,4.0303e-05,32,256
sphere,2.000000,cartesian,0.0,0.0,1.2406e-05,3.0782e-05,32,256
sphere,2.000000,cartesian,0.0,0.0,9.446e-06,2.5143e-05,32,256
sphere,2.000000,cartesian,0.0,0.0,1.3286e-05,3.4799e-05,32,256
sphere,2.000000,cartesian,0.0,0.0,1.5573e-05,6.7412e-05,32,256
sphere,2.000000,cartesian,0.0,0.0,9.176e-06,1.5819e-05,32,256
sphere,2.000000,cartesian,0.0,0.0,1.7381e-05,4.821e-05,32,256
sphere,2.000000,cartesian,0.0,0.0,3.927e-06,2.3489e-05,32,256
sphere,2.000000,cartesian,0.0,0.0,1.8888e-05,4.3376e-05,32,256
sphere,2.000000,cartesian,0.0,0.0,1.1114e-05,2.5244e-05,32,256
sphere,2.000000,cartesian,0.0,0.0,3.043e-06,1.7366e-05,32,256
sphere,2.000000,cartesian,0.0,0.0,1.5654e-05,7.2564e-05,32,256
sphere,2.000000,cartesian,0.0,0.0,1.6934e-05,3.85e-05,32,256
sphere,2.000000,cartesian,0.0,0.0,1.6265e-05,4.6234e-05,32,256
sphere,2.000000,cartesian,0.0,0.0,4.219e-06,1.6773e-05,32,256
sphere,2.000000,cartesian,0.0,0.0,1.7711e-05,4.0159e-05,32,256
sphere,2.000000,cartesian,0.0,0.0,1.6699e-05,4.1978e-05,32,256
sphere,2.000000,cartesian,0.0,0.0,1.421e-05,7.4861e-05,32,256
sphere,2.000000,cartesian,0.0,0.0,1.3792e-05,3.7798e-05,32,256
sphere,2.000000,cartesian,0.0,0.0,1.8766e-05,3.4857e-05,32,256
sphere,2.000000,cartesian,0.0,0.0,1.8373e-05,4.6762e-05,32,256
sphere,2.000000,cartesian,0.0,0.0,1.3561e-05,3.4095e-05,32,256
sphere,2.000000,cartesian,0.0,0.0,9.498e-06,3.3419e-05,32,256
sphere,2.000000,cartesian,0.0,0.0,1.7588e-05,4.3173e-05,32,256
sphere,2.000000,cartesian,0.0,0.0,9.639e-06,3.2371e-05,32,256
sphere,2.000000,cartesian,0.0,0.0,7.867e-06,3.354e-05,32,256
sphere,2.000000,cartesian,0.0,0.0,2.0937e-05,4.2534e-05,32,256
sphere,2.000000,cartesian,0.0,0.0,1.3053e-05,3.7027e-05,32,256
sphere,2.000000,cartesian,0.0,0.0,4.657e-06,1.9253e-05,32,256
sphere,2.000000,cartesian,0.0,0.0,2.4908e-05,0.000105263,32,256
sphere,2.000000,cartesian,0.0,0.0,1.572e-05,3.576e-05,32,256
sphere,2.000000,cartesian,0.0,0.0,1.638e-05,3.577e-05,32,256
sphere,2.000000,cartesian,0.0,0.0,1.2541e-05,5.4344e-05,32,256
sphere,2.000000,cartesian,0.0,0.0,4.823e-06,3.3202e-05,32,256
sphere,2.000000,cartesian,0.0,0.0,2.1613e-05,3.7866e-05,32,256
sphere,2.000000,cartesian,0.0,0.0,1.2937e-05,3.9064e-05,32,256
sphere,2.000000,cartesian,0.0,0.0,2.877e-06,1.3609e-05,32,256
sphere,2.000000,cartesian,0.0,0.0,1.7937e-05,5.2098e-05,32,256
sphere,2.000000,cartesian,0.0,0.0,9.475e-06,3.1521e-05,32,256
sphere,2.000000,cartesian,0.0,0.0,4.064e-06,2.7093e-05,32,256
sphere,2.000000,cartesian,0.0,0.0,1.405e-05,3.1694e-05,32,256
sphere,2.000000,cartesian,0.0,0.0,1.6249e-05,4.1556e-05,32,256
sphere,2.000000,cartesian,0.0,0.0,2.355e-06,1.2047e-05,32,256
sphere,2.000000,cartesian,0.0,0.0,1.0985e-05,5.4319e-05,32,256
sphere,2.000000,cartesian,0.0,0.0,9.359e-06,4.6951e-05,32,256
sphere,2.000000,cartesian,0.0,0.0,1.2828e-05,4.3533e-05,32,256
sphere,2.000000,cartesian,0.0,0.0,1.9572e-05,4.0521e-05,32,256
sphere,2.000000,cartesian,0.0,0.0,2.6423e-05,5.2476e-05,32,256
sphere,2.000000,cartesian,0.0,0.0,2.0229e-05,4.4925e-05,32,256
sphere,2.000000,cartesian,0.0,0.0,1.2464e-05,2.8849e-05,32,256
sphere,2.000000,cartesian,0.0,0.0,1.4774e-05,3.0446e-05,32,256
sphere,2.000000,cartesian,0.0,0.0,1.429e-05,4.3478e-05,32,256
sphere,2.000000,cartesian,0.0,0.0,1.035e-05,2.5179e-05,32,256
cube,2.000000,cartesian,0.0,0.0,2.972e-06,2.5099e-05,32,256
cube,2.000000,cartesian,0.0,0.0,1.2031e-05,6.7974e-05,32,256
cube,2.000000,cartesian,0.0,0.0,7.987e-06,4.8378e-05,32,256
cube,2.000000,cartesian,0.0,0.0,1.0334e-05,4.8219e-05,32,256
cube,2.000000,cartesian,0.0,0.0,1.5592e-05,6.878e-05,32,256
cube,2.000000,cartesian,0.0,0.0,9.295e-06,5.3586e-05,32,256
cube,2.000000,cartesian,0.0,0.0,1.4692e-05,0.000105313,32,256
cube,2.000000,cartesian,0.0,0.0,1.2755e-05,7.1575e-05,32,256
cube,2.000000,cartesian,0.0,0.0,1.1902e-05,5.7973e-05,32,256
cube,2.000000,cartesian,0.0,0.0,1.2563e-05,7.5707e-05,32,256
cube,2.000000,cartesian,0.0,0.0,1.1449e-05,4.4804e-05,32,256
cube,2.000000,cartesian,0.0,0.0,1.0032e-05,6.4699e-05,32,256
cube,2.000000,cartesian,0.0,0.0,9.763e-06,5.1201e-05,32,256
cube,2.000000,cartesian,0.0,0.0,1.0543e-05,5.9461e-05,32,256
cube,2.000000,cartesian,0.0,0.0,1.2541e-05,7.2556e-05,32,256
cube,2.000000,cartesian,0.0,0.0,9.887e-06,6.461e-05,32,256
cube,2.000000,cartesian,0.0,0.0,1.2938e-05,8.3105e-05,32,256
cube,2.000000,cartesian,0.0,0.0,1.0941e-05,5.6676e-05,32,256
cube,2.000000,cartesian,0.0,0.0,1.2291e-05,7.0658e-05,32,256
cube,2.000000,cartesian,0.0,0.0,1.7079e-05,0.000113419,32,256
cube,2.000000,cartesian,0.0,0.0,1.2441e-05,5.7247e-05,32,256
cube,2.000000,cartesian,0.0,0.0,1.0722e-05,5.6838e-05,32,256
cube,2.000000,cartesian,0.0,0.0,3.807e-06,3.5427e-05,32,256
cube,2.000000,cartesian,0.0,0.0,1.5903e-05,7.3424e-05,32,256
cube,2.000000,cartesian,0.0,0.0,1.0615e-05,6.479e-05,32,256
cube,2.000000,cartesian,0.0,0.0,9.75e-07,1.0957e-05,32,256
cube,2.000000,cartesian,0.0,0.0,6.03e-06,4.8061e-05,32,256
cube,2.000000,cartesian,0.0,0.0,1.452e-06,1.3096e-05,32,256
cube,2.000000,cartesian,0.0,0.0,1.0648e-05,5.3449e-05,32,256
cube,2.000000,cartesian,0.0,0.0,1.1598e-05,6.3721e-05,32,256
cube,2.000000,cartesian,0.0,0.0,1.0086e-05,3.805e-05,32,256
cube,2.000000,cartesian,0.0,0.0,1.1047e-05,0.0001564,32,256
cube,2.000000,cartesian,0.0,0.0,1.7943e-05,7.613e-05,32,256
cube,2.000000,cartesian,0.0,0.0,1.1358e-05,0.000102572,32,256
cube,2.000000,cartesian,0.0,0.0,8.728e-06,3.6115e-05,32,256
cube,2.000000,cartesian,0.0,0.0,1.3242e-05,6.4402e-05,32,256
cube,2.000000,cartesian,0.0,0.0,1.2648e-05,5.4699e-05,32,256
cube,2.000000,cartesian,0.0,0.0,1.4949e-05,7.2307e-05,32,256
cube,2.000000,cartesian,0.0,0.0,9.609e-06,5.0222e-05,32,256
cube,2.000000,cartesian,0.0,0.0,8.925e-06,3.652e-05,32,256
cube,2.000000,cartesian,0.0,0.0,9.372e-06,5.1809e-05,32,256
cube,2.000000,cartesian,0.0,0.0,5.905e-06,5.8832e-05,32,256
cube,2.000000,cartesian,0.0,0.0,9.913e-06,5.4083e-05,32,256
cube,2.000000,cartesian,0.0,0.0,2.1327e-05,8.807e-05,32,256
cube,2.000000,cartesian,0.0,0.0,9.781e-06,3.55e-05,32,256
cube,2.000000,cartesian,0.0,0.0,3.0187e-05,7.2576e-05,32,256
cube,2.000000,cartesian,0.0,0.0,1.0396e-05,7.8539e-05,32,256
cube,2.000000,cartesian,0.0,0.0,1.1804e-05,5.8211e-05,32,256
cube,2.000000,cartesian,0.0,0.0,1.7825e-05,8.5731e-05,32,256
cube,2.000000,cartesian,0.0,0.0,1.261e-05,6.0904e-05,32,256
cube,2.000000,cartesian,0.0,0.0,7.613e-06,5.0321e-05,32,256
cube,2.000000,cartesian,0.0,0.0,9.265e-06,5.0614e-05,32,256
cube,2.000000,cartesian,0.0,0.0,6.387e-06,5.3973e-05,32,256
cube,2.000000,cartesian,0.0,0.0,8.532e-06,6.5805e-05,32,256
cube,2.000000,cartesian,0.0,0.0,1.1186e-05,9.7104e-05,32,256
cube,2.000000,cartesian,0.0,0.0,1.209e-05,6.2775e-05,32,256
cube,2.000000,cartesian,0.0,0.0,1.5806e-05,0.000197668,32,256
cube,2.000000,cartesian,0.0,0.0,1.2263e-05,6.4096e-05,32,256
cube,2.000000,cartesian,0.0,0.0,1.0455e-05,7.1231e-05,32,256
cube,2.000000,cartesian,0.0,0.0,1.2004e-05,7.6565e-05,32,256
cube,2.000000,cartesian,0.0,0.0,1.0138e-05,8.7612e-05,32,256
cube,2.000000,cartesian,0.0,0.0,1.0247e-05,9.1653e-05,32,256
cube,2.000000,cartesian,0.0,0.0,9.563e-06,6.4513e-05,32,256
cube,2.000000,cartesian,0.0,0.0,9.899e-06,6.5387e-05,32,256
cube,2.000000,cartesian,0.0,0.0,9.396e-06,5.1417e-05,32,256
cube,2.000000,cartesian,0.0,0.0,1.0332e-05,6.2147e-05,32,256
cube,2.000000,cartesian,0.0,0.0,5.035e-06,3.3145e-05,32,256
cube,2.000000,cartesian,0.0,0.0,1.1667e-05,5.7063e-05,32,256
cube,2.000000,cartesian,0.0,0.0,1.2401e-05,4.909e-05,32,256
cube,2.000000,cartesian,0.0,0.0,1.1105e-05,7.0195e-05,32,256
cube,2.000000,cartesian,0.0,0.0,1.1909e-05,8.8607e-05,32,256
cube,2.000000,cartesian,0.0,0.0,9.716e-06,6.5788e-05,32,256
cube,2.000000,cartesian,0.0,0.0,2.5117e-05,7.0594e-05,32,256
cube,2.000000,cartesian,0.0,0.0,1.3009e-05,5.882e-05,32,256
cube,2.000000,cartesian,0.0,0.0,2.4383e-05,8.8815e-05,32,256
cube,2.000000,cartesian,0.0,0.0,7.431e-06,4.7032e-05,32,256
cube,2.000000,cartesian,0.0,0.0,1.1299e-05,0.000110038,32,256
cube,2.000000,cartesian,0.0,0.0,9.252e-06,5.6723e-05,32,256
cube,2.000000,cartesian,0.0,0.0,1.9431e-05,6.9545e-05,32,256
cube,2.000000,cartesian,0.0,0.0,1.4039e-05,6.413e-05,32,256
cube,2.000000,cartesian,0.0,0.0,9.709e-06,5.7059e-05,32,256
cube,2.000000,cartesian,0.0,0.0,9.559e-06,4.9992e-05,32,256
cube,2.000000,cartesian,0.0,0.0,1.3272e-05,7.5257e-05,32,256
cube,2.000000,cartesian,0.0,0.0,1.0348e-05,6.8682e-05,32,256
cube,2.000000,cartesian,0.0,0.0,1.0007e-05,5.7584e-05,32,256
cube,2.000000,cartesian,0.0,0.0,9.294e-06,5.1883e-05,32,256
cube,2.000000,cartesian,0.0,0.0,1.5658e-05,9.8669e-05,32,256
cube,2.000000,cartesian,0.0,0.0,2.495e-06,1.9623e-05,32,256
cube,2.000000,cartesian,0.0,0.0,6.603e-06,3.4197e-05,32,256
cube,2.000000,cartesian,0.0,0.0,7.022e-06,4.7743e-05,32,256
cube,2.000000,cartesian,0.0,0.0,1.1232e-05,7.0885e-05,32,256
cube,2.000000,cartesian,0.0,0.0,1.6811e-05,0.000105304,32,256
cube,2.000000,cartesian,0.0,0.0,1.7926e-05,8.7815e-05,32,256
cube,2.000000,cartesian,0.0,0.0,8.032e-06,4.6785e-05,32,256
cube,2.000000,cartesian,0.0,0.0,6.795e-06,4.818e-05,32,256
cube,2.000000,cartesian,0.0,0.0,5.402e-06,3.2769e-05,32,256
cube,2.000000,cartesian,0.0,0.0,1.2839e-05,8.6237e-05,32,256
cube,2.000000,cartesian,0.0,0.0,7.554e-06,5.6817e-05,32,256
cube,2.000000,cartesian,0.0,0.0,1.0998e-05,4.8568e-05,32,256
cube,2.000000,cartesian,0.0,0.0,2.3518e-05,6.1637e-05,32,256
cube,2.000000,cartesian,0.0,0.0,9.604e-06,5.7186e-05,32,256
cube,2.000000,cartesian,0.0,0.0,1.1329e-05,7.0788e-05,32,256
cube,2.000000,cartesian,0.0,0.0,1.633e-05,9.3098e-05,32,256
cube,2.000000,cartesian,0.0,0.0,1.7877e-05,6.636e-05,32,256
cube,2.000000,cartesian,0.0,0.0,6.844e-06,4.0631e-05,32,256
cube,2.000000,cartesian,0.0,0.0,4.073e-06,2.5314e-05,32,256
cube,2.000000,cartesian,0.0,0.0,1.4762e-05,6.133e-05,32,256
cube,2.000000,cartesian,0.0,0.0,5.121e-06,3.4014e-05,32,256
cube,2.000000,cartesian,0.0,0.0,1.2177e-05,0.000106591,32,256
cube,2.000000,cartesian,0.0,0.0,1.2709e-05,5.8267e-05,32,256
cube,2.000000,cartesian,0.0,0.0,1.2166e-05,5.8036e-05,32,256
cube,2.000000,cartesian,0.0,0.0,8.608e-06,6.3618e-05,32,256
cube,2.000000,cartesian,0.0,0.0,8.451e-06,6.209e-05,32,256
cube,2.000000,cartesian,0.0,0.0,1.1942e-05,7.0977e-05,32,256
cube,2.000000,cartesian,0.0,0.0,1.038e-05,6.7075e-05,32,256
cube,2.000000,cartesian,0.0,0.0,1.2245e-05,5.8881e-05,32,256
cube,2.000000,cartesian,0.0,0.0,1.1822e-05,6.044e-05,32,256
cube,2.000000,cartesian,0.0,0.0,9.342e-06,5.1258e-05,32,256
cube,2.000000,cartesian,0.0,0.0,1.4575e-05,8.9952e-05,32,256
cube,2.000000,cartesian,0.0,0.0,1.2823e-05,8.2458e-05,32,256
cube,2.000000,cartesian,0.0,0.0,6.665e-06,3.4936e-05,32,256
cube,2.000000,cartesian,0.0,0.0,1.2427e-05,5.7825e-05,32,256
cube,2.000000,cartesian,0.0,0.0,7.576e-06,3.9967e-05,32,256
cube,2.000000,cartesian,0.0,0.0,1.4545e-05,7.5138e-05,32,256
cube,2.000000,cartesian,0.0,0.0,1.5073e-05,6.8861e-05,32,256
cube,2.000000,cartesian,0.0,0.0,2.4538e-05,0.00010724,32,256
cube,2.000000,cartesian,0.0,0.0,1.097e-05,5.8249e-05,32,256
cube,2.000000,cartesian,0.0,0.0,1.2774e-05,4.0287e-05,32,256
cube,2.000000,cartesian,0.0,0.0,4.465e-06,3.0288e-05,32,256
cube,2.000000,cartesian,0.0,0.0,1.1702e-05,7.7031e-05,32,256
cube,2.000000,cartesian,0.0,0.0,9.471e-06,5.7655e-05,32,256
cube,2.000000,cartesian,0.0,0.0,5.449e-06,3.2759e-05,32,256
cube,2.000000,cartesian,0.0,0.0,1.06e-05,5.5914e-05,32,256
cube,2.000000,cartesian,0.0,0.0,1.2082e-05,7.672e-05,32,256
cube,2.000000,cartesian,0.0,0.0,1.0655e-05,7.4583e-05,32,256
cube,2.000000,cartesian,0.0,0.0,1.1668e-05,6.5559e-05,32,256
cube,2.000000,cartesian,0.0,0.0,8.58e-06,5.7416e-05,32,256
cube,2.000000,cartesian,0.0,0.0,1.2587e-05,6.8478e-05,32,256
cube,2.000000,cartesian,0.0,0.0,9.456e-06,5.2328e-05,32,256
cube,2.000000,cartesian,0.0,0.0,1.0351e-05,6.2997e-05,32,256
cube,2.000000,cartesian,0.0,0.0,1.155e-05,7.2966e-05,32,256
cube,2.000000,cartesian,0.0,0.0,5.91e-06,4.8594e-05,32,256
cube,2.000000,cartesian,0.0,0.0,1.0611e-05,5.8041e-05,32,256
cube,2.000000,cartesian,0.0,0.0,4.925e-06,2.9343e-05,32,256
cube,2.000000,cartesian,0.0,0.0,8.631e-06,5.1373e-05,32,256
cube,2.000000,cartesian,0.0,0.0,1.0446e-05,5.5954e-05,32,256
cube,2.000000,cartesian,0.0,0.0,1.243e-05,7.2879e-05,32,256
cube,2.000000,cartesian,0.0,0.0,1.0023e-05,6.651e-05,32,256
cube,2.000000,cartesian,0.0,0.0,9.534e-06,5.2351e-05,32,256
cube,2.000000,cartesian,0.0,0.0,8.865e-06,6.2322e-05,32,256
cube,2.000000,cartesian,0.0,0.0,1.2751e-05,6.3663e-05,32,256
cube,2.000000,cartesian,0.0,0.0,7.218e-06,3.6454e-05,32,256
cube,2.000000,cartesian,0.0,0.0,1.4121e-05,7.3235e-05,32,256
cube,2.000000,cartesian,0.0,0.0,9.717e-06,7.0591e-05,32,256
cube,2.000000,cartesian,0.0,0.0,8.278e-06,4.8163e-05,32,256
cube,2.000000,cartesian,0.0,0.0,3.906e-06,2.5051e-05,32,256
cube,2.000000,cartesian,0.0,0.0,8.924e-06,4.4899e-05,32,256
cube,2.000000,cartesian,0.0,0.0,1.4972e-05,9.2278e-05,32,256
cube,2.000000,cartesian,0.0,0.0,5.597e-06,4.088e-05,32,256
cube,2.000000,cartesian,0.0,0.0,1.2897e-05,6.5963e-05,32,256
cube,2.000000,cartesian,0.0,0.0,1.0677e-05,6.1787e-05,32,256
cube,2.000000,cartesian,0.0,0.0,1.2923e-05,6.5985e-05,32,256
cube,2.000000,cartesian,0.0,0.0,8.084e-06,0.000117079,32,256
cube,2.000000,cartesian,0.0,0.0,1.6159e-05,8.4077e-05,32,256
cube,2.000000,cartesian,0.0,0.0,8.363e-06,6.804e-05,32,256
cube,2.000000,cartesian,0.0,0.0,1.1222e-05,6.3525e-05,32,256
cube,2.000000,cartesian,0.0,0.0,9.172e-06,6.2296e-05,32,256
cube,2.000000,cartesian,0.0,0.0,1.791e-06,1.5988e-05,32,256
cube,2.000000,cartesian,0.0,0.0,1.1308e-05,7.3574e-05,32,256
cube,2.000000,cartesian,0.0,0.0,1.0997e-05,7.1303e-05,32,256
cube,2.000000,cartesian,0.0,0.0,6.558e-06,4.5711e-05,32,256
cube,2.000000,cartesian,0.0,0.0,1.1402e-05,7.5448e-05,32,256
cube,2.000000,cartesian,0.0,0.0,1.1481e-05,6.2718e-05,32,256
cube,2.000000,cartesian,0.0,0.0,1.6861e-05,0.000109381,32,256
cube,2.000000,cartesian,0.0,0.0,1.3389e-05,8.9758e-05,32,256
cube,2.000000,cartesian,0.0,0.0,7.312e-06,4.749e-05,32,256
cube,2.000000,cartesian,0.0,0.0,1.1361e-05,6.4231e-05,32,256
cube,2.000000,cartesian,0.0,0.0,1.2742e-05,7.0879e-05,32,256
cube,2.000000,cartesian,0.0,0.0,8.818e-06,6.3576e-05,32,256
cube,2.000000,cartesian,0.0,0.0,6.98e-06,4.7503e-05,32,256
cube,2.000000,cartesian,0.0,0.0,1.1664e-05,6.1779e-05,32,256
cube,2.000000,cartesian,0.0,0.0,8.08e-06,4.502e-05,32,256
cube,2.000000,cartesian,0.0,0.0,1.3043e-05,5.9899e-05,32,256
cube,2.000000,cartesian,0.0,0.0,1.2722e-05,7.5497e-05,32,256
cube,2.000000,cartesian,0.0,0.0,1.3631e-05,6.4836e-05,32,256
cube,2.000000,cartesian,0.0,0.0,1.4563e-05,9.9157e-05,32,256
cube,2.000000,cartesian,0.0,0.0,1.6263e-05,8.6762e-05,32,256
cube,2.000000,cartesian,0.0,0.0,8.09e-06,6.2496e-05,32,256
cube,2.000000,cartesian,0.0,0.0,1.4135e-05,7.4014e-05,32,256
cube,2.000000,cartesian,0.0,0.0,3.123e-06,3.8676e-05,32,256
cube,2.000000,cartesian,0.0,0.0,1.5021e-05,8.1405e-05,32,256
cube,2.000000,cartesian,0.0,0.0,9.813e-06,6.6109e-05,32,256
cube,2.000000,cartesian,0.0,0.0,1.3185e-05,6.1999e-05,32,256
cube,2.000000,cartesian,0.0,0.0,1.1658e-05,5.1825e-05,32,256
cube,2.000000,cartesian,0.0,0.0,9.005e-06,6.1269e-05,32,256
cube,2.000000,cartesian,0.0,0.0,8.669e-06,4.3009e-05,32,256
cube,2.000000,cartesian,0.0,0.0,1.1162e-05,5.2422e-05,32,256
cube,2.000000,cartesian,0.0,0.0,1.1817e-05,5.257e-05,32,256
cube,2.000000,cartesian,0.0,0.0,7.524e-06,5.0043e-05,32,256
cube,2.000000,cartesian,0.0,0.0,9.069e-06,4.55e-05,32,256
cube,2.000000,cartesian,0.0,0.0,1.1307e-05,5.7984e-05,32,256
cube,2.000000,cartesian,0.0,0.0,2.941e-06,1.724e-05,32,256
cube,2.000000,cartesian,0.0,0.0,1.2661e-05,9.5885e-05,32,256
cube,2.000000,cartesian,0.0,0.0,1.1384e-05,6.4507e-05,32,256
cube,2.000000,cartesian,0.0,0.0,9.141e-06,4.8653e-05,32,256
cube,2.000000,cartesian,0.0,0.0,1.0164e-05,5.2202e-05,32,256
cube,2.000000,cartesian,0.0,0.0,1.0934e-05,5.0867e-05,32,256
cube,2.000000,cartesian,0.0,0.0,1.7539e-05,9.4616e-05,32,256
cube,2.000000,cartesian,0.0,0.0,9.143e-06,6.0512e-05,32,256
cube,2.000000,cartesian,0.0,0.0,1.0317e-05,4.6226e-05,32,256
cube,2.000000,cartesian,0.0,0.0,8.975e-06,5.5455e-05,32,256
cube,2.000000,cartesian,0.0,0.0,1.0234e-05,9.3658e-05,32,256
cube,2.000000,cartesian,0.0,0.0,6.706e-06,3.0233e-05,32,256
cube,2.000000,cartesian,0.0,0.0,1.7822e-05,8.3013e-05,32,256
cube,2.000000,cartesian,0.0,0.0,1.0727e-05,5.5499e-05,32,256
cube,2.000000,cartesian,0.0,0.0,9.214e-06,4.4101e-05,32,256
cube,2.000000,cartesian,0.0,0.0,1.4823e-05,5.5537e-05,32,256
cube,2.000000,cartesian,0.0,0.0,1.0888e-05,7.5082e-05,32,256
cube,2.000000,cartesian,0.0,0.0,1.106e-05,0.000105382,32,256
cube,2.000000,cartesian,0.0,0.0,1.264e-05,9.2512e-05,32,256
cube,2.000000,cartesian,0.0,0.0,1.0409e-05,6.1561e-05,32,256
cube,2.000000,cartesian,0.0,0.0,1.3639e-05,6.3448e-05,32,256
cube,2.000000,cartesian,0.0,0.0,1.3641e-05,5.7961e-05,32,256
cube,2.000000,cartesian,0.0,0.0,9.506e-06,5.3856e-05,32,256
cube,2.000000,cartesian,0.0,0.0,6.104e-06,3.6471e-05,32,256
cube,2.000000,cartesian,0.0,0.0,1.3544e-05,6.6218e-05,32,256
cube,2.000000,cartesian,0.0,0.0,1.0768e-05,7.7415e-05,32,256
cube,2.000000,cartesian,0.0,0.0,7.92e-06,4.1692e-05,32,256
cube,2.000000,cartesian,0.0,0.0,1.3068e-05,0.000114667,32,256
cube,2.000000,cartesian,0.0,0.0,9.899e-06,5.8705e-05,32,256
cube,2.000000,cartesian,0.0,0.0,2.4285e-05,5.2762e-05,32,256
cube,2.000000,cartesian,0.0,0.0,1.295e-05,7.9086e-05,32,256
cube,2.000000,cartesian,0.0,0.0,1.8211e-05,0.000100963,32,256
cube,2.000000,cartesian,0.0,0.0,1.064e-05,4.6604e-05,32,256
cube,2.000000,cartesian,0.0,0.0,8.317e-06,5.9079e-05,32,256
cube,2.000000,cartesian,0.0,0.0,7.005e-06,3.7423e-05,32,256
cube,2.000000,cartesian,0.0,0.0,4.6918e-05,6.3486e-05,32,256
cube,2.000000,cartesian,0.0,0.0,1.1271e-05,5.2081e-05,32,256
cube,2.000000,cartesian,0.0,0.0,1.9032e-05,7.524e-05,32,256
cube,2.000000,cartesian,0.0,0.0,9.15e-06,5.9207e-05,32,256
cube,2.000000,cartesian,0.0,0.0,1.2102e-05,7.5008e-05,32,256
cube,2.000000,cartesian,0.0,0.0,1.1954e-05,5.2016e-05,32,256
cube,2.000000,cartesian,0.0,0.0,1.4813e-05,5.9814e-05,32,256
cube,2.000000,cartesian,0.0,0.0,1.4463e-05,7.203e-05,32,256
cube,2.000000,cartesian,0.0,0.0,4.853e-06,2.6381e-05,32,256
cube,2.000000,cartesian,0.0,0.0,1.4596e-05,0.000150499,32,256
cube,2.000000,cartesian,0.0,0.0,6.119e-06,5.5147e-05,32,256
cube,2.000000,cartesian,0.0,0.0,8.891e-06,4.9933e-05,32,256
cube,2.000000,cartesian,0.0,0.0,1.2935e-05,5.0412e-05,32,256
cube,2.000000,cartesian,0.0,0.0,1.0364e-05,6.3807e-05,32,256
cube,2.000000,cartesian,0.0,0.0,8.706e-06,4.5526e-05,32,256
cube,2.000000,cartesian,0.0,0.0,1.633e-06,1.2764e-05,32,256
cube,2.000000,cartesian,0.0,0.0,1.1307e-05,6.3062e-05,32,256
cube,2.000000,cartesian,0.0,0.0,1.0367e-05,6.5749e-05,32,256
cube,2.000000,cartesian,0.0,0.0,1.437e-05,5.4856e-05,32,256
cube,2.000000,cartesian,0.0,0.0,1.5509e-05,7.1372e-05,32,256
cube,2.000000,cartesian,0.0,0.0,9.877e-06,6.5044e-05,32,256
cube,2.000000,cartesian,0.0,0.0,1.1028e-05,6.366e-05,32,256
cube,2.000000,cartesian,0.0,0.0,1.125e-05,6.5698e-05,32,256
cube,2.000000,cartesian,0.0,0.0,1.3216e-05,7.7006e-05,32,256
cube,2.000000,cartesian,0.0,0.0,8.928e-06,4.496e-05,32,256
cube,2.000000,cartesian,0.0,0.0,1.7103e-05,0.000104266,32,256
cube,2.000000,cartesian,0.0,0.0,8.342e-06,6.3166e-05,32,256
cube,2.000000,cartesian,0.0,0.0,8.748e-06,4.7394e-05,32,256
cube,2.000000,cartesian,0.0,0.0,9.235e-06,5.9527e-05,32,256
cube,2.000000,cartesian,0.0,0.0,9.884e-06,4.512e-05,32,256
cube,2.000000,cartesian,0.0,0.0,8.854e-06,7.9744e-05,32,256
cube,2.000000,cartesian,0.0,0.0,1.0414e-05,5.9004e-05,32,256
cube,2.000000,cartesian,0.0,0.0,1.0661e-05,5.9205e-05,32,256
cube,2.000000,cartesian,0.0,0.0,1.2546e-05,6.0844e-05,32,256
cube,2.000000,cartesian,0.0,0.0,1.164e-05,7.0732e-05,32,256
cube,2.000000,cartesian,0.0,0.0,5.744e-06,4.1406e-05,32,256
cube,2.000000,cartesian,0.0,0.0,6.416e-06,3.8463e-05,32,256
cube,2.000000,cartesian,0.0,0.0,1.3826e-05,5.7922e-05,32,256
cube,2.000000,cartesian,0.0,0.0,9.409e-06,6.772e-05,32,256
cube,2.000000,cartesian,0.0,0.0,4.962e-06,3.4965e-05,32,256
cube,2.000000,cartesian,0.0,0.0,1.1705e-05,6.7073e-05,32,256
cube,2.000000,cartesian,0.0,0.0,1.0041e-05,5.2836e-05,32,256
cube,2.000000,cartesian,0.0,0.0,6.766e-06,4.0227e-05,32,256
cube,2.000000,cartesian,0.0,0.0,9.129e-06,3.9305e-05,32,256
cube,2.000000,cartesian,0.0,0.0,1.005e-05,7.9754e-05,32,256
cube,2.000000,cartesian,0.0,0.0,1.3434e-05,6.6925e-05,32,256
cube,2.000000,cartesian,0.0,0.0,1.2127e-05,5.9448e-05,32,256
cube,2.000000,cartesian,0.0,0.0,1.5391e-05,6.6287e-05,32,256
cube,2.000000,cartesian,0.0,0.0,1.1664e-05,6.2694e-05,32,256
cube,2.000000,cartesian,0.0,0.0,1.5588e-05,6.2819e-05,32,256
cube,2.000000,cartesian,0.0,0.0,1.9141e-05,7.227e-05,32,256
cube,2.000000,cartesian,0.0,0.0,5.927e-06,4.6353e-05,32,256
cube,2.000000,cartesian,0.0,0.0,1.0419e-05,0.000118411,32,256
cube,2.000000,cartesian,0.0,0.0,5.803e-06,3.7834e-05,32,256
cube,2.000000,cartesian,0.0,0.0,1.1961e-05,6.5738e-05,32,256
cube,2.000000,cartesian,0.0,0.0,1.0923e-05,8.9938e-05,32,256
cube,2.000000,cartesian,0.0,0.0,1.1846e-05,5.3527e-05,32,256
cube,2.000000,cartesian,0.0,0.0,1.4053e-05,6.2292e-05,32,256
cube,2.000000,cartesian,0.0,0.0,1.3957e-05,0.000141758,32,256
cube,2.000000,cartesian,0.0,0.0,5.948e-06,5.466e-05,32,256
cube,2.000000,cartesian,0.0,0.0,1.3472e-05,7.7316e-05,32,256
cube,2.000000,cartesian,0.0,0.0,1.5054e-05,6.6884e-05,32,256
cube,2.000000,cartesian,0.0,0.0,1.1203e-05,6.5976e-05,32,256
cube,2.000000,cartesian,0.0,0.0,1.2104e-05,5.4887e-05,32,256
cube,2.000000,cartesian,0.0,0.0,1.5005e-05,5.7382e-05,32,256
cube,2.000000,cartesian,0.0,0.0,1.5705e-05,0.000118938,32,256
cube,2.000000,cartesian,0.0,0.0,1.3753e-05,8.0478e-05,32,256
cube,2.000000,cartesian,0.0,0.0,1.5944e-05,7.5037e-05,32,256
cube,2.000000,cartesian,0.0,0.0,1.1733e-05,6.0759e-05,32,256
cube,2.000000,cartesian,0.0,0.0,1.6084e-05,7.8248e-05,32,256
cube,2.000000,cartesian,0.0,0.0,1.5378e-05,9.2525e-05,32,256
cube,2.000000,cartesian,0.0,0.0,1.4619e-05,9.3604e-05,32,256
cube,2.000000,cartesian,0.0,0.0,9.941e-06,6.2431e-05,32,256
cube,2.000000,cartesian,0.0,0.0,1.6685e-05,0.000128035,32,256
cube,2.000000,cartesian,0.0,0.0,1.0236e-05,5.9974e-05,32,256
cube,2.000000,cartesian,0.0,0.0,1.7256e-05,0.00014908,32,256
cube,2.000000,cartesian,0.0,0.0,1.3836e-05,7.3324e-05,32,256
cube,2.000000,cartesian,0.0,0.0,6.133e-06,3.8098e-05,32,256
cube,2.000000,cartesian,0.0,0.0,1.5249e-05,7.514e-05,32,256
cube,2.000000,cartesian,0.0,0.0,2.976e-06,2.4907e-05,32,256
cube,2.000000,cartesian,0.0,0.0,1.0786e-05,5.1239e-05,32,256
cube,2.000000,cartesian,0.0,0.0,8.531e-06,6.9511e-05,32,256
cube,2.000000,cartesian,0.0,0.0,1.0269e-05,7.7593e-05,32,256
cube,2.000000,cartesian,0.0,0.0,1.4389e-05,8.2458e-05,32,256
cube,2.000000,cartesian,0.0,0.0,1.1654e-05,7.4113e-05,32,256
cube,2.000000,cartesian,0.0,0.0,1.114e-05,7.2605e-05,32,256
cube,2.000000,cartesian,0.0,0.0,1.1801e-05,7.6626e-05,32,256
cube,2.000000,cartesian,0.0,0.0,7.57e-06,5.6342e-05,32,256
cube,2.000000,cartesian,0.0,0.0,1.5511e-05,8.3837e-05,32,256
cube,2.000000,cartesian,0.0,0.0,7.707e-06,7.6994e-05,32,256
cube,2.000000,cartesian,0.0,0.0,1.7696e-05,0.000127071,32,256
cube,2.000000,cartesian,0.0,0.0,1.5426e-05,6.96e-05,32,256
cube,2.000000,cartesian,0.0,0.0,1.2856e-05,6.4953e-05,32,256
cube,2.000000,cartesian,0.0,0.0,1.2247e-05,6.8187e-05,32,256
cube,2.000000,cartesian,0.0,0.0,1.7194e-05,7.9059e-05,32,256
cube,2.000000,cartesian,0.0,0.0,1.1831e-05,6.7742e-05,32,256
cube,2.000000,cartesian,0.0,0.0,8.971e-06,5.3258e-05,32,256
cube,2.000000,cartesian,0.0,0.0,1.0412e-05,5.1593e-05,32,256
cube,2.000000,cartesian,0.0,0.0,9.44e-06,5.528e-05,32,256
cube,2.000000,cartesian,0.0,0.0,1.6295e-05,7.5977e-05,32,256
cube,2.000000,cartesian,0.0,0.0,1.2884e-05,0.00013867,32,256
cube,2.000000,cartesian,0.0,0.0,3.2069e-05,0.000108474,32,256
cube,2.000000,cartesian,0.0,0.0,1.5551e-05,0.000115457,32,256
cube,2.000000,cartesian,0.0,0.0,9.079e-06,5.8519e-05,32,256
cube,2.000000,cartesian,0.0,0.0,1.1599e-05,5.335e-05,32,256
cube,2.000000,cartesian,0.0,0.0,1.0411e-05,5.8137e-05,32,256
cube,2.000000,cartesian,0.0,0.0,1.2222e-05,8.4836e-05,32,256
cube,2.000000,cartesian,0.0,0.0,1.0118e-05,4.4006e-05,32,256
cube,2.000000,cartesian,0.0,0.0,1.1556e-05,6.6118e-05,32,256
cube,2.000000,cartesian,0.0,0.0,1.1982e-05,6.3846e-05,32,256
cube,2.000000,cartesian,0.0,0.0,8.667e-06,5.5052e-05,32,256
cube,2.000000,cartesian,0.0,0.0,7.305e-06,5.2085e-05,32,256
cube,2.000000,cartesian,0.0,0.0,1.1428e-05,0.000122617,32,256
cube,2.000000,cartesian,0.0,0.0,1.1474e-05,6.0741e-05,32,256
cube,2.000000,cartesian,0.0,0.0,1.3897e-05,5.449e-05,32,256
cube,2.000000,cartesian,0.0,0.0,3.67e-06,3.149e-05,32,256
cube,2.000000,cartesian,0.0,0.0,3.1847e-05,7.1662e-05,32,256
cube,2.000000,cartesian,0.0,0.0,6.209e-06,3.9187e-05,32,256
cube,2.000000,cartesian,0.0,0.0,6.279e-06,4.2511e-05,32,256
cube,2.000000,cartesian,0.0,0.0,1.3185e-05,6.1499e-05,32,256
cube,2.000000,cartesian,0.0,0.0,6.02e-06,3.7449e-05,32,256
cube,2.000000,cartesian,0.0,0.0,1.2302e-05,5.6828e-05,32,256
cube,2.000000,cartesian,0.0,0.0,1.0251e-05,5.5266e-05,32,256
cube,2.000000,cartesian,0.0,0.0,1.3924e-05,6.1937e-05,32,256
cube,2.000000,cartesian,0.0,0.0,9.315e-06,6.8385e-05,32,256
cube,2.000000,cartesian,0.0,0.0,1.9869e-05,7.4387e-05,32,256
cube,2.000000,cartesian,0.0,0.0,6.222e-06,3.7779e-05,32,256
cube,2.000000,cartesian,0.0,0.0,8.986e-06,5.0114e-05,32,256
cube,2.000000,cartesian,0.0,0.0,1.1505e-05,5.5565e-05,32,256
cube,2.000000,cartesian,0.0,0.0,1.6894e-05,8.1622e-05,32,256
cube,2.000000,cartesian,0.0,0.0,1.0227e-05,4.9383e-05,32,256
cube,2.000000,cartesian,0.0,0.0,1.9237e-05,0.000112868,32,256
cube,2.000000,cartesian,0.0,0.0,7.415e-06,4.2652e-05,32,256
cube,2.000000,cartesian,0.0,0.0,1.1642e-05,5.9168e-05,32,256
cube,2.000000,cartesian,0.0,0.0,1.8002e-05,8.7326e-05,32,256
cube,2.000000,cartesian,0.0,0.0,1.6683e-05,7.0624e-05,32,256
cube,2.000000,cartesian,0.0,0.0,1.249e-05,7.7543e-05,32,256
cube,2.000000,cartesian,0.0,0.0,1.25e-05,0.000221041,32,256
cube,2.000000,cartesian,0.0,0.0,1.9914e-05,0.00010275,32,256
cube,2.000000,cartesian,0.0,0.0,1.3545e-05,6.6261e-05,32,256
cube,2.000000,cartesian,0.0,0.0,1.3444e-05,0.000145071,32,256
cube,2.000000,cartesian,0.0,0.0,7.829e-06,4.6906e-05,32,256
cube,2.000000,cartesian,0.0,0.0,7.992e-06,5.2593e-05,32,256
cube,2.000000,cartesian,0.0,0.0,7.243e-06,3.6811e-05,32,256
cube,2.000000,cartesian,0.0,0.0,1.1555e-05,6.012e-05,32,256
cube,2.000000,cartesian,0.0,0.0,1.2763e-05,5.6759e-05,32,256
cube,2.000000,cartesian,0.0,0.0,1.2551e-05,9.0071e-05,32,256
cube,2.000000,cartesian,0.0,0.0,1.5713e-05,9.242e-05,32,256
cube,2.000000,cartesian,0.0,0.0,1.2444e-05,7.1384e-05,32,256
cube,2.000000,cartesian,0.0,0.0,1.3064e-05,6.2638e-05,32,256
cube,2.000000,cartesian,0.0,0.0,1.7303e-05,0.000112882,32,256
cube,2.000000,cartesian,0.0,0.0,5.779e-06,4.0584e-05,32,256
cube,2.000000,cartesian,0.0,0.0,1.427e-05,6.1601e-05,32,256
cube,2.000000,cartesian,0.0,0.0,3.78e-07,4.315e-06,32,256
cube,2.000000,cartesian,0.0,0.0,1.111e-05,4.6397e-05,32,256
cube,2.000000,cartesian,0.0,0.0,2.454e-06,2.1227e-05,32,256
cube,2.000000,cartesian,0.0,0.0,1.0672e-05,9.4028e-05,32,256
cube,2.000000,cartesian,0.0,0.0,6.131e-06,4.1549e-05,32,256
cube,2.000000,cartesian,0.0,0.0,1.7857e-05,0.000112734,32,256
cube,2.000000,cartesian,0.0,0.0,1.8798e-05,9.4843e-05,32,256
cube,2.000000,cartesian,0.0,0.0,1.429e-05,9.7543e-05,32,256
cube,2.000000,cartesian,0.0,0.0,6.331e-06,3.3419e-05,32,256
cube,2.000000,cartesian,0.0,0.0,1.4452e-05,0.000128388,32,256
cube,2.000000,cartesian,0.0,0.0,2.0129e-05,0.000102856,32,256
cube,2.000000,cartesian,0.0,0.0,1.4407e-05,0.00019208,32,256
cube,2.000000,cartesian,0.0,0.0,1.4394e-05,0.00010161,32,256
cube,2.000000,cartesian,0.0,0.0,1.0734e-05,4.9054e-05,32,256
cube,2.000000,cartesian,0.0,0.0,1.4943e-05,5.0038e-05,32,256
cube,2.000000,cartesian,0.0,0.0,1.092e-05,5.7941e-05,32,256
cube,2.000000,cartesian,0.0,0.0,3.6812e-05,5.6491e-05,32,256
cube,2.000000,cartesian,0.0,0.0,8.434e-06,5.1498e-05,32,256
cube,2.000000,cartesian,0.0,0.0,9.887e-06,6.2207e-05,32,256
cube,2.000000,cartesian,0.0,0.0,8.459e-06,7.0834e-05,32,256
cube,2.000000,cartesian,0.0,0.0,6.328e-06,7.7694e-05,32,256
cube,2.000000,cartesian,0.0,0.0,1.0951e-05,5.6995e-05,32,256
cube,2.000000,cartesian,0.0,0.0,6.601e-06,4.2506e-05,32,256
cube,2.000000,cartesian,0.0,0.0,1.4075e-05,6.9068e-05,32,256
cube,2.000000,cartesian,0.0,0.0,9.558e-06,5.0676e-05,32,256
cube,2.000000,cartesian,0.0,0.0,1.3221e-05,6.9459e-05,32,256
cube,2.000000,cartesian,0.0,0.0,7.957e-06,4.9579e-05,32,256
cube,2.000000,cartesian,0.0,0.0,1.1953e-05,7.0099e-05,32,256
cube,2.000000,cartesian,0.0,0.0,1.3894e-05,7.0868e-05,32,256
cube,2.000000,cartesian,0.0,0.0,1.0004e-05,5.873e-05,32,256
cube,2.000000,cartesian,0.0,0.0,1.3605e-05,8.7977e-05,32,256
cube,2.000000,cartesian,0.0,0.0,1.3004e-05,6.9228e-05,32,256
cube,2.000000,cartesian,0.0,0.0,1.391e-05,7.5196e-05,32,256
cube,2.000000,cartesian,0.0,0.0,6.671e-06,3.9781e-05,32,256
cube,2.000000,cartesian,0.0,0.0,1.2737e-05,0.000116512,32,256
cube,2.000000,cartesian,0.0,0.0,1.2144e-05,5.579e-05,32,256
cube,2.000000,cartesian,0.0,0.0,4.0535e-05,5.4964e-05,32,256
cube,2.000000,cartesian,0.0,0.0,7.835e-06,5.4062e-05,32,256
cube,2.000000,cartesian,0.0,0.0,9.159e-06,5.7555e-05,32,256
cube,2.000000,cartesian,0.0,0.0,8.548e-06,6.2152e-05,32,256
cube,2.000000,cartesian,0.0,0.0,1.0561e-05,6.6456e-05,32,256
cube,2.000000,cartesian,0.0,0.0,9.576e-06,6.5407e-05,32,256
cube,2.000000,cartesian,0.0,0.0,1.5567e-05,8.2464e-05,32,256
cube,2.000000,cartesian,0.0,0.0,7.0199e-05,0.000124082,32,256
cube,2.000000,cartesian,0.0,0.0,9.62e-06,5.917e-05,32,256
cube,2.000000,cartesian,0.0,0.0,9.311e-06,4.9043e-05,32,256
cube,2.000000,cartesian,0.0,0.0,7.744e-06,5.4256e-05,32,256
cube,2.000000,cartesian,0.0,0.0,1.4109e-05,0.000116493,32,256
cube,2.000000,cartesian,0.0,0.0,1.3023e-05,6.5824e-05,32,256
cube,2.000000,cartesian,0.0,0.0,1.0906e-05,6.1294e-05,32,256
cube,2.000000,cartesian,0.0,0.0,1.1592e-05,5.6162e-05,32,256
cube,2.000000,cartesian,0.0,0.0,1.3316e-05,8.7944e-05,32,256
cube,2.000000,cartesian,0.0,0.0,1.275e-05,8.146e-05,32,256
cube,2.000000,cartesian,0.0,0.0,9.028e-06,5.5001e-05,32,256
cube,2.000000,cartesian,0.0,0.0,1.2448e-05,0.000107099,32,256
cube,2.000000,cartesian,0.0,0.0,8.712e-06,6.8455e-05,32,256
cube,2.000000,cartesian,0.0,0.0,1.266e-05,6.6765e-05,32,256
cube,2.000000,cartesian,0.0,0.0,1.1157e-05,6.6942e-05,32,256
cube,2.000000,cartesian,0.0,0.0,1.2857e-05,6.8384e-05,32,256
cube,2.000000,cartesian,0.0,0.0,1.0192e-05,5.243e-05,32,256
cube,2.000000,cartesian,0.0,0.0,8.329e-06,5.6889e-05,32,256
cube,2.000000,cartesian,0.0,0.0,1.0077e-05,5.8031e-05,32,256
cube,2.000000,cartesian,0.0,0.0,1.1863e-05,7.7005e-05,32,256
cube,2.000000,cartesian,0.0,0.0,6.046e-06,5.4597e-05,32,256
cube,2.000000,cartesian,0.0,0.0,1.3094e-05,6.8232e-05,32,256
cube,2.000000,cartesian,0.0,0.0,7.304e-06,2.4251e-05,32,256
cube,2.000000,cartesian,0.0,0.0,1.6361e-05,0.000105329,32,256
cube,2.000000,cartesian,0.0,0.0,1.4611e-05,5.9018e-05,32,256
cube,2.000000,cartesian,0.0,0.0,2.899e-06,1.4928e-05,32,256
cube,2.000000,cartesian,0.0,0.0,1.4542e-05,0.00011196,32,256
cube,2.000000,cartesian,0.0,0.0,1.4182e-05,6.2914e-05,32,256
cube,2.000000,cartesian,0.0,0.0,1.2742e-05,5.9495e-05,32,256
cube,2.000000,cartesian,0.0,0.0,3.532e-06,2.4274e-05,32,256
cube,2.000000,cartesian,0.0,0.0,1.0918e-05,6.4542e-05,32,256
cube,2.000000,cartesian,0.0,0.0,1.279e-05,8.8382e-05,32,256
cube,2.000000,cartesian,0.0,0.0,9.006e-06,8.1423e-05,32,256
cube,2.000000,cartesian,0.0,0.0,9.934e-06,6.4662e-05,32,256
cube,2.000000,cartesian,0.0,0.0,1.2658e-05,7.5165e-05,32,256
cube,2.000000,cartesian,0.0,0.0,8.407e-06,6.1572e-05,32,256
cube,2.000000,cartesian,0.0,0.0,1.1097e-05,7.8777e-05,32,256
cube,2.000000,cartesian,0.0,0.0,6.442e-06,4.938e-05,32,256
cube,2.000000,cartesian,0.0,0.0,1.2384e-05,6.0672e-05,32,256
cube,2.000000,cartesian,0.0,0.0,8.468e-06,5.3856e-05,32,256
cube,2.000000,cartesian,0.0,0.0,6.061e-06,3.5531e-05,32,256
cube,2.000000,cartesian,0.0,0.0,1.251e-05,0.000103018,32,256
cube,2.000000,cartesian,0.0,0.0,1.4105e-05,8.4685e-05,32,256
cube,2.000000,cartesian,0.0,0.0,4.66e-06,3.0377e-05,32,256
cube,2.000000,cartesian,0.0,0.0,1.4734e-05,9.6515e-05,32,256
cube,2.000000,cartesian,0.0,0.0,1.0726e-05,6.4198e-05,32,256
cube,2.000000,cartesian,0.0,0.0,1.1605e-05,6.0741e-05,32,256
cube,2.000000,cartesian,0.0,0.0,1.0404e-05,5.5652e-05,32,256
cube,2.000000,cartesian,0.0,0.0,3.88e-06,3.0901e-05,32,256
cube,2.000000,cartesian,0.0,0.0,1.7565e-05,7.077e-05,32,256
cube,2.000000,cartesian,0.0,0.0,1.0533e-05,5.047e-05,32,256
cube,2.000000,cartesian,0.0,0.0,2.401e-06,1.3887e-05,32,256
cube,2.000000,cartesian,0.0,0.0,1.4151e-05,9.6092e-05,32,256
cube,2.000000,cartesian,0.0,0.0,1.0432e-05,4.9685e-05,32,256
cube,2.000000,cartesian,0.0,0.0,3.709e-06,2.9944e-05,32,256
cube,2.000000,cartesian,0.0,0.0,1.1696e-05,6.9464e-05,32,256
cube,2.000000,cartesian,0.0,0.0,1.1966e-05,6.1661e-05,32,256
cube,2.000000,cartesian,0.0,0.0,1.726e-06,1.2762e-05,32,256
cube,2.000000,cartesian,0.0,0.0,5.48e-06,3.2222e-05,32,256
cube,2.000000,cartesian,0.0,0.0,9.92e-06,6.6954e-05,32,256
cube,2.000000,cartesian,0.0,0.0,1.0904e-05,4.9049e-05,32,256
cube,2.000000,cartesian,0.0,0.0,1.4933e-05,8.6079e-05,32,256
cube,2.000000,cartesian,0.0,0.0,1.4977e-05,6.4094e-05,32,256
cube,2.000000,cartesian,0.0,0.0,9.367e-06,6.0449e-05,32,256
cube,2.000000,cartesian,0.0,0.0,1.1644e-05,6.4525e-05,32,256
cube,2.000000,cartesian,0.0,0.0,7.041e-06,4.1819e-05,32,256
cube,2.000000,cartesian,0.0,0.0,1.0841e-05,5.8059e-05,32,256
cube,2.000000,cartesian,0.0,0.0,9.825e-06,4.7184e-05,32,256
cube,2.000000,cartesian,0.0,0.0,2.889e-06,2.4976e-05,32,256
cube,2.000000,cartesian,0.0,0.0,1.1474e-05,6.8134e-05,32,256
cube,2.000000,cartesian,0.0,0.0,7.886e-06,4.6801e-05,32,256
cube,2.000000,cartesian,0.0,0.0,1.0079e-05,4.6019e-05,32,256
cube,2.000000,cartesian,0.0,0.0,1.5563e-05,6.5902e-05,32,256
cube,2.000000,cartesian,0.0,0.0,1.0349e-05,5.1821e-05,32,256
cube,2.000000,cartesian,0.0,0.0,1.174e-05,0.000119947,32,256
cube,2.000000,cartesian,0.0,0.0,1.2789e-05,7.2392e-05,32,256
cube,2.000000,cartesian,0.0,0.0,1.2154e-05,5.6648e-05,32,256
cube,2.000000,cartesian,0.0,0.0,1.2845e-05,5.5796e-05,32,256
cube,2.000000,cartesian,0.0,0.0,1.1697e-05,6.9931e-05,32,256
cube,2.000000,cartesian,0.0,0.0,1.0185e-05,6.2622e-05,32,256
cube,2.000000,cartesian,0.0,0.0,9.585e-06,4.7261e-05,32,256
cube,2.000000,cartesian,0.0,0.0,1.0738e-05,5.6714e-05,32,256
cube,2.000000,cartesian,0.0,0.0,1.2494e-05,6.932e-05,32,256
cube,2.000000,cartesian,0.0,0.0,9.957e-06,6.3196e-05,32,256
cube,2.000000,cartesian,0.0,0.0,1.2797e-05,8.96e-05,32,256
cube,2.000000,cartesian,0.0,0.0,1.0583e-05,5.9702e-05,32,256
cube,2.000000,cartesian,0.0,0.0,1.143e-05,5.4627e-05,32,256
cube,2.000000,cartesian,0.0,0.0,1.5878e-05,0.000128629,32,256
cube,2.000000,cartesian,0.0,0.0,1.2309e-05,6.304e-05,32,256
cube,2.000000,cartesian,0.0,0.0,1.0707e-05,5.9444e-05,32,256
cube,2.000000,cartesian,0.0,0.0,3.724e-06,3.5523e-05,32,256
cube,2.000000,cartesian,0.0,0.0,1.6012e-05,7.0402e-05,32,256
cube,2.000000,cartesian,0.0,0.0,1.0474e-05,5.8252e-05,32,256
cube,2.000000,cartesian,0.0,0.0,1.02e-06,1.0304e-05,32,256
cube,2.000000,cartesian,0.0,0.0,6.113e-06,3.7879e-05,32,256
cube,2.000000,cartesian,0.0,0.0,1.389e-06,1.15e-05,32,256
cube,2.000000,cartesian,0.0,0.0,1.0474e-05,4.9166e-05,32,256
cube,2.000000,cartesian,0.0,0.0,1.0627e-05,9.3246e-05,32,256
cube,2.000000,cartesian,0.0,0.0,9.136e-06,3.9254e-05,32,256
cube,2.000000,cartesian,0.0,0.0,9.835e-06,6.7706e-05,32,256
cube,2.000000,cartesian,0.0,0.0,1.6676e-05,7.9852e-05,32,256
cube,2.000000,cartesian,0.0,0.0,1.0546e-05,7.6366e-05,32,256
cube,2.000000,cartesian,0.0,0.0,7.991e-06,4.8388e-05,32,256
cube,2.000000,cartesian,0.0,0.0,1.2374e-05,6.1282e-05,32,256
cube,2.000000,cartesian,0.0,0.0,1.1828e-05,5.5682e-05,32,256
cube,2.000000,cartesian,0.0,0.0,1.3825e-05,6.6768e-05,32,256
cube,2.000000,cartesian,0.0,0.0,9.186e-06,5.4208e-05,32,256
cube,2.000000,cartesian,0.0,0.0,9.685e-06,4.3843e-05,32,256
cube,2.000000,cartesian,0.0,0.0,8.775e-06,4.8322e-05,32,256
cube,2.000000,cartesian,0.0,0.0,5.486e-06,3.8843e-05,32,256
cube,2.000000,cartesian,0.0,0.0,9.426e-06,4.7675e-05,32,256
cube,2.000000,cartesian,0.0,0.0,1.1588e-05,7.0971e-05,32,256
cube,2.000000,cartesian,0.0,0.0,4.93e-06,2.4409e-05,32,256
cube,2.000000,cartesian,0.0,0.0,9.924e-06,6.6674e-05,32,256
cube,2.000000,cartesian,0.0,0.0,1.0155e-05,5.9766e-05,32,256
cube,2.000000,cartesian,0.0,0.0,1.1836e-05,5.7086e-05,32,256
cube,2.000000,cartesian,0.0,0.0,1.8195e-05,8.2277e-05,32,256
cube,2.000000,cartesian,0.0,0.0,1.8221e-05,5.6717e-05,32,256
cube,2.000000,cartesian,0.0,0.0,7.677e-06,4.8565e-05,32,256
cube,2.000000,cartesian,0.0,0.0,9.402e-06,5.301e-05,32,256
cube,2.000000,cartesian,0.0,0.0,9.501e-06,5.3431e-05,32,256
cube,2.000000,cartesian,0.0,0.0,8.794e-06,6.6415e-05,32,256
cube,2.000000,cartesian,0.0,0.0,1.1146e-05,8.4243e-05,32,256
cube,2.000000,cartesian,0.0,0.0,1.2062e-05,6.1527e-05,32,256
cube,2.000000,cartesian,0.0,0.0,1.7603e-05,0.000107669,32,256
cube,2.000000,cartesian,0.0,0.0,1.2278e-05,6.7801e-05,32,256
cube,2.000000,cartesian,0.0,0.0,1.0375e-05,6.5541e-05,32,256
cube,2.000000,cartesian,0.0,0.0,1.1921e-05,7.3668e-05,32,256
cube,2.000000,cartesian,0.0,0.0,9.307e-06,7.7799e-05,32,256
cube,2.000000,cartesian,0.0,0.0,9.842e-06,6.4741e-05,32,256
cube,2.000000,cartesian,0.0,0.0,9.71e-06,6.3437e-05,32,256
cube,2.000000,cartesian,0.0,0.0,9.754e-06,6.1007e-05,32,256
cube,2.000000,cartesian,0.0,0.0,9.508e-06,5.4982e-05,32,256
cube,2.000000,cartesian,0.0,0.0,1.0001e-05,5.9972e-05,32,256
cube,2.000000,cartesian,0.0,0.0,4.927e-06,3.139e-05,32,256
cube,2.000000,cartesian,0.0,0.0,1.1466e-05,5.3628e-05,32,256
cube,2.000000,cartesian,0.0,0.0,1.0403e-05,4.8195e-05,32,256
cube,2.000000,cartesian,0.0,0.0,1.1117e-05,8.5495e-05,32,256
cube,2.000000,cartesian,0.0,0.0,1.1899e-05,7.3864e-05,32,256
cube,2.000000,cartesian,0.0,0.0,7.338e-06,6.615e-05,32,256
cube,2.000000,cartesian,0.0,0.0,1.465e-05,6.7666e-05,32,256
cube,2.000000,cartesian,0.0,0.0,1.2964e-05,5.741e-05,32,256
cube,2.000000,cartesian,0.0,0.0,1.0074e-05,5.8528e-05,32,256
cube,2.000000,cartesian,0.0,0.0,7.433e-06,4.7523e-05,32,256
cube,2.000000,cartesian,0.0,0.0,1.1201e-05,7.9408e-05,32,256
cube,2.000000,cartesian,0.0,0.0,9.201e-06,5.6445e-05,32,256
cube,2.000000,cartesian,0.0,0.0,1.6158e-05,6.5609e-05,32,256
cube,2.000000,cartesian,0.0,0.0,1.4001e-05,8.9288e-05,32,256
cube,2.000000,cartesian,0.0,0.0,9.737e-06,5.7132e-05,32,256
cube,2.000000,cartesian,0.0,0.0,9.534e-06,4.872e-05,32,256
cube,2.000000,cartesian,0.0,0.0,1.3349e-05,7.3855e-05,32,256
cube,2.000000,cartesian,0.0,0.0,1.0443e-05,5.6149e-05,32,256
cube,2.000000,cartesian,0.0,0.0,1.0052e-05,7.3639e-05,32,256
cube,2.000000,cartesian,0.0,0.0,9.508e-06,5.0338e-05,32,256
cube,2.000000,cartesian,0.0,0.0,1.6257e-05,7.6054e-05,32,256
cube,2.000000,cartesian,0.0,0.0,2.529e-06,2.0698e-05,32,256
cube,2.000000,cartesian,0.0,0.0,6.985e-06,3.3255e-05,32,256
cube,2.000000,cartesian,0.0,0.0,6.931e-06,4.5197e-05,32,256
cube,2.000000,cartesian,0.0,0.0,1.1319e-05,7.3295e-05,32,256
cube,2.000000,cartesian,0.0,0.0,1.6914e-05,8.6695e-05,32,256
cube,2.000000,cartesian,0.0,0.0,1.7785e-05,8.7107e-05,32,256
cube,2.000000,cartesian,0.0,0.0,7.9e-06,4.8767e-05,32,256
cube,2.000000,cartesian,0.0,0.0,6.742e-06,4.6729e-05,32,256
cube,2.000000,cartesian,0.0,0.0,5.406e-06,4.8038e-05,32,256
cube,2.000000,cartesian,0.0,0.0,1.3005e-05,8.956e-05,32,256
cube,2.000000,cartesian,0.0,0.0,7.655e-06,8.7394e-05,32,256
cube,2.000000,cartesian,0.0,0.0,1.0399e-05,4.9882e-05,32,256
cube,2.000000,cartesian,0.0,0.0,1.0335e-05,6.2267e-05,32,256
cube,2.000000,cartesian,0.0,0.0,9.687e-06,5.4208e-05,32,256
cube,2.000000,cartesian,0.0,0.0,1.1256e-05,6.913e-05,32,256
cube,2.000000,cartesian,0.0,0.0,1.6214e-05,8.7783e-05,32,256
cube,2.000000,cartesian,0.0,0.0,1.4688e-05,6.4747e-05,32,256
cube,2.000000,cartesian,0.0,0.0,6.85e-06,4.1179e-05,32,256
cube,2.000000,cartesian,0.0,0.0,3.711e-06,2.4452e-05,32,256
cube,2.000000,cartesian,0.0,0.0,1.4042e-05,6.1275e-05,32,256
cube,2.000000,cartesian,0.0,0.0,4.941e-06,3.2626e-05,32,256
cube,2.000000,cartesian,0.0,0.0,1.2273e-05,9.7029e-05,32,256
cube,2.000000,cartesian,0.0,0.0,1.2438e-05,5.9406e-05,32,256
cube,2.000000,cartesian,0.0,0.0,1.2107e-05,5.901e-05,32,256
cube,2.000000,cartesian,0.0,0.0,8.611e-06,6.7293e-05,32,256
cube,2.000000,cartesian,0.0,0.0,8.524e-06,6.8697e-05,32,256
cube,2.000000,cartesian,0.0,0.0,1.1909e-05,7.72e-05,32,256
cube,2.000000,cartesian,0.0,0.0,1.0388e-05,6.3203e-05,32,256
cube,2.000000,cartesian,0.0,0.0,1.2062e-05,5.895e-05,32,256
cube,2.000000,cartesian,0.0,0.0,1.1461e-05,6.3135e-05,32,256
cube,2.000000,cartesian,0.0,0.0,9.216e-06,5.1299e-05,32,256
cube,2.000000,cartesian,0.0,0.0,1.4278e-05,9.3598e-05,32,256
cube,2.000000,cartesian,0.0,0.0,1.4246e-05,6.7961e-05,32,256
cube,2.000000,cartesian,0.0,0.0,9.999e-06,4.0576e-05,32,256
cube,2.000000,cartesian,0.0,0.0,1.3242e-05,5.6358e-05,32,256
cube,2.000000,cartesian,0.0,0.0,8.044e-06,3.7581e-05,32,256
cube,2.000000,cartesian,0.0,0.0,1.4413e-05,7.6013e-05,32,256
cube,2.000000,cartesian,0.0,0.0,1.4749e-05,6.3598e-05,32,256
cube,2.000000,cartesian,0.0,0.0,1.2511e-05,9.0903e-05,32,256
cube,2.000000,cartesian,0.0,0.0,1.0897e-05,6.1931e-05,32,256
cube,2.000000,cartesian,0.0,0.0,9.45e-06,4.1636e-05,32,256
cube,2.000000,cartesian,0.0,0.0,4.285e-06,2.74e-05,32,256
cube,2.000000,cartesian,0.0,0.0,1.177e-05,6.248e-05,32,256
cube,2.000000,cartesian,0.0,0.0,9.483e-06,8.5019e-05,32,256
cube,2.000000,cartesian,0.0,0.0,6.451e-06,3.4945e-05,32,256
cube,2.000000,cartesian,0.0,0.0,1.1119e-05,6.7996e-05,32,256
cube,2.000000,cartesian,0.0,0.0,1.2035e-05,7.5755e-05,32,256
cube,2.000000,cartesian,0.0,0.0,1.0571e-05,7.2098e-05,32,256
cube,2.000000,cartesian,0.0,0.0,1.1482e-05,6.3971e-05,32,256
cube,2.000000,cartesian,0.0,0.0,8.377e-06,3.799e-05,32,256
cube,2.000000,cartesian,0.0,0.0,1.2346e-05,5.8308e-05,32,256
cube,2.000000,cartesian,0.0,0.0,9.347e-06,5.2805e-05,32,256
cube,2.000000,cartesian,0.0,0.0,1.0277e-05,6.3032e-05,32,256
cube,2.000000,cartesian,0.0,0.0,1.1549e-05,8.3775e-05,32,256
cube,2.000000,cartesian,0.0,0.0,5.923e-06,4.9194e-05,32,256
cube,2.000000,cartesian,0.0,0.0,1.0539e-05,7.679e-05,32,256
cube,2.000000,cartesian,0.0,0.0,4.932e-06,2.9592e-05,32,256
cube,2.000000,cartesian,0.0,0.0,8.526e-06,5.1679e-05,32,256
cube,2.000000,cartesian,0.0,0.0,1.0281e-05,5.3301e-05,32,256
cube,2.000000,cartesian,0.0,0.0,1.2443e-05,8.8341e-05,32,256
cube,2.000000,cartesian,0.0,0.0,9.697e-06,5.3302e-05,32,256
cube,2.000000,cartesian,0.0,0.0,9.402e-06,5.3501e-05,32,256
cube,2.000000,cartesian,0.0,0.0,8.67e-06,4.7513e-05,32,256
cube,2.000000,cartesian,0.0,0.0,1.2579e-05,6.4287e-05,32,256
cube,2.000000,cartesian,0.0,0.0,6.994e-06,3.5564e-05,32,256
cube,2.000000,cartesian,0.0,0.0,1.4045e-05,8.331e-05,32,256
cube,2.000000,cartesian,0.0,0.0,9.508e-06,0.000104734,32,256
cube,2.000000,cartesian,0.0,0.0,7.922e-06,6.6738e-05,32,256
cube,2.000000,cartesian,0.0,0.0,3.905e-06,2.5128e-05,32,256
cube,2.000000,cartesian,0.0,0.0,1.2191e-05,5.1256e-05,32,256
cube,2.000000,cartesian,0.0,0.0,2.1577e-05,0.00021702,32,256
cube,2.000000,cartesian,0.0,0.0,5.733e-06,4.0539e-05,32,256
cube,2.000000,cartesian,0.0,0.0,1.2958e-05,7.7123e-05,32,256
cube,2.000000,cartesian,0.0,0.0,1.0738e-05,6.0726e-05,32,256
cube,2.000000,cartesian,0.0,0.0,1.284e-05,6.546e-05,32,256
cube,2.000000,cartesian,0.0,0.0,8.218e-06,0.000103587,32,256
cube,2.000000,cartesian,0.0,0.0,1.6394e-05,9.0716e-05,32,256
cube,2.000000,cartesian,0.0,0.0,8.239e-06,5.3523e-05,32,256
cube,2.000000,cartesian,0.0,0.0,1.1304e-05,6.6455e-05,32,256
cube,2.000000,cartesian,0.0,0.0,9.132e-06,6.2945e-05,32,256
cube,2.000000,cartesian,0.0,0.0,1.8e-06,1.614e-05,32,256
cube,2.000000,cartesian,0.0,0.0,1.1471e-05,7.4589e-05,32,256
cube,2.000000,cartesian,0.0,0.0,1.103e-05,5.1785e-05,32,256
cube,2.000000,cartesian,0.0,0.0,6.469e-06,3.6686e-05,32,256
cube,2.000000,cartesian,0.0,0.0,2.5565e-05,6.695e-05,32,256
cube,2.000000,cartesian,0.0,0.0,1.1407e-05,6.4455e-05,32,256
cube,2.000000,cartesian,0.0,0.0,1.7059e-05,0.00011235,32,256
cube,2.000000,cartesian,0.0,0.0,1.2933e-05,6.3145e-05,32,256
cube,2.000000,cartesian,0.0,0.0,7.258e-06,4.7626e-05,32,256
cube,2.000000,cartesian,0.0,0.0,1.1411e-05,6.7591e-05,32,256
cube,2.000000,cartesian,0.0,0.0,1.2548e-05,6.4826e-05,32,256
cube,2.000000,cartesian,0.0,0.0,8.701e-06,5.5803e-05,32,256
cube,2.000000,cartesian,0.0,0.0,7.074e-06,4.6806e-05,32,256
cube,2.000000,cartesian,0.0,0.0,1.1762e-05,6.0141e-05,32,256
cube,2.000000,cartesian,0.0,0.0,8.006e-06,4.5413e-05,32,256
cube,2.000000,cartesian,0.0,0.0,1.2977e-05,5.7851e-05,32,256
cube,2.000000,cartesian,0.0,0.0,1.2752e-05,7.2841e-05,32,256
cube,2.000000,cartesian,0.0,0.0,1.3511e-05,6.5974e-05,32,256
cube,2.000000,cartesian,0.0,0.0,1.4356e-05,7.481e-05,32,256
cube,2.000000,cartesian,0.0,0.0,1.2634e-05,6.8185e-05,32,256
cube,2.000000,cartesian,0.0,0.0,8.152e-06,5.8884e-05,32,256
cube,2.000000,cartesian,0.0,0.0,1.4241e-05,6.5596e-05,32,256
cube,2.000000,cartesian,0.0,0.0,3.178e-06,2.7472e-05,32,256
cube,2.000000,cartesian,0.0,0.0,1.5122e-05,9.4006e-05,32,256
cube,2.000000,cartesian,0.0,0.0,9.904e-06,6.5248e-05,32,256
cube,2.000000,cartesian,0.0,0.0,1.316e-05,6.0256e-05,32,256
cube,2.000000,cartesian,0.0,0.0,1.2117e-05,0.000129993,32,256
cube,2.000000,cartesian,0.0,0.0,1.0346e-05,0.000108433,32,256
cube,2.000000,cartesian,0.0,0.0,9.471e-06,4.241e-05,32,256
cube,2.000000,cartesian,0.0,0.0,1.2602e-05,5.6477e-05,32,256
cube,2.000000,cartesian,0.0,0.0,1.2949e-05,5.3142e-05,32,256
cube,2.000000,cartesian,0.0,0.0,8.252e-06,4.4248e-05,32,256
cube,2.000000,cartesian,0.0,0.0,9.63e-06,5.0324e-05,32,256
cube,2.000000,cartesian,0.0,0.0,1.2063e-05,5.8761e-05,32,256
cube,2.000000,cartesian,0.0,0.0,3.566e-06,1.831e-05,32,256
cube,2.000000,cartesian,0.0,0.0,1.3002e-05,0.000110413,32,256
cube,2.000000,cartesian,0.0,0.0,1.1294e-05,6.5607e-05,32,256
cube,2.000000,cartesian,0.0,0.0,9.179e-06,6.4166e-05,32,256
cube,2.000000,cartesian,0.0,0.0,1.0052e-05,5.4684e-05,32,256
cube,2.000000,cartesian,0.0,0.0,1.1096e-05,5.1595e-05,32,256
cube,2.000000,cartesian,0.0,0.0,1.7735e-05,8.4341e-05,32,256
cube,2.000000,cartesian,0.0,0.0,2.3308e-05,6.1272e-05,32,256
cube,2.000000,cartesian,0.0,0.0,1.041e-05,4.8075e-05,32,256
cube,2.000000,cartesian,0.0,0.0,8.988e-06,5.6011e-05,32,256
cube,2.000000,cartesian,0.0,0.0,1.0102e-05,5.6779e-05,32,256
cube,2.000000,cartesian,0.0,0.0,3.957e-06,2.6862e-05,32,256
cube,2.000000,cartesian,0.0,0.0,1.1613e-05,7.6134e-05,32,256
cube,2.000000,cartesian,0.0,0.0,9.399e-06,5.2684e-05,32,256
cube,2.000000,cartesian,0.0,0.0,7.779e-06,4.669e-05,32,256
cube,2.000000,cartesian,0.0,0.0,1.3397e-05,5.5613e-05,32,256
cube,2.000000,cartesian,0.0,0.0,9.531e-06,5.7942e-05,32,256
cube,2.000000,cartesian,0.0,0.0,9.639e-06,5.9487e-05,32,256
cube,2.000000,cartesian,0.0,0.0,1.149e-05,5.923e-05,32,256
cube,2.000000,cartesian,0.0,0.0,9.404e-06,5.4046e-05,32,256
cube,2.000000,cartesian,0.0,0.0,1.2293e-05,6.0996e-05,32,256
cube,2.000000,cartesian,0.0,0.0,1.2256e-05,5.6031e-05,32,256
cube,2.000000,cartesian,0.0,0.0,8.454e-06,5.029e-05,32,256
cube,2.000000,cartesian,0.0,0.0,1.6781e-05,3.9772e-05,32,256
cube,2.000000,cartesian,0.0,0.0,1.3523e-05,7.9545e-05,32,256
cube,2.000000,cartesian,0.0,0.0,1.0785e-05,7.8108e-05,32,256
cube,2.000000,cartesian,0.0,0.0,7.981e-06,4.2112e-05,32,256
cube,2.000000,cartesian,0.0,0.0,1.3122e-05,9.7414e-05,32,256
cube,2.000000,cartesian,0.0,0.0,1.0005e-05,6.1631e-05,32,256
cube,2.000000,cartesian,0.0,0.0,9.401e-06,5.407e-05,32,256
cube,2.000000,cartesian,0.0,0.0,1.2916e-05,6.7757e-05,32,256
cube,2.000000,cartesian,0.0,0.0,1.8305e-05,0.000110651,32,256
cube,2.000000,cartesian,0.0,0.0,1.0798e-05,4.6586e-05,32,256
cube,2.000000,cartesian,0.0,0.0,8.24e-06,4.8272e-05,32,256
cube,2.000000,cartesian,0.0,0.0,6.869e-06,3.6192e-05,32,256
cube,2.000000,cartesian,0.0,0.0,1.1609e-05,6.3579e-05,32,256
cube,2.000000,cartesian,0.0,0.0,1.1067e-05,5.5131e-05,32,256
cube,2.000000,cartesian,0.0,0.0,1.6817e-05,8.5858e-05,32,256
cube,2.000000,cartesian,0.0,0.0,9.036e-06,6.2331e-05,32,256
cube,2.000000,cartesian,0.0,0.0,1.2136e-05,6.1816e-05,32,256
cube,2.000000,cartesian,0.0,0.0,1.1885e-05,5.3385e-05,32,256
cube,2.000000,cartesian,0.0,0.0,1.4897e-05,5.9392e-05,32,256
cube,2.000000,cartesian,0.0,0.0,1.4516e-05,7.2416e-05,32,256
cube,2.000000,cartesian,0.0,0.0,4.43e-06,2.604e-05,32,256
cube,2.000000,cartesian,0.0,0.0,1.7341e-05,7.3402e-05,32,256
cube,2.000000,cartesian,0.0,0.0,5.879e-06,4.7769e-05,32,256
cube,2.000000,cartesian,0.0,0.0,8.107e-06,4.7147e-05,32,256
cube,2.000000,cartesian,0.0,0.0,1.3369e-05,5.0761e-05,32,256
cube,2.000000,cartesian,0.0,0.0,9.708e-06,8.1247e-05,32,256
cube,2.000000,cartesian,0.0,0.0,7.849e-06,4.7732e-05,32,256
cube,2.000000,cartesian,0.0,0.0,1.636e-06,1.2746e-05,32,256
cube,2.000000,cartesian,0.0,0.0,1.1035e-05,6.3626e-05,32,256
cube,2.000000,cartesian,0.0,0.0,1.0425e-05,6.6881e-05,32,256
cube,2.000000,cartesian,0.0,0.0,1.4202e-05,5.6004e-05,32,256
cube,2.000000,cartesian,0.0,0.0,1.545e-05,7.1799e-05,32,256
cube,2.000000,cartesian,0.0,0.0,9.954e-06,7.2552e-05,32,256
cube,2.000000,cartesian,0.0,0.0,1.1032e-05,6.29e-05,32,256
cube,2.000000,cartesian,0.0,0.0,1.1415e-05,6.6189e-05,32,256
cube,2.000000,cartesian,0.0,0.0,1.3147e-05,0.000115026,32,256
cube,2.000000,cartesian,0.0,0.0,8.892e-06,4.55e-05,32,256
cube,2.000000,cartesian,0.0,0.0,1.7085e-05,9.0843e-05,32,256
cube,2.000000,cartesian,0.0,0.0,8.223e-06,5.7352e-05,32,256
cube,2.000000,cartesian,0.0,0.0,8.693e-06,4.6479e-05,32,256
cube,2.000000,cartesian,0.0,0.0,9.143e-06,6.3982e-05,32,256
cube,2.000000,cartesian,0.0,0.0,9.784e-06,4.4658e-05,32,256
cube,2.000000,cartesian,0.0,0.0,8.882e-06,6.7765e-05,32,256
cube,2.000000,cartesian,0.0,0.0,1.1856e-05,6.3068e-05,32,256
cube,2.000000,cartesian,0.0,0.0,1.2264e-05,6.3202e-05,32,256
cube,2.000000,cartesian,0.0,0.0,1.351e-05,6.5932e-05,32,256
cube,2.000000,cartesian,0.0,0.0,1.3368e-05,6.7127e-05,32,256
cube,2.000000,cartesian,0.0,0.0,5.815e-06,4.2952e-05,32,256
cube,2.000000,cartesian,0.0,0.0,6.619e-06,3.706e-05,32,256
cube,2.000000,cartesian,0.0,0.0,1.3759e-05,5.7966e-05,32,256
cube,2.000000,cartesian,0.0,0.0,1.0195e-05,5.8983e-05,32,256
cube,2.000000,cartesian,0.0,0.0,5.16e-06,3.4835e-05,32,256
cube,2.000000,cartesian,0.0,0.0,1.1591e-05,5.9962e-05,32,256
cube,2.000000,cartesian,0.0,0.0,1.0188e-05,5.3036e-05,32,256
cube,2.000000,cartesian,0.0,0.0,6.779e-06,3.8475e-05,32,256
cube,2.000000,cartesian,0.0,0.0,9.232e-06,3.8233e-05,32,256
cube,2.000000,cartesian,0.0,0.0,1.003e-05,5.7038e-05,32,256
cube,2.000000,cartesian,0.0,0.0,1.1097e-05,6.3007e-05,32,256
cube,2.000000,cartesian,0.0,0.0,1.0368e-05,5.7613e-05,32,256
cube,2.000000,cartesian,0.0,0.0,1.514e-05,6.5763e-05,32,256
cube,2.000000,cartesian,0.0,0.0,1.1565e-05,6.5131e-05,32,256
cube,2.000000,cartesian,0.0,0.0,1.5704e-05,6.5709e-05,32,256
cube,2.000000,cartesian,0.0,0.0,1.2772e-05,7.5194e-05,32,256
cube,2.000000,cartesian,0.0,0.0,5.97e-06,5.5685e-05,32,256
cube,2.000000,cartesian,0.0,0.0,1.0214e-05,5.3074e-05,32,256
cube,2.000000,cartesian,0.0,0.0,5.818e-06,3.9519e-05,32,256
cube,2.000000,cartesian,0.0,0.0,1.1438e-05,6.6375e-05,32,256
cube,2.000000,cartesian,0.0,0.0,9.725e-06,5.8097e-05,32,256
cube,2.000000,cartesian,0.0,0.0,1.0562e-05,5.2484e-05,32,256
cube,2.000000,cartesian,0.0,0.0,1.2847e-05,5.8527e-05,32,256
cube,2.000000,cartesian,0.0,0.0,1.2797e-05,5.8269e-05,32,256
cube,2.000000,cartesian,0.0,0.0,5.383e-06,4.1147e-05,32,256
cube,2.000000,cartesian,0.0,0.0,1.2411e-05,8.0468e-05,32,256
cube,2.000000,cartesian,0.0,0.0,1.3748e-05,6.6858e-05,32,256
cube,2.000000,cartesian,0.0,0.0,1.023e-05,0.000106994,32,256
cube,2.000000,cartesian,0.0,0.0,1.0652e-05,5.2022e-05,32,256
cube,2.000000,cartesian,0.0,0.0,1.3485e-05,5.8836e-05,32,256
cube,2.000000,cartesian,0.0,0.0,1.4e-05,0.000113805,32,256
cube,2.000000,cartesian,0.0,0.0,1.2192e-05,7.2126e-05,32,256
cube,2.000000,cartesian,0.0,0.0,1.4126e-05,7.0983e-05,32,256
cube,2.000000,cartesian,0.0,0.0,1.0559e-05,5.7426e-05,32,256
cube,2.000000,cartesian,0.0,0.0,1.5042e-05,7.9598e-05,32,256
cube,2.000000,cartesian,0.0,0.0,1.3767e-05,7.9071e-05,32,256
cube,2.000000,cartesian,0.0,0.0,0.000116684,0.000139627,32,256
cube,2.000000,cartesian,0.0,0.0,8.821e-06,5.5127e-05,32,256
cube,2.000000,cartesian,0.0,0.0,1.544e-05,0.000100006,32,256
cube,2.000000,cartesian,0.0,0.0,9.118e-06,6.0821e-05,32,256
cube,2.000000,cartesian,0.0,0.0,1.6815e-05,8.8136e-05,32,256
cube,2.000000,cartesian,0.0,0.0,1.3694e-05,7.6031e-05,32,256
cube,2.000000,cartesian,0.0,0.0,6.134e-06,4.0904e-05,32,256
cube,2.000000,cartesian,0.0,0.0,1.5291e-05,9.5412e-05,32,256
cube,2.000000,cartesian,0.0,0.0,3.039e-06,2.6254e-05,32,256
cube,2.000000,cartesian,0.0,0.0,1.0863e-05,5.318e-05,32,256
cube,2.000000,cartesian,0.0,0.0,8.418e-06,7.9849e-05,32,256
cube,2.000000,cartesian,0.0,0.0,1.0404e-05,7.4576e-05,32,256
cube,2.000000,cartesian,0.0,0.0,1.4524e-05,6.6631e-05,32,256
cube,2.000000,cartesian,0.0,0.0,1.154e-05,7.3371e-05,32,256
cube,2.000000,cartesian,0.0,0.0,1.0999e-05,6.3624e-05,32,256
cube,2.000000,cartesian,0.0,0.0,1.1751e-05,6.352e-05,32,256
cube,2.000000,cartesian,0.0,0.0,7.499e-06,5.8941e-05,32,256
cube,2.000000,cartesian,0.0,0.0,1.5602e-05,7.3345e-05,32,256
cube,2.000000,cartesian,0.0,0.0,7.171e-06,4.2509e-05,32,256
cube,2.000000,cartesian,0.0,0.0,1.4422e-05,7.5008e-05,32,256
cube,2.000000,cartesian,0.0,0.0,1.2915e-05,6.6248e-05,32,256
cube,2.000000,cartesian,0.0,0.0,1.1137e-05,5.9917e-05,32,256
cube,2.000000,cartesian,0.0,0.0,1.089e-05,6.6013e-05,32,256
cube,2.000000,cartesian,0.0,0.0,1.2312e-05,6.3108e-05,32,256
cube,2.000000,cartesian,0.0,0.0,1.0485e-05,6.1721e-05,32,256
cube,2.000000,cartesian,0.0,0.0,8.017e-06,5.312e-05,32,256
cube,2.000000,cartesian,0.0,0.0,9.254e-06,4.7302e-05,32,256
cube,2.000000,cartesian,0.0,0.0,8.382e-06,5.1001e-05,32,256
cube,2.000000,cartesian,0.0,0.0,1.4167e-05,6.4592e-05,32,256
cube,2.000000,cartesian,0.0,0.0,1.0179e-05,5.8875e-05,32,256
cube,2.000000,cartesian,0.0,0.0,1.5763e-05,7.719e-05,32,256
cube,2.000000,cartesian,0.0,0.0,1.5143e-05,8.2034e-05,32,256
cube,2.000000,cartesian,0.0,0.0,1.1669e-05,0.000109053,32,256
cube,2.000000,cartesian,0.0,0.0,2.298e-05,7.2571e-05,32,256
cube,2.000000,cartesian,0.0,0.0,1.0674e-05,5.4068e-05,32,256
cube,2.000000,cartesian,0.0,0.0,1.1442e-05,7.2979e-05,32,256
cube,2.000000,cartesian,0.0,0.0,9.738e-06,4.5737e-05,32,256
cube,2.000000,cartesian,0.0,0.0,1.1423e-05,7.3616e-05,32,256
cube,2.000000,cartesian,0.0,0.0,1.8537e-05,9.4601e-05,32,256
cube,2.000000,cartesian,0.0,0.0,8.464e-06,5.426e-05,32,256
cube,2.000000,cartesian,0.0,0.0,7.125e-06,5.1336e-05,32,256
cube,2.000000,cartesian,0.0,0.0,1.1172e-05,8.5499e-05,32,256
cube,2.000000,cartesian,0.0,0.0,1.1276e-05,5.8273e-05,32,256
cube,2.000000,cartesian,0.0,0.0,1.0815e-05,5.4446e-05,32,256
cube,2.000000,cartesian,0.0,0.0,3.604e-06,2.9525e-05,32,256
cube,2.000000,cartesian,0.0,0.0,1.3741e-05,6.8648e-05,32,256
cube,2.000000,cartesian,0.0,0.0,6.157e-06,3.8742e-05,32,256
cube,2.000000,cartesian,0.0,0.0,6.393e-06,3.991e-05,32,256
cube,2.000000,cartesian,0.0,0.0,1.3025e-05,5.5271e-05,32,256
cube,2.000000,cartesian,0.0,0.0,5.709e-06,3.5166e-05,32,256
cube,2.000000,cartesian,0.0,0.0,1.2197e-05,5.7773e-05,32,256
cube,2.000000,cartesian,0.0,0.0,9.997e-06,5.5235e-05,32,256
cube,2.000000,cartesian,0.0,0.0,1.3607e-05,5.7659e-05,32,256
cube,2.000000,cartesian,0.0,0.0,9.114e-06,5.4465e-05,32,256
cube,2.000000,cartesian,0.0,0.0,1.2513e-05,8.8149e-05,32,256
cube,2.000000,cartesian,0.0,0.0,6.076e-06,3.7877e-05,32,256
cube,2.000000,cartesian,0.0,0.0,8.81e-06,4.8762e-05,32,256
cube,2.000000,cartesian,0.0,0.0,1.1506e-05,5.6345e-05,32,256
cube,2.000000,cartesian,0.0,0.0,1.67e-05,8.6863e-05,32,256
cube,2.000000,cartesian,0.0,0.0,1.0094e-05,4.9386e-05,32,256
cube,2.000000,cartesian,0.0,0.0,1.7556e-05,7.9216e-05,32,256
cube,2.000000,cartesian,0.0,0.0,6.819e-06,4.495e-05,32,256
cube,2.000000,cartesian,0.0,0.0,1.0673e-05,5.3772e-05,32,256
cube,2.000000,cartesian,0.0,0.0,1.7537e-05,0.000108629,32,256
cube,2.000000,cartesian,0.0,0.0,1.1046e-05,6.1835e-05,32,256
cube,2.000000,cartesian,0.0,0.0,1.0799e-05,6.6616e-05,32,256
cube,2.000000,cartesian,0.0,0.0,9.681e-06,5.1389e-05,32,256
cube,2.000000,cartesian,0.0,0.0,1.7405e-05,9.2134e-05,32,256
cube,2.000000,cartesian,0.0,0.0,1.1951e-05,5.9001e-05,32,256
cube,2.000000,cartesian,0.0,0.0,1.8052e-05,8.4482e-05,32,256
cube,2.000000,cartesian,0.0,0.0,1.5427e-05,6.7424e-05,32,256
cube,2.000000,cartesian,0.0,0.0,7.991e-06,5.178e-05,32,256
cube,2.000000,cartesian,0.0,0.0,7.2e-06,3.7472e-05,32,256
cube,2.000000,cartesian,0.0,0.0,1.1195e-05,6.2478e-05,32,256
cube,2.000000,cartesian,0.0,0.0,1.2693e-05,5.5209e-05,32,256
cube,2.000000,cartesian,0.0,0.0,1.1832e-05,7.9968e-05,32,256
cube,2.000000,cartesian,0.0,0.0,1.3884e-05,5.8703e-05,32,256
cube,2.000000,cartesian,0.0,0.0,1.0864e-05,6.5419e-05,32,256
cube,2.000000,cartesian,0.0,0.0,1.167e-05,5.7121e-05,32,256
cube,2.000000,cartesian,0.0,0.0,5.71e-05,0.000125384,32,256
cube,2.000000,cartesian,0.0,0.0,5.001e-06,3.5944e-05,32,256
cube,2.000000,cartesian,0.0,0.0,1.2347e-05,5.9588e-05,32,256
cube,2.000000,cartesian,0.0,0.0,3.5e-07,4.058e-06,32,256
cube,2.000000,cartesian,0.0,0.0,1.0043e-05,4.391e-05,32,256
cube,2.000000,cartesian,0.0,0.0,2.13e-06,2.1043e-05,32,256
cube,2.000000,cartesian,0.0,0.0,9.396e-06,4.8797e-05,32,256
cube,2.000000,cartesian,0.0,0.0,5.272e-06,3.8885e-05,32,256
cube,2.000000,cartesian,0.0,0.0,1.5708e-05,6.3679e-05,32,256
cube,2.000000,cartesian,0.0,0.0,2.9678e-05,8.79e-05,32,256
cube,2.000000,cartesian,0.0,0.0,1.2824e-05,6.955e-05,32,256
cube,2.000000,cartesian,0.0,0.0,5.435e-06,3.2681e-05,32,256
cube,2.000000,cartesian,0.0,0.0,1.2804e-05,7.9241e-05,32,256
cube,2.000000,cartesian,0.0,0.0,1.4444e-05,8.315e-05,32,256
cube,2.000000,cartesian,0.0,0.0,1.0727e-05,6.0585e-05,32,256
cube,2.000000,cartesian,0.0,0.0,1.2507e-05,7.518e-05,32,256
cube,2.000000,cartesian,0.0,0.0,9.461e-06,4.7742e-05,32,256
cube,2.000000,cartesian,0.0,0.0,9.372e-06,4.5167e-05,32,256
cube,2.000000,cartesian,0.0,0.0,9.885e-06,5.5418e-05,32,256
cube,2.000000,cartesian,0.0,0.0,9.969e-06,4.8737e-05,32,256
cube,2.000000,cartesian,0.0,0.0,8.166e-06,5.0242e-05,32,256
cube,2.000000,cartesian,0.0,0.0,9.578e-06,5.7538e-05,32,256
cube,2.000000,cartesian,0.0,0.0,8.475e-06,7.2787e-05,32,256
cube,2.000000,cartesian,0.0,0.0,6.307e-06,4.1272e-05,32,256
cube,2.000000,cartesian,0.0,0.0,1.1e-05,6.0594e-05,32,256
cube,2.000000,cartesian,0.0,0.0,6.636e-06,4.1161e-05,32,256
cube,2.000000,cartesian,0.0,0.0,1.7765e-05,7.0448e-05,32,256
cube,2.000000,cartesian,0.0,0.0,9.749e-06,5.6949e-05,32,256
cube,2.000000,cartesian,0.0,0.0,1.297e-05,7.0294e-05,32,256
cube,2.000000,cartesian,0.0,0.0,8.327e-06,5.2811e-05,32,256
cube,2.000000,cartesian,0.0,0.0,1.3211e-05,7.192e-05,32,256
cube,2.000000,cartesian,0.0,0.0,1.4406e-05,7.3341e-05,32,256
cube,2.000000,cartesian,0.0,0.0,1.0192e-05,5.6218e-05,32,256
cube,2.000000,cartesian,0.0,0.0,1.3647e-05,6.8003e-05,32,256
cube,2.000000,cartesian,0.0,0.0,1.3052e-05,6.5263e-05,32,256
cube,2.000000,cartesian,0.0,0.0,1.3981e-05,7.696e-05,32,256
cube,2.000000,cartesian,0.0,0.0,6.81e-06,4.0258e-05,32,256
cube,2.000000,cartesian,0.0,0.0,1.2808e-05,8.7395e-05,32,256
cube,2.000000,cartesian,0.0,0.0,1.2337e-05,5.303e-05,32,256
cube,2.000000,cartesian,0.0,0.0,1.4569e-05,5.5761e-05,32,256
cube,2.000000,cartesian,0.0,0.0,7.767e-06,5.5405e-05,32,256
cube,2.000000,cartesian,0.0,0.0,8.919e-06,5.684e-05,32,256
cube,2.000000,cartesian,0.0,0.0,8.301e-06,4.5554e-05,32,256
cube,2.000000,cartesian,0.0,0.0,1.053e-05,6.8171e-05,32,256
cube,2.000000,cartesian,0.0,0.0,8.498e-06,6.2137e-05,32,256
cube,2.000000,cartesian,0.0,0.0,1.4799e-05,7.8022e-05,32,256
cube,2.000000,cartesian,0.0,0.0,1.5192e-05,0.000108961,32,256
cube,2.000000,cartesian,0.0,0.0,9.556e-06,5.8163e-05,32,256
cube,2.000000,cartesian,0.0,0.0,9.235e-06,5.0508e-05,32,256
cube,2.000000,cartesian,0.0,0.0,7.778e-06,5.2128e-05,32,256
cube,2.000000,cartesian,0.0,0.0,1.4106e-05,7.1402e-05,32,256
cube,2.000000,cartesian,0.0,0.0,1.3033e-05,6.3571e-05,32,256
cube,2.000000,cartesian,0.0,0.0,1.085e-05,5.9145e-05,32,256
cube,2.000000,cartesian,0.0,0.0,1.143e-05,5.233e-05,32,256
cube,2.000000,cartesian,0.0,0.0,1.3358e-05,8.395e-05,32,256
cube,2.000000,cartesian,0.0,0.0,1.2476e-05,6.8639e-05,32,256
cube,2.000000,cartesian,0.0,0.0,8.899e-06,4.6942e-05,32,256
cube,2.000000,cartesian,0.0,0.0,1.2514e-05,7.447e-05,32,256
cube,2.000000,cartesian,0.0,0.0,8.537e-06,5.9464e-05,32,256
cube,2.000000,cartesian,0.0,0.0,1.0471e-05,6.6576e-05,32,256
cube,2.000000,cartesian,0.0,0.0,1.1232e-05,7.3983e-05,32,256
cube,2.000000,cartesian,0.0,0.0,1.2976e-05,6.738e-05,32,256
cube,2.000000,cartesian,0.0,0.0,1.0317e-05,5.6795e-05,32,256
cube,2.000000,cartesian,0.0,0.0,9.204e-06,4.5222e-05,32,256
cube,2.000000,cartesian,0.0,0.0,1.1049e-05,5.4793e-05,32,256
cube,2.000000,cartesian,0.0,0.0,1.2052e-05,6.3634e-05,32,256
cube,2.000000,cartesian,0.0,0.0,6.008e-06,3.5959e-05,32,256
cube,2.000000,cartesian,0.0,0.0,1.2989e-05,6.4921e-05,32,256
cube,2.000000,cartesian,0.0,0.0,4.272e-06,2.4579e-05,32,256
cube,2.000000,cartesian,0.0,0.0,3.1584e-05,7.8046e-05,32,256
cube,2.000000,cartesian,0.0,0.0,1.1868e-05,6.5968e-05,32,256
cube,2.000000,cartesian,0.0,0.0,2.956e-06,1.5796e-05,32,256
cube,2.000000,cartesian,0.0,0.0,1.4661e-05,9.8013e-05,32,256
cube,2.000000,cartesian,0.0,0.0,1.3929e-05,5.9511e-05,32,256
cube,2.000000,cartesian,0.0,0.0,1.2794e-05,5.7971e-05,32,256
cube,2.000000,cartesian,0.0,0.0,3.618e-06,2.4862e-05,32,256
cube,2.000000,cartesian,0.0,0.0,1.0853e-05,6.5323e-05,32,256
cube,2.000000,cartesian,0.0,0.0,1.2764e-05,6.6898e-05,32,256
cube,2.000000,cartesian,0.0,0.0,8.17e-06,6.5236e-05,32,256
cube,2.000000,cartesian,0.0,0.0,1.0023e-05,5.7103e-05,32,256
cube,2.000000,cartesian,0.0,0.0,2.7326e-05,7.675e-05,32,256
cube,2.000000,cartesian,0.0,0.0,8.334e-06,6.0416e-05,32,256
cube,2.000000,cartesian,0.0,0.0,1.0863e-05,5.533e-05,32,256
cube,2.000000,cartesian,0.0,0.0,1.4072e-05,4.7368e-05,32,256
cube,2.000000,cartesian,0.0,0.0,1.2593e-05,0.000109339,32,256
cube,2.000000,cartesian,0.0,0.0,8.395e-06,6.4708e-05,32,256
cube,2.000000,cartesian,0.0,0.0,9.427e-06,3.7983e-05,32,256
cube,2.000000,cartesian,0.0,0.0,1.2595e-05,8.0257e-05,32,256
cube,2.000000,cartesian,0.0,0.0,1.3981e-05,8.7954e-05,32,256
cube,2.000000,cartesian,0.0,0.0,4.575e-06,3.0823e-05,32,256
cube,2.000000,cartesian,0.0,0.0,1.4795e-05,7.8976e-05,32,256
cube,2.000000,cartesian,0.0,0.0,1.0672e-05,6.4863e-05,32,256
cube,2.000000,cartesian,0.0,0.0,1.1535e-05,6.2342e-05,32,256
cube,2.000000,cartesian,0.0,0.0,1.0385e-05,5.519e-05,32,256
cube,2.000000,cartesian,0.0,0.0,3.914e-06,3.1106e-05,32,256
cube,2.000000,cartesian,0.0,0.0,1.7296e-05,6.7449e-05,32,256
cube,2.000000,cartesian,0.0,0.0,1.0499e-05,5.0047e-05,32,256
cube,2.000000,cartesian,0.0,0.0,2.425e-06,1.3197e-05,32,256
cube,2.000000,cartesian,0.0,0.0,1.2536e-05,7.258e-05,32,256
cube,2.000000,cartesian,0.0,0.0,8.376e-06,4.566e-05,32,256
cube,2.000000,cartesian,0.0,0.0,3.748e-06,2.9275e-05,32,256
cube,2.000000,cartesian,0.0,0.0,2.5558e-05,5.8122e-05,32,256
cube,2.000000,cartesian,0.0,0.0,1.5297e-05,6.217e-05,32,256
cube,2.000000,cartesian,0.0,0.0,1.768e-06,1.3219e-05,32,256
cube,2.000000,cartesian,0.0,0.0,5.557e-06,3.3915e-05,32,256
cube,2.000000,cartesian,0.0,0.0,9.981e-06,6.6418e-05,32,256
cube,2.000000,cartesian,0.0,0.0,1.0974e-05,4.9402e-05,32,256
cube,2.000000,cartesian,0.0,0.0,1.507e-05,9.7341e-05,32,256
cube,2.000000,cartesian,0.0,0.0,1.4739e-05,5.97e-05,32,256
cube,2.000000,cartesian,0.0,0.0,9.42e-06,6.2419e-05,32,256
cube,2.000000,cartesian,0.0,0.0,1.1764e-05,5.5493e-05,32,256
cube,2.000000,cartesian,0.0,0.0,6.956e-06,4.4079e-05,32,256
cube,2.000000,cartesian,0.0,0.0,1.0933e-05,7.3642e-05,32,256
cube,2.000000,cartesian,0.0,0.0,9.926e-06,4.742e-05,32,256
