kernel,radius,mode,get_range_time,loop_time,projectionTime,binarySearchTime,threshold,maxPointsLeaf
sphere,2.000000,none,0,3.5228e-05,0.0,0.0,32,256
sphere,2.000000,none,0,0.000168467,0.0,0.0,32,256
sphere,2.000000,none,0,0.000113676,0.0,0.0,32,256
sphere,2.000000,none,0,0.000115212,0.0,0.0,32,256
sphere,2.000000,none,0,0.000183731,0.0,0.0,32,256
sphere,2.000000,none,0,0.000128496,0.0,0.0,32,256
sphere,2.000000,none,0,0.00018094,0.0,0.0,32,256
sphere,2.000000,none,0,0.000156733,0.0,0.0,32,256
sphere,2.000000,none,0,0.000144825,0.0,0.0,32,256
sphere,2.000000,none,0,0.000129729,0.0,0.0,32,256
sphere,2.000000,none,0,0.000142529,0.0,0.0,32,256
sphere,2.000000,none,0,0.000170543,0.0,0.0,32,256
sphere,2.000000,none,0,0.000121884,0.0,0.0,32,256
sphere,2.000000,none,0,0.000170865,0.0,0.0,32,256
sphere,2.000000,none,0,0.000176434,0.0,0.0,32,256
sphere,2.000000,none,0,0.000123809,0.0,0.0,32,256
sphere,2.000000,none,0,0.000157423,0.0,0.0,32,256
sphere,2.000000,none,0,0.000147883,0.0,0.0,32,256
sphere,2.000000,none,0,0.000168931,0.0,0.0,32,256
sphere,2.000000,none,0,0.000231554,0.0,0.0,32,256
sphere,2.000000,none,0,0.000438177,0.0,0.0,32,256
sphere,2.000000,none,0,0.000154872,0.0,0.0,32,256
sphere,2.000000,none,0,8.2955e-05,0.0,0.0,32,256
sphere,2.000000,none,0,0.000181218,0.0,0.0,32,256
sphere,2.000000,none,0,0.000131595,0.0,0.0,32,256
sphere,2.000000,none,0,1.9753e-05,0.0,0.0,32,256
sphere,2.000000,none,0,9.5402e-05,0.0,0.0,32,256
sphere,2.000000,none,0,2.2048e-05,0.0,0.0,32,256
sphere,2.000000,none,0,0.000129748,0.0,0.0,32,256
sphere,2.000000,none,0,0.000148853,0.0,0.0,32,256
sphere,2.000000,none,0,0.000124965,0.0,0.0,32,256
sphere,2.000000,none,0,0.000204495,0.0,0.0,32,256
sphere,2.000000,none,0,0.000203726,0.0,0.0,32,256
sphere,2.000000,none,0,0.000129363,0.0,0.0,32,256
sphere,2.000000,none,0,0.00011833,0.0,0.0,32,256
sphere,2.000000,none,0,0.000156907,0.0,0.0,32,256
sphere,2.000000,none,0,0.000170897,0.0,0.0,32,256
sphere,2.000000,none,0,0.000152353,0.0,0.0,32,256
sphere,2.000000,none,0,0.000117148,0.0,0.0,32,256
sphere,2.000000,none,0,0.000115059,0.0,0.0,32,256
sphere,2.000000,none,0,0.00010029,0.0,0.0,32,256
sphere,2.000000,none,0,6.8457e-05,0.0,0.0,32,256
sphere,2.000000,none,0,0.000138391,0.0,0.0,32,256
sphere,2.000000,none,0,0.000146267,0.0,0.0,32,256
sphere,2.000000,none,0,5.227e-05,0.0,0.0,32,256
sphere,2.000000,none,0,0.00012605,0.0,0.0,32,256
sphere,2.000000,none,0,0.000105343,0.0,0.0,32,256
sphere,2.000000,none,0,0.000165408,0.0,0.0,32,256
sphere,2.000000,none,0,0.000191987,0.0,0.0,32,256
sphere,2.000000,none,0,0.000166937,0.0,0.0,32,256
sphere,2.000000,none,0,0.000121379,0.0,0.0,32,256
sphere,2.000000,none,0,8.5493e-05,0.0,0.0,32,256
sphere,2.000000,none,0,0.000117454,0.0,0.0,32,256
sphere,2.000000,none,0,7.4117e-05,0.0,0.0,32,256
sphere,2.000000,none,0,0.000177441,0.0,0.0,32,256
sphere,2.000000,none,0,0.000117004,0.0,0.0,32,256
sphere,2.000000,none,0,0.000241629,0.0,0.0,32,256
sphere,2.000000,none,0,0.000143414,0.0,0.0,32,256
sphere,2.000000,none,0,0.000126693,0.0,0.0,32,256
sphere,2.000000,none,0,0.000133262,0.0,0.0,32,256
sphere,2.000000,none,0,0.000134797,0.0,0.0,32,256
sphere,2.000000,none,0,8.0236e-05,0.0,0.0,32,256
sphere,2.000000,none,0,9.3321e-05,0.0,0.0,32,256
sphere,2.000000,none,0,0.000180559,0.0,0.0,32,256
sphere,2.000000,none,0,0.000125422,0.0,0.0,32,256
sphere,2.000000,none,0,0.000151621,0.0,0.0,32,256
sphere,2.000000,none,0,5.5462e-05,0.0,0.0,32,256
sphere,2.000000,none,0,0.000107443,0.0,0.0,32,256
sphere,2.000000,none,0,0.000123651,0.0,0.0,32,256
sphere,2.000000,none,0,0.000110128,0.0,0.0,32,256
sphere,2.000000,none,0,0.000146562,0.0,0.0,32,256
sphere,2.000000,none,0,6.4537e-05,0.0,0.0,32,256
sphere,2.000000,none,0,0.000140641,0.0,0.0,32,256
sphere,2.000000,none,0,0.000129587,0.0,0.0,32,256
sphere,2.000000,none,0,0.000124785,0.0,0.0,32,256
sphere,2.000000,none,0,9.5096e-05,0.0,0.0,32,256
sphere,2.000000,none,0,0.000252877,0.0,0.0,32,256
sphere,2.000000,none,0,0.000120561,0.0,0.0,32,256
sphere,2.000000,none,0,0.000142876,0.0,0.0,32,256
sphere,2.000000,none,0,0.000113908,0.0,0.0,32,256
sphere,2.000000,none,0,0.000126258,0.0,0.0,32,256
sphere,2.000000,none,0,0.000138249,0.0,0.0,32,256
sphere,2.000000,none,0,0.000222761,0.0,0.0,32,256
sphere,2.000000,none,0,0.000142089,0.0,0.0,32,256
sphere,2.000000,none,0,0.000118838,0.0,0.0,32,256
sphere,2.000000,none,0,0.000107025,0.0,0.0,32,256
sphere,2.000000,none,0,0.000134937,0.0,0.0,32,256
sphere,2.000000,none,0,2.107e-05,0.0,0.0,32,256
sphere,2.000000,none,0,8.4659e-05,0.0,0.0,32,256
sphere,2.000000,none,0,9.7841e-05,0.0,0.0,32,256
sphere,2.000000,none,0,0.000137166,0.0,0.0,32,256
sphere,2.000000,none,0,0.000128019,0.0,0.0,32,256
sphere,2.000000,none,0,0.000152007,0.0,0.0,32,256
sphere,2.000000,none,0,8.1131e-05,0.0,0.0,32,256
sphere,2.000000,none,0,8.8837e-05,0.0,0.0,32,256
sphere,2.000000,none,0,8.6737e-05,0.0,0.0,32,256
sphere,2.000000,none,0,0.000179795,0.0,0.0,32,256
sphere,2.000000,none,0,0.000100512,0.0,0.0,32,256
sphere,2.000000,none,0,0.000123812,0.0,0.0,32,256
sphere,2.000000,none,0,0.000151165,0.0,0.0,32,256
sphere,2.000000,none,0,0.000127167,0.0,0.0,32,256
sphere,2.000000,none,0,0.000183893,0.0,0.0,32,256
sphere,2.000000,none,0,0.00017417,0.0,0.0,32,256
sphere,2.000000,none,0,0.000168951,0.0,0.0,32,256
sphere,2.000000,none,0,5.6923e-05,0.0,0.0,32,256
sphere,2.000000,none,0,2.5224e-05,0.0,0.0,32,256
sphere,2.000000,none,0,0.000139277,0.0,0.0,32,256
sphere,2.000000,none,0,5.1855e-05,0.0,0.0,32,256
sphere,2.000000,none,0,0.00014278,0.0,0.0,32,256
sphere,2.000000,none,0,0.000137869,0.0,0.0,32,256
sphere,2.000000,none,0,0.000121264,0.0,0.0,32,256
sphere,2.000000,none,0,0.000104173,0.0,0.0,32,256
sphere,2.000000,none,0,0.000134613,0.0,0.0,32,256
sphere,2.000000,none,0,0.000153396,0.0,0.0,32,256
sphere,2.000000,none,0,0.00012751,0.0,0.0,32,256
sphere,2.000000,none,0,0.000138892,0.0,0.0,32,256
sphere,2.000000,none,0,0.000134402,0.0,0.0,32,256
sphere,2.000000,none,0,0.000117353,0.0,0.0,32,256
sphere,2.000000,none,0,0.000100031,0.0,0.0,32,256
sphere,2.000000,none,0,0.000129977,0.0,0.0,32,256
sphere,2.000000,none,0,5.3382e-05,0.0,0.0,32,256
sphere,2.000000,none,0,0.000115023,0.0,0.0,32,256
sphere,2.000000,none,0,8.4931e-05,0.0,0.0,32,256
sphere,2.000000,none,0,0.000158981,0.0,0.0,32,256
sphere,2.000000,none,0,0.00015497,0.0,0.0,32,256
sphere,2.000000,none,0,0.000129378,0.0,0.0,32,256
sphere,2.000000,none,0,0.000144188,0.0,0.0,32,256
sphere,2.000000,none,0,0.000105988,0.0,0.0,32,256
sphere,2.000000,none,0,3.7124e-05,0.0,0.0,32,256
sphere,2.000000,none,0,0.000112987,0.0,0.0,32,256
sphere,2.000000,none,0,0.000186893,0.0,0.0,32,256
sphere,2.000000,none,0,7.1353e-05,0.0,0.0,32,256
sphere,2.000000,none,0,0.000126375,0.0,0.0,32,256
sphere,2.000000,none,0,0.000134232,0.0,0.0,32,256
sphere,2.000000,none,0,0.000134661,0.0,0.0,32,256
sphere,2.000000,none,0,0.000131127,0.0,0.0,32,256
sphere,2.000000,none,0,8.0313e-05,0.0,0.0,32,256
sphere,2.000000,none,0,0.000126249,0.0,0.0,32,256
sphere,2.000000,none,0,0.000110343,0.0,0.0,32,256
sphere,2.000000,none,0,0.000119821,0.0,0.0,32,256
sphere,2.000000,none,0,0.000134078,0.0,0.0,32,256
sphere,2.000000,none,0,5.1585e-05,0.0,0.0,32,256
sphere,2.000000,none,0,9.7799e-05,0.0,0.0,32,256
sphere,2.000000,none,0,4.8171e-05,0.0,0.0,32,256
sphere,2.000000,none,0,0.000124752,0.0,0.0,32,256
sphere,2.000000,none,0,0.000161839,0.0,0.0,32,256
sphere,2.000000,none,0,0.000141284,0.0,0.0,32,256
sphere,2.000000,none,0,9.172e-05,0.0,0.0,32,256
sphere,2.000000,none,0,0.00013357,0.0,0.0,32,256
sphere,2.000000,none,0,0.000108282,0.0,0.0,32,256
sphere,2.000000,none,0,0.000117726,0.0,0.0,32,256
sphere,2.000000,none,0,8.3363e-05,0.0,0.0,32,256
sphere,2.000000,none,0,0.000137804,0.0,0.0,32,256
sphere,2.000000,none,0,0.000115266,0.0,0.0,32,256
sphere,2.000000,none,0,7.5469e-05,0.0,0.0,32,256
sphere,2.000000,none,0,3.308e-05,0.0,0.0,32,256
sphere,2.000000,none,0,0.000103744,0.0,0.0,32,256
sphere,2.000000,none,0,0.000159691,0.0,0.0,32,256
sphere,2.000000,none,0,0.000109265,0.0,0.0,32,256
sphere,2.000000,none,0,0.000118869,0.0,0.0,32,256
sphere,2.000000,none,0,0.000116495,0.0,0.0,32,256
sphere,2.000000,none,0,0.000140041,0.0,0.0,32,256
sphere,2.000000,none,0,0.000140377,0.0,0.0,32,256
sphere,2.000000,none,0,0.000149683,0.0,0.0,32,256
sphere,2.000000,none,0,9.0801e-05,0.0,0.0,32,256
sphere,2.000000,none,0,0.000126521,0.0,0.0,32,256
sphere,2.000000,none,0,0.000134222,0.0,0.0,32,256
sphere,2.000000,none,0,1.3976e-05,0.0,0.0,32,256
sphere,2.000000,none,0,0.000143928,0.0,0.0,32,256
sphere,2.000000,none,0,9.9934e-05,0.0,0.0,32,256
sphere,2.000000,none,0,6.7346e-05,0.0,0.0,32,256
sphere,2.000000,none,0,0.000122937,0.0,0.0,32,256
sphere,2.000000,none,0,0.000123591,0.0,0.0,32,256
sphere,2.000000,none,0,0.00018342,0.0,0.0,32,256
sphere,2.000000,none,0,0.000123949,0.0,0.0,32,256
sphere,2.000000,none,0,9.2847e-05,0.0,0.0,32,256
sphere,2.000000,none,0,0.000138334,0.0,0.0,32,256
sphere,2.000000,none,0,0.000135837,0.0,0.0,32,256
sphere,2.000000,none,0,0.000137048,0.0,0.0,32,256
sphere,2.000000,none,0,5.4707e-05,0.0,0.0,32,256
sphere,2.000000,none,0,0.000128658,0.0,0.0,32,256
sphere,2.000000,none,0,8.3073e-05,0.0,0.0,32,256
sphere,2.000000,none,0,0.000142628,0.0,0.0,32,256
sphere,2.000000,none,0,0.000122289,0.0,0.0,32,256
sphere,2.000000,none,0,0.000123359,0.0,0.0,32,256
sphere,2.000000,none,0,0.000184385,0.0,0.0,32,256
sphere,2.000000,none,0,0.000226668,0.0,0.0,32,256
sphere,2.000000,none,0,0.000184751,0.0,0.0,32,256
sphere,2.000000,none,0,0.000119169,0.0,0.0,32,256
sphere,2.000000,none,0,4.4833e-05,0.0,0.0,32,256
sphere,2.000000,none,0,0.000156317,0.0,0.0,32,256
sphere,2.000000,none,0,0.000135436,0.0,0.0,32,256
sphere,2.000000,none,0,0.000130017,0.0,0.0,32,256
sphere,2.000000,none,0,0.000108902,0.0,0.0,32,256
sphere,2.000000,none,0,0.000109708,0.0,0.0,32,256
sphere,2.000000,none,0,9.1485e-05,0.0,0.0,32,256
sphere,2.000000,none,0,0.000130155,0.0,0.0,32,256
sphere,2.000000,none,0,0.000128115,0.0,0.0,32,256
sphere,2.000000,none,0,9.2548e-05,0.0,0.0,32,256
sphere,2.000000,none,0,8.7019e-05,0.0,0.0,32,256
sphere,2.000000,none,0,0.000140376,0.0,0.0,32,256
sphere,2.000000,none,0,1.5248e-05,0.0,0.0,32,256
sphere,2.000000,none,0,0.000161636,0.0,0.0,32,256
sphere,2.000000,none,0,0.000103178,0.0,0.0,32,256
sphere,2.000000,none,0,8.8474e-05,0.0,0.0,32,256
sphere,2.000000,none,0,0.000120496,0.0,0.0,32,256
sphere,2.000000,none,0,9.9176e-05,0.0,0.0,32,256
sphere,2.000000,none,0,0.000172566,0.0,0.0,32,256
sphere,2.000000,none,0,0.000113176,0.0,0.0,32,256
sphere,2.000000,none,0,9.6118e-05,0.0,0.0,32,256
sphere,2.000000,none,0,0.000114953,0.0,0.0,32,256
sphere,2.000000,none,0,0.000133014,0.0,0.0,32,256
sphere,2.000000,none,0,4.4312e-05,0.0,0.0,32,256
sphere,2.000000,none,0,0.000252495,0.0,0.0,32,256
sphere,2.000000,none,0,0.000136271,0.0,0.0,32,256
sphere,2.000000,none,0,9.7141e-05,0.0,0.0,32,256
sphere,2.000000,none,0,0.00011299,0.0,0.0,32,256
sphere,2.000000,none,0,0.000103388,0.0,0.0,32,256
sphere,2.000000,none,0,9.2791e-05,0.0,0.0,32,256
sphere,2.000000,none,0,0.000133247,0.0,0.0,32,256
sphere,2.000000,none,0,0.000110993,0.0,0.0,32,256
sphere,2.000000,none,0,0.000137453,0.0,0.0,32,256
sphere,2.000000,none,0,0.00011725,0.0,0.0,32,256
sphere,2.000000,none,0,0.000102095,0.0,0.0,32,256
sphere,2.000000,none,0,6.8018e-05,0.0,0.0,32,256
sphere,2.000000,none,0,0.0001342,0.0,0.0,32,256
sphere,2.000000,none,0,0.000140947,0.0,0.0,32,256
sphere,2.000000,none,0,8.636e-05,0.0,0.0,32,256
sphere,2.000000,none,0,0.000162567,0.0,0.0,32,256
sphere,2.000000,none,0,0.000115384,0.0,0.0,32,256
sphere,2.000000,none,0,0.000122363,0.0,0.0,32,256
sphere,2.000000,none,0,0.000145362,0.0,0.0,32,256
sphere,2.000000,none,0,0.00015604,0.0,0.0,32,256
sphere,2.000000,none,0,0.000107442,0.0,0.0,32,256
sphere,2.000000,none,0,0.000115912,0.0,0.0,32,256
sphere,2.000000,none,0,6.477e-05,0.0,0.0,32,256
sphere,2.000000,none,0,9.3642e-05,0.0,0.0,32,256
sphere,2.000000,none,0,0.000114311,0.0,0.0,32,256
sphere,2.000000,none,0,0.000167047,0.0,0.0,32,256
sphere,2.000000,none,0,0.000139573,0.0,0.0,32,256
sphere,2.000000,none,0,0.000142424,0.0,0.0,32,256
sphere,2.000000,none,0,0.000116615,0.0,0.0,32,256
sphere,2.000000,none,0,0.000124113,0.0,0.0,32,256
sphere,2.000000,none,0,0.000135535,0.0,0.0,32,256
sphere,2.000000,none,0,4.427e-05,0.0,0.0,32,256
sphere,2.000000,none,0,0.000142134,0.0,0.0,32,256
sphere,2.000000,none,0,8.9522e-05,0.0,0.0,32,256
sphere,2.000000,none,0,0.000122564,0.0,0.0,32,256
sphere,2.000000,none,0,0.000113921,0.0,0.0,32,256
sphere,2.000000,none,0,0.000110334,0.0,0.0,32,256
sphere,2.000000,none,0,9.454e-05,0.0,0.0,32,256
sphere,2.000000,none,0,2.1251e-05,0.0,0.0,32,256
sphere,2.000000,none,0,0.000130937,0.0,0.0,32,256
sphere,2.000000,none,0,9.6778e-05,0.0,0.0,32,256
sphere,2.000000,none,0,0.000117358,0.0,0.0,32,256
sphere,2.000000,none,0,0.000142965,0.0,0.0,32,256
sphere,2.000000,none,0,0.000136785,0.0,0.0,32,256
sphere,2.000000,none,0,0.000102989,0.0,0.0,32,256
sphere,2.000000,none,0,0.000128374,0.0,0.0,32,256
sphere,2.000000,none,0,0.000148674,0.0,0.0,32,256
sphere,2.000000,none,0,9.8327e-05,0.0,0.0,32,256
sphere,2.000000,none,0,0.000166799,0.0,0.0,32,256
sphere,2.000000,none,0,0.000134822,0.0,0.0,32,256
sphere,2.000000,none,0,0.000100654,0.0,0.0,32,256
sphere,2.000000,none,0,0.000130687,0.0,0.0,32,256
sphere,2.000000,none,0,0.000105661,0.0,0.0,32,256
sphere,2.000000,none,0,9.3799e-05,0.0,0.0,32,256
sphere,2.000000,none,0,0.000178955,0.0,0.0,32,256
sphere,2.000000,none,0,0.000110141,0.0,0.0,32,256
sphere,2.000000,none,0,0.000159198,0.0,0.0,32,256
sphere,2.000000,none,0,0.000126289,0.0,0.0,32,256
sphere,2.000000,none,0,0.00011367,0.0,0.0,32,256
sphere,2.000000,none,0,6.0458e-05,0.0,0.0,32,256
sphere,2.000000,none,0,0.000158946,0.0,0.0,32,256
sphere,2.000000,none,0,0.000121194,0.0,0.0,32,256
sphere,2.000000,none,0,5.9313e-05,0.0,0.0,32,256
sphere,2.000000,none,0,0.000146588,0.0,0.0,32,256
sphere,2.000000,none,0,0.00010773,0.0,0.0,32,256
sphere,2.000000,none,0,7.538e-05,0.0,0.0,32,256
sphere,2.000000,none,0,7.9826e-05,0.0,0.0,32,256
sphere,2.000000,none,0,0.000135915,0.0,0.0,32,256
sphere,2.000000,none,0,8.0544e-05,0.0,0.0,32,256
sphere,2.000000,none,0,0.000125678,0.0,0.0,32,256
sphere,2.000000,none,0,0.000123479,0.0,0.0,32,256
sphere,2.000000,none,0,0.000125604,0.0,0.0,32,256
sphere,2.000000,none,0,0.000123666,0.0,0.0,32,256
sphere,2.000000,none,0,0.000105766,0.0,0.0,32,256
sphere,2.000000,none,0,9.6442e-05,0.0,0.0,32,256
sphere,2.000000,none,0,0.000112235,0.0,0.0,32,256
sphere,2.000000,none,0,7.6354e-05,0.0,0.0,32,256
sphere,2.000000,none,0,0.000130682,0.0,0.0,32,256
sphere,2.000000,none,0,0.00012296,0.0,0.0,32,256
sphere,2.000000,none,0,7.6721e-05,0.0,0.0,32,256
sphere,2.000000,none,0,0.000110651,0.0,0.0,32,256
sphere,2.000000,none,0,0.000129699,0.0,0.0,32,256
sphere,2.000000,none,0,2.7687e-05,0.0,0.0,32,256
sphere,2.000000,none,0,0.000119716,0.0,0.0,32,256
sphere,2.000000,none,0,0.000181,0.0,0.0,32,256
sphere,2.000000,none,0,0.000119032,0.0,0.0,32,256
sphere,2.000000,none,0,0.000114853,0.0,0.0,32,256
sphere,2.000000,none,0,9.6373e-05,0.0,0.0,32,256
sphere,2.000000,none,0,0.000186141,0.0,0.0,32,256
sphere,2.000000,none,0,0.000133996,0.0,0.0,32,256
sphere,2.000000,none,0,0.0001209,0.0,0.0,32,256
sphere,2.000000,none,0,0.000150616,0.0,0.0,32,256
sphere,2.000000,none,0,0.000160801,0.0,0.0,32,256
sphere,2.000000,none,0,0.000149228,0.0,0.0,32,256
sphere,2.000000,none,0,0.000162313,0.0,0.0,32,256
sphere,2.000000,none,0,0.000121844,0.0,0.0,32,256
sphere,2.000000,none,0,0.000158939,0.0,0.0,32,256
sphere,2.000000,none,0,0.000113381,0.0,0.0,32,256
sphere,2.000000,none,0,0.000203663,0.0,0.0,32,256
sphere,2.000000,none,0,0.000162,0.0,0.0,32,256
sphere,2.000000,none,0,7.476e-05,0.0,0.0,32,256
sphere,2.000000,none,0,0.000128808,0.0,0.0,32,256
sphere,2.000000,none,0,3.0599e-05,0.0,0.0,32,256
sphere,2.000000,none,0,0.000118807,0.0,0.0,32,256
sphere,2.000000,none,0,0.000111388,0.0,0.0,32,256
sphere,2.000000,none,0,6.0639e-05,0.0,0.0,32,256
sphere,2.000000,none,0,0.00016065,0.0,0.0,32,256
sphere,2.000000,none,0,8.8015e-05,0.0,0.0,32,256
sphere,2.000000,none,0,0.000129817,0.0,0.0,32,256
sphere,2.000000,none,0,0.00018813,0.0,0.0,32,256
sphere,2.000000,none,0,0.000120163,0.0,0.0,32,256
sphere,2.000000,none,0,0.000166997,0.0,0.0,32,256
sphere,2.000000,none,0,5.7263e-05,0.0,0.0,32,256
sphere,2.000000,none,0,0.000166644,0.0,0.0,32,256
sphere,2.000000,none,0,0.000137967,0.0,0.0,32,256
sphere,2.000000,none,0,0.000127873,0.0,0.0,32,256
sphere,2.000000,none,0,0.000150923,0.0,0.0,32,256
sphere,2.000000,none,0,0.000127101,0.0,0.0,32,256
sphere,2.000000,none,0,0.000147805,0.0,0.0,32,256
sphere,2.000000,none,0,8.9642e-05,0.0,0.0,32,256
sphere,2.000000,none,0,8.5599e-05,0.0,0.0,32,256
sphere,2.000000,none,0,0.000124624,0.0,0.0,32,256
sphere,2.000000,none,0,0.000124174,0.0,0.0,32,256
sphere,2.000000,none,0,0.000131663,0.0,0.0,32,256
sphere,2.000000,none,0,0.000151149,0.0,0.0,32,256
sphere,2.000000,none,0,0.000163002,0.0,0.0,32,256
sphere,2.000000,none,0,6.849e-05,0.0,0.0,32,256
sphere,2.000000,none,0,0.000121936,0.0,0.0,32,256
sphere,2.000000,none,0,0.000160621,0.0,0.0,32,256
sphere,2.000000,none,0,0.000153946,0.0,0.0,32,256
sphere,2.000000,none,0,9.3669e-05,0.0,0.0,32,256
sphere,2.000000,none,0,0.000142259,0.0,0.0,32,256
sphere,2.000000,none,0,0.000114899,0.0,0.0,32,256
sphere,2.000000,none,0,0.000169564,0.0,0.0,32,256
sphere,2.000000,none,0,8.2306e-05,0.0,0.0,32,256
sphere,2.000000,none,0,0.000231507,0.0,0.0,32,256
sphere,2.000000,none,0,0.000131389,0.0,0.0,32,256
sphere,2.000000,none,0,0.000103277,0.0,0.0,32,256
sphere,2.000000,none,0,2.7615e-05,0.0,0.0,32,256
sphere,2.000000,none,0,0.000111238,0.0,0.0,32,256
sphere,2.000000,none,0,4.9632e-05,0.0,0.0,32,256
sphere,2.000000,none,0,5.7533e-05,0.0,0.0,32,256
sphere,2.000000,none,0,0.000121906,0.0,0.0,32,256
sphere,2.000000,none,0,5.426e-05,0.0,0.0,32,256
sphere,2.000000,none,0,0.000109576,0.0,0.0,32,256
sphere,2.000000,none,0,0.000121914,0.0,0.0,32,256
sphere,2.000000,none,0,0.000153788,0.0,0.0,32,256
sphere,2.000000,none,0,0.000141022,0.0,0.0,32,256
sphere,2.000000,none,0,0.000125075,0.0,0.0,32,256
sphere,2.000000,none,0,8.0623e-05,0.0,0.0,32,256
sphere,2.000000,none,0,8.8161e-05,0.0,0.0,32,256
sphere,2.000000,none,0,0.000103578,0.0,0.0,32,256
sphere,2.000000,none,0,0.000159955,0.0,0.0,32,256
sphere,2.000000,none,0,7.9372e-05,0.0,0.0,32,256
sphere,2.000000,none,0,0.000120014,0.0,0.0,32,256
sphere,2.000000,none,0,7.2409e-05,0.0,0.0,32,256
sphere,2.000000,none,0,0.00011554,0.0,0.0,32,256
sphere,2.000000,none,0,0.00014565,0.0,0.0,32,256
sphere,2.000000,none,0,0.00011805,0.0,0.0,32,256
sphere,2.000000,none,0,0.00013774,0.0,0.0,32,256
sphere,2.000000,none,0,0.000113815,0.0,0.0,32,256
sphere,2.000000,none,0,0.000185397,0.0,0.0,32,256
sphere,2.000000,none,0,0.000177813,0.0,0.0,32,256
sphere,2.000000,none,0,0.000155356,0.0,0.0,32,256
sphere,2.000000,none,0,0.0001051,0.0,0.0,32,256
sphere,2.000000,none,0,9.7216e-05,0.0,0.0,32,256
sphere,2.000000,none,0,7.7994e-05,0.0,0.0,32,256
sphere,2.000000,none,0,0.000133473,0.0,0.0,32,256
sphere,2.000000,none,0,0.000111916,0.0,0.0,32,256
sphere,2.000000,none,0,0.000120442,0.0,0.0,32,256
sphere,2.000000,none,0,0.000118076,0.0,0.0,32,256
sphere,2.000000,none,0,0.000113805,0.0,0.0,32,256
sphere,2.000000,none,0,9.9709e-05,0.0,0.0,32,256
sphere,2.000000,none,0,0.00016967,0.0,0.0,32,256
sphere,2.000000,none,0,7.7265e-05,0.0,0.0,32,256
sphere,2.000000,none,0,0.00012744,0.0,0.0,32,256
sphere,2.000000,none,0,4.004e-06,0.0,0.0,32,256
sphere,2.000000,none,0,8.0554e-05,0.0,0.0,32,256
sphere,2.000000,none,0,1.7232e-05,0.0,0.0,32,256
sphere,2.000000,none,0,9.3713e-05,0.0,0.0,32,256
sphere,2.000000,none,0,7.6889e-05,0.0,0.0,32,256
sphere,2.000000,none,0,0.000121223,0.0,0.0,32,256
sphere,2.000000,none,0,0.000150708,0.0,0.0,32,256
sphere,2.000000,none,0,0.000150285,0.0,0.0,32,256
sphere,2.000000,none,0,6.2371e-05,0.0,0.0,32,256
sphere,2.000000,none,0,0.000176237,0.0,0.0,32,256
sphere,2.000000,none,0,0.000111397,0.0,0.0,32,256
sphere,2.000000,none,0,0.000138591,0.0,0.0,32,256
sphere,2.000000,none,0,0.000144284,0.0,0.0,32,256
sphere,2.000000,none,0,0.000105966,0.0,0.0,32,256
sphere,2.000000,none,0,9.2155e-05,0.0,0.0,32,256
sphere,2.000000,none,0,0.000105906,0.0,0.0,32,256
sphere,2.000000,none,0,0.00013541,0.0,0.0,32,256
sphere,2.000000,none,0,0.000133722,0.0,0.0,32,256
sphere,2.000000,none,0,0.000110462,0.0,0.0,32,256
sphere,2.000000,none,0,0.000123884,0.0,0.0,32,256
sphere,2.000000,none,0,8.683e-05,0.0,0.0,32,256
sphere,2.000000,none,0,0.000109172,0.0,0.0,32,256
sphere,2.000000,none,0,5.6459e-05,0.0,0.0,32,256
sphere,2.000000,none,0,0.000150193,0.0,0.0,32,256
sphere,2.000000,none,0,9.633e-05,0.0,0.0,32,256
sphere,2.000000,none,0,0.00015347,0.0,0.0,32,256
sphere,2.000000,none,0,0.000128759,0.0,0.0,32,256
sphere,2.000000,none,0,0.00011446,0.0,0.0,32,256
sphere,2.000000,none,0,0.000114554,0.0,0.0,32,256
sphere,2.000000,none,0,0.000124953,0.0,0.0,32,256
sphere,2.000000,none,0,0.000138034,0.0,0.0,32,256
sphere,2.000000,none,0,0.000152737,0.0,0.0,32,256
sphere,2.000000,none,0,0.000164799,0.0,0.0,32,256
sphere,2.000000,none,0,9.0661e-05,0.0,0.0,32,256
sphere,2.000000,none,0,0.000153835,0.0,0.0,32,256
sphere,2.000000,none,0,0.000138366,0.0,0.0,32,256
sphere,2.000000,none,0,0.000114776,0.0,0.0,32,256
sphere,2.000000,none,0,0.000121301,0.0,0.0,32,256
sphere,2.000000,none,0,0.000123854,0.0,0.0,32,256
sphere,2.000000,none,0,0.000103525,0.0,0.0,32,256
sphere,2.000000,none,0,0.000132165,0.0,0.0,32,256
sphere,2.000000,none,0,0.000130774,0.0,0.0,32,256
sphere,2.000000,none,0,0.000217444,0.0,0.0,32,256
sphere,2.000000,none,0,7.0969e-05,0.0,0.0,32,256
sphere,2.000000,none,0,0.000119113,0.0,0.0,32,256
sphere,2.000000,none,0,0.000117222,0.0,0.0,32,256
sphere,2.000000,none,0,7.249e-05,0.0,0.0,32,256
sphere,2.000000,none,0,0.000159111,0.0,0.0,32,256
sphere,2.000000,none,0,0.000127295,0.0,0.0,32,256
sphere,2.000000,none,0,0.000119085,0.0,0.0,32,256
sphere,2.000000,none,0,0.000151462,0.0,0.0,32,256
sphere,2.000000,none,0,0.000177527,0.0,0.0,32,256
sphere,2.000000,none,0,0.000135143,0.0,0.0,32,256
sphere,2.000000,none,0,7.7588e-05,0.0,0.0,32,256
sphere,2.000000,none,0,0.000140396,0.0,0.0,32,256
sphere,2.000000,none,0,0.000139452,0.0,0.0,32,256
sphere,2.000000,none,0,9.6826e-05,0.0,0.0,32,256
sphere,2.000000,none,0,7.5865e-05,0.0,0.0,32,256
sphere,2.000000,none,0,0.000163075,0.0,0.0,32,256
sphere,2.000000,none,0,0.000127818,0.0,0.0,32,256
sphere,2.000000,none,0,8.6125e-05,0.0,0.0,32,256
sphere,2.000000,none,0,0.00012252,0.0,0.0,32,256
sphere,2.000000,none,0,0.000135125,0.0,0.0,32,256
sphere,2.000000,none,0,7.4761e-05,0.0,0.0,32,256
sphere,2.000000,none,0,0.000121438,0.0,0.0,32,256
sphere,2.000000,none,0,2.6752e-05,0.0,0.0,32,256
sphere,2.000000,none,0,0.000159461,0.0,0.0,32,256
sphere,2.000000,none,0,0.00010005,0.0,0.0,32,256
sphere,2.000000,none,0,1.8803e-05,0.0,0.0,32,256
sphere,2.000000,none,0,0.000142989,0.0,0.0,32,256
sphere,2.000000,none,0,0.000135316,0.0,0.0,32,256
sphere,2.000000,none,0,0.00017493,0.0,0.0,32,256
sphere,2.000000,none,0,3.2624e-05,0.0,0.0,32,256
sphere,2.000000,none,0,0.000164094,0.0,0.0,32,256
sphere,2.000000,none,0,0.000178541,0.0,0.0,32,256
sphere,2.000000,none,0,0.000128089,0.0,0.0,32,256
sphere,2.000000,none,0,0.000143041,0.0,0.0,32,256
sphere,2.000000,none,0,0.000138514,0.0,0.0,32,256
sphere,2.000000,none,0,0.000133249,0.0,0.0,32,256
sphere,2.000000,none,0,0.000123127,0.0,0.0,32,256
sphere,2.000000,none,0,8.5119e-05,0.0,0.0,32,256
sphere,2.000000,none,0,0.00014079,0.0,0.0,32,256
sphere,2.000000,none,0,8.5456e-05,0.0,0.0,32,256
sphere,2.000000,none,0,5.963e-05,0.0,0.0,32,256
sphere,2.000000,none,0,0.000150602,0.0,0.0,32,256
sphere,2.000000,none,0,0.000137282,0.0,0.0,32,256
sphere,2.000000,none,0,3.8613e-05,0.0,0.0,32,256
sphere,2.000000,none,0,0.000186921,0.0,0.0,32,256
sphere,2.000000,none,0,0.000112861,0.0,0.0,32,256
sphere,2.000000,none,0,0.000123223,0.0,0.0,32,256
sphere,2.000000,none,0,0.000118743,0.0,0.0,32,256
sphere,2.000000,none,0,3.6257e-05,0.0,0.0,32,256
sphere,2.000000,none,0,0.00015158,0.0,0.0,32,256
sphere,2.000000,none,0,9.6084e-05,0.0,0.0,32,256
sphere,2.000000,none,0,2.5203e-05,0.0,0.0,32,256
sphere,2.000000,none,0,0.000143957,0.0,0.0,32,256
sphere,2.000000,none,0,7.9412e-05,0.0,0.0,32,256
sphere,2.000000,none,0,3.3846e-05,0.0,0.0,32,256
sphere,2.000000,none,0,0.00010924,0.0,0.0,32,256
sphere,2.000000,none,0,0.000127655,0.0,0.0,32,256
sphere,2.000000,none,0,1.8734e-05,0.0,0.0,32,256
sphere,2.000000,none,0,6.535e-05,0.0,0.0,32,256
sphere,2.000000,none,0,9.4383e-05,0.0,0.0,32,256
sphere,2.000000,none,0,9.6598e-05,0.0,0.0,32,256
sphere,2.000000,none,0,0.000150954,0.0,0.0,32,256
sphere,2.000000,none,0,0.000120427,0.0,0.0,32,256
sphere,2.000000,none,0,0.000146416,0.0,0.0,32,256
sphere,2.000000,none,0,9.5732e-05,0.0,0.0,32,256
sphere,2.000000,none,0,7.7546e-05,0.0,0.0,32,256
sphere,2.000000,none,0,0.00012308,0.0,0.0,32,256
sphere,2.000000,none,0,9.2949e-05,0.0,0.0,32,256
sphere,2.000000,none,0,2.623e-05,0.0,0.0,32,256
sphere,2.000000,none,0,0.000135222,0.0,0.0,32,256
sphere,2.000000,none,0,8.6152e-05,0.0,0.0,32,256
sphere,2.000000,none,0,0.000105352,0.0,0.0,32,256
sphere,2.000000,none,0,0.000161624,0.0,0.0,32,256
sphere,2.000000,none,0,0.000100101,0.0,0.0,32,256
sphere,2.000000,none,0,0.000137363,0.0,0.0,32,256
sphere,2.000000,none,0,0.000121091,0.0,0.0,32,256
sphere,2.000000,none,0,0.000123105,0.0,0.0,32,256
sphere,2.000000,none,0,0.000108341,0.0,0.0,32,256
sphere,2.000000,none,0,0.000112365,0.0,0.0,32,256
sphere,2.000000,none,0,0.00014272,0.0,0.0,32,256
sphere,2.000000,none,0,0.000102534,0.0,0.0,32,256
sphere,2.000000,none,0,0.000142493,0.0,0.0,32,256
sphere,2.000000,none,0,0.000145455,0.0,0.0,32,256
sphere,2.000000,none,0,9.8276e-05,0.0,0.0,32,256
sphere,2.000000,none,0,0.000112666,0.0,0.0,32,256
sphere,2.000000,none,0,0.000125904,0.0,0.0,32,256
sphere,2.000000,none,0,0.000123808,0.0,0.0,32,256
sphere,2.000000,none,0,0.000195421,0.0,0.0,32,256
sphere,2.000000,none,0,0.000133329,0.0,0.0,32,256
sphere,2.000000,none,0,0.000129502,0.0,0.0,32,256
sphere,2.000000,none,0,5.8992e-05,0.0,0.0,32,256
sphere,2.000000,none,0,0.000146027,0.0,0.0,32,256
sphere,2.000000,none,0,0.000120072,0.0,0.0,32,256
sphere,2.000000,none,0,1.765e-05,0.0,0.0,32,256
sphere,2.000000,none,0,7.8279e-05,0.0,0.0,32,256
sphere,2.000000,none,0,2.5091e-05,0.0,0.0,32,256
sphere,2.000000,none,0,0.000131242,0.0,0.0,32,256
sphere,2.000000,none,0,0.000130132,0.0,0.0,32,256
sphere,2.000000,none,0,8.8794e-05,0.0,0.0,32,256
sphere,2.000000,none,0,0.000147355,0.0,0.0,32,256
sphere,2.000000,none,0,0.000142277,0.0,0.0,32,256
sphere,2.000000,none,0,0.000107,0.0,0.0,32,256
sphere,2.000000,none,0,9.7416e-05,0.0,0.0,32,256
sphere,2.000000,none,0,0.000132104,0.0,0.0,32,256
sphere,2.000000,none,0,0.00012655,0.0,0.0,32,256
sphere,2.000000,none,0,0.000126539,0.0,0.0,32,256
sphere,2.000000,none,0,0.000103142,0.0,0.0,32,256
sphere,2.000000,none,0,9.0399e-05,0.0,0.0,32,256
sphere,2.000000,none,0,8.6537e-05,0.0,0.0,32,256
sphere,2.000000,none,0,5.1961e-05,0.0,0.0,32,256
sphere,2.000000,none,0,0.0001117,0.0,0.0,32,256
sphere,2.000000,none,0,0.000116659,0.0,0.0,32,256
sphere,2.000000,none,0,4.0633e-05,0.0,0.0,32,256
sphere,2.000000,none,0,0.000101685,0.0,0.0,32,256
sphere,2.000000,none,0,8.0612e-05,0.0,0.0,32,256
sphere,2.000000,none,0,0.000129056,0.0,0.0,32,256
sphere,2.000000,none,0,0.000145099,0.0,0.0,32,256
sphere,2.000000,none,0,0.000122749,0.0,0.0,32,256
sphere,2.000000,none,0,8.828e-05,0.0,0.0,32,256
sphere,2.000000,none,0,6.9127e-05,0.0,0.0,32,256
sphere,2.000000,none,0,9.4505e-05,0.0,0.0,32,256
sphere,2.000000,none,0,5.8659e-05,0.0,0.0,32,256
sphere,2.000000,none,0,0.000168524,0.0,0.0,32,256
sphere,2.000000,none,0,0.000122555,0.0,0.0,32,256
sphere,2.000000,none,0,0.00022694,0.0,0.0,32,256
sphere,2.000000,none,0,0.000155554,0.0,0.0,32,256
sphere,2.000000,none,0,0.000114437,0.0,0.0,32,256
sphere,2.000000,none,0,0.000146018,0.0,0.0,32,256
sphere,2.000000,none,0,0.00013341,0.0,0.0,32,256
sphere,2.000000,none,0,9.0926e-05,0.0,0.0,32,256
sphere,2.000000,none,0,9.3761e-05,0.0,0.0,32,256
sphere,2.000000,none,0,0.000131285,0.0,0.0,32,256
sphere,2.000000,none,0,0.000128121,0.0,0.0,32,256
sphere,2.000000,none,0,0.000127611,0.0,0.0,32,256
sphere,2.000000,none,0,5.66e-05,0.0,0.0,32,256
sphere,2.000000,none,0,0.000104744,0.0,0.0,32,256
sphere,2.000000,none,0,0.000120649,0.0,0.0,32,256
sphere,2.000000,none,0,0.000109225,0.0,0.0,32,256
sphere,2.000000,none,0,0.000149625,0.0,0.0,32,256
sphere,2.000000,none,0,6.5123e-05,0.0,0.0,32,256
sphere,2.000000,none,0,0.000141898,0.0,0.0,32,256
sphere,2.000000,none,0,0.000129047,0.0,0.0,32,256
sphere,2.000000,none,0,0.000126274,0.0,0.0,32,256
sphere,2.000000,none,0,9.7933e-05,0.0,0.0,32,256
sphere,2.000000,none,0,0.000135238,0.0,0.0,32,256
sphere,2.000000,none,0,0.000128466,0.0,0.0,32,256
sphere,2.000000,none,0,0.000114382,0.0,0.0,32,256
sphere,2.000000,none,0,0.000114166,0.0,0.0,32,256
sphere,2.000000,none,0,0.000117972,0.0,0.0,32,256
sphere,2.000000,none,0,0.000102535,0.0,0.0,32,256
sphere,2.000000,none,0,0.000197251,0.0,0.0,32,256
sphere,2.000000,none,0,0.000136767,0.0,0.0,32,256
sphere,2.000000,none,0,0.000132057,0.0,0.0,32,256
sphere,2.000000,none,0,0.000123298,0.0,0.0,32,256
sphere,2.000000,none,0,0.00013391,0.0,0.0,32,256
sphere,2.000000,none,0,2.2345e-05,0.0,0.0,32,256
sphere,2.000000,none,0,7.3113e-05,0.0,0.0,32,256
sphere,2.000000,none,0,9.4791e-05,0.0,0.0,32,256
sphere,2.000000,none,0,0.000139671,0.0,0.0,32,256
sphere,2.000000,none,0,0.000128737,0.0,0.0,32,256
sphere,2.000000,none,0,0.000149067,0.0,0.0,32,256
sphere,2.000000,none,0,0.000100315,0.0,0.0,32,256
sphere,2.000000,none,0,9.1757e-05,0.0,0.0,32,256
sphere,2.000000,none,0,9.3736e-05,0.0,0.0,32,256
sphere,2.000000,none,0,0.000179038,0.0,0.0,32,256
sphere,2.000000,none,0,9.7759e-05,0.0,0.0,32,256
sphere,2.000000,none,0,0.000123051,0.0,0.0,32,256
sphere,2.000000,none,0,0.000145909,0.0,0.0,32,256
sphere,2.000000,none,0,0.000113845,0.0,0.0,32,256
sphere,2.000000,none,0,0.000178949,0.0,0.0,32,256
sphere,2.000000,none,0,0.000147844,0.0,0.0,32,256
sphere,2.000000,none,0,0.000156573,0.0,0.0,32,256
sphere,2.000000,none,0,5.5746e-05,0.0,0.0,32,256
sphere,2.000000,none,0,2.5574e-05,0.0,0.0,32,256
sphere,2.000000,none,0,0.000131702,0.0,0.0,32,256
sphere,2.000000,none,0,5.3719e-05,0.0,0.0,32,256
sphere,2.000000,none,0,0.000143598,0.0,0.0,32,256
sphere,2.000000,none,0,0.000123421,0.0,0.0,32,256
sphere,2.000000,none,0,0.00013552,0.0,0.0,32,256
sphere,2.000000,none,0,0.000113375,0.0,0.0,32,256
sphere,2.000000,none,0,0.00013629,0.0,0.0,32,256
sphere,2.000000,none,0,0.000151358,0.0,0.0,32,256
sphere,2.000000,none,0,0.000120741,0.0,0.0,32,256
sphere,2.000000,none,0,0.000106193,0.0,0.0,32,256
sphere,2.000000,none,0,0.000128952,0.0,0.0,32,256
sphere,2.000000,none,0,0.000113167,0.0,0.0,32,256
sphere,2.000000,none,0,9.7249e-05,0.0,0.0,32,256
sphere,2.000000,none,0,0.000130388,0.0,0.0,32,256
sphere,2.000000,none,0,5.4544e-05,0.0,0.0,32,256
sphere,2.000000,none,0,0.000109957,0.0,0.0,32,256
sphere,2.000000,none,0,8.2532e-05,0.0,0.0,32,256
sphere,2.000000,none,0,0.00015803,0.0,0.0,32,256
sphere,2.000000,none,0,0.000158825,0.0,0.0,32,256
sphere,2.000000,none,0,0.000134435,0.0,0.0,32,256
sphere,2.000000,none,0,0.000137376,0.0,0.0,32,256
sphere,2.000000,none,0,9.4104e-05,0.0,0.0,32,256
sphere,2.000000,none,0,3.7204e-05,0.0,0.0,32,256
sphere,2.000000,none,0,0.000109064,0.0,0.0,32,256
sphere,2.000000,none,0,0.000146609,0.0,0.0,32,256
sphere,2.000000,none,0,8.025e-05,0.0,0.0,32,256
sphere,2.000000,none,0,0.000124961,0.0,0.0,32,256
sphere,2.000000,none,0,0.000104546,0.0,0.0,32,256
sphere,2.000000,none,0,0.00013696,0.0,0.0,32,256
sphere,2.000000,none,0,0.000127845,0.0,0.0,32,256
sphere,2.000000,none,0,8.6714e-05,0.0,0.0,32,256
sphere,2.000000,none,0,0.000137619,0.0,0.0,32,256
sphere,2.000000,none,0,0.000139391,0.0,0.0,32,256
sphere,2.000000,none,0,0.000147582,0.0,0.0,32,256
sphere,2.000000,none,0,0.000176189,0.0,0.0,32,256
sphere,2.000000,none,0,6.3011e-05,0.0,0.0,32,256
sphere,2.000000,none,0,0.000122764,0.0,0.0,32,256
sphere,2.000000,none,0,4.7965e-05,0.0,0.0,32,256
sphere,2.000000,none,0,0.000120447,0.0,0.0,32,256
sphere,2.000000,none,0,0.000122061,0.0,0.0,32,256
sphere,2.000000,none,0,0.000188468,0.0,0.0,32,256
sphere,2.000000,none,0,9.1489e-05,0.0,0.0,32,256
sphere,2.000000,none,0,0.000132306,0.0,0.0,32,256
sphere,2.000000,none,0,9.878e-05,0.0,0.0,32,256
sphere,2.000000,none,0,0.000118779,0.0,0.0,32,256
sphere,2.000000,none,0,8.5072e-05,0.0,0.0,32,256
sphere,2.000000,none,0,0.000132691,0.0,0.0,32,256
sphere,2.000000,none,0,0.000115475,0.0,0.0,32,256
sphere,2.000000,none,0,0.000112956,0.0,0.0,32,256
sphere,2.000000,none,0,5.4232e-05,0.0,0.0,32,256
sphere,2.000000,none,0,0.000114357,0.0,0.0,32,256
sphere,2.000000,none,0,0.000158309,0.0,0.0,32,256
sphere,2.000000,none,0,7.2438e-05,0.0,0.0,32,256
sphere,2.000000,none,0,0.000133521,0.0,0.0,32,256
sphere,2.000000,none,0,0.000128696,0.0,0.0,32,256
sphere,2.000000,none,0,0.00012021,0.0,0.0,32,256
sphere,2.000000,none,0,0.000256828,0.0,0.0,32,256
sphere,2.000000,none,0,0.000185558,0.0,0.0,32,256
sphere,2.000000,none,0,0.000112049,0.0,0.0,32,256
sphere,2.000000,none,0,0.000151694,0.0,0.0,32,256
sphere,2.000000,none,0,0.000158914,0.0,0.0,32,256
sphere,2.000000,none,0,1.9222e-05,0.0,0.0,32,256
sphere,2.000000,none,0,0.000164825,0.0,0.0,32,256
sphere,2.000000,none,0,0.000102002,0.0,0.0,32,256
sphere,2.000000,none,0,7.4215e-05,0.0,0.0,32,256
sphere,2.000000,none,0,0.000124483,0.0,0.0,32,256
sphere,2.000000,none,0,0.000109112,0.0,0.0,32,256
sphere,2.000000,none,0,0.000179191,0.0,0.0,32,256
sphere,2.000000,none,0,0.000122656,0.0,0.0,32,256
sphere,2.000000,none,0,0.000120968,0.0,0.0,32,256
sphere,2.000000,none,0,0.000134016,0.0,0.0,32,256
sphere,2.000000,none,0,0.000203081,0.0,0.0,32,256
sphere,2.000000,none,0,0.000137123,0.0,0.0,32,256
sphere,2.000000,none,0,5.4279e-05,0.0,0.0,32,256
sphere,2.000000,none,0,0.000126532,0.0,0.0,32,256
sphere,2.000000,none,0,8.2056e-05,0.0,0.0,32,256
sphere,2.000000,none,0,0.000140239,0.0,0.0,32,256
sphere,2.000000,none,0,0.000120732,0.0,0.0,32,256
sphere,2.000000,none,0,0.000105069,0.0,0.0,32,256
sphere,2.000000,none,0,0.000131443,0.0,0.0,32,256
sphere,2.000000,none,0,0.000118875,0.0,0.0,32,256
sphere,2.000000,none,0,0.000123706,0.0,0.0,32,256
sphere,2.000000,none,0,0.000113195,0.0,0.0,32,256
sphere,2.000000,none,0,4.41e-05,0.0,0.0,32,256
sphere,2.000000,none,0,0.000151826,0.0,0.0,32,256
sphere,2.000000,none,0,0.000135835,0.0,0.0,32,256
sphere,2.000000,none,0,0.000130815,0.0,0.0,32,256
sphere,2.000000,none,0,9.9129e-05,0.0,0.0,32,256
sphere,2.000000,none,0,0.000151385,0.0,0.0,32,256
sphere,2.000000,none,0,8.7577e-05,0.0,0.0,32,256
sphere,2.000000,none,0,0.000127638,0.0,0.0,32,256
sphere,2.000000,none,0,0.00012936,0.0,0.0,32,256
sphere,2.000000,none,0,8.651e-05,0.0,0.0,32,256
sphere,2.000000,none,0,8.8097e-05,0.0,0.0,32,256
sphere,2.000000,none,0,0.000134045,0.0,0.0,32,256
sphere,2.000000,none,0,1.4503e-05,0.0,0.0,32,256
sphere,2.000000,none,0,0.000157238,0.0,0.0,32,256
sphere,2.000000,none,0,9.8719e-05,0.0,0.0,32,256
sphere,2.000000,none,0,8.858e-05,0.0,0.0,32,256
sphere,2.000000,none,0,0.000116894,0.0,0.0,32,256
sphere,2.000000,none,0,9.5007e-05,0.0,0.0,32,256
sphere,2.000000,none,0,0.000135009,0.0,0.0,32,256
sphere,2.000000,none,0,0.000108947,0.0,0.0,32,256
sphere,2.000000,none,0,9.6829e-05,0.0,0.0,32,256
sphere,2.000000,none,0,0.00012551,0.0,0.0,32,256
sphere,2.000000,none,0,0.000139686,0.0,0.0,32,256
sphere,2.000000,none,0,4.3939e-05,0.0,0.0,32,256
sphere,2.000000,none,0,0.000232095,0.0,0.0,32,256
sphere,2.000000,none,0,0.000165021,0.0,0.0,32,256
sphere,2.000000,none,0,0.000103447,0.0,0.0,32,256
sphere,2.000000,none,0,0.000133884,0.0,0.0,32,256
sphere,2.000000,none,0,0.000140526,0.0,0.0,32,256
sphere,2.000000,none,0,0.000103012,0.0,0.0,32,256
sphere,2.000000,none,0,0.000166928,0.0,0.0,32,256
sphere,2.000000,none,0,0.00013212,0.0,0.0,32,256
sphere,2.000000,none,0,0.000125707,0.0,0.0,32,256
sphere,2.000000,none,0,0.000134016,0.0,0.0,32,256
sphere,2.000000,none,0,0.000123508,0.0,0.0,32,256
sphere,2.000000,none,0,7.9346e-05,0.0,0.0,32,256
sphere,2.000000,none,0,0.000158468,0.0,0.0,32,256
sphere,2.000000,none,0,0.000164304,0.0,0.0,32,256
sphere,2.000000,none,0,0.000103902,0.0,0.0,32,256
sphere,2.000000,none,0,0.000235799,0.0,0.0,32,256
sphere,2.000000,none,0,0.000150048,0.0,0.0,32,256
sphere,2.000000,none,0,0.000202131,0.0,0.0,32,256
sphere,2.000000,none,0,0.000172661,0.0,0.0,32,256
sphere,2.000000,none,0,0.000184751,0.0,0.0,32,256
sphere,2.000000,none,0,0.000125715,0.0,0.0,32,256
sphere,2.000000,none,0,0.000133978,0.0,0.0,32,256
sphere,2.000000,none,0,7.5719e-05,0.0,0.0,32,256
sphere,2.000000,none,0,0.000172131,0.0,0.0,32,256
sphere,2.000000,none,0,0.000153164,0.0,0.0,32,256
sphere,2.000000,none,0,0.000197452,0.0,0.0,32,256
sphere,2.000000,none,0,0.000119724,0.0,0.0,32,256
sphere,2.000000,none,0,0.000145744,0.0,0.0,32,256
sphere,2.000000,none,0,0.000134868,0.0,0.0,32,256
sphere,2.000000,none,0,0.000145594,0.0,0.0,32,256
sphere,2.000000,none,0,0.000159051,0.0,0.0,32,256
sphere,2.000000,none,0,5.0011e-05,0.0,0.0,32,256
sphere,2.000000,none,0,0.00016543,0.0,0.0,32,256
sphere,2.000000,none,0,0.000105505,0.0,0.0,32,256
sphere,2.000000,none,0,0.000127835,0.0,0.0,32,256
sphere,2.000000,none,0,0.000130664,0.0,0.0,32,256
sphere,2.000000,none,0,0.00014359,0.0,0.0,32,256
sphere,2.000000,none,0,0.000112131,0.0,0.0,32,256
sphere,2.000000,none,0,2.4728e-05,0.0,0.0,32,256
sphere,2.000000,none,0,0.000148717,0.0,0.0,32,256
sphere,2.000000,none,0,0.000107932,0.0,0.0,32,256
sphere,2.000000,none,0,0.000131839,0.0,0.0,32,256
sphere,2.000000,none,0,0.000172585,0.0,0.0,32,256
sphere,2.000000,none,0,0.000206034,0.0,0.0,32,256
sphere,2.000000,none,0,0.000118818,0.0,0.0,32,256
sphere,2.000000,none,0,0.000150646,0.0,0.0,32,256
sphere,2.000000,none,0,0.000173203,0.0,0.0,32,256
sphere,2.000000,none,0,0.000157765,0.0,0.0,32,256
sphere,2.000000,none,0,0.000177137,0.0,0.0,32,256
sphere,2.000000,none,0,0.000140774,0.0,0.0,32,256
sphere,2.000000,none,0,0.000125816,0.0,0.0,32,256
sphere,2.000000,none,0,0.000159339,0.0,0.0,32,256
sphere,2.000000,none,0,0.000128402,0.0,0.0,32,256
sphere,2.000000,none,0,9.8101e-05,0.0,0.0,32,256
sphere,2.000000,none,0,0.000125345,0.0,0.0,32,256
sphere,2.000000,none,0,0.000105624,0.0,0.0,32,256
sphere,2.000000,none,0,0.000114429,0.0,0.0,32,256
sphere,2.000000,none,0,9.0696e-05,0.0,0.0,32,256
sphere,2.000000,none,0,0.0001144,0.0,0.0,32,256
sphere,2.000000,none,0,5.671e-05,0.0,0.0,32,256
sphere,2.000000,none,0,0.000123862,0.0,0.0,32,256
sphere,2.000000,none,0,0.000106851,0.0,0.0,32,256
sphere,2.000000,none,0,5.8913e-05,0.0,0.0,32,256
sphere,2.000000,none,0,0.000136336,0.0,0.0,32,256
sphere,2.000000,none,0,0.000109108,0.0,0.0,32,256
sphere,2.000000,none,0,7.0982e-05,0.0,0.0,32,256
sphere,2.000000,none,0,7.8766e-05,0.0,0.0,32,256
sphere,2.000000,none,0,0.000132816,0.0,0.0,32,256
sphere,2.000000,none,0,8.7031e-05,0.0,0.0,32,256
sphere,2.000000,none,0,0.000144874,0.0,0.0,32,256
sphere,2.000000,none,0,0.000143434,0.0,0.0,32,256
sphere,2.000000,none,0,0.000147632,0.0,0.0,32,256
sphere,2.000000,none,0,0.000150296,0.0,0.0,32,256
sphere,2.000000,none,0,0.000143654,0.0,0.0,32,256
sphere,2.000000,none,0,0.000160789,0.0,0.0,32,256
sphere,2.000000,none,0,0.000161212,0.0,0.0,32,256
sphere,2.000000,none,0,7.6024e-05,0.0,0.0,32,256
sphere,2.000000,none,0,0.000127077,0.0,0.0,32,256
sphere,2.000000,none,0,0.000121869,0.0,0.0,32,256
sphere,2.000000,none,0,7.475e-05,0.0,0.0,32,256
sphere,2.000000,none,0,0.000129246,0.0,0.0,32,256
sphere,2.000000,none,0,0.000127433,0.0,0.0,32,256
sphere,2.000000,none,0,2.7294e-05,0.0,0.0,32,256
sphere,2.000000,none,0,0.000115927,0.0,0.0,32,256
sphere,2.000000,none,0,0.000131492,0.0,0.0,32,256
sphere,2.000000,none,0,0.000115413,0.0,0.0,32,256
sphere,2.000000,none,0,0.000114187,0.0,0.0,32,256
sphere,2.000000,none,0,9.5423e-05,0.0,0.0,32,256
sphere,2.000000,none,0,0.000191528,0.0,0.0,32,256
sphere,2.000000,none,0,0.000134804,0.0,0.0,32,256
sphere,2.000000,none,0,0.00011591,0.0,0.0,32,256
sphere,2.000000,none,0,0.000138337,0.0,0.0,32,256
sphere,2.000000,none,0,0.000159825,0.0,0.0,32,256
sphere,2.000000,none,0,0.000140259,0.0,0.0,32,256
sphere,2.000000,none,0,0.000146178,0.0,0.0,32,256
sphere,2.000000,none,0,0.000121446,0.0,0.0,32,256
sphere,2.000000,none,0,0.000162239,0.0,0.0,32,256
sphere,2.000000,none,0,0.000124418,0.0,0.0,32,256
sphere,2.000000,none,0,0.000189692,0.0,0.0,32,256
sphere,2.000000,none,0,0.000192194,0.0,0.0,32,256
sphere,2.000000,none,0,8.0954e-05,0.0,0.0,32,256
sphere,2.000000,none,0,0.000132057,0.0,0.0,32,256
sphere,2.000000,none,0,4.2415e-05,0.0,0.0,32,256
sphere,2.000000,none,0,0.000116837,0.0,0.0,32,256
sphere,2.000000,none,0,9.5579e-05,0.0,0.0,32,256
sphere,2.000000,none,0,6.0763e-05,0.0,0.0,32,256
sphere,2.000000,none,0,0.000151393,0.0,0.0,32,256
sphere,2.000000,none,0,8.8608e-05,0.0,0.0,32,256
sphere,2.000000,none,0,0.000131332,0.0,0.0,32,256
sphere,2.000000,none,0,0.000158065,0.0,0.0,32,256
sphere,2.000000,none,0,0.0001276,0.0,0.0,32,256
sphere,2.000000,none,0,0.000203129,0.0,0.0,32,256
sphere,2.000000,none,0,6.6555e-05,0.0,0.0,32,256
sphere,2.000000,none,0,0.000181449,0.0,0.0,32,256
sphere,2.000000,none,0,0.000158421,0.0,0.0,32,256
sphere,2.000000,none,0,0.000130948,0.0,0.0,32,256
sphere,2.000000,none,0,0.000256193,0.0,0.0,32,256
sphere,2.000000,none,0,0.000129018,0.0,0.0,32,256
sphere,2.000000,none,0,0.00012969,0.0,0.0,32,256
sphere,2.000000,none,0,8.1439e-05,0.0,0.0,32,256
sphere,2.000000,none,0,9.6981e-05,0.0,0.0,32,256
sphere,2.000000,none,0,0.000135029,0.0,0.0,32,256
sphere,2.000000,none,0,0.000162401,0.0,0.0,32,256
sphere,2.000000,none,0,0.000236422,0.0,0.0,32,256
sphere,2.000000,none,0,0.000151599,0.0,0.0,32,256
sphere,2.000000,none,0,0.000163343,0.0,0.0,32,256
sphere,2.000000,none,0,6.8224e-05,0.0,0.0,32,256
sphere,2.000000,none,0,0.000110946,0.0,0.0,32,256
sphere,2.000000,none,0,0.000134166,0.0,0.0,32,256
sphere,2.000000,none,0,0.000144016,0.0,0.0,32,256
sphere,2.000000,none,0,9.0778e-05,0.0,0.0,32,256
sphere,2.000000,none,0,0.000141143,0.0,0.0,32,256
sphere,2.000000,none,0,0.000116261,0.0,0.0,32,256
sphere,2.000000,none,0,0.000123347,0.0,0.0,32,256
sphere,2.000000,none,0,7.024e-05,0.0,0.0,32,256
sphere,2.000000,none,0,0.000139326,0.0,0.0,32,256
sphere,2.000000,none,0,0.000123316,0.0,0.0,32,256
sphere,2.000000,none,0,0.000107717,0.0,0.0,32,256
sphere,2.000000,none,0,2.6734e-05,0.0,0.0,32,256
sphere,2.000000,none,0,0.000110155,0.0,0.0,32,256
sphere,2.000000,none,0,5.9048e-05,0.0,0.0,32,256
sphere,2.000000,none,0,5.664e-05,0.0,0.0,32,256
sphere,2.000000,none,0,0.000120484,0.0,0.0,32,256
sphere,2.000000,none,0,5.4631e-05,0.0,0.0,32,256
sphere,2.000000,none,0,0.000112726,0.0,0.0,32,256
sphere,2.000000,none,0,0.000120211,0.0,0.0,32,256
sphere,2.000000,none,0,0.000139546,0.0,0.0,32,256
sphere,2.000000,none,0,0.000110367,0.0,0.0,32,256
sphere,2.000000,none,0,0.000125515,0.0,0.0,32,256
sphere,2.000000,none,0,8.0156e-05,0.0,0.0,32,256
sphere,2.000000,none,0,8.7571e-05,0.0,0.0,32,256
sphere,2.000000,none,0,0.000112862,0.0,0.0,32,256
sphere,2.000000,none,0,0.00018919,0.0,0.0,32,256
sphere,2.000000,none,0,7.8194e-05,0.0,0.0,32,256
sphere,2.000000,none,0,0.000119172,0.0,0.0,32,256
sphere,2.000000,none,0,7.236e-05,0.0,0.0,32,256
sphere,2.000000,none,0,0.000115026,0.0,0.0,32,256
sphere,2.000000,none,0,0.00015502,0.0,0.0,32,256
sphere,2.000000,none,0,0.000118236,0.0,0.0,32,256
sphere,2.000000,none,0,0.000147884,0.0,0.0,32,256
sphere,2.000000,none,0,9.9429e-05,0.0,0.0,32,256
sphere,2.000000,none,0,0.000171071,0.0,0.0,32,256
sphere,2.000000,none,0,0.000133541,0.0,0.0,32,256
sphere,2.000000,none,0,0.000143423,0.0,0.0,32,256
sphere,2.000000,none,0,9.9969e-05,0.0,0.0,32,256
sphere,2.000000,none,0,0.000102855,0.0,0.0,32,256
sphere,2.000000,none,0,8.8927e-05,0.0,0.0,32,256
sphere,2.000000,none,0,0.000123108,0.0,0.0,32,256
sphere,2.000000,none,0,0.000106094,0.0,0.0,32,256
sphere,2.000000,none,0,0.000123029,0.0,0.0,32,256
sphere,2.000000,none,0,0.00012023,0.0,0.0,32,256
sphere,2.000000,none,0,0.000168672,0.0,0.0,32,256
sphere,2.000000,none,0,0.000100448,0.0,0.0,32,256
sphere,2.000000,none,0,0.000179912,0.0,0.0,32,256
sphere,2.000000,none,0,8.1042e-05,0.0,0.0,32,256
sphere,2.000000,none,0,0.000138891,0.0,0.0,32,256
sphere,2.000000,none,0,4.004e-06,0.0,0.0,32,256
sphere,2.000000,none,0,8.0383e-05,0.0,0.0,32,256
sphere,2.000000,none,0,1.9439e-05,0.0,0.0,32,256
sphere,2.000000,none,0,0.000137191,0.0,0.0,32,256
sphere,2.000000,none,0,8.0709e-05,0.0,0.0,32,256
sphere,2.000000,none,0,0.000102545,0.0,0.0,32,256
sphere,2.000000,none,0,0.000148509,0.0,0.0,32,256
sphere,2.000000,none,0,0.000142161,0.0,0.0,32,256
sphere,2.000000,none,0,4.2175e-05,0.0,0.0,32,256
sphere,2.000000,none,0,0.000143346,0.0,0.0,32,256
sphere,2.000000,none,0,0.000104941,0.0,0.0,32,256
sphere,2.000000,none,0,0.000136028,0.0,0.0,32,256
sphere,2.000000,none,0,0.000136118,0.0,0.0,32,256
sphere,2.000000,none,0,0.000108934,0.0,0.0,32,256
sphere,2.000000,none,0,9.6119e-05,0.0,0.0,32,256
sphere,2.000000,none,0,0.000107782,0.0,0.0,32,256
sphere,2.000000,none,0,8.3621e-05,0.0,0.0,32,256
sphere,2.000000,none,0,0.000116177,0.0,0.0,32,256
sphere,2.000000,none,0,0.000112312,0.0,0.0,32,256
sphere,2.000000,none,0,0.000123066,0.0,0.0,32,256
sphere,2.000000,none,0,0.000132537,0.0,0.0,32,256
sphere,2.000000,none,0,0.000107046,0.0,0.0,32,256
sphere,2.000000,none,0,5.6576e-05,0.0,0.0,32,256
sphere,2.000000,none,0,0.000138027,0.0,0.0,32,256
sphere,2.000000,none,0,8.8509e-05,0.0,0.0,32,256
sphere,2.000000,none,0,0.000145039,0.0,0.0,32,256
sphere,2.000000,none,0,0.000115998,0.0,0.0,32,256
sphere,2.000000,none,0,0.000112815,0.0,0.0,32,256
sphere,2.000000,none,0,0.000127049,0.0,0.0,32,256
sphere,2.000000,none,0,0.000124727,0.0,0.0,32,256
sphere,2.000000,none,0,0.000133004,0.0,0.0,32,256
sphere,2.000000,none,0,0.000182608,0.0,0.0,32,256
sphere,2.000000,none,0,0.000182339,0.0,0.0,32,256
sphere,2.000000,none,0,9.3851e-05,0.0,0.0,32,256
sphere,2.000000,none,0,0.000157207,0.0,0.0,32,256
sphere,2.000000,none,0,0.000140555,0.0,0.0,32,256
sphere,2.000000,none,0,0.00013365,0.0,0.0,32,256
sphere,2.000000,none,0,0.000138845,0.0,0.0,32,256
sphere,2.000000,none,0,0.000125617,0.0,0.0,32,256
sphere,2.000000,none,0,9.535e-05,0.0,0.0,32,256
sphere,2.000000,none,0,0.000132533,0.0,0.0,32,256
sphere,2.000000,none,0,0.000140512,0.0,0.0,32,256
sphere,2.000000,none,0,0.000176877,0.0,0.0,32,256
sphere,2.000000,none,0,6.7301e-05,0.0,0.0,32,256
sphere,2.000000,none,0,0.000117549,0.0,0.0,32,256
sphere,2.000000,none,0,0.00011895,0.0,0.0,32,256
sphere,2.000000,none,0,7.5139e-05,0.0,0.0,32,256
sphere,2.000000,none,0,0.000141985,0.0,0.0,32,256
sphere,2.000000,none,0,0.000125442,0.0,0.0,32,256
sphere,2.000000,none,0,0.000120002,0.0,0.0,32,256
sphere,2.000000,none,0,0.000152017,0.0,0.0,32,256
sphere,2.000000,none,0,0.000175854,0.0,0.0,32,256
sphere,2.000000,none,0,0.000144859,0.0,0.0,32,256
sphere,2.000000,none,0,7.7795e-05,0.0,0.0,32,256
sphere,2.000000,none,0,0.000142265,0.0,0.0,32,256
sphere,2.000000,none,0,0.000134332,0.0,0.0,32,256
sphere,2.000000,none,0,0.00012617,0.0,0.0,32,256
sphere,2.000000,none,0,9.5911e-05,0.0,0.0,32,256
sphere,2.000000,none,0,0.000168753,0.0,0.0,32,256
sphere,2.000000,none,0,0.000132538,0.0,0.0,32,256
sphere,2.000000,none,0,0.000102768,0.0,0.0,32,256
sphere,2.000000,none,0,0.00014226,0.0,0.0,32,256
sphere,2.000000,none,0,0.000151973,0.0,0.0,32,256
sphere,2.000000,none,0,0.000109387,0.0,0.0,32,256
sphere,2.000000,none,0,0.00014943,0.0,0.0,32,256
sphere,2.000000,none,0,3.3243e-05,0.0,0.0,32,256
sphere,2.000000,none,0,0.000185398,0.0,0.0,32,256
sphere,2.000000,none,0,0.000103308,0.0,0.0,32,256
sphere,2.000000,none,0,1.9386e-05,0.0,0.0,32,256
sphere,2.000000,none,0,0.000142709,0.0,0.0,32,256
sphere,2.000000,none,0,0.000133779,0.0,0.0,32,256
sphere,2.000000,none,0,0.000138989,0.0,0.0,32,256
sphere,2.000000,none,0,3.1353e-05,0.0,0.0,32,256
sphere,2.000000,none,0,0.00014062,0.0,0.0,32,256
sphere,2.000000,none,0,0.000135806,0.0,0.0,32,256
sphere,2.000000,none,0,0.000116228,0.0,0.0,32,256
sphere,2.000000,none,0,0.000103872,0.0,0.0,32,256
sphere,2.000000,none,0,0.000135082,0.0,0.0,32,256
sphere,2.000000,none,0,0.000134941,0.0,0.0,32,256
sphere,2.000000,none,0,0.000136122,0.0,0.0,32,256
sphere,2.000000,none,0,7.9876e-05,0.0,0.0,32,256
sphere,2.000000,none,0,0.000135418,0.0,0.0,32,256
sphere,2.000000,none,0,0.000134591,0.0,0.0,32,256
sphere,2.000000,none,0,6.2647e-05,0.0,0.0,32,256
sphere,2.000000,none,0,0.000159232,0.0,0.0,32,256
sphere,2.000000,none,0,0.000125253,0.0,0.0,32,256
sphere,2.000000,none,0,3.8654e-05,0.0,0.0,32,256
sphere,2.000000,none,0,0.000172894,0.0,0.0,32,256
sphere,2.000000,none,0,0.000109231,0.0,0.0,32,256
sphere,2.000000,none,0,0.000133119,0.0,0.0,32,256
sphere,2.000000,none,0,0.000106061,0.0,0.0,32,256
sphere,2.000000,none,0,3.5248e-05,0.0,0.0,32,256
sphere,2.000000,none,0,0.000141392,0.0,0.0,32,256
sphere,2.000000,none,0,9.5475e-05,0.0,0.0,32,256
sphere,2.000000,none,0,1.9952e-05,0.0,0.0,32,256
sphere,2.000000,none,0,0.000121786,0.0,0.0,32,256
sphere,2.000000,none,0,7.6726e-05,0.0,0.0,32,256
sphere,2.000000,none,0,3.3857e-05,0.0,0.0,32,256
sphere,2.000000,none,0,9.8674e-05,0.0,0.0,32,256
sphere,2.000000,none,0,0.000127879,0.0,0.0,32,256
sphere,2.000000,none,0,1.7826e-05,0.0,0.0,32,256
sphere,2.000000,none,0,6.7495e-05,0.0,0.0,32,256
sphere,2.000000,none,0,8.5e-05,0.0,0.0,32,256
sphere,2.000000,none,0,9.5529e-05,0.0,0.0,32,256
sphere,2.000000,none,0,0.000148462,0.0,0.0,32,256
sphere,2.000000,none,0,0.000133892,0.0,0.0,32,256
sphere,2.000000,none,0,0.000179002,0.0,0.0,32,256
sphere,2.000000,none,0,0.000108577,0.0,0.0,32,256
sphere,2.000000,none,0,7.9139e-05,0.0,0.0,32,256
sphere,2.000000,none,0,0.000120762,0.0,0.0,32,256
sphere,2.000000,none,0,9.0242e-05,0.0,0.0,32,256
cube,2.000000,none,0,4.4752e-05,0.0,0.0,32,256
cube,2.000000,none,0,0.000143677,0.0,0.0,32,256
cube,2.000000,none,0,0.000152426,0.0,0.0,32,256
cube,2.000000,none,0,0.000129561,0.0,0.0,32,256
cube,2.000000,none,0,0.000159222,0.0,0.0,32,256
cube,2.000000,none,0,0.000120085,0.0,0.0,32,256
cube,2.000000,none,0,0.000131616,0.0,0.0,32,256
cube,2.000000,none,0,0.000112017,0.0,0.0,32,256
cube,2.000000,none,0,0.00013765,0.0,0.0,32,256
cube,2.000000,none,0,0.000173026,0.0,0.0,32,256
cube,2.000000,none,0,0.000148928,0.0,0.0,32,256
cube,2.000000,none,0,0.000170463,0.0,0.0,32,256
cube,2.000000,none,0,9.7828e-05,0.0,0.0,32,256
cube,2.000000,none,0,0.0001499,0.0,0.0,32,256
cube,2.000000,none,0,0.000152496,0.0,0.0,32,256
cube,2.000000,none,0,0.000100495,0.0,0.0,32,256
cube,2.000000,none,0,0.000136791,0.0,0.0,32,256
cube,2.000000,none,0,0.000131076,0.0,0.0,32,256
cube,2.000000,none,0,0.00013484,0.0,0.0,32,256
cube,2.000000,none,0,0.000186396,0.0,0.0,32,256
cube,2.000000,none,0,0.000129413,0.0,0.0,32,256
cube,2.000000,none,0,0.000146765,0.0,0.0,32,256
cube,2.000000,none,0,7.4026e-05,0.0,0.0,32,256
cube,2.000000,none,0,0.000170502,0.0,0.0,32,256
cube,2.000000,none,0,0.000216341,0.0,0.0,32,256
cube,2.000000,none,0,2.2137e-05,0.0,0.0,32,256
cube,2.000000,none,0,0.000112316,0.0,0.0,32,256
cube,2.000000,none,0,2.3808e-05,0.0,0.0,32,256
cube,2.000000,none,0,0.00016412,0.0,0.0,32,256
cube,2.000000,none,0,0.000193855,0.0,0.0,32,256
cube,2.000000,none,0,0.000338261,0.0,0.0,32,256
cube,2.000000,none,0,0.000148857,0.0,0.0,32,256
cube,2.000000,none,0,0.000162639,0.0,0.0,32,256
cube,2.000000,none,0,0.000122653,0.0,0.0,32,256
cube,2.000000,none,0,0.000114162,0.0,0.0,32,256
cube,2.000000,none,0,0.000155073,0.0,0.0,32,256
cube,2.000000,none,0,0.000123256,0.0,0.0,32,256
cube,2.000000,none,0,0.000157466,0.0,0.0,32,256
cube,2.000000,none,0,9.7728e-05,0.0,0.0,32,256
cube,2.000000,none,0,0.000122629,0.0,0.0,32,256
cube,2.000000,none,0,9.58e-05,0.0,0.0,32,256
cube,2.000000,none,0,6.5176e-05,0.0,0.0,32,256
cube,2.000000,none,0,0.000181659,0.0,0.0,32,256
cube,2.000000,none,0,0.000186265,0.0,0.0,32,256
cube,2.000000,none,0,5.7814e-05,0.0,0.0,32,256
cube,2.000000,none,0,0.00016813,0.0,0.0,32,256
cube,2.000000,none,0,0.000158776,0.0,0.0,32,256
cube,2.000000,none,0,0.000268512,0.0,0.0,32,256
cube,2.000000,none,0,0.000193774,0.0,0.0,32,256
cube,2.000000,none,0,0.000135075,0.0,0.0,32,256
cube,2.000000,none,0,9.8648e-05,0.0,0.0,32,256
cube,2.000000,none,0,9.7461e-05,0.0,0.0,32,256
cube,2.000000,none,0,0.000114378,0.0,0.0,32,256
cube,2.000000,none,0,8.8878e-05,0.0,0.0,32,256
cube,2.000000,none,0,0.00019387,0.0,0.0,32,256
cube,2.000000,none,0,0.000129485,0.0,0.0,32,256
cube,2.000000,none,0,0.000187199,0.0,0.0,32,256
cube,2.000000,none,0,0.000165366,0.0,0.0,32,256
cube,2.000000,none,0,0.000140428,0.0,0.0,32,256
cube,2.000000,none,0,0.000210255,0.0,0.0,32,256
cube,2.000000,none,0,0.000181042,0.0,0.0,32,256
cube,2.000000,none,0,0.000156889,0.0,0.0,32,256
cube,2.000000,none,0,0.000174339,0.0,0.0,32,256
cube,2.000000,none,0,0.00014805,0.0,0.0,32,256
cube,2.000000,none,0,0.000124196,0.0,0.0,32,256
cube,2.000000,none,0,0.000148843,0.0,0.0,32,256
cube,2.000000,none,0,6.2243e-05,0.0,0.0,32,256
cube,2.000000,none,0,0.00013477,0.0,0.0,32,256
cube,2.000000,none,0,0.000140698,0.0,0.0,32,256
cube,2.000000,none,0,0.000142776,0.0,0.0,32,256
cube,2.000000,none,0,0.000147083,0.0,0.0,32,256
cube,2.000000,none,0,9.4515e-05,0.0,0.0,32,256
cube,2.000000,none,0,0.000144552,0.0,0.0,32,256
cube,2.000000,none,0,0.000136313,0.0,0.0,32,256
cube,2.000000,none,0,0.000124735,0.0,0.0,32,256
cube,2.000000,none,0,0.000112732,0.0,0.0,32,256
cube,2.000000,none,0,0.000135327,0.0,0.0,32,256
cube,2.000000,none,0,0.000121111,0.0,0.0,32,256
cube,2.000000,none,0,0.00015513,0.0,0.0,32,256
cube,2.000000,none,0,0.000147632,0.0,0.0,32,256
cube,2.000000,none,0,0.000135394,0.0,0.0,32,256
cube,2.000000,none,0,0.000111473,0.0,0.0,32,256
cube,2.000000,none,0,0.000199244,0.0,0.0,32,256
cube,2.000000,none,0,0.000136855,0.0,0.0,32,256
cube,2.000000,none,0,0.000125682,0.0,0.0,32,256
cube,2.000000,none,0,0.000115104,0.0,0.0,32,256
cube,2.000000,none,0,0.000159841,0.0,0.0,32,256
cube,2.000000,none,0,3.396e-05,0.0,0.0,32,256
cube,2.000000,none,0,7.3935e-05,0.0,0.0,32,256
cube,2.000000,none,0,9.6076e-05,0.0,0.0,32,256
cube,2.000000,none,0,0.000156039,0.0,0.0,32,256
cube,2.000000,none,0,0.000168636,0.0,0.0,32,256
cube,2.000000,none,0,0.000234027,0.0,0.0,32,256
cube,2.000000,none,0,0.00011102,0.0,0.0,32,256
cube,2.000000,none,0,0.000107078,0.0,0.0,32,256
cube,2.000000,none,0,7.548e-05,0.0,0.0,32,256
cube,2.000000,none,0,0.000167613,0.0,0.0,32,256
cube,2.000000,none,0,0.000156329,0.0,0.0,32,256
cube,2.000000,none,0,0.000124482,0.0,0.0,32,256
cube,2.000000,none,0,0.000132026,0.0,0.0,32,256
cube,2.000000,none,0,0.000106207,0.0,0.0,32,256
cube,2.000000,none,0,0.000168982,0.0,0.0,32,256
cube,2.000000,none,0,0.000188039,0.0,0.0,32,256
cube,2.000000,none,0,0.000175102,0.0,0.0,32,256
cube,2.000000,none,0,7.4101e-05,0.0,0.0,32,256
cube,2.000000,none,0,3.4557e-05,0.0,0.0,32,256
cube,2.000000,none,0,0.000134559,0.0,0.0,32,256
cube,2.000000,none,0,6.0569e-05,0.0,0.0,32,256
cube,2.000000,none,0,0.000133938,0.0,0.0,32,256
cube,2.000000,none,0,0.000136111,0.0,0.0,32,256
cube,2.000000,none,0,0.000146663,0.0,0.0,32,256
cube,2.000000,none,0,0.000129084,0.0,0.0,32,256
cube,2.000000,none,0,0.000137628,0.0,0.0,32,256
cube,2.000000,none,0,0.000496743,0.0,0.0,32,256
cube,2.000000,none,0,0.000190195,0.0,0.0,32,256
cube,2.000000,none,0,0.000133492,0.0,0.0,32,256
cube,2.000000,none,0,0.000145593,0.0,0.0,32,256
cube,2.000000,none,0,0.000105603,0.0,0.0,32,256
cube,2.000000,none,0,0.000190671,0.0,0.0,32,256
cube,2.000000,none,0,0.000138231,0.0,0.0,32,256
cube,2.000000,none,0,6.0174e-05,0.0,0.0,32,256
cube,2.000000,none,0,0.000114837,0.0,0.0,32,256
cube,2.000000,none,0,8.718e-05,0.0,0.0,32,256
cube,2.000000,none,0,0.000152258,0.0,0.0,32,256
cube,2.000000,none,0,0.000159914,0.0,0.0,32,256
cube,2.000000,none,0,0.00014431,0.0,0.0,32,256
cube,2.000000,none,0,0.000184953,0.0,0.0,32,256
cube,2.000000,none,0,9.0876e-05,0.0,0.0,32,256
cube,2.000000,none,0,5.0412e-05,0.0,0.0,32,256
cube,2.000000,none,0,0.000130532,0.0,0.0,32,256
cube,2.000000,none,0,0.000132731,0.0,0.0,32,256
cube,2.000000,none,0,6.9945e-05,0.0,0.0,32,256
cube,2.000000,none,0,0.000124795,0.0,0.0,32,256
cube,2.000000,none,0,0.000119353,0.0,0.0,32,256
cube,2.000000,none,0,0.000152433,0.0,0.0,32,256
cube,2.000000,none,0,0.000137748,0.0,0.0,32,256
cube,2.000000,none,0,9.2346e-05,0.0,0.0,32,256
cube,2.000000,none,0,0.000134005,0.0,0.0,32,256
cube,2.000000,none,0,0.000126092,0.0,0.0,32,256
cube,2.000000,none,0,0.000178837,0.0,0.0,32,256
cube,2.000000,none,0,0.000140896,0.0,0.0,32,256
cube,2.000000,none,0,7.5951e-05,0.0,0.0,32,256
cube,2.000000,none,0,0.00013434,0.0,0.0,32,256
cube,2.000000,none,0,7.2764e-05,0.0,0.0,32,256
cube,2.000000,none,0,0.000120806,0.0,0.0,32,256
cube,2.000000,none,0,0.000119478,0.0,0.0,32,256
cube,2.000000,none,0,0.000174548,0.0,0.0,32,256
cube,2.000000,none,0,0.000120731,0.0,0.0,32,256
cube,2.000000,none,0,0.000125339,0.0,0.0,32,256
cube,2.000000,none,0,0.000106945,0.0,0.0,32,256
cube,2.000000,none,0,0.000131961,0.0,0.0,32,256
cube,2.000000,none,0,8.9928e-05,0.0,0.0,32,256
cube,2.000000,none,0,0.000165441,0.0,0.0,32,256
cube,2.000000,none,0,0.000136492,0.0,0.0,32,256
cube,2.000000,none,0,9.5837e-05,0.0,0.0,32,256
cube,2.000000,none,0,4.382e-05,0.0,0.0,32,256
cube,2.000000,none,0,0.000114373,0.0,0.0,32,256
cube,2.000000,none,0,0.000199079,0.0,0.0,32,256
cube,2.000000,none,0,8.5284e-05,0.0,0.0,32,256
cube,2.000000,none,0,0.000116577,0.0,0.0,32,256
cube,2.000000,none,0,0.00016906,0.0,0.0,32,256
cube,2.000000,none,0,0.000131277,0.0,0.0,32,256
cube,2.000000,none,0,0.000123829,0.0,0.0,32,256
cube,2.000000,none,0,0.00018272,0.0,0.0,32,256
cube,2.000000,none,0,0.000129769,0.0,0.0,32,256
cube,2.000000,none,0,0.000166943,0.0,0.0,32,256
cube,2.000000,none,0,0.000136691,0.0,0.0,32,256
cube,2.000000,none,0,2.7689e-05,0.0,0.0,32,256
cube,2.000000,none,0,0.000206988,0.0,0.0,32,256
cube,2.000000,none,0,0.000113467,0.0,0.0,32,256
cube,2.000000,none,0,7.8959e-05,0.0,0.0,32,256
cube,2.000000,none,0,0.000138808,0.0,0.0,32,256
cube,2.000000,none,0,0.000135686,0.0,0.0,32,256
cube,2.000000,none,0,0.000196292,0.0,0.0,32,256
cube,2.000000,none,0,0.000156951,0.0,0.0,32,256
cube,2.000000,none,0,0.000103644,0.0,0.0,32,256
cube,2.000000,none,0,0.000135143,0.0,0.0,32,256
cube,2.000000,none,0,0.000135019,0.0,0.0,32,256
cube,2.000000,none,0,0.000115786,0.0,0.0,32,256
cube,2.000000,none,0,7.2437e-05,0.0,0.0,32,256
cube,2.000000,none,0,0.000141471,0.0,0.0,32,256
cube,2.000000,none,0,0.000110233,0.0,0.0,32,256
cube,2.000000,none,0,0.000162537,0.0,0.0,32,256
cube,2.000000,none,0,0.000145726,0.0,0.0,32,256
cube,2.000000,none,0,0.000118356,0.0,0.0,32,256
cube,2.000000,none,0,0.000160425,0.0,0.0,32,256
cube,2.000000,none,0,0.000124571,0.0,0.0,32,256
cube,2.000000,none,0,0.000120787,0.0,0.0,32,256
cube,2.000000,none,0,0.000237931,0.0,0.0,32,256
cube,2.000000,none,0,5.1151e-05,0.0,0.0,32,256
cube,2.000000,none,0,0.000212557,0.0,0.0,32,256
cube,2.000000,none,0,0.000141422,0.0,0.0,32,256
cube,2.000000,none,0,0.000130142,0.0,0.0,32,256
cube,2.000000,none,0,0.000122187,0.0,0.0,32,256
cube,2.000000,none,0,0.000144437,0.0,0.0,32,256
cube,2.000000,none,0,0.000101455,0.0,0.0,32,256
cube,2.000000,none,0,0.000127027,0.0,0.0,32,256
cube,2.000000,none,0,0.000133554,0.0,0.0,32,256
cube,2.000000,none,0,8.9619e-05,0.0,0.0,32,256
cube,2.000000,none,0,0.000107354,0.0,0.0,32,256
cube,2.000000,none,0,0.000138908,0.0,0.0,32,256
cube,2.000000,none,0,3.3861e-05,0.0,0.0,32,256
cube,2.000000,none,0,0.000160666,0.0,0.0,32,256
cube,2.000000,none,0,0.000139257,0.0,0.0,32,256
cube,2.000000,none,0,0.000101347,0.0,0.0,32,256
cube,2.000000,none,0,0.000130441,0.0,0.0,32,256
cube,2.000000,none,0,0.00016908,0.0,0.0,32,256
cube,2.000000,none,0,0.000152083,0.0,0.0,32,256
cube,2.000000,none,0,0.000112511,0.0,0.0,32,256
cube,2.000000,none,0,0.000108097,0.0,0.0,32,256
cube,2.000000,none,0,0.000120238,0.0,0.0,32,256
cube,2.000000,none,0,0.000128102,0.0,0.0,32,256
cube,2.000000,none,0,4.3932e-05,0.0,0.0,32,256
cube,2.000000,none,0,0.000186909,0.0,0.0,32,256
cube,2.000000,none,0,0.000122253,0.0,0.0,32,256
cube,2.000000,none,0,9.3607e-05,0.0,0.0,32,256
cube,2.000000,none,0,0.000120554,0.0,0.0,32,256
cube,2.000000,none,0,0.00013126,0.0,0.0,32,256
cube,2.000000,none,0,0.000115803,0.0,0.0,32,256
cube,2.000000,none,0,0.000140337,0.0,0.0,32,256
cube,2.000000,none,0,0.000110536,0.0,0.0,32,256
cube,2.000000,none,0,0.000138581,0.0,0.0,32,256
cube,2.000000,none,0,0.000120685,0.0,0.0,32,256
cube,2.000000,none,0,0.0001421,0.0,0.0,32,256
cube,2.000000,none,0,6.7851e-05,0.0,0.0,32,256
cube,2.000000,none,0,0.000165682,0.0,0.0,32,256
cube,2.000000,none,0,0.000154195,0.0,0.0,32,256
cube,2.000000,none,0,8.9837e-05,0.0,0.0,32,256
cube,2.000000,none,0,0.000178313,0.0,0.0,32,256
cube,2.000000,none,0,0.000119223,0.0,0.0,32,256
cube,2.000000,none,0,0.000133133,0.0,0.0,32,256
cube,2.000000,none,0,0.000144573,0.0,0.0,32,256
cube,2.000000,none,0,0.000187042,0.0,0.0,32,256
cube,2.000000,none,0,0.000114859,0.0,0.0,32,256
cube,2.000000,none,0,0.00011562,0.0,0.0,32,256
cube,2.000000,none,0,6.1625e-05,0.0,0.0,32,256
cube,2.000000,none,0,0.00012669,0.0,0.0,32,256
cube,2.000000,none,0,0.000204833,0.0,0.0,32,256
cube,2.000000,none,0,0.000165088,0.0,0.0,32,256
cube,2.000000,none,0,0.000116218,0.0,0.0,32,256
cube,2.000000,none,0,0.000139825,0.0,0.0,32,256
cube,2.000000,none,0,0.000129321,0.0,0.0,32,256
cube,2.000000,none,0,0.000131905,0.0,0.0,32,256
cube,2.000000,none,0,0.000161518,0.0,0.0,32,256
cube,2.000000,none,0,5.1991e-05,0.0,0.0,32,256
cube,2.000000,none,0,0.000142243,0.0,0.0,32,256
cube,2.000000,none,0,9.1236e-05,0.0,0.0,32,256
cube,2.000000,none,0,0.000103908,0.0,0.0,32,256
cube,2.000000,none,0,0.000122422,0.0,0.0,32,256
cube,2.000000,none,0,9.7454e-05,0.0,0.0,32,256
cube,2.000000,none,0,9.2739e-05,0.0,0.0,32,256
cube,2.000000,none,0,2.046e-05,0.0,0.0,32,256
cube,2.000000,none,0,0.000135596,0.0,0.0,32,256
cube,2.000000,none,0,0.000129406,0.0,0.0,32,256
cube,2.000000,none,0,0.000154866,0.0,0.0,32,256
cube,2.000000,none,0,0.000164344,0.0,0.0,32,256
cube,2.000000,none,0,0.000142238,0.0,0.0,32,256
cube,2.000000,none,0,0.000123165,0.0,0.0,32,256
cube,2.000000,none,0,0.000134591,0.0,0.0,32,256
cube,2.000000,none,0,0.000162663,0.0,0.0,32,256
cube,2.000000,none,0,9.9522e-05,0.0,0.0,32,256
cube,2.000000,none,0,0.00023073,0.0,0.0,32,256
cube,2.000000,none,0,0.000182554,0.0,0.0,32,256
cube,2.000000,none,0,0.000125703,0.0,0.0,32,256
cube,2.000000,none,0,0.000145226,0.0,0.0,32,256
cube,2.000000,none,0,0.000117451,0.0,0.0,32,256
cube,2.000000,none,0,0.000114837,0.0,0.0,32,256
cube,2.000000,none,0,0.000141263,0.0,0.0,32,256
cube,2.000000,none,0,0.000145027,0.0,0.0,32,256
cube,2.000000,none,0,0.000146633,0.0,0.0,32,256
cube,2.000000,none,0,9.9607e-05,0.0,0.0,32,256
cube,2.000000,none,0,0.000113166,0.0,0.0,32,256
cube,2.000000,none,0,7.5738e-05,0.0,0.0,32,256
cube,2.000000,none,0,0.000133956,0.0,0.0,32,256
cube,2.000000,none,0,0.000133764,0.0,0.0,32,256
cube,2.000000,none,0,6.6156e-05,0.0,0.0,32,256
cube,2.000000,none,0,0.000127509,0.0,0.0,32,256
cube,2.000000,none,0,0.000112376,0.0,0.0,32,256
cube,2.000000,none,0,8.9603e-05,0.0,0.0,32,256
cube,2.000000,none,0,8.9286e-05,0.0,0.0,32,256
cube,2.000000,none,0,0.000130979,0.0,0.0,32,256
cube,2.000000,none,0,0.000120345,0.0,0.0,32,256
cube,2.000000,none,0,0.000143955,0.0,0.0,32,256
cube,2.000000,none,0,0.000150642,0.0,0.0,32,256
cube,2.000000,none,0,0.000154017,0.0,0.0,32,256
cube,2.000000,none,0,0.000164486,0.0,0.0,32,256
cube,2.000000,none,0,0.000139383,0.0,0.0,32,256
cube,2.000000,none,0,0.000151106,0.0,0.0,32,256
cube,2.000000,none,0,0.000139404,0.0,0.0,32,256
cube,2.000000,none,0,8.2478e-05,0.0,0.0,32,256
cube,2.000000,none,0,0.000146719,0.0,0.0,32,256
cube,2.000000,none,0,0.000124936,0.0,0.0,32,256
cube,2.000000,none,0,9.6101e-05,0.0,0.0,32,256
cube,2.000000,none,0,0.000127567,0.0,0.0,32,256
cube,2.000000,none,0,0.00015035,0.0,0.0,32,256
cube,2.000000,none,0,5.8939e-05,0.0,0.0,32,256
cube,2.000000,none,0,0.000165089,0.0,0.0,32,256
cube,2.000000,none,0,0.000138589,0.0,0.0,32,256
cube,2.000000,none,0,0.000130645,0.0,0.0,32,256
cube,2.000000,none,0,0.000120719,0.0,0.0,32,256
cube,2.000000,none,0,0.000113682,0.0,0.0,32,256
cube,2.000000,none,0,0.000176304,0.0,0.0,32,256
cube,2.000000,none,0,0.00017139,0.0,0.0,32,256
cube,2.000000,none,0,0.000127279,0.0,0.0,32,256
cube,2.000000,none,0,0.000129623,0.0,0.0,32,256
cube,2.000000,none,0,0.000168074,0.0,0.0,32,256
cube,2.000000,none,0,0.000143183,0.0,0.0,32,256
cube,2.000000,none,0,0.000148777,0.0,0.0,32,256
cube,2.000000,none,0,0.000129866,0.0,0.0,32,256
cube,2.000000,none,0,0.000199062,0.0,0.0,32,256
cube,2.000000,none,0,0.000159619,0.0,0.0,32,256
cube,2.000000,none,0,0.000196802,0.0,0.0,32,256
cube,2.000000,none,0,0.000156915,0.0,0.0,32,256
cube,2.000000,none,0,9.0397e-05,0.0,0.0,32,256
cube,2.000000,none,0,0.000152531,0.0,0.0,32,256
cube,2.000000,none,0,3.2851e-05,0.0,0.0,32,256
cube,2.000000,none,0,0.000119689,0.0,0.0,32,256
cube,2.000000,none,0,0.000100554,0.0,0.0,32,256
cube,2.000000,none,0,0.000130871,0.0,0.0,32,256
cube,2.000000,none,0,0.000147631,0.0,0.0,32,256
cube,2.000000,none,0,0.000112542,0.0,0.0,32,256
cube,2.000000,none,0,0.000137394,0.0,0.0,32,256
cube,2.000000,none,0,0.000152089,0.0,0.0,32,256
cube,2.000000,none,0,0.000122511,0.0,0.0,32,256
cube,2.000000,none,0,0.00015525,0.0,0.0,32,256
cube,2.000000,none,0,6.5696e-05,0.0,0.0,32,256
cube,2.000000,none,0,0.000156547,0.0,0.0,32,256
cube,2.000000,none,0,0.000162398,0.0,0.0,32,256
cube,2.000000,none,0,0.00014833,0.0,0.0,32,256
cube,2.000000,none,0,0.000158604,0.0,0.0,32,256
cube,2.000000,none,0,0.000129932,0.0,0.0,32,256
cube,2.000000,none,0,0.000139534,0.0,0.0,32,256
cube,2.000000,none,0,7.9845e-05,0.0,0.0,32,256
cube,2.000000,none,0,0.000170341,0.0,0.0,32,256
cube,2.000000,none,0,0.000117601,0.0,0.0,32,256
cube,2.000000,none,0,0.000164436,0.0,0.0,32,256
cube,2.000000,none,0,0.000177174,0.0,0.0,32,256
cube,2.000000,none,0,0.000206948,0.0,0.0,32,256
cube,2.000000,none,0,0.000183125,0.0,0.0,32,256
cube,2.000000,none,0,0.000107457,0.0,0.0,32,256
cube,2.000000,none,0,0.000133496,0.0,0.0,32,256
cube,2.000000,none,0,0.000124664,0.0,0.0,32,256
cube,2.000000,none,0,0.000142702,0.0,0.0,32,256
cube,2.000000,none,0,0.000150407,0.0,0.0,32,256
cube,2.000000,none,0,0.000157075,0.0,0.0,32,256
cube,2.000000,none,0,0.000129451,0.0,0.0,32,256
cube,2.000000,none,0,0.000124049,0.0,0.0,32,256
cube,2.000000,none,0,9.0219e-05,0.0,0.0,32,256
cube,2.000000,none,0,0.000148942,0.0,0.0,32,256
cube,2.000000,none,0,0.00012573,0.0,0.0,32,256
cube,2.000000,none,0,0.000118051,0.0,0.0,32,256
cube,2.000000,none,0,4.2656e-05,0.0,0.0,32,256
cube,2.000000,none,0,0.000152865,0.0,0.0,32,256
cube,2.000000,none,0,6.3441e-05,0.0,0.0,32,256
cube,2.000000,none,0,6.7385e-05,0.0,0.0,32,256
cube,2.000000,none,0,0.000131846,0.0,0.0,32,256
cube,2.000000,none,0,8.9809e-05,0.0,0.0,32,256
cube,2.000000,none,0,0.000132562,0.0,0.0,32,256
cube,2.000000,none,0,0.000148797,0.0,0.0,32,256
cube,2.000000,none,0,0.000140802,0.0,0.0,32,256
cube,2.000000,none,0,0.000131634,0.0,0.0,32,256
cube,2.000000,none,0,0.000151031,0.0,0.0,32,256
cube,2.000000,none,0,9.2415e-05,0.0,0.0,32,256
cube,2.000000,none,0,0.000114315,0.0,0.0,32,256
cube,2.000000,none,0,0.000128244,0.0,0.0,32,256
cube,2.000000,none,0,0.000160549,0.0,0.0,32,256
cube,2.000000,none,0,0.000103453,0.0,0.0,32,256
cube,2.000000,none,0,0.000149009,0.0,0.0,32,256
cube,2.000000,none,0,8.5116e-05,0.0,0.0,32,256
cube,2.000000,none,0,0.00012455,0.0,0.0,32,256
cube,2.000000,none,0,0.000186004,0.0,0.0,32,256
cube,2.000000,none,0,0.000126163,0.0,0.0,32,256
cube,2.000000,none,0,0.000147404,0.0,0.0,32,256
cube,2.000000,none,0,0.000109586,0.0,0.0,32,256
cube,2.000000,none,0,0.000191984,0.0,0.0,32,256
cube,2.000000,none,0,0.000127273,0.0,0.0,32,256
cube,2.000000,none,0,0.000148048,0.0,0.0,32,256
cube,2.000000,none,0,0.000102571,0.0,0.0,32,256
cube,2.000000,none,0,0.000109762,0.0,0.0,32,256
cube,2.000000,none,0,8.0128e-05,0.0,0.0,32,256
cube,2.000000,none,0,0.000127771,0.0,0.0,32,256
cube,2.000000,none,0,0.00018906,0.0,0.0,32,256
cube,2.000000,none,0,0.000140774,0.0,0.0,32,256
cube,2.000000,none,0,0.000139297,0.0,0.0,32,256
cube,2.000000,none,0,0.000157907,0.0,0.0,32,256
cube,2.000000,none,0,0.000107949,0.0,0.0,32,256
cube,2.000000,none,0,0.000185648,0.0,0.0,32,256
cube,2.000000,none,0,8.4389e-05,0.0,0.0,32,256
cube,2.000000,none,0,0.000115865,0.0,0.0,32,256
cube,2.000000,none,0,4.03e-06,0.0,0.0,32,256
cube,2.000000,none,0,9.4238e-05,0.0,0.0,32,256
cube,2.000000,none,0,3.6893e-05,0.0,0.0,32,256
cube,2.000000,none,0,0.000120076,0.0,0.0,32,256
cube,2.000000,none,0,9.2796e-05,0.0,0.0,32,256
cube,2.000000,none,0,0.0002543,0.0,0.0,32,256
cube,2.000000,none,0,0.000313402,0.0,0.0,32,256
cube,2.000000,none,0,0.000224144,0.0,0.0,32,256
cube,2.000000,none,0,7.3109e-05,0.0,0.0,32,256
cube,2.000000,none,0,0.000223031,0.0,0.0,32,256
cube,2.000000,none,0,0.000196977,0.0,0.0,32,256
cube,2.000000,none,0,0.000190334,0.0,0.0,32,256
cube,2.000000,none,0,0.000150808,0.0,0.0,32,256
cube,2.000000,none,0,0.000120053,0.0,0.0,32,256
cube,2.000000,none,0,9.3784e-05,0.0,0.0,32,256
cube,2.000000,none,0,0.000121032,0.0,0.0,32,256
cube,2.000000,none,0,9.6454e-05,0.0,0.0,32,256
cube,2.000000,none,0,0.000104411,0.0,0.0,32,256
cube,2.000000,none,0,0.000115272,0.0,0.0,32,256
cube,2.000000,none,0,0.000133218,0.0,0.0,32,256
cube,2.000000,none,0,8.869e-05,0.0,0.0,32,256
cube,2.000000,none,0,0.000137117,0.0,0.0,32,256
cube,2.000000,none,0,6.8856e-05,0.0,0.0,32,256
cube,2.000000,none,0,0.000162348,0.0,0.0,32,256
cube,2.000000,none,0,9.985e-05,0.0,0.0,32,256
cube,2.000000,none,0,0.000141121,0.0,0.0,32,256
cube,2.000000,none,0,0.000119883,0.0,0.0,32,256
cube,2.000000,none,0,0.000176441,0.0,0.0,32,256
cube,2.000000,none,0,0.000163807,0.0,0.0,32,256
cube,2.000000,none,0,0.000135181,0.0,0.0,32,256
cube,2.000000,none,0,0.000159947,0.0,0.0,32,256
cube,2.000000,none,0,0.000153619,0.0,0.0,32,256
cube,2.000000,none,0,0.000156795,0.0,0.0,32,256
cube,2.000000,none,0,9.8837e-05,0.0,0.0,32,256
cube,2.000000,none,0,0.000204229,0.0,0.0,32,256
cube,2.000000,none,0,0.000137248,0.0,0.0,32,256
cube,2.000000,none,0,0.000178768,0.0,0.0,32,256
cube,2.000000,none,0,0.000117475,0.0,0.0,32,256
cube,2.000000,none,0,0.000114492,0.0,0.0,32,256
cube,2.000000,none,0,0.000105462,0.0,0.0,32,256
cube,2.000000,none,0,0.000147063,0.0,0.0,32,256
cube,2.000000,none,0,0.000176557,0.0,0.0,32,256
cube,2.000000,none,0,0.000174515,0.0,0.0,32,256
cube,2.000000,none,0,0.000204359,0.0,0.0,32,256
cube,2.000000,none,0,0.000140687,0.0,0.0,32,256
cube,2.000000,none,0,0.000104349,0.0,0.0,32,256
cube,2.000000,none,0,9.3371e-05,0.0,0.0,32,256
cube,2.000000,none,0,0.000157082,0.0,0.0,32,256
cube,2.000000,none,0,0.000129649,0.0,0.0,32,256
cube,2.000000,none,0,0.000134878,0.0,0.0,32,256
cube,2.000000,none,0,0.000202811,0.0,0.0,32,256
cube,2.000000,none,0,0.000254031,0.0,0.0,32,256
cube,2.000000,none,0,0.000192028,0.0,0.0,32,256
cube,2.000000,none,0,0.000155496,0.0,0.0,32,256
cube,2.000000,none,0,0.000217384,0.0,0.0,32,256
cube,2.000000,none,0,0.00015295,0.0,0.0,32,256
cube,2.000000,none,0,0.0001113,0.0,0.0,32,256
cube,2.000000,none,0,0.00011208,0.0,0.0,32,256
cube,2.000000,none,0,0.000154844,0.0,0.0,32,256
cube,2.000000,none,0,0.000134191,0.0,0.0,32,256
cube,2.000000,none,0,8.8842e-05,0.0,0.0,32,256
cube,2.000000,none,0,0.000147197,0.0,0.0,32,256
cube,2.000000,none,0,0.000135436,0.0,0.0,32,256
cube,2.000000,none,0,8.3192e-05,0.0,0.0,32,256
cube,2.000000,none,0,0.000132259,0.0,0.0,32,256
cube,2.000000,none,0,3.6019e-05,0.0,0.0,32,256
cube,2.000000,none,0,0.000161694,0.0,0.0,32,256
cube,2.000000,none,0,0.000109315,0.0,0.0,32,256
cube,2.000000,none,0,2.1567e-05,0.0,0.0,32,256
cube,2.000000,none,0,0.000192389,0.0,0.0,32,256
cube,2.000000,none,0,0.000154295,0.0,0.0,32,256
cube,2.000000,none,0,0.000129646,0.0,0.0,32,256
cube,2.000000,none,0,3.9297e-05,0.0,0.0,32,256
cube,2.000000,none,0,0.000148761,0.0,0.0,32,256
cube,2.000000,none,0,0.000161083,0.0,0.0,32,256
cube,2.000000,none,0,0.000120325,0.0,0.0,32,256
cube,2.000000,none,0,0.000121151,0.0,0.0,32,256
cube,2.000000,none,0,0.000161129,0.0,0.0,32,256
cube,2.000000,none,0,0.000128417,0.0,0.0,32,256
cube,2.000000,none,0,0.000172238,0.0,0.0,32,256
cube,2.000000,none,0,0.000102701,0.0,0.0,32,256
cube,2.000000,none,0,0.000137432,0.0,0.0,32,256
cube,2.000000,none,0,0.000105461,0.0,0.0,32,256
cube,2.000000,none,0,6.5736e-05,0.0,0.0,32,256
cube,2.000000,none,0,0.000146155,0.0,0.0,32,256
cube,2.000000,none,0,0.000190758,0.0,0.0,32,256
cube,2.000000,none,0,5.8351e-05,0.0,0.0,32,256
cube,2.000000,none,0,0.00017774,0.0,0.0,32,256
cube,2.000000,none,0,0.000145697,0.0,0.0,32,256
cube,2.000000,none,0,0.000134893,0.0,0.0,32,256
cube,2.000000,none,0,0.000117773,0.0,0.0,32,256
cube,2.000000,none,0,4.466e-05,0.0,0.0,32,256
cube,2.000000,none,0,0.000185685,0.0,0.0,32,256
cube,2.000000,none,0,0.000110284,0.0,0.0,32,256
cube,2.000000,none,0,2.3223e-05,0.0,0.0,32,256
cube,2.000000,none,0,0.000129605,0.0,0.0,32,256
cube,2.000000,none,0,9.0767e-05,0.0,0.0,32,256
cube,2.000000,none,0,4.4536e-05,0.0,0.0,32,256
cube,2.000000,none,0,0.000126683,0.0,0.0,32,256
cube,2.000000,none,0,0.000141994,0.0,0.0,32,256
cube,2.000000,none,0,2.1755e-05,0.0,0.0,32,256
cube,2.000000,none,0,7.1147e-05,0.0,0.0,32,256
cube,2.000000,none,0,0.000122438,0.0,0.0,32,256
cube,2.000000,none,0,0.000123229,0.0,0.0,32,256
cube,2.000000,none,0,0.000180488,0.0,0.0,32,256
cube,2.000000,none,0,0.000149415,0.0,0.0,32,256
cube,2.000000,none,0,0.000248127,0.0,0.0,32,256
cube,2.000000,none,0,0.000157766,0.0,0.0,32,256
cube,2.000000,none,0,0.000123754,0.0,0.0,32,256
cube,2.000000,none,0,0.000231943,0.0,0.0,32,256
cube,2.000000,none,0,0.000394356,0.0,0.0,32,256
cube,2.000000,none,0,8.8136e-05,0.0,0.0,32,256
cube,2.000000,none,0,0.00043683,0.0,0.0,32,256
cube,2.000000,none,0,0.000107153,0.0,0.0,32,256
cube,2.000000,none,0,0.000119665,0.0,0.0,32,256
cube,2.000000,none,0,0.000184089,0.0,0.0,32,256
cube,2.000000,none,0,0.000121387,0.0,0.0,32,256
cube,2.000000,none,0,0.000135772,0.0,0.0,32,256
cube,2.000000,none,0,0.000115595,0.0,0.0,32,256
cube,2.000000,none,0,0.000126568,0.0,0.0,32,256
cube,2.000000,none,0,0.000121263,0.0,0.0,32,256
cube,2.000000,none,0,0.000101854,0.0,0.0,32,256
cube,2.000000,none,0,0.000146221,0.0,0.0,32,256
cube,2.000000,none,0,9.945e-05,0.0,0.0,32,256
cube,2.000000,none,0,0.000149825,0.0,0.0,32,256
cube,2.000000,none,0,0.000155657,0.0,0.0,32,256
cube,2.000000,none,0,0.000157799,0.0,0.0,32,256
cube,2.000000,none,0,0.000142347,0.0,0.0,32,256
cube,2.000000,none,0,0.000143986,0.0,0.0,32,256
cube,2.000000,none,0,0.00017107,0.0,0.0,32,256
cube,2.000000,none,0,0.00019219,0.0,0.0,32,256
cube,2.000000,none,0,0.000127699,0.0,0.0,32,256
cube,2.000000,none,0,0.000136617,0.0,0.0,32,256
cube,2.000000,none,0,7.1231e-05,0.0,0.0,32,256
cube,2.000000,none,0,0.000165873,0.0,0.0,32,256
cube,2.000000,none,0,0.000135402,0.0,0.0,32,256
cube,2.000000,none,0,1.6261e-05,0.0,0.0,32,256
cube,2.000000,none,0,8.8187e-05,0.0,0.0,32,256
cube,2.000000,none,0,1.7855e-05,0.0,0.0,32,256
cube,2.000000,none,0,0.000118529,0.0,0.0,32,256
cube,2.000000,none,0,0.000152773,0.0,0.0,32,256
cube,2.000000,none,0,8.6928e-05,0.0,0.0,32,256
cube,2.000000,none,0,0.000147371,0.0,0.0,32,256
cube,2.000000,none,0,0.000163864,0.0,0.0,32,256
cube,2.000000,none,0,0.000130855,0.0,0.0,32,256
cube,2.000000,none,0,0.000104317,0.0,0.0,32,256
cube,2.000000,none,0,0.000149965,0.0,0.0,32,256
cube,2.000000,none,0,0.000128966,0.0,0.0,32,256
cube,2.000000,none,0,0.00015577,0.0,0.0,32,256
cube,2.000000,none,0,9.5065e-05,0.0,0.0,32,256
cube,2.000000,none,0,8.7832e-05,0.0,0.0,32,256
cube,2.000000,none,0,9.5831e-05,0.0,0.0,32,256
cube,2.000000,none,0,7.7861e-05,0.0,0.0,32,256
cube,2.000000,none,0,0.000108984,0.0,0.0,32,256
cube,2.000000,none,0,0.00014449,0.0,0.0,32,256
cube,2.000000,none,0,4.1074e-05,0.0,0.0,32,256
cube,2.000000,none,0,0.000127213,0.0,0.0,32,256
cube,2.000000,none,0,0.000107709,0.0,0.0,32,256
cube,2.000000,none,0,0.000156656,0.0,0.0,32,256
cube,2.000000,none,0,0.000178042,0.0,0.0,32,256
cube,2.000000,none,0,0.000128279,0.0,0.0,32,256
cube,2.000000,none,0,0.000174337,0.0,0.0,32,256
cube,2.000000,none,0,0.000143968,0.0,0.0,32,256
cube,2.000000,none,0,0.000169871,0.0,0.0,32,256
cube,2.000000,none,0,8.9147e-05,0.0,0.0,32,256
cube,2.000000,none,0,0.000186619,0.0,0.0,32,256
cube,2.000000,none,0,0.000126128,0.0,0.0,32,256
cube,2.000000,none,0,0.000180832,0.0,0.0,32,256
cube,2.000000,none,0,0.000170889,0.0,0.0,32,256
cube,2.000000,none,0,0.000131273,0.0,0.0,32,256
cube,2.000000,none,0,0.000167566,0.0,0.0,32,256
cube,2.000000,none,0,0.000151766,0.0,0.0,32,256
cube,2.000000,none,0,0.000118909,0.0,0.0,32,256
cube,2.000000,none,0,0.000125646,0.0,0.0,32,256
cube,2.000000,none,0,0.000137862,0.0,0.0,32,256
cube,2.000000,none,0,0.00013154,0.0,0.0,32,256
cube,2.000000,none,0,0.000138173,0.0,0.0,32,256
cube,2.000000,none,0,8.3855e-05,0.0,0.0,32,256
cube,2.000000,none,0,0.000124956,0.0,0.0,32,256
cube,2.000000,none,0,0.000118704,0.0,0.0,32,256
cube,2.000000,none,0,0.000142288,0.0,0.0,32,256
cube,2.000000,none,0,0.000146334,0.0,0.0,32,256
cube,2.000000,none,0,0.000104016,0.0,0.0,32,256
cube,2.000000,none,0,0.00014457,0.0,0.0,32,256
cube,2.000000,none,0,0.000136739,0.0,0.0,32,256
cube,2.000000,none,0,0.000124209,0.0,0.0,32,256
cube,2.000000,none,0,0.000112264,0.0,0.0,32,256
cube,2.000000,none,0,0.000138847,0.0,0.0,32,256
cube,2.000000,none,0,0.000119903,0.0,0.0,32,256
cube,2.000000,none,0,0.000150077,0.0,0.0,32,256
cube,2.000000,none,0,0.000135757,0.0,0.0,32,256
cube,2.000000,none,0,0.000128679,0.0,0.0,32,256
cube,2.000000,none,0,0.000108209,0.0,0.0,32,256
cube,2.000000,none,0,0.000207102,0.0,0.0,32,256
cube,2.000000,none,0,0.000131851,0.0,0.0,32,256
cube,2.000000,none,0,0.000122983,0.0,0.0,32,256
cube,2.000000,none,0,0.000106806,0.0,0.0,32,256
cube,2.000000,none,0,0.000161136,0.0,0.0,32,256
cube,2.000000,none,0,3.3587e-05,0.0,0.0,32,256
cube,2.000000,none,0,7.1806e-05,0.0,0.0,32,256
cube,2.000000,none,0,9.4764e-05,0.0,0.0,32,256
cube,2.000000,none,0,0.000155486,0.0,0.0,32,256
cube,2.000000,none,0,0.00016543,0.0,0.0,32,256
cube,2.000000,none,0,0.000185761,0.0,0.0,32,256
cube,2.000000,none,0,9.9956e-05,0.0,0.0,32,256
cube,2.000000,none,0,0.000109009,0.0,0.0,32,256
cube,2.000000,none,0,7.5677e-05,0.0,0.0,32,256
cube,2.000000,none,0,0.000172773,0.0,0.0,32,256
cube,2.000000,none,0,0.000126779,0.0,0.0,32,256
cube,2.000000,none,0,0.000128282,0.0,0.0,32,256
cube,2.000000,none,0,0.000132282,0.0,0.0,32,256
cube,2.000000,none,0,0.000105554,0.0,0.0,32,256
cube,2.000000,none,0,0.000168456,0.0,0.0,32,256
cube,2.000000,none,0,0.000197835,0.0,0.0,32,256
cube,2.000000,none,0,0.000320134,0.0,0.0,32,256
cube,2.000000,none,0,0.000117645,0.0,0.0,32,256
cube,2.000000,none,0,3.5069e-05,0.0,0.0,32,256
cube,2.000000,none,0,0.000142115,0.0,0.0,32,256
cube,2.000000,none,0,6.1286e-05,0.0,0.0,32,256
cube,2.000000,none,0,0.000136108,0.0,0.0,32,256
cube,2.000000,none,0,0.000139489,0.0,0.0,32,256
cube,2.000000,none,0,0.000149203,0.0,0.0,32,256
cube,2.000000,none,0,0.000132443,0.0,0.0,32,256
cube,2.000000,none,0,0.000142454,0.0,0.0,32,256
cube,2.000000,none,0,0.000158983,0.0,0.0,32,256
cube,2.000000,none,0,0.000137283,0.0,0.0,32,256
cube,2.000000,none,0,0.000121755,0.0,0.0,32,256
cube,2.000000,none,0,0.000129857,0.0,0.0,32,256
cube,2.000000,none,0,0.000104812,0.0,0.0,32,256
cube,2.000000,none,0,0.000190227,0.0,0.0,32,256
cube,2.000000,none,0,0.000131006,0.0,0.0,32,256
cube,2.000000,none,0,6.1574e-05,0.0,0.0,32,256
cube,2.000000,none,0,0.000117513,0.0,0.0,32,256
cube,2.000000,none,0,8.8328e-05,0.0,0.0,32,256
cube,2.000000,none,0,0.000152283,0.0,0.0,32,256
cube,2.000000,none,0,0.000148149,0.0,0.0,32,256
cube,2.000000,none,0,0.000172756,0.0,0.0,32,256
cube,2.000000,none,0,0.000138437,0.0,0.0,32,256
cube,2.000000,none,0,0.000112732,0.0,0.0,32,256
cube,2.000000,none,0,4.9673e-05,0.0,0.0,32,256
cube,2.000000,none,0,0.000131678,0.0,0.0,32,256
cube,2.000000,none,0,0.000131888,0.0,0.0,32,256
cube,2.000000,none,0,7.2412e-05,0.0,0.0,32,256
cube,2.000000,none,0,0.000129186,0.0,0.0,32,256
cube,2.000000,none,0,0.000119003,0.0,0.0,32,256
cube,2.000000,none,0,0.000152089,0.0,0.0,32,256
cube,2.000000,none,0,0.000137128,0.0,0.0,32,256
cube,2.000000,none,0,9.3018e-05,0.0,0.0,32,256
cube,2.000000,none,0,0.000133617,0.0,0.0,32,256
cube,2.000000,none,0,0.000114953,0.0,0.0,32,256
cube,2.000000,none,0,0.000135354,0.0,0.0,32,256
cube,2.000000,none,0,0.000156226,0.0,0.0,32,256
cube,2.000000,none,0,7.5558e-05,0.0,0.0,32,256
cube,2.000000,none,0,0.0001415,0.0,0.0,32,256
cube,2.000000,none,0,5.894e-05,0.0,0.0,32,256
cube,2.000000,none,0,0.000109701,0.0,0.0,32,256
cube,2.000000,none,0,0.000116001,0.0,0.0,32,256
cube,2.000000,none,0,0.000179032,0.0,0.0,32,256
cube,2.000000,none,0,0.000120585,0.0,0.0,32,256
cube,2.000000,none,0,0.000125045,0.0,0.0,32,256
cube,2.000000,none,0,0.000105013,0.0,0.0,32,256
cube,2.000000,none,0,0.000133092,0.0,0.0,32,256
cube,2.000000,none,0,8.9984e-05,0.0,0.0,32,256
cube,2.000000,none,0,0.000162786,0.0,0.0,32,256
cube,2.000000,none,0,0.000146938,0.0,0.0,32,256
cube,2.000000,none,0,9.5693e-05,0.0,0.0,32,256
cube,2.000000,none,0,4.3884e-05,0.0,0.0,32,256
cube,2.000000,none,0,0.000108533,0.0,0.0,32,256
cube,2.000000,none,0,0.000200787,0.0,0.0,32,256
cube,2.000000,none,0,8.4364e-05,0.0,0.0,32,256
cube,2.000000,none,0,0.000124466,0.0,0.0,32,256
cube,2.000000,none,0,0.000235704,0.0,0.0,32,256
cube,2.000000,none,0,0.000131082,0.0,0.0,32,256
cube,2.000000,none,0,0.000124429,0.0,0.0,32,256
cube,2.000000,none,0,0.000175104,0.0,0.0,32,256
cube,2.000000,none,0,0.000105265,0.0,0.0,32,256
cube,2.000000,none,0,0.000132941,0.0,0.0,32,256
cube,2.000000,none,0,0.000134372,0.0,0.0,32,256
cube,2.000000,none,0,2.6522e-05,0.0,0.0,32,256
cube,2.000000,none,0,0.000161091,0.0,0.0,32,256
cube,2.000000,none,0,0.000118543,0.0,0.0,32,256
cube,2.000000,none,0,9.295e-05,0.0,0.0,32,256
cube,2.000000,none,0,0.000141502,0.0,0.0,32,256
cube,2.000000,none,0,0.000129467,0.0,0.0,32,256
cube,2.000000,none,0,0.000191148,0.0,0.0,32,256
cube,2.000000,none,0,0.000137377,0.0,0.0,32,256
cube,2.000000,none,0,0.000139205,0.0,0.0,32,256
cube,2.000000,none,0,0.000135176,0.0,0.0,32,256
cube,2.000000,none,0,0.000136538,0.0,0.0,32,256
cube,2.000000,none,0,0.000121231,0.0,0.0,32,256
cube,2.000000,none,0,7.2094e-05,0.0,0.0,32,256
cube,2.000000,none,0,0.000138832,0.0,0.0,32,256
cube,2.000000,none,0,9.8061e-05,0.0,0.0,32,256
cube,2.000000,none,0,0.0001658,0.0,0.0,32,256
cube,2.000000,none,0,0.000155821,0.0,0.0,32,256
cube,2.000000,none,0,0.000123061,0.0,0.0,32,256
cube,2.000000,none,0,0.000159779,0.0,0.0,32,256
cube,2.000000,none,0,0.000122644,0.0,0.0,32,256
cube,2.000000,none,0,0.000125872,0.0,0.0,32,256
cube,2.000000,none,0,0.000154194,0.0,0.0,32,256
cube,2.000000,none,0,4.7235e-05,0.0,0.0,32,256
cube,2.000000,none,0,0.000196741,0.0,0.0,32,256
cube,2.000000,none,0,0.000142388,0.0,0.0,32,256
cube,2.000000,none,0,0.000133737,0.0,0.0,32,256
cube,2.000000,none,0,0.000121419,0.0,0.0,32,256
cube,2.000000,none,0,0.000152539,0.0,0.0,32,256
cube,2.000000,none,0,9.9109e-05,0.0,0.0,32,256
cube,2.000000,none,0,0.000128768,0.0,0.0,32,256
cube,2.000000,none,0,0.000131713,0.0,0.0,32,256
cube,2.000000,none,0,8.7077e-05,0.0,0.0,32,256
cube,2.000000,none,0,0.000103586,0.0,0.0,32,256
cube,2.000000,none,0,0.000138502,0.0,0.0,32,256
cube,2.000000,none,0,3.31e-05,0.0,0.0,32,256
cube,2.000000,none,0,0.000159998,0.0,0.0,32,256
cube,2.000000,none,0,0.000128514,0.0,0.0,32,256
cube,2.000000,none,0,0.000100781,0.0,0.0,32,256
cube,2.000000,none,0,0.000147063,0.0,0.0,32,256
cube,2.000000,none,0,0.000127869,0.0,0.0,32,256
cube,2.000000,none,0,0.000156312,0.0,0.0,32,256
cube,2.000000,none,0,0.00010902,0.0,0.0,32,256
cube,2.000000,none,0,0.000109198,0.0,0.0,32,256
cube,2.000000,none,0,0.000115492,0.0,0.0,32,256
cube,2.000000,none,0,0.000133924,0.0,0.0,32,256
cube,2.000000,none,0,4.4114e-05,0.0,0.0,32,256
cube,2.000000,none,0,0.000157399,0.0,0.0,32,256
cube,2.000000,none,0,0.000121885,0.0,0.0,32,256
cube,2.000000,none,0,0.000187869,0.0,0.0,32,256
cube,2.000000,none,0,0.000219504,0.0,0.0,32,256
cube,2.000000,none,0,0.000194993,0.0,0.0,32,256
cube,2.000000,none,0,0.000162717,0.0,0.0,32,256
cube,2.000000,none,0,0.000164339,0.0,0.0,32,256
cube,2.000000,none,0,0.00011453,0.0,0.0,32,256
cube,2.000000,none,0,0.00014135,0.0,0.0,32,256
cube,2.000000,none,0,0.000125842,0.0,0.0,32,256
cube,2.000000,none,0,0.000109125,0.0,0.0,32,256
cube,2.000000,none,0,6.7898e-05,0.0,0.0,32,256
cube,2.000000,none,0,0.000150265,0.0,0.0,32,256
cube,2.000000,none,0,0.000155489,0.0,0.0,32,256
cube,2.000000,none,0,9.2463e-05,0.0,0.0,32,256
cube,2.000000,none,0,0.00017634,0.0,0.0,32,256
cube,2.000000,none,0,0.0001158,0.0,0.0,32,256
cube,2.000000,none,0,0.000147297,0.0,0.0,32,256
cube,2.000000,none,0,0.000145621,0.0,0.0,32,256
cube,2.000000,none,0,0.000192074,0.0,0.0,32,256
cube,2.000000,none,0,0.000145393,0.0,0.0,32,256
cube,2.000000,none,0,0.00011725,0.0,0.0,32,256
cube,2.000000,none,0,6.3016e-05,0.0,0.0,32,256
cube,2.000000,none,0,0.000120603,0.0,0.0,32,256
cube,2.000000,none,0,0.000145041,0.0,0.0,32,256
cube,2.000000,none,0,0.000155001,0.0,0.0,32,256
cube,2.000000,none,0,0.000110413,0.0,0.0,32,256
cube,2.000000,none,0,0.000135098,0.0,0.0,32,256
cube,2.000000,none,0,0.000131204,0.0,0.0,32,256
cube,2.000000,none,0,0.000130582,0.0,0.0,32,256
cube,2.000000,none,0,0.000163149,0.0,0.0,32,256
cube,2.000000,none,0,6.3352e-05,0.0,0.0,32,256
cube,2.000000,none,0,0.000143231,0.0,0.0,32,256
cube,2.000000,none,0,9.2927e-05,0.0,0.0,32,256
cube,2.000000,none,0,0.000105271,0.0,0.0,32,256
cube,2.000000,none,0,0.000127387,0.0,0.0,32,256
cube,2.000000,none,0,0.000101651,0.0,0.0,32,256
cube,2.000000,none,0,9.5881e-05,0.0,0.0,32,256
cube,2.000000,none,0,2.1558e-05,0.0,0.0,32,256
cube,2.000000,none,0,0.000134442,0.0,0.0,32,256
cube,2.000000,none,0,0.000120611,0.0,0.0,32,256
cube,2.000000,none,0,0.000117025,0.0,0.0,32,256
cube,2.000000,none,0,0.000163807,0.0,0.0,32,256
cube,2.000000,none,0,0.000136698,0.0,0.0,32,256
cube,2.000000,none,0,0.000119794,0.0,0.0,32,256
cube,2.000000,none,0,0.000136453,0.0,0.0,32,256
cube,2.000000,none,0,0.000167169,0.0,0.0,32,256
cube,2.000000,none,0,9.7085e-05,0.0,0.0,32,256
cube,2.000000,none,0,0.00018712,0.0,0.0,32,256
cube,2.000000,none,0,0.000120125,0.0,0.0,32,256
cube,2.000000,none,0,0.000106761,0.0,0.0,32,256
cube,2.000000,none,0,0.000144373,0.0,0.0,32,256
cube,2.000000,none,0,0.000103385,0.0,0.0,32,256
cube,2.000000,none,0,0.000120326,0.0,0.0,32,256
cube,2.000000,none,0,0.000173812,0.0,0.0,32,256
cube,2.000000,none,0,0.000168257,0.0,0.0,32,256
cube,2.000000,none,0,0.000192004,0.0,0.0,32,256
cube,2.000000,none,0,0.000135971,0.0,0.0,32,256
cube,2.000000,none,0,0.000126388,0.0,0.0,32,256
cube,2.000000,none,0,8.8146e-05,0.0,0.0,32,256
cube,2.000000,none,0,0.000135161,0.0,0.0,32,256
cube,2.000000,none,0,0.000123865,0.0,0.0,32,256
cube,2.000000,none,0,6.4154e-05,0.0,0.0,32,256
cube,2.000000,none,0,0.000128328,0.0,0.0,32,256
cube,2.000000,none,0,0.000113485,0.0,0.0,32,256
cube,2.000000,none,0,9.0804e-05,0.0,0.0,32,256
cube,2.000000,none,0,9.0203e-05,0.0,0.0,32,256
cube,2.000000,none,0,0.000141392,0.0,0.0,32,256
cube,2.000000,none,0,0.000124319,0.0,0.0,32,256
cube,2.000000,none,0,0.000128222,0.0,0.0,32,256
cube,2.000000,none,0,0.000128391,0.0,0.0,32,256
cube,2.000000,none,0,0.000135224,0.0,0.0,32,256
cube,2.000000,none,0,0.000217507,0.0,0.0,32,256
cube,2.000000,none,0,0.000141815,0.0,0.0,32,256
cube,2.000000,none,0,0.000110648,0.0,0.0,32,256
cube,2.000000,none,0,0.00010639,0.0,0.0,32,256
cube,2.000000,none,0,7.5718e-05,0.0,0.0,32,256
cube,2.000000,none,0,0.000142215,0.0,0.0,32,256
cube,2.000000,none,0,0.00012606,0.0,0.0,32,256
cube,2.000000,none,0,9.3985e-05,0.0,0.0,32,256
cube,2.000000,none,0,0.000128801,0.0,0.0,32,256
cube,2.000000,none,0,0.000152269,0.0,0.0,32,256
cube,2.000000,none,0,6.6546e-05,0.0,0.0,32,256
cube,2.000000,none,0,0.00016218,0.0,0.0,32,256
cube,2.000000,none,0,0.000134141,0.0,0.0,32,256
cube,2.000000,none,0,0.000165689,0.0,0.0,32,256
cube,2.000000,none,0,0.000111672,0.0,0.0,32,256
cube,2.000000,none,0,0.000105582,0.0,0.0,32,256
cube,2.000000,none,0,0.000168946,0.0,0.0,32,256
cube,2.000000,none,0,0.000151915,0.0,0.0,32,256
cube,2.000000,none,0,0.000126994,0.0,0.0,32,256
cube,2.000000,none,0,0.000128761,0.0,0.0,32,256
cube,2.000000,none,0,0.000166668,0.0,0.0,32,256
cube,2.000000,none,0,0.000140036,0.0,0.0,32,256
cube,2.000000,none,0,0.000153777,0.0,0.0,32,256
cube,2.000000,none,0,0.000130814,0.0,0.0,32,256
cube,2.000000,none,0,0.000198796,0.0,0.0,32,256
cube,2.000000,none,0,0.000118283,0.0,0.0,32,256
cube,2.000000,none,0,0.000190599,0.0,0.0,32,256
cube,2.000000,none,0,0.000157206,0.0,0.0,32,256
cube,2.000000,none,0,8.0394e-05,0.0,0.0,32,256
cube,2.000000,none,0,0.000143155,0.0,0.0,32,256
cube,2.000000,none,0,3.3634e-05,0.0,0.0,32,256
cube,2.000000,none,0,0.000123072,0.0,0.0,32,256
cube,2.000000,none,0,0.000101853,0.0,0.0,32,256
cube,2.000000,none,0,0.000131818,0.0,0.0,32,256
cube,2.000000,none,0,0.000150838,0.0,0.0,32,256
cube,2.000000,none,0,0.000112848,0.0,0.0,32,256
cube,2.000000,none,0,0.000139011,0.0,0.0,32,256
cube,2.000000,none,0,0.00021155,0.0,0.0,32,256
cube,2.000000,none,0,0.000152899,0.0,0.0,32,256
cube,2.000000,none,0,0.000167805,0.0,0.0,32,256
cube,2.000000,none,0,8.5051e-05,0.0,0.0,32,256
cube,2.000000,none,0,0.000199495,0.0,0.0,32,256
cube,2.000000,none,0,0.000159779,0.0,0.0,32,256
cube,2.000000,none,0,0.000132708,0.0,0.0,32,256
cube,2.000000,none,0,0.000141328,0.0,0.0,32,256
cube,2.000000,none,0,0.000129776,0.0,0.0,32,256
cube,2.000000,none,0,0.000138582,0.0,0.0,32,256
cube,2.000000,none,0,7.9991e-05,0.0,0.0,32,256
cube,2.000000,none,0,0.000109392,0.0,0.0,32,256
cube,2.000000,none,0,0.000113264,0.0,0.0,32,256
cube,2.000000,none,0,0.00013642,0.0,0.0,32,256
cube,2.000000,none,0,0.000141925,0.0,0.0,32,256
cube,2.000000,none,0,0.000190714,0.0,0.0,32,256
cube,2.000000,none,0,0.000178244,0.0,0.0,32,256
cube,2.000000,none,0,0.000138995,0.0,0.0,32,256
cube,2.000000,none,0,0.000120611,0.0,0.0,32,256
cube,2.000000,none,0,0.000123582,0.0,0.0,32,256
cube,2.000000,none,0,0.000136366,0.0,0.0,32,256
cube,2.000000,none,0,0.000107408,0.0,0.0,32,256
cube,2.000000,none,0,0.000153471,0.0,0.0,32,256
cube,2.000000,none,0,0.000129471,0.0,0.0,32,256
cube,2.000000,none,0,0.000123888,0.0,0.0,32,256
cube,2.000000,none,0,8.8732e-05,0.0,0.0,32,256
cube,2.000000,none,0,0.000147741,0.0,0.0,32,256
cube,2.000000,none,0,0.000124603,0.0,0.0,32,256
cube,2.000000,none,0,0.000115046,0.0,0.0,32,256
cube,2.000000,none,0,4.0556e-05,0.0,0.0,32,256
cube,2.000000,none,0,0.000153354,0.0,0.0,32,256
cube,2.000000,none,0,6.415e-05,0.0,0.0,32,256
cube,2.000000,none,0,6.6414e-05,0.0,0.0,32,256
cube,2.000000,none,0,0.000132487,0.0,0.0,32,256
cube,2.000000,none,0,7.2681e-05,0.0,0.0,32,256
cube,2.000000,none,0,0.000215434,0.0,0.0,32,256
cube,2.000000,none,0,0.000120527,0.0,0.0,32,256
cube,2.000000,none,0,0.000137313,0.0,0.0,32,256
cube,2.000000,none,0,0.000141375,0.0,0.0,32,256
cube,2.000000,none,0,0.000151298,0.0,0.0,32,256
cube,2.000000,none,0,8.3553e-05,0.0,0.0,32,256
cube,2.000000,none,0,0.000104103,0.0,0.0,32,256
cube,2.000000,none,0,0.000128062,0.0,0.0,32,256
cube,2.000000,none,0,0.000163345,0.0,0.0,32,256
cube,2.000000,none,0,0.000100998,0.0,0.0,32,256
cube,2.000000,none,0,0.000148849,0.0,0.0,32,256
cube,2.000000,none,0,8.2779e-05,0.0,0.0,32,256
cube,2.000000,none,0,0.000120333,0.0,0.0,32,256
cube,2.000000,none,0,0.000186625,0.0,0.0,32,256
cube,2.000000,none,0,0.000137557,0.0,0.0,32,256
cube,2.000000,none,0,0.000174652,0.0,0.0,32,256
cube,2.000000,none,0,0.000110546,0.0,0.0,32,256
cube,2.000000,none,0,0.000188994,0.0,0.0,32,256
cube,2.000000,none,0,0.000271914,0.0,0.0,32,256
cube,2.000000,none,0,0.00019153,0.0,0.0,32,256
cube,2.000000,none,0,0.000132076,0.0,0.0,32,256
cube,2.000000,none,0,0.000235823,0.0,0.0,32,256
cube,2.000000,none,0,8.5418e-05,0.0,0.0,32,256
cube,2.000000,none,0,0.000128266,0.0,0.0,32,256
cube,2.000000,none,0,0.000131748,0.0,0.0,32,256
cube,2.000000,none,0,0.000135298,0.0,0.0,32,256
cube,2.000000,none,0,0.000142916,0.0,0.0,32,256
cube,2.000000,none,0,0.000186929,0.0,0.0,32,256
cube,2.000000,none,0,0.000107795,0.0,0.0,32,256
cube,2.000000,none,0,0.000190092,0.0,0.0,32,256
cube,2.000000,none,0,8.5523e-05,0.0,0.0,32,256
cube,2.000000,none,0,0.000116901,0.0,0.0,32,256
cube,2.000000,none,0,5.015e-06,0.0,0.0,32,256
cube,2.000000,none,0,9.5547e-05,0.0,0.0,32,256
cube,2.000000,none,0,3.5292e-05,0.0,0.0,32,256
cube,2.000000,none,0,0.000110239,0.0,0.0,32,256
cube,2.000000,none,0,7.3961e-05,0.0,0.0,32,256
cube,2.000000,none,0,0.000123991,0.0,0.0,32,256
cube,2.000000,none,0,0.000176306,0.0,0.0,32,256
cube,2.000000,none,0,0.000164732,0.0,0.0,32,256
cube,2.000000,none,0,5.2745e-05,0.0,0.0,32,256
cube,2.000000,none,0,0.000168686,0.0,0.0,32,256
cube,2.000000,none,0,0.000164057,0.0,0.0,32,256
cube,2.000000,none,0,0.000140762,0.0,0.0,32,256
cube,2.000000,none,0,0.000151122,0.0,0.0,32,256
cube,2.000000,none,0,0.000134213,0.0,0.0,32,256
cube,2.000000,none,0,9.4392e-05,0.0,0.0,32,256
cube,2.000000,none,0,0.000119269,0.0,0.0,32,256
cube,2.000000,none,0,9.8279e-05,0.0,0.0,32,256
cube,2.000000,none,0,0.000103394,0.0,0.0,32,256
cube,2.000000,none,0,0.000115574,0.0,0.0,32,256
cube,2.000000,none,0,0.000120603,0.0,0.0,32,256
cube,2.000000,none,0,0.000103255,0.0,0.0,32,256
cube,2.000000,none,0,0.000136303,0.0,0.0,32,256
cube,2.000000,none,0,6.8488e-05,0.0,0.0,32,256
cube,2.000000,none,0,0.000164321,0.0,0.0,32,256
cube,2.000000,none,0,9.0708e-05,0.0,0.0,32,256
cube,2.000000,none,0,0.00014565,0.0,0.0,32,256
cube,2.000000,none,0,0.00011348,0.0,0.0,32,256
cube,2.000000,none,0,0.000161487,0.0,0.0,32,256
cube,2.000000,none,0,0.000163518,0.0,0.0,32,256
cube,2.000000,none,0,0.000133667,0.0,0.0,32,256
cube,2.000000,none,0,0.000166491,0.0,0.0,32,256
cube,2.000000,none,0,0.000150658,0.0,0.0,32,256
cube,2.000000,none,0,0.000156143,0.0,0.0,32,256
cube,2.000000,none,0,9.3097e-05,0.0,0.0,32,256
cube,2.000000,none,0,0.000151139,0.0,0.0,32,256
cube,2.000000,none,0,0.000121442,0.0,0.0,32,256
cube,2.000000,none,0,0.000121438,0.0,0.0,32,256
cube,2.000000,none,0,0.000117766,0.0,0.0,32,256
cube,2.000000,none,0,0.000115671,0.0,0.0,32,256
cube,2.000000,none,0,0.000106646,0.0,0.0,32,256
cube,2.000000,none,0,0.000141884,0.0,0.0,32,256
cube,2.000000,none,0,0.00014624,0.0,0.0,32,256
cube,2.000000,none,0,0.00085429,0.0,0.0,32,256
cube,2.000000,none,0,0.000229115,0.0,0.0,32,256
cube,2.000000,none,0,0.000141237,0.0,0.0,32,256
cube,2.000000,none,0,0.000101367,0.0,0.0,32,256
cube,2.000000,none,0,9.6403e-05,0.0,0.0,32,256
cube,2.000000,none,0,0.000157225,0.0,0.0,32,256
cube,2.000000,none,0,0.000128957,0.0,0.0,32,256
cube,2.000000,none,0,0.000129966,0.0,0.0,32,256
cube,2.000000,none,0,0.000162599,0.0,0.0,32,256
cube,2.000000,none,0,0.000171411,0.0,0.0,32,256
cube,2.000000,none,0,0.00014603,0.0,0.0,32,256
cube,2.000000,none,0,9.7428e-05,0.0,0.0,32,256
cube,2.000000,none,0,0.000157805,0.0,0.0,32,256
cube,2.000000,none,0,0.00014761,0.0,0.0,32,256
cube,2.000000,none,0,0.000153539,0.0,0.0,32,256
cube,2.000000,none,0,0.000111133,0.0,0.0,32,256
cube,2.000000,none,0,0.000158917,0.0,0.0,32,256
cube,2.000000,none,0,0.000136069,0.0,0.0,32,256
cube,2.000000,none,0,8.943e-05,0.0,0.0,32,256
cube,2.000000,none,0,0.000146578,0.0,0.0,32,256
cube,2.000000,none,0,0.000135634,0.0,0.0,32,256
cube,2.000000,none,0,7.9194e-05,0.0,0.0,32,256
cube,2.000000,none,0,0.00013431,0.0,0.0,32,256
cube,2.000000,none,0,3.6304e-05,0.0,0.0,32,256
cube,2.000000,none,0,0.00016133,0.0,0.0,32,256
cube,2.000000,none,0,0.000111189,0.0,0.0,32,256
cube,2.000000,none,0,2.2209e-05,0.0,0.0,32,256
cube,2.000000,none,0,0.000190971,0.0,0.0,32,256
cube,2.000000,none,0,0.000154769,0.0,0.0,32,256
cube,2.000000,none,0,0.000180017,0.0,0.0,32,256
cube,2.000000,none,0,4.0764e-05,0.0,0.0,32,256
cube,2.000000,none,0,0.0001714,0.0,0.0,32,256
cube,2.000000,none,0,0.000162925,0.0,0.0,32,256
cube,2.000000,none,0,0.000126413,0.0,0.0,32,256
cube,2.000000,none,0,0.000122466,0.0,0.0,32,256
cube,2.000000,none,0,0.000162822,0.0,0.0,32,256
cube,2.000000,none,0,0.000116134,0.0,0.0,32,256
cube,2.000000,none,0,0.000141242,0.0,0.0,32,256
cube,2.000000,none,0,9.6768e-05,0.0,0.0,32,256
cube,2.000000,none,0,0.000138263,0.0,0.0,32,256
cube,2.000000,none,0,9.4308e-05,0.0,0.0,32,256
cube,2.000000,none,0,6.2752e-05,0.0,0.0,32,256
cube,2.000000,none,0,0.000143972,0.0,0.0,32,256
cube,2.000000,none,0,0.000168398,0.0,0.0,32,256
cube,2.000000,none,0,5.768e-05,0.0,0.0,32,256
cube,2.000000,none,0,0.000174887,0.0,0.0,32,256
cube,2.000000,none,0,0.000144908,0.0,0.0,32,256
cube,2.000000,none,0,0.000131923,0.0,0.0,32,256
cube,2.000000,none,0,0.000116596,0.0,0.0,32,256
cube,2.000000,none,0,4.5315e-05,0.0,0.0,32,256
cube,2.000000,none,0,0.000172692,0.0,0.0,32,256
cube,2.000000,none,0,0.000111269,0.0,0.0,32,256
cube,2.000000,none,0,2.2203e-05,0.0,0.0,32,256
cube,2.000000,none,0,0.000276799,0.0,0.0,32,256
cube,2.000000,none,0,9.0283e-05,0.0,0.0,32,256
cube,2.000000,none,0,4.3689e-05,0.0,0.0,32,256
cube,2.000000,none,0,0.000128193,0.0,0.0,32,256
cube,2.000000,none,0,0.000140905,0.0,0.0,32,256
cube,2.000000,none,0,2.0315e-05,0.0,0.0,32,256
cube,2.000000,none,0,7.1145e-05,0.0,0.0,32,256
cube,2.000000,none,0,0.000121987,0.0,0.0,32,256
cube,2.000000,none,0,0.000123138,0.0,0.0,32,256
cube,2.000000,none,0,0.000180381,0.0,0.0,32,256
cube,2.000000,none,0,0.000191077,0.0,0.0,32,256
cube,2.000000,none,0,0.000126144,0.0,0.0,32,256
cube,2.000000,none,0,9.5042e-05,0.0,0.0,32,256
cube,2.000000,none,0,8.9143e-05,0.0,0.0,32,256
cube,2.000000,none,0,0.000126405,0.0,0.0,32,256
cube,2.000000,none,0,0.000105067,0.0,0.0,32,256
sphere,2.000000,polar,3.3664e-05,0.00345684,0.0,0.0,32,256
sphere,2.000000,polar,0.0,0.0,1.1742e-05,1.338e-05,32,256
sphere,2.000000,polar,8.1264e-05,0.0029891,0.0,0.0,32,256
sphere,2.000000,polar,0.0,0.0,2.1172e-05,3.4967e-05,32,256
sphere,2.000000,polar,2.4274e-05,9.1603e-05,0.0,0.0,32,256
sphere,2.000000,polar,0.0,0.0,5.375e-06,6.203e-06,32,256
sphere,2.000000,polar,4.8866e-05,0.000112458,0.0,0.0,32,256
sphere,2.000000,polar,0.0,0.0,1.0338e-05,2.3792e-05,32,256
sphere,2.000000,polar,6.4118e-05,0.000146929,0.0,0.0,32,256
sphere,2.000000,polar,0.0,0.0,9.078e-06,1.7972e-05,32,256
sphere,2.000000,polar,3.8164e-05,9.61e-05,0.0,0.0,32,256
sphere,2.000000,polar,0.0,0.0,7.433e-06,1.6695e-05,32,256
sphere,2.000000,polar,6.4991e-05,0.000161007,0.0,0.0,32,256
sphere,2.000000,polar,0.0,0.0,1.4463e-05,3.0237e-05,32,256
sphere,2.000000,polar,6.9741e-05,0.000134308,0.0,0.0,32,256
sphere,2.000000,polar,0.0,0.0,1.6238e-05,3.2603e-05,32,256
sphere,2.000000,polar,6.298e-05,0.000154001,0.0,0.0,32,256
sphere,2.000000,polar,0.0,0.0,1.3073e-05,3.0639e-05,32,256
sphere,2.000000,polar,4.225e-05,0.000127487,0.0,0.0,32,256
sphere,2.000000,polar,0.0,0.0,7.72e-06,1.6962e-05,32,256
sphere,2.000000,polar,6.1574e-05,0.0001158,0.0,0.0,32,256
sphere,2.000000,polar,0.0,0.0,1.3767e-05,3.0082e-05,32,256
sphere,2.000000,polar,6.4722e-05,0.000130229,0.0,0.0,32,256
sphere,2.000000,polar,0.0,0.0,1.264e-05,3.2038e-05,32,256
sphere,2.000000,polar,6.3243e-05,0.000171982,0.0,0.0,32,256
sphere,2.000000,polar,0.0,0.0,1.0986e-05,3.467e-05,32,256
sphere,2.000000,polar,2.7335e-05,0.000206333,0.0,0.0,32,256
sphere,2.000000,polar,0.0,0.0,5.636e-06,2.995e-06,32,256
sphere,2.000000,polar,7.2378e-05,0.000196317,0.0,0.0,32,256
sphere,2.000000,polar,0.0,0.0,1.5687e-05,3.354e-05,32,256
sphere,2.000000,polar,5.303e-05,0.00012205,0.0,0.0,32,256
sphere,2.000000,polar,0.0,0.0,9.902e-06,2.3231e-05,32,256
sphere,2.000000,polar,7.6188e-05,0.00015663,0.0,0.0,32,256
sphere,2.000000,polar,0.0,0.0,1.5844e-05,3.7354e-05,32,256
sphere,2.000000,polar,7.0333e-05,0.000171778,0.0,0.0,32,256
sphere,2.000000,polar,0.0,0.0,1.411e-05,3.3298e-05,32,256
sphere,2.000000,polar,2.9382e-05,0.000130111,0.0,0.0,32,256
sphere,2.000000,polar,0.0,0.0,6.053e-06,6.078e-06,32,256
sphere,2.000000,polar,7.1433e-05,0.000180589,0.0,0.0,32,256
sphere,2.000000,polar,0.0,0.0,1.2979e-05,3.3741e-05,32,256
sphere,2.000000,polar,6.4413e-05,0.000127679,0.0,0.0,32,256
sphere,2.000000,polar,0.0,0.0,1.171e-05,3.1947e-05,32,256
sphere,2.000000,polar,6.1717e-05,0.000145182,0.0,0.0,32,256
sphere,2.000000,polar,0.0,0.0,1.1446e-05,3.0146e-05,32,256
sphere,2.000000,polar,1.8506e-05,6.0954e-05,0.0,0.0,32,256
sphere,2.000000,polar,0.0,0.0,3.604e-06,6.132e-06,32,256
sphere,2.000000,polar,4.8019e-05,0.000168707,0.0,0.0,32,256
sphere,2.000000,polar,0.0,0.0,9.37e-06,1.6667e-05,32,256
sphere,2.000000,polar,4.8444e-05,9.843e-05,0.0,0.0,32,256
sphere,2.000000,polar,0.0,0.0,9.518e-06,2.1868e-05,32,256
sphere,2.000000,polar,6.475e-06,1.7096e-05,0.0,0.0,32,256
sphere,2.000000,polar,0.0,0.0,1.334e-06,2.362e-06,32,256
sphere,2.000000,polar,4.0486e-05,7.0924e-05,0.0,0.0,32,256
sphere,2.000000,polar,0.0,0.0,6.887e-06,2.1368e-05,32,256
sphere,2.000000,polar,1.2416e-05,1.5899e-05,0.0,0.0,32,256
sphere,2.000000,polar,0.0,0.0,2.605e-06,6.404e-06,32,256
sphere,2.000000,polar,5.7275e-05,0.000107842,0.0,0.0,32,256
sphere,2.000000,polar,0.0,0.0,9.715e-06,2.967e-05,32,256
sphere,2.000000,polar,7.0971e-05,0.000136994,0.0,0.0,32,256
sphere,2.000000,polar,0.0,0.0,1.2774e-05,3.6362e-05,32,256
sphere,2.000000,polar,5.596e-05,0.000194988,0.0,0.0,32,256
sphere,2.000000,polar,0.0,0.0,1.1012e-05,2.7953e-05,32,256
sphere,2.000000,polar,7.2867e-05,0.000243637,0.0,0.0,32,256
sphere,2.000000,polar,0.0,0.0,1.387e-05,3.6284e-05,32,256
sphere,2.000000,polar,6.2993e-05,0.000185582,0.0,0.0,32,256
sphere,2.000000,polar,0.0,0.0,1.3171e-05,2.3281e-05,32,256
sphere,2.000000,polar,5.549e-05,0.000133413,0.0,0.0,32,256
sphere,2.000000,polar,0.0,0.0,1.2164e-05,2.2859e-05,32,256
sphere,2.000000,polar,4.0176e-05,0.000149224,0.0,0.0,32,256
sphere,2.000000,polar,0.0,0.0,8.239e-06,1.606e-05,32,256
sphere,2.000000,polar,7.6395e-05,0.000178823,0.0,0.0,32,256
sphere,2.000000,polar,0.0,0.0,1.4892e-05,3.8294e-05,32,256
sphere,2.000000,polar,4.3522e-05,0.000133343,0.0,0.0,32,256
sphere,2.000000,polar,0.0,0.0,8.023e-06,1.4861e-05,32,256
sphere,2.000000,polar,6.0206e-05,0.000117428,0.0,0.0,32,256
sphere,2.000000,polar,0.0,0.0,1.0632e-05,3.0205e-05,32,256
sphere,2.000000,polar,2.9977e-05,9.2657e-05,0.0,0.0,32,256
sphere,2.000000,polar,0.0,0.0,6.123e-06,7.89e-06,32,256
sphere,2.000000,polar,2.6077e-05,8.8019e-05,0.0,0.0,32,256
sphere,2.000000,polar,0.0,0.0,5.757e-06,1.0214e-05,32,256
sphere,2.000000,polar,3.709e-05,8.0482e-05,0.0,0.0,32,256
sphere,2.000000,polar,0.0,0.0,7.458e-06,1.6059e-05,32,256
sphere,2.000000,polar,2.1182e-05,5.1477e-05,0.0,0.0,32,256
sphere,2.000000,polar,0.0,0.0,4.167e-06,8.73e-06,32,256
sphere,2.000000,polar,6.3656e-05,0.000119864,0.0,0.0,32,256
sphere,2.000000,polar,0.0,0.0,1.1999e-05,3.3041e-05,32,256
sphere,2.000000,polar,5.1804e-05,0.000114134,0.0,0.0,32,256
sphere,2.000000,polar,0.0,0.0,9.019e-06,2.5102e-05,32,256
sphere,2.000000,polar,2.233e-05,4.1226e-05,0.0,0.0,32,256
sphere,2.000000,polar,0.0,0.0,4.464e-06,1.055e-05,32,256
sphere,2.000000,polar,3.5039e-05,0.00010577,0.0,0.0,32,256
sphere,2.000000,polar,0.0,0.0,6.349e-06,1.3833e-05,32,256
sphere,2.000000,polar,3.8803e-05,7.9364e-05,0.0,0.0,32,256
sphere,2.000000,polar,0.0,0.0,6.481e-06,1.9099e-05,32,256
sphere,2.000000,polar,5.6722e-05,0.000129715,0.0,0.0,32,256
sphere,2.000000,polar,0.0,0.0,1.0268e-05,2.867e-05,32,256
sphere,2.000000,polar,5.0911e-05,0.000140739,0.0,0.0,32,256
sphere,2.000000,polar,0.0,0.0,1.0028e-05,1.7105e-05,32,256
sphere,2.000000,polar,6.6506e-05,0.000115941,0.0,0.0,32,256
sphere,2.000000,polar,0.0,0.0,1.0365e-05,2.9763e-05,32,256
sphere,2.000000,polar,8.1738e-05,0.00011114,0.0,0.0,32,256
sphere,2.000000,polar,0.0,0.0,7.657e-06,5.8225e-05,32,256
sphere,2.000000,polar,3.123e-05,7.4881e-05,0.0,0.0,32,256
sphere,2.000000,polar,0.0,0.0,5.734e-06,1.2866e-05,32,256
sphere,2.000000,polar,5.2332e-05,8.961e-05,0.0,0.0,32,256
sphere,2.000000,polar,0.0,0.0,8.959e-06,2.7942e-05,32,256
sphere,2.000000,polar,4.399e-05,5.0563e-05,0.0,0.0,32,256
sphere,2.000000,polar,0.0,0.0,7.06e-06,2.486e-05,32,256
sphere,2.000000,polar,9.5477e-05,0.0001858,0.0,0.0,32,256
sphere,2.000000,polar,0.0,0.0,1.563e-05,5.2982e-05,32,256
sphere,2.000000,polar,5.4884e-05,0.000110366,0.0,0.0,32,256
sphere,2.000000,polar,0.0,0.0,9.534e-06,2.8189e-05,32,256
sphere,2.000000,polar,9.2307e-05,0.000746444,0.0,0.0,32,256
sphere,2.000000,polar,0.0,0.0,1.7085e-05,4.2939e-05,32,256
sphere,2.000000,polar,2.2703e-05,0.000156998,0.0,0.0,32,256
sphere,2.000000,polar,0.0,0.0,4.832e-06,9.02e-07,32,256
sphere,2.000000,polar,4.7839e-05,0.000119408,0.0,0.0,32,256
sphere,2.000000,polar,0.0,0.0,9.115e-06,2.0997e-05,32,256
sphere,2.000000,polar,7.2685e-05,0.000133579,0.0,0.0,32,256
sphere,2.000000,polar,0.0,0.0,1.3145e-05,3.7321e-05,32,256
sphere,2.000000,polar,5.7197e-05,0.000124195,0.0,0.0,32,256
sphere,2.000000,polar,0.0,0.0,9.931e-06,2.9084e-05,32,256
sphere,2.000000,polar,3.6346e-05,9.511e-05,0.0,0.0,32,256
sphere,2.000000,polar,0.0,0.0,6.514e-06,1.6274e-05,32,256
sphere,2.000000,polar,5.9996e-05,0.00014926,0.0,0.0,32,256
sphere,2.000000,polar,0.0,0.0,1.0968e-05,3.252e-05,32,256
sphere,2.000000,polar,4.4766e-05,0.000141882,0.0,0.0,32,256
sphere,2.000000,polar,0.0,0.0,8.529e-06,1.6354e-05,32,256
sphere,2.000000,polar,6.0433e-05,0.000126991,0.0,0.0,32,256
sphere,2.000000,polar,0.0,0.0,1.0787e-05,3.0445e-05,32,256
sphere,2.000000,polar,3.8281e-05,0.000135525,0.0,0.0,32,256
sphere,2.000000,polar,0.0,0.0,7.806e-06,1.3504e-05,32,256
sphere,2.000000,polar,2.2214e-05,5.7985e-05,0.0,0.0,32,256
sphere,2.000000,polar,0.0,0.0,3.958e-06,9.064e-06,32,256
sphere,2.000000,polar,2.7849e-05,0.000104155,0.0,0.0,32,256
sphere,2.000000,polar,0.0,0.0,5.354e-06,9.045e-06,32,256
sphere,2.000000,polar,4.5405e-05,0.00017582,0.0,0.0,32,256
sphere,2.000000,polar,0.0,0.0,7.351e-06,1.6813e-05,32,256
sphere,2.000000,polar,6.8479e-05,0.000172735,0.0,0.0,32,256
sphere,2.000000,polar,0.0,0.0,1.1097e-05,3.7054e-05,32,256
sphere,2.000000,polar,6.6165e-05,0.000151658,0.0,0.0,32,256
sphere,2.000000,polar,0.0,0.0,1.1225e-05,3.2745e-05,32,256
sphere,2.000000,polar,3.9412e-05,6.072e-05,0.0,0.0,32,256
sphere,2.000000,polar,0.0,0.0,6.539e-06,2.1223e-05,32,256
sphere,2.000000,polar,5.8339e-05,0.000146444,0.0,0.0,32,256
sphere,2.000000,polar,0.0,0.0,1.0508e-05,2.5024e-05,32,256
sphere,2.000000,polar,7.4774e-05,0.000226882,0.0,0.0,32,256
sphere,2.000000,polar,0.0,0.0,1.5259e-05,3.6231e-05,32,256
sphere,2.000000,polar,7.5606e-05,0.000157157,0.0,0.0,32,256
sphere,2.000000,polar,0.0,0.0,1.4385e-05,3.7898e-05,32,256
sphere,2.000000,polar,5.305e-05,0.000118284,0.0,0.0,32,256
sphere,2.000000,polar,0.0,0.0,1.0193e-05,2.61e-05,32,256
sphere,2.000000,polar,5.0479e-05,0.000195253,0.0,0.0,32,256
sphere,2.000000,polar,0.0,0.0,9.66e-06,1.7917e-05,32,256
sphere,2.000000,polar,6.0198e-05,0.000172577,0.0,0.0,32,256
sphere,2.000000,polar,0.0,0.0,1.2337e-05,2.7916e-05,32,256
sphere,2.000000,polar,4.9377e-05,0.000165205,0.0,0.0,32,256
sphere,2.000000,polar,0.0,0.0,1.0197e-05,1.5634e-05,32,256
sphere,2.000000,polar,3.6892e-05,0.000149515,0.0,0.0,32,256
sphere,2.000000,polar,0.0,0.0,7.97e-06,1.1182e-05,32,256
sphere,2.000000,polar,7.1855e-05,0.000155311,0.0,0.0,32,256
sphere,2.000000,polar,0.0,0.0,1.3934e-05,3.5879e-05,32,256
sphere,2.000000,polar,6.0368e-05,0.000128981,0.0,0.0,32,256
sphere,2.000000,polar,0.0,0.0,1.1905e-05,2.9789e-05,32,256
sphere,2.000000,polar,9.2664e-05,0.000322551,0.0,0.0,32,256
sphere,2.000000,polar,0.0,0.0,1.8174e-05,4.3416e-05,32,256
sphere,2.000000,polar,7.324e-05,0.000215669,0.0,0.0,32,256
sphere,2.000000,polar,0.0,0.0,1.3489e-05,3.6671e-05,32,256
sphere,2.000000,polar,6.6794e-05,0.000119763,0.0,0.0,32,256
sphere,2.000000,polar,0.0,0.0,1.1319e-05,3.5625e-05,32,256
sphere,2.000000,polar,5.4993e-05,0.000104907,0.0,0.0,32,256
sphere,2.000000,polar,0.0,0.0,9.514e-06,2.8688e-05,32,256
sphere,2.000000,polar,5.128e-05,0.00013231,0.0,0.0,32,256
sphere,2.000000,polar,0.0,0.0,9.633e-06,1.8569e-05,32,256
sphere,2.000000,polar,1.6241e-05,1.6916e-05,0.0,0.0,32,256
sphere,2.000000,polar,0.0,0.0,2.924e-06,9.089e-06,32,256
sphere,2.000000,polar,3.5795e-05,6.7729e-05,0.0,0.0,32,256
sphere,2.000000,polar,0.0,0.0,6.437e-06,1.8838e-05,32,256
sphere,2.000000,polar,5.4743e-05,9.4307e-05,0.0,0.0,32,256
sphere,2.000000,polar,0.0,0.0,9.425e-06,2.8494e-05,32,256
sphere,2.000000,polar,6.0846e-05,0.000141999,0.0,0.0,32,256
sphere,2.000000,polar,0.0,0.0,1.1117e-05,2.8357e-05,32,256
sphere,2.000000,polar,5.0489e-05,0.000133188,0.0,0.0,32,256
sphere,2.000000,polar,0.0,0.0,8.706e-06,2.152e-05,32,256
sphere,2.000000,polar,5.6741e-05,0.000175957,0.0,0.0,32,256
sphere,2.000000,polar,0.0,0.0,1.0866e-05,2.0336e-05,32,256
sphere,2.000000,polar,4.2012e-05,7.5669e-05,0.0,0.0,32,256
sphere,2.000000,polar,0.0,0.0,7.725e-06,2.1525e-05,32,256
sphere,2.000000,polar,3.9264e-05,9.1359e-05,0.0,0.0,32,256
sphere,2.000000,polar,0.0,0.0,6.896e-06,1.9926e-05,32,256
sphere,2.000000,polar,0.000105988,8.4958e-05,0.0,0.0,32,256
sphere,2.000000,polar,0.0,0.0,8.35e-06,8.5913e-05,32,256
sphere,2.000000,polar,8.2815e-05,0.000163224,0.0,0.0,32,256
sphere,2.000000,polar,0.0,0.0,1.4112e-05,4.2824e-05,32,256
sphere,2.000000,polar,5.4144e-05,9.1256e-05,0.0,0.0,32,256
sphere,2.000000,polar,0.0,0.0,8.936e-06,2.955e-05,32,256
sphere,2.000000,polar,6.2686e-05,0.000189073,0.0,0.0,32,256
sphere,2.000000,polar,0.0,0.0,1.1689e-05,3.1108e-05,32,256
sphere,2.000000,polar,7.6671e-05,0.000151146,0.0,0.0,32,256
sphere,2.000000,polar,0.0,0.0,1.4296e-05,3.8911e-05,32,256
sphere,2.000000,polar,5.2359e-05,0.000134143,0.0,0.0,32,256
sphere,2.000000,polar,0.0,0.0,8.757e-06,2.5316e-05,32,256
sphere,2.000000,polar,9.2643e-05,0.00022978,0.0,0.0,32,256
sphere,2.000000,polar,0.0,0.0,1.4442e-05,4.8091e-05,32,256
sphere,2.000000,polar,4.7629e-05,0.000240193,0.0,0.0,32,256
sphere,2.000000,polar,0.0,0.0,8.298e-06,1.8648e-05,32,256
sphere,2.000000,polar,3.5385e-05,0.000170177,0.0,0.0,32,256
sphere,2.000000,polar,0.0,0.0,6.966e-06,9.225e-06,32,256
sphere,2.000000,polar,1.9958e-05,9.0058e-05,0.0,0.0,32,256
sphere,2.000000,polar,0.0,0.0,4.161e-06,5.583e-06,32,256
sphere,2.000000,polar,1.5069e-05,2.6825e-05,0.0,0.0,32,256
sphere,2.000000,polar,0.0,0.0,3.256e-06,7.239e-06,32,256
sphere,2.000000,polar,4.0755e-05,0.000148141,0.0,0.0,32,256
sphere,2.000000,polar,0.0,0.0,8.87e-06,1.1181e-05,32,256
sphere,2.000000,polar,2.3681e-05,4.6258e-05,0.0,0.0,32,256
sphere,2.000000,polar,0.0,0.0,4.486e-06,1.1869e-05,32,256
sphere,2.000000,polar,6.2872e-05,0.000144621,0.0,0.0,32,256
sphere,2.000000,polar,0.0,0.0,1.1022e-05,3.1621e-05,32,256
sphere,2.000000,polar,4.2295e-05,0.000132827,0.0,0.0,32,256
sphere,2.000000,polar,0.0,0.0,7.58e-06,1.6584e-05,32,256
sphere,2.000000,polar,5.2274e-05,0.00012541,0.0,0.0,32,256
sphere,2.000000,polar,0.0,0.0,9.249e-06,2.2535e-05,32,256
sphere,2.000000,polar,4.8602e-05,0.000122017,0.0,0.0,32,256
sphere,2.000000,polar,0.0,0.0,9.084e-06,2.1383e-05,32,256
sphere,2.000000,polar,7.6443e-05,0.000171151,0.0,0.0,32,256
sphere,2.000000,polar,0.0,0.0,1.5021e-05,3.8285e-05,32,256
sphere,2.000000,polar,8.4888e-05,0.000222298,0.0,0.0,32,256
sphere,2.000000,polar,0.0,0.0,1.6989e-05,3.9713e-05,32,256
sphere,2.000000,polar,7.3734e-05,0.00015324,0.0,0.0,32,256
sphere,2.000000,polar,0.0,0.0,1.4236e-05,3.7458e-05,32,256
sphere,2.000000,polar,5.5251e-05,0.000148572,0.0,0.0,32,256
sphere,2.000000,polar,0.0,0.0,1.0924e-05,2.36e-05,32,256
sphere,2.000000,polar,5.3081e-05,0.000193402,0.0,0.0,32,256
sphere,2.000000,polar,0.0,0.0,1.1182e-05,2.0759e-05,32,256
sphere,2.000000,polar,2.7686e-05,0.000168372,0.0,0.0,32,256
sphere,2.000000,polar,0.0,0.0,6.262e-06,2.777e-06,32,256
sphere,2.000000,polar,3.2457e-05,0.000116017,0.0,0.0,32,256
sphere,2.000000,polar,0.0,0.0,5.934e-06,1.1371e-05,32,256
sphere,2.000000,polar,7.7578e-05,0.000206254,0.0,0.0,32,256
sphere,2.000000,polar,0.0,0.0,1.1892e-05,4.3142e-05,32,256
sphere,2.000000,polar,2.0602e-05,5.6225e-05,0.0,0.0,32,256
sphere,2.000000,polar,0.0,0.0,4.059e-06,7.213e-06,32,256
sphere,2.000000,polar,5.5401e-05,0.000100733,0.0,0.0,32,256
sphere,2.000000,polar,0.0,0.0,9.999e-06,2.4743e-05,32,256
sphere,2.000000,polar,4.2398e-05,8.3086e-05,0.0,0.0,32,256
sphere,2.000000,polar,0.0,0.0,7.318e-06,2.3073e-05,32,256
sphere,2.000000,polar,8.6584e-05,0.000221028,0.0,0.0,32,256
sphere,2.000000,polar,0.0,0.0,1.7095e-05,4.0741e-05,32,256
sphere,2.000000,polar,6.83e-05,0.000165322,0.0,0.0,32,256
sphere,2.000000,polar,0.0,0.0,1.2638e-05,3.0903e-05,32,256
sphere,2.000000,polar,7.35e-05,0.000121604,0.0,0.0,32,256
sphere,2.000000,polar,0.0,0.0,1.3069e-05,3.8681e-05,32,256
sphere,2.000000,polar,6.1119e-05,0.000143804,0.0,0.0,32,256
sphere,2.000000,polar,0.0,0.0,9.632e-06,2.427e-05,32,256
sphere,2.000000,polar,2.5259e-05,0.000114294,0.0,0.0,32,256
sphere,2.000000,polar,0.0,0.0,4.963e-06,6.395e-06,32,256
sphere,2.000000,polar,1.1664e-05,6.0326e-05,0.0,0.0,32,256
sphere,2.000000,polar,0.0,0.0,2.478e-06,4.058e-06,32,256
sphere,2.000000,polar,6.2048e-05,0.000112377,0.0,0.0,32,256
sphere,2.000000,polar,0.0,0.0,1.1212e-05,3.1622e-05,32,256
sphere,2.000000,polar,6.7693e-05,0.000137637,0.0,0.0,32,256
sphere,2.000000,polar,0.0,0.0,1.303e-05,3.1494e-05,32,256
sphere,2.000000,polar,3.0917e-05,5.5429e-05,0.0,0.0,32,256
sphere,2.000000,polar,0.0,0.0,6.224e-06,1.5172e-05,32,256
sphere,2.000000,polar,6.1286e-05,0.000121255,0.0,0.0,32,256
sphere,2.000000,polar,0.0,0.0,1.0655e-05,3.0684e-05,32,256
sphere,2.000000,polar,2.7235e-05,0.000116684,0.0,0.0,32,256
sphere,2.000000,polar,0.0,0.0,5.735e-06,6.23e-06,32,256
sphere,2.000000,polar,7.6893e-05,0.000139271,0.0,0.0,32,256
sphere,2.000000,polar,0.0,0.0,1.2782e-05,4.2267e-05,32,256
sphere,2.000000,polar,5.0961e-05,0.000131475,0.0,0.0,32,256
sphere,2.000000,polar,0.0,0.0,9.745e-06,1.9938e-05,32,256
sphere,2.000000,polar,3.5713e-05,7.4471e-05,0.0,0.0,32,256
sphere,2.000000,polar,0.0,0.0,7.165e-06,1.7848e-05,32,256
sphere,2.000000,polar,6.9616e-05,0.000123035,0.0,0.0,32,256
sphere,2.000000,polar,0.0,0.0,1.2027e-05,3.6668e-05,32,256
sphere,2.000000,polar,7.005e-05,0.000179577,0.0,0.0,32,256
sphere,2.000000,polar,0.0,0.0,9.967e-06,4.0556e-05,32,256
sphere,2.000000,polar,3.9387e-05,0.000169951,0.0,0.0,32,256
sphere,2.000000,polar,0.0,0.0,7.693e-06,1.2766e-05,32,256
sphere,2.000000,polar,3.1771e-05,0.000181318,0.0,0.0,32,256
sphere,2.000000,polar,0.0,0.0,6.17e-06,6.962e-06,32,256
sphere,2.000000,polar,3.1278e-05,4.4609e-05,0.0,0.0,32,256
sphere,2.000000,polar,0.0,0.0,5.115e-06,1.7843e-05,32,256
sphere,2.000000,polar,4.9581e-05,9.4585e-05,0.0,0.0,32,256
sphere,2.000000,polar,0.0,0.0,8.729e-06,2.5154e-05,32,256
sphere,2.000000,polar,1.8585e-05,5.3513e-05,0.0,0.0,32,256
sphere,2.000000,polar,0.0,0.0,3.338e-06,7.854e-06,32,256
sphere,2.000000,polar,4.953e-05,0.000126959,0.0,0.0,32,256
sphere,2.000000,polar,0.0,0.0,9.257e-06,2.4231e-05,32,256
sphere,2.000000,polar,6.4211e-05,0.000124597,0.0,0.0,32,256
sphere,2.000000,polar,0.0,0.0,1.2052e-05,3.3973e-05,32,256
sphere,2.000000,polar,7.8963e-05,0.000135733,0.0,0.0,32,256
sphere,2.000000,polar,0.0,0.0,1.4241e-05,4.0415e-05,32,256
sphere,2.000000,polar,4.626e-05,8.3885e-05,0.0,0.0,32,256
sphere,2.000000,polar,0.0,0.0,9.167e-06,2.3312e-05,32,256
sphere,2.000000,polar,2.8012e-05,0.000142529,0.0,0.0,32,256
sphere,2.000000,polar,0.0,0.0,5.836e-06,3.408e-06,32,256
sphere,2.000000,polar,4.0635e-05,9.8597e-05,0.0,0.0,32,256
sphere,2.000000,polar,0.0,0.0,7.134e-06,1.8538e-05,32,256
sphere,2.000000,polar,3.6179e-05,0.000133987,0.0,0.0,32,256
sphere,2.000000,polar,0.0,0.0,6.778e-06,1.0378e-05,32,256
sphere,2.000000,polar,3.61e-05,0.000101009,0.0,0.0,32,256
sphere,2.000000,polar,0.0,0.0,6.199e-06,1.8154e-05,32,256
sphere,2.000000,polar,4.2824e-05,0.00015115,0.0,0.0,32,256
sphere,2.000000,polar,0.0,0.0,8.398e-06,1.5123e-05,32,256
sphere,2.000000,polar,0.000125118,0.000228904,0.0,0.0,32,256
sphere,2.000000,polar,0.0,0.0,1.3235e-05,5.4838e-05,32,256
sphere,2.000000,polar,3.9567e-05,7.2773e-05,0.0,0.0,32,256
sphere,2.000000,polar,0.0,0.0,7.076e-06,2.0352e-05,32,256
sphere,2.000000,polar,1.4282e-05,3.0718e-05,0.0,0.0,32,256
sphere,2.000000,polar,0.0,0.0,2.559e-06,6.969e-06,32,256
sphere,2.000000,polar,4.7439e-05,0.000141959,0.0,0.0,32,256
sphere,2.000000,polar,0.0,0.0,8.571e-06,2.2247e-05,32,256
sphere,2.000000,polar,0.000108448,0.000266166,0.0,0.0,32,256
sphere,2.000000,polar,0.0,0.0,1.9467e-05,5.6328e-05,32,256
sphere,2.000000,polar,4.3735e-05,9.3555e-05,0.0,0.0,32,256
sphere,2.000000,polar,0.0,0.0,8.444e-06,2.1923e-05,32,256
sphere,2.000000,polar,5.0343e-05,0.000150655,0.0,0.0,32,256
sphere,2.000000,polar,0.0,0.0,1.097e-05,1.7458e-05,32,256
sphere,2.000000,polar,3.1921e-05,0.000134905,0.0,0.0,32,256
sphere,2.000000,polar,0.0,0.0,6.239e-06,9.099e-06,32,256
sphere,2.000000,polar,8.2511e-05,0.000115557,0.0,0.0,32,256
sphere,2.000000,polar,0.0,0.0,1.1994e-05,3.5178e-05,32,256
sphere,2.000000,polar,5.3422e-05,0.000134683,0.0,0.0,32,256
sphere,2.000000,polar,0.0,0.0,1.0016e-05,2.4781e-05,32,256
sphere,2.000000,polar,3.9956e-05,0.000176358,0.0,0.0,32,256
sphere,2.000000,polar,0.0,0.0,7.911e-06,1.0313e-05,32,256
sphere,2.000000,polar,4.0869e-05,0.000136192,0.0,0.0,32,256
sphere,2.000000,polar,0.0,0.0,9.256e-06,1.6152e-05,32,256
sphere,2.000000,polar,7.4429e-05,0.00021617,0.0,0.0,32,256
sphere,2.000000,polar,0.0,0.0,1.4072e-05,3.8285e-05,32,256
sphere,2.000000,polar,7.3782e-05,0.000157277,0.0,0.0,32,256
sphere,2.000000,polar,0.0,0.0,1.3108e-05,3.8708e-05,32,256
sphere,2.000000,polar,1.2227e-05,1.2048e-05,0.0,0.0,32,256
sphere,2.000000,polar,0.0,0.0,2.643e-06,6.742e-06,32,256
sphere,2.000000,polar,4.5392e-05,0.000145567,0.0,0.0,32,256
sphere,2.000000,polar,0.0,0.0,8.096e-06,1.7596e-05,32,256
sphere,2.000000,polar,5.3938e-05,9.9049e-05,0.0,0.0,32,256
sphere,2.000000,polar,0.0,0.0,9.514e-06,2.7349e-05,32,256
sphere,2.000000,polar,2.0893e-05,6.0721e-05,0.0,0.0,32,256
sphere,2.000000,polar,0.0,0.0,3.919e-06,7.368e-06,32,256
sphere,2.000000,polar,6.1552e-05,0.000119758,0.0,0.0,32,256
sphere,2.000000,polar,0.0,0.0,1.1362e-05,3.1429e-05,32,256
sphere,2.000000,polar,2.6183e-05,0.000130426,0.0,0.0,32,256
sphere,2.000000,polar,0.0,0.0,5.316e-06,3.345e-06,32,256
sphere,2.000000,polar,9.2509e-05,0.000185073,0.0,0.0,32,256
sphere,2.000000,polar,0.0,0.0,1.686e-05,4.5695e-05,32,256
sphere,2.000000,polar,5.8138e-05,0.000127045,0.0,0.0,32,256
sphere,2.000000,polar,0.0,0.0,1.0222e-05,2.8161e-05,32,256
sphere,2.000000,polar,4.5461e-05,9.2471e-05,0.0,0.0,32,256
sphere,2.000000,polar,0.0,0.0,8.098e-06,2.2109e-05,32,256
sphere,2.000000,polar,5.9422e-05,0.000220307,0.0,0.0,32,256
sphere,2.000000,polar,0.0,0.0,1.076e-05,2.4524e-05,32,256
sphere,2.000000,polar,7.3583e-05,0.000157566,0.0,0.0,32,256
sphere,2.000000,polar,0.0,0.0,1.3506e-05,3.6861e-05,32,256
sphere,2.000000,polar,5.7408e-05,0.000141085,0.0,0.0,32,256
sphere,2.000000,polar,0.0,0.0,1.0644e-05,2.6463e-05,32,256
sphere,2.000000,polar,2.836e-05,5.1313e-05,0.0,0.0,32,256
sphere,2.000000,polar,0.0,0.0,4.807e-06,1.4446e-05,32,256
sphere,2.000000,polar,5.1474e-05,0.000130068,0.0,0.0,32,256
sphere,2.000000,polar,0.0,0.0,9.202e-06,2.3338e-05,32,256
sphere,2.000000,polar,4.1245e-05,8.467e-05,0.0,0.0,32,256
sphere,2.000000,polar,0.0,0.0,6.773e-06,2.1627e-05,32,256
sphere,2.000000,polar,3.4588e-05,0.000142101,0.0,0.0,32,256
sphere,2.000000,polar,0.0,0.0,7.156e-06,7.483e-06,32,256
sphere,2.000000,polar,7.0938e-05,0.000116917,0.0,0.0,32,256
sphere,2.000000,polar,0.0,0.0,1.3048e-05,3.6363e-05,32,256
sphere,2.000000,polar,4.5643e-05,0.000110328,0.0,0.0,32,256
sphere,2.000000,polar,0.0,0.0,7.879e-06,2.127e-05,32,256
sphere,2.000000,polar,3.9066e-05,0.000123237,0.0,0.0,32,256
sphere,2.000000,polar,0.0,0.0,8.148e-06,1.1706e-05,32,256
sphere,2.000000,polar,6.9705e-05,0.000129268,0.0,0.0,32,256
sphere,2.000000,polar,0.0,0.0,1.2856e-05,3.5861e-05,32,256
sphere,2.000000,polar,6.9009e-05,0.000121788,0.0,0.0,32,256
sphere,2.000000,polar,0.0,0.0,1.1519e-05,3.7827e-05,32,256
sphere,2.000000,polar,3.9629e-05,0.000131522,0.0,0.0,32,256
sphere,2.000000,polar,0.0,0.0,7.318e-06,1.6967e-05,32,256
sphere,2.000000,polar,3.5166e-05,4.1183e-05,0.0,0.0,32,256
sphere,2.000000,polar,0.0,0.0,5.411e-06,2.1707e-05,32,256
sphere,2.000000,polar,9.0348e-05,0.000164529,0.0,0.0,32,256
sphere,2.000000,polar,0.0,0.0,1.7024e-05,4.5732e-05,32,256
sphere,2.000000,polar,7.5936e-05,0.000133464,0.0,0.0,32,256
sphere,2.000000,polar,0.0,0.0,1.2661e-05,4.0236e-05,32,256
sphere,2.000000,polar,6.4349e-05,0.000121924,0.0,0.0,32,256
sphere,2.000000,polar,0.0,0.0,1.1686e-05,3.0652e-05,32,256
sphere,2.000000,polar,4.4331e-05,0.000123444,0.0,0.0,32,256
sphere,2.000000,polar,0.0,0.0,8.63e-06,1.8566e-05,32,256
sphere,2.000000,polar,6.0194e-05,0.000177295,0.0,0.0,32,256
sphere,2.000000,polar,0.0,0.0,9.665e-06,3.1517e-05,32,256
sphere,2.000000,polar,4.5003e-05,0.000112568,0.0,0.0,32,256
sphere,2.000000,polar,0.0,0.0,8.905e-06,2.1913e-05,32,256
sphere,2.000000,polar,6.5707e-05,0.00015257,0.0,0.0,32,256
sphere,2.000000,polar,0.0,0.0,1.2757e-05,3.1241e-05,32,256
sphere,2.000000,polar,4.3078e-05,0.000142338,0.0,0.0,32,256
sphere,2.000000,polar,0.0,0.0,8.134e-06,1.5352e-05,32,256
sphere,2.000000,polar,5.2836e-05,0.000128405,0.0,0.0,32,256
sphere,2.000000,polar,0.0,0.0,1.1577e-05,2.5626e-05,32,256
sphere,2.000000,polar,4.1138e-05,0.000109561,0.0,0.0,32,256
sphere,2.000000,polar,0.0,0.0,7.86e-06,1.7576e-05,32,256
sphere,2.000000,polar,0.000110992,0.000159503,0.0,0.0,32,256
sphere,2.000000,polar,0.0,0.0,5.4781e-05,3.214e-05,32,256
sphere,2.000000,polar,2.777e-06,1.8388e-05,0.0,0.0,32,256
sphere,2.000000,polar,0.0,0.0,4.69e-07,0,32,256
sphere,2.000000,polar,7.1675e-05,0.000152649,0.0,0.0,32,256
sphere,2.000000,polar,0.0,0.0,1.2474e-05,3.5547e-05,32,256
sphere,2.000000,polar,5.2086e-05,9.2534e-05,0.0,0.0,32,256
sphere,2.000000,polar,0.0,0.0,7.484e-06,2.9181e-05,32,256
sphere,2.000000,polar,3.0529e-05,9.0189e-05,0.0,0.0,32,256
sphere,2.000000,polar,0.0,0.0,5.669e-06,1.2116e-05,32,256
sphere,2.000000,polar,5.6145e-05,0.000119429,0.0,0.0,32,256
sphere,2.000000,polar,0.0,0.0,1.028e-05,2.7513e-05,32,256
sphere,2.000000,polar,2.6237e-05,0.000102101,0.0,0.0,32,256
sphere,2.000000,polar,0.0,0.0,5.29e-06,7.185e-06,32,256
sphere,2.000000,polar,4.7026e-05,0.000135654,0.0,0.0,32,256
sphere,2.000000,polar,0.0,0.0,8.858e-06,1.8619e-05,32,256
sphere,2.000000,polar,4.877e-05,9.683e-05,0.0,0.0,32,256
sphere,2.000000,polar,0.0,0.0,9.37e-06,2.0845e-05,32,256
sphere,2.000000,polar,5.3038e-05,0.00011485,0.0,0.0,32,256
sphere,2.000000,polar,0.0,0.0,1.0509e-05,2.5459e-05,32,256
sphere,2.000000,polar,6.7301e-05,0.000129746,0.0,0.0,32,256
sphere,2.000000,polar,0.0,0.0,1.3401e-05,3.4025e-05,32,256
sphere,2.000000,polar,6.295e-05,0.000138437,0.0,0.0,32,256
sphere,2.000000,polar,0.0,0.0,1.0738e-05,3.1018e-05,32,256
sphere,2.000000,polar,1.9991e-05,4.402e-05,0.0,0.0,32,256
sphere,2.000000,polar,0.0,0.0,3.506e-06,9.387e-06,32,256
sphere,2.000000,polar,9.7938e-05,0.000263069,0.0,0.0,32,256
sphere,2.000000,polar,0.0,0.0,1.6323e-05,5.0885e-05,32,256
sphere,2.000000,polar,4.3162e-05,0.00014095,0.0,0.0,32,256
sphere,2.000000,polar,0.0,0.0,8.699e-06,1.1688e-05,32,256
sphere,2.000000,polar,3.393e-05,9.3469e-05,0.0,0.0,32,256
sphere,2.000000,polar,0.0,0.0,6.357e-06,1.44e-05,32,256
sphere,2.000000,polar,5.3486e-05,0.000126846,0.0,0.0,32,256
sphere,2.000000,polar,0.0,0.0,1.0109e-05,2.503e-05,32,256
sphere,2.000000,polar,5.4842e-05,9.9672e-05,0.0,0.0,32,256
sphere,2.000000,polar,0.0,0.0,6.908e-06,1.6661e-05,32,256
sphere,2.000000,polar,4.4774e-05,8.6663e-05,0.0,0.0,32,256
sphere,2.000000,polar,0.0,0.0,8.593e-06,2.2769e-05,32,256
sphere,2.000000,polar,5.5137e-05,0.000115224,0.0,0.0,32,256
sphere,2.000000,polar,0.0,0.0,9.21e-06,2.8882e-05,32,256
sphere,2.000000,polar,2.8785e-05,0.000166738,0.0,0.0,32,256
sphere,2.000000,polar,0.0,0.0,5.71e-06,5.687e-06,32,256
sphere,2.000000,polar,4.6648e-05,0.000104711,0.0,0.0,32,256
sphere,2.000000,polar,0.0,0.0,8.358e-06,1.8956e-05,32,256
sphere,2.000000,polar,5.8656e-05,0.000110745,0.0,0.0,32,256
sphere,2.000000,polar,0.0,0.0,9.91e-06,3.0424e-05,32,256
sphere,2.000000,polar,4.2174e-05,0.000103174,0.0,0.0,32,256
sphere,2.000000,polar,0.0,0.0,8.147e-06,1.8413e-05,32,256
sphere,2.000000,polar,2.3516e-05,6.9038e-05,0.0,0.0,32,256
sphere,2.000000,polar,0.0,0.0,4.494e-06,7.639e-06,32,256
sphere,2.000000,polar,7.056e-05,0.000151043,0.0,0.0,32,256
sphere,2.000000,polar,0.0,0.0,1.2932e-05,3.4915e-05,32,256
sphere,2.000000,polar,9.5234e-05,0.00016563,0.0,0.0,32,256
sphere,2.000000,polar,0.0,0.0,1.8419e-05,4.7887e-05,32,256
sphere,2.000000,polar,4.5502e-05,7.6507e-05,0.0,0.0,32,256
sphere,2.000000,polar,0.0,0.0,7.604e-06,2.3108e-05,32,256
sphere,2.000000,polar,9.1125e-05,0.000170754,0.0,0.0,32,256
sphere,2.000000,polar,0.0,0.0,1.6629e-05,4.6277e-05,32,256
sphere,2.000000,polar,7.6844e-05,0.000151331,0.0,0.0,32,256
sphere,2.000000,polar,0.0,0.0,1.4728e-05,3.8953e-05,32,256
sphere,2.000000,polar,7.2342e-05,0.000151078,0.0,0.0,32,256
sphere,2.000000,polar,0.0,0.0,1.376e-05,3.6376e-05,32,256
sphere,2.000000,polar,5.3127e-05,0.000193603,0.0,0.0,32,256
sphere,2.000000,polar,0.0,0.0,8.913e-06,1.8479e-05,32,256
sphere,2.000000,polar,8.831e-05,0.000206751,0.0,0.0,32,256
sphere,2.000000,polar,0.0,0.0,1.7556e-05,4.3288e-05,32,256
sphere,2.000000,polar,5.5157e-05,0.000140076,0.0,0.0,32,256
sphere,2.000000,polar,0.0,0.0,1.1535e-05,2.49e-05,32,256
sphere,2.000000,polar,5.9463e-05,0.000157138,0.0,0.0,32,256
sphere,2.000000,polar,0.0,0.0,1.16e-05,2.8637e-05,32,256
sphere,2.000000,polar,9.9221e-05,9.2796e-05,0.0,0.0,32,256
sphere,2.000000,polar,0.0,0.0,8.141e-06,7.7789e-05,32,256
sphere,2.000000,polar,2.1478e-05,0.000131155,0.0,0.0,32,256
sphere,2.000000,polar,0.0,0.0,4.869e-06,2.632e-06,32,256
sphere,2.000000,polar,3.4259e-05,0.000177857,0.0,0.0,32,256
sphere,2.000000,polar,0.0,0.0,7.083e-06,9.385e-06,32,256
sphere,2.000000,polar,7.7198e-05,0.000208007,0.0,0.0,32,256
sphere,2.000000,polar,0.0,0.0,1.5212e-05,3.3548e-05,32,256
sphere,2.000000,polar,3.1964e-05,9.2272e-05,0.0,0.0,32,256
sphere,2.000000,polar,0.0,0.0,5.751e-06,1.2274e-05,32,256
sphere,2.000000,polar,8.9407e-05,0.000134178,0.0,0.0,32,256
sphere,2.000000,polar,0.0,0.0,1.3186e-05,3.5232e-05,32,256
sphere,2.000000,polar,5.4245e-05,0.000114527,0.0,0.0,32,256
sphere,2.000000,polar,0.0,0.0,9.938e-06,2.7407e-05,32,256
sphere,2.000000,polar,4.579e-05,0.00013,0.0,0.0,32,256
sphere,2.000000,polar,0.0,0.0,8.706e-06,1.7029e-05,32,256
sphere,2.000000,polar,4.4155e-05,0.000142722,0.0,0.0,32,256
sphere,2.000000,polar,0.0,0.0,8.631e-06,1.6247e-05,32,256
sphere,2.000000,polar,1.9859e-05,5.0581e-05,0.0,0.0,32,256
sphere,2.000000,polar,0.0,0.0,4.223e-06,9.024e-06,32,256
sphere,2.000000,polar,5.7108e-05,0.000133707,0.0,0.0,32,256
sphere,2.000000,polar,0.0,0.0,1.1718e-05,2.2449e-05,32,256
sphere,2.000000,polar,4.3696e-05,8.8056e-05,0.0,0.0,32,256
sphere,2.000000,polar,0.0,0.0,7.653e-06,2.3316e-05,32,256
sphere,2.000000,polar,6.0102e-05,0.000185717,0.0,0.0,32,256
sphere,2.000000,polar,0.0,0.0,1.1952e-05,2.9691e-05,32,256
sphere,2.000000,polar,6.4913e-05,0.000165159,0.0,0.0,32,256
sphere,2.000000,polar,0.0,0.0,1.1149e-05,3.4291e-05,32,256
sphere,2.000000,polar,4.9731e-05,0.000182012,0.0,0.0,32,256
sphere,2.000000,polar,0.0,0.0,8.4e-06,2.3045e-05,32,256
sphere,2.000000,polar,4.4167e-05,9.719e-05,0.0,0.0,32,256
sphere,2.000000,polar,0.0,0.0,7.819e-06,2.2263e-05,32,256
sphere,2.000000,polar,1.3713e-05,2.4301e-05,0.0,0.0,32,256
sphere,2.000000,polar,0.0,0.0,3.401e-06,6.328e-06,32,256
sphere,2.000000,polar,6.5258e-05,0.000141948,0.0,0.0,32,256
sphere,2.000000,polar,0.0,0.0,1.2068e-05,3.3614e-05,32,256
sphere,2.000000,polar,3.9265e-05,9.4604e-05,0.0,0.0,32,256
sphere,2.000000,polar,0.0,0.0,7.718e-06,1.667e-05,32,256
sphere,2.000000,polar,5.9059e-05,0.000135995,0.0,0.0,32,256
sphere,2.000000,polar,0.0,0.0,1.0766e-05,2.8998e-05,32,256
sphere,2.000000,polar,5.3379e-05,0.000148025,0.0,0.0,32,256
sphere,2.000000,polar,0.0,0.0,9.281e-06,2.1325e-05,32,256
sphere,2.000000,polar,7.293e-05,0.000140734,0.0,0.0,32,256
sphere,2.000000,polar,0.0,0.0,1.3323e-05,3.7622e-05,32,256
sphere,2.000000,polar,5.2033e-05,9.9805e-05,0.0,0.0,32,256
sphere,2.000000,polar,0.0,0.0,8.892e-06,2.8812e-05,32,256
sphere,2.000000,polar,5.8956e-05,0.000137542,0.0,0.0,32,256
sphere,2.000000,polar,0.0,0.0,1.046e-05,2.9244e-05,32,256
sphere,2.000000,polar,8.6399e-05,0.000157944,0.0,0.0,32,256
sphere,2.000000,polar,0.0,0.0,1.4353e-05,4.2097e-05,32,256
sphere,2.000000,polar,3.2128e-05,0.000102737,0.0,0.0,32,256
sphere,2.000000,polar,0.0,0.0,6.633e-06,1.0082e-05,32,256
sphere,2.000000,polar,8.9532e-05,0.000165524,0.0,0.0,32,256
sphere,2.000000,polar,0.0,0.0,1.5729e-05,4.5044e-05,32,256
sphere,2.000000,polar,6.4308e-05,0.000139267,0.0,0.0,32,256
sphere,2.000000,polar,0.0,0.0,1.118e-05,3.3753e-05,32,256
sphere,2.000000,polar,2.3905e-05,0.000105311,0.0,0.0,32,256
sphere,2.000000,polar,0.0,0.0,4.632e-06,7.285e-06,32,256
sphere,2.000000,polar,5.8564e-05,0.000117048,0.0,0.0,32,256
sphere,2.000000,polar,0.0,0.0,1.0202e-05,3.0994e-05,32,256
sphere,2.000000,polar,5.0428e-05,0.000117991,0.0,0.0,32,256
sphere,2.000000,polar,0.0,0.0,9.494e-06,2.4052e-05,32,256
sphere,2.000000,polar,4.5756e-05,0.000120606,0.0,0.0,32,256
sphere,2.000000,polar,0.0,0.0,9.7e-06,1.737e-05,32,256
sphere,2.000000,polar,6.5837e-05,0.000134407,0.0,0.0,32,256
sphere,2.000000,polar,0.0,0.0,1.1629e-05,3.3833e-05,32,256
sphere,2.000000,polar,3.5637e-05,0.000103763,0.0,0.0,32,256
sphere,2.000000,polar,0.0,0.0,6.098e-06,1.4925e-05,32,256
sphere,2.000000,polar,5.7535e-05,0.000110285,0.0,0.0,32,256
sphere,2.000000,polar,0.0,0.0,1.0316e-05,2.9027e-05,32,256
sphere,2.000000,polar,3.8723e-05,0.000109387,0.0,0.0,32,256
sphere,2.000000,polar,0.0,0.0,7.004e-06,1.5632e-05,32,256
sphere,2.000000,polar,5.3995e-05,0.00011593,0.0,0.0,32,256
sphere,2.000000,polar,0.0,0.0,1.0344e-05,2.8665e-05,32,256
sphere,2.000000,polar,2.7477e-05,5.9652e-05,0.0,0.0,32,256
sphere,2.000000,polar,0.0,0.0,4.771e-06,1.3821e-05,32,256
sphere,2.000000,polar,6.1836e-05,0.000136014,0.0,0.0,32,256
sphere,2.000000,polar,0.0,0.0,1.1033e-05,3.1628e-05,32,256
sphere,2.000000,polar,3.841e-05,0.000128285,0.0,0.0,32,256
sphere,2.000000,polar,0.0,0.0,7.722e-06,1.4412e-05,32,256
sphere,2.000000,polar,2.4106e-05,5.648e-05,0.0,0.0,32,256
sphere,2.000000,polar,0.0,0.0,4.267e-06,1.0513e-05,32,256
sphere,2.000000,polar,5.2259e-05,0.000156569,0.0,0.0,32,256
sphere,2.000000,polar,0.0,0.0,1.066e-05,2.0526e-05,32,256
sphere,2.000000,polar,5.2167e-05,0.000105844,0.0,0.0,32,256
sphere,2.000000,polar,0.0,0.0,8.911e-06,2.6654e-05,32,256
sphere,2.000000,polar,2.6304e-05,6.8426e-05,0.0,0.0,32,256
sphere,2.000000,polar,0.0,0.0,4.55e-06,1.1147e-05,32,256
sphere,2.000000,polar,3.8623e-05,7.4503e-05,0.0,0.0,32,256
sphere,2.000000,polar,0.0,0.0,7.616e-06,1.8827e-05,32,256
sphere,2.000000,polar,3.7229e-05,0.000143883,0.0,0.0,32,256
sphere,2.000000,polar,0.0,0.0,7.485e-06,8.258e-06,32,256
sphere,2.000000,polar,4.101e-05,7.2261e-05,0.0,0.0,32,256
sphere,2.000000,polar,0.0,0.0,7.107e-06,2.1172e-05,32,256
sphere,2.000000,polar,6.7642e-05,0.000149952,0.0,0.0,32,256
sphere,2.000000,polar,0.0,0.0,1.2945e-05,3.3929e-05,32,256
sphere,2.000000,polar,5.9364e-05,0.000170176,0.0,0.0,32,256
sphere,2.000000,polar,0.0,0.0,1.2238e-05,2.4317e-05,32,256
sphere,2.000000,polar,7.3638e-05,0.000213432,0.0,0.0,32,256
sphere,2.000000,polar,0.0,0.0,1.3343e-05,3.6632e-05,32,256
sphere,2.000000,polar,6.1005e-05,0.000142895,0.0,0.0,32,256
sphere,2.000000,polar,0.0,0.0,1.2368e-05,2.5048e-05,32,256
sphere,2.000000,polar,4.6476e-05,0.000105609,0.0,0.0,32,256
sphere,2.000000,polar,0.0,0.0,7.991e-06,2.1561e-05,32,256
sphere,2.000000,polar,5.3673e-05,0.000114932,0.0,0.0,32,256
sphere,2.000000,polar,0.0,0.0,9.138e-06,2.8594e-05,32,256
sphere,2.000000,polar,4.5031e-05,0.00014138,0.0,0.0,32,256
sphere,2.000000,polar,0.0,0.0,9.132e-06,1.7068e-05,32,256
sphere,2.000000,polar,2.255e-05,8.7047e-05,0.0,0.0,32,256
sphere,2.000000,polar,0.0,0.0,4.526e-06,8.153e-06,32,256
sphere,2.000000,polar,8.9275e-05,0.000131846,0.0,0.0,32,256
sphere,2.000000,polar,0.0,0.0,1.2286e-05,3.5659e-05,32,256
sphere,2.000000,polar,6.4e-05,0.000116429,0.0,0.0,32,256
sphere,2.000000,polar,0.0,0.0,1.1054e-05,3.4745e-05,32,256
sphere,2.000000,polar,3.6823e-05,7.5628e-05,0.0,0.0,32,256
sphere,2.000000,polar,0.0,0.0,6.749e-06,1.7043e-05,32,256
sphere,2.000000,polar,4.369e-05,0.000127057,0.0,0.0,32,256
sphere,2.000000,polar,0.0,0.0,8.51e-06,1.6508e-05,32,256
sphere,2.000000,polar,2.836e-05,0.000154421,0.0,0.0,32,256
sphere,2.000000,polar,0.0,0.0,6.309e-06,5.499e-06,32,256
sphere,2.000000,polar,1.9339e-05,2.7591e-05,0.0,0.0,32,256
sphere,2.000000,polar,0.0,0.0,3.22e-06,1.1263e-05,32,256
sphere,2.000000,polar,6.1732e-05,0.000104826,0.0,0.0,32,256
sphere,2.000000,polar,0.0,0.0,1.1002e-05,3.2541e-05,32,256
sphere,2.000000,polar,6.9889e-05,0.000138433,0.0,0.0,32,256
sphere,2.000000,polar,0.0,0.0,1.3258e-05,3.4788e-05,32,256
sphere,2.000000,polar,5.445e-05,0.000131188,0.0,0.0,32,256
sphere,2.000000,polar,0.0,0.0,1.0249e-05,2.5658e-05,32,256
sphere,2.000000,polar,3.3226e-05,0.000130221,0.0,0.0,32,256
sphere,2.000000,polar,0.0,0.0,6.535e-06,1.081e-05,32,256
sphere,2.000000,polar,4.8085e-05,9.5699e-05,0.0,0.0,32,256
sphere,2.000000,polar,0.0,0.0,8.134e-06,2.127e-05,32,256
sphere,2.000000,polar,8.2277e-05,0.000193532,0.0,0.0,32,256
sphere,2.000000,polar,0.0,0.0,1.4533e-05,3.9131e-05,32,256
sphere,2.000000,polar,7.3551e-05,0.000189798,0.0,0.0,32,256
sphere,2.000000,polar,0.0,0.0,1.2397e-05,3.9736e-05,32,256
sphere,2.000000,polar,5.0328e-05,0.000118493,0.0,0.0,32,256
sphere,2.000000,polar,0.0,0.0,8.843e-06,2.2592e-05,32,256
sphere,2.000000,polar,7.0367e-05,0.000157065,0.0,0.0,32,256
sphere,2.000000,polar,0.0,0.0,1.213e-05,3.6896e-05,32,256
sphere,2.000000,polar,7.1822e-05,0.00016646,0.0,0.0,32,256
sphere,2.000000,polar,0.0,0.0,1.2697e-05,3.3742e-05,32,256
sphere,2.000000,polar,7.7638e-05,0.000143314,0.0,0.0,32,256
sphere,2.000000,polar,0.0,0.0,1.2725e-05,4.009e-05,32,256
sphere,2.000000,polar,3.0695e-05,0.000150586,0.0,0.0,32,256
sphere,2.000000,polar,0.0,0.0,6.258e-06,6.275e-06,32,256
sphere,2.000000,polar,5.8348e-05,0.000125742,0.0,0.0,32,256
sphere,2.000000,polar,0.0,0.0,1.0614e-05,3.0316e-05,32,256
sphere,2.000000,polar,8.6995e-05,0.000238719,0.0,0.0,32,256
sphere,2.000000,polar,0.0,0.0,1.3728e-05,4.1968e-05,32,256
sphere,2.000000,polar,5.5391e-05,0.00010125,0.0,0.0,32,256
sphere,2.000000,polar,0.0,0.0,9.913e-06,2.877e-05,32,256
sphere,2.000000,polar,9.0582e-05,0.00019284,0.0,0.0,32,256
sphere,2.000000,polar,0.0,0.0,1.6776e-05,4.3943e-05,32,256
sphere,2.000000,polar,7.5948e-05,0.000172743,0.0,0.0,32,256
sphere,2.000000,polar,0.0,0.0,1.3141e-05,3.7801e-05,32,256
sphere,2.000000,polar,4.3288e-05,6.6448e-05,0.0,0.0,32,256
sphere,2.000000,polar,0.0,0.0,6.898e-06,2.4044e-05,32,256
sphere,2.000000,polar,7.3583e-05,0.000130224,0.0,0.0,32,256
sphere,2.000000,polar,0.0,0.0,1.0116e-05,2.9496e-05,32,256
sphere,2.000000,polar,1.7249e-05,3.1e-05,0.0,0.0,32,256
sphere,2.000000,polar,0.0,0.0,3.148e-06,8.918e-06,32,256
sphere,2.000000,polar,5.4765e-05,0.000113918,0.0,0.0,32,256
sphere,2.000000,polar,0.0,0.0,9.811e-06,2.7772e-05,32,256
sphere,2.000000,polar,5.4028e-05,9.4143e-05,0.0,0.0,32,256
sphere,2.000000,polar,0.0,0.0,1.0923e-05,2.6566e-05,32,256
sphere,2.000000,polar,1.8382e-05,6.5753e-05,0.0,0.0,32,256
sphere,2.000000,polar,0.0,0.0,3.184e-06,5.503e-06,32,256
sphere,2.000000,polar,6.6084e-05,0.000153902,0.0,0.0,32,256
sphere,2.000000,polar,0.0,0.0,1.1108e-05,3.277e-05,32,256
sphere,2.000000,polar,5.4007e-05,8.4619e-05,0.0,0.0,32,256
sphere,2.000000,polar,0.0,0.0,1.4857e-05,2.32e-05,32,256
sphere,2.000000,polar,9.6085e-05,0.000132737,0.0,0.0,32,256
sphere,2.000000,polar,0.0,0.0,1.3567e-05,5.8401e-05,32,256
sphere,2.000000,polar,7.1051e-05,0.000132144,0.0,0.0,32,256
sphere,2.000000,polar,0.0,0.0,1.1892e-05,3.7091e-05,32,256
sphere,2.000000,polar,7.035e-05,0.000121207,0.0,0.0,32,256
sphere,2.000000,polar,0.0,0.0,1.2229e-05,3.6687e-05,32,256
sphere,2.000000,polar,6.9929e-05,0.000214023,0.0,0.0,32,256
sphere,2.000000,polar,0.0,0.0,1.4913e-05,2.8871e-05,32,256
sphere,2.000000,polar,2.7131e-05,7.4928e-05,0.0,0.0,32,256
sphere,2.000000,polar,0.0,0.0,4.826e-06,1.3076e-05,32,256
sphere,2.000000,polar,7.2834e-05,0.000159905,0.0,0.0,32,256
sphere,2.000000,polar,0.0,0.0,1.2184e-05,3.7906e-05,32,256
sphere,2.000000,polar,7.3537e-05,0.000132884,0.0,0.0,32,256
sphere,2.000000,polar,0.0,0.0,1.3202e-05,3.7134e-05,32,256
sphere,2.000000,polar,6.8658e-05,0.000125693,0.0,0.0,32,256
sphere,2.000000,polar,0.0,0.0,1.1153e-05,3.7243e-05,32,256
sphere,2.000000,polar,6.876e-05,0.000158877,0.0,0.0,32,256
sphere,2.000000,polar,0.0,0.0,1.3343e-05,3.2208e-05,32,256
sphere,2.000000,polar,6.6962e-05,0.000118516,0.0,0.0,32,256
sphere,2.000000,polar,0.0,0.0,1.1087e-05,3.6178e-05,32,256
sphere,2.000000,polar,5.8795e-05,0.000130597,0.0,0.0,32,256
sphere,2.000000,polar,0.0,0.0,9.545e-06,3.019e-05,32,256
sphere,2.000000,polar,3.8005e-05,7.8507e-05,0.0,0.0,32,256
sphere,2.000000,polar,0.0,0.0,7.157e-06,1.819e-05,32,256
sphere,2.000000,polar,3.5873e-05,9.6093e-05,0.0,0.0,32,256
sphere,2.000000,polar,0.0,0.0,6.206e-06,1.5312e-05,32,256
sphere,2.000000,polar,5.3218e-05,0.000113854,0.0,0.0,32,256
sphere,2.000000,polar,0.0,0.0,9.127e-06,2.7773e-05,32,256
sphere,2.000000,polar,4.794e-05,0.000129038,0.0,0.0,32,256
sphere,2.000000,polar,0.0,0.0,8.962e-06,1.8583e-05,32,256
sphere,2.000000,polar,6.5835e-05,0.000143527,0.0,0.0,32,256
sphere,2.000000,polar,0.0,0.0,1.1329e-05,3.4505e-05,32,256
sphere,2.000000,polar,8.1793e-05,0.000148799,0.0,0.0,32,256
sphere,2.000000,polar,0.0,0.0,1.2636e-05,4.4893e-05,32,256
sphere,2.000000,polar,9.0235e-05,0.000151005,0.0,0.0,32,256
sphere,2.000000,polar,0.0,0.0,1.4946e-05,4.809e-05,32,256
sphere,2.000000,polar,1.8169e-05,7.1538e-05,0.0,0.0,32,256
sphere,2.000000,polar,0.0,0.0,3.435e-06,5.777e-06,32,256
sphere,2.000000,polar,3.5105e-05,0.000119536,0.0,0.0,32,256
sphere,2.000000,polar,0.0,0.0,6.422e-06,1.2139e-05,32,256
sphere,2.000000,polar,6.2441e-05,0.000144046,0.0,0.0,32,256
sphere,2.000000,polar,0.0,0.0,1.057e-05,3.3098e-05,32,256
sphere,2.000000,polar,6.8893e-05,0.000144017,0.0,0.0,32,256
sphere,2.000000,polar,0.0,0.0,1.2034e-05,3.4398e-05,32,256
sphere,2.000000,polar,2.3006e-05,9.2857e-05,0.0,0.0,32,256
sphere,2.000000,polar,0.0,0.0,4.641e-06,7.747e-06,32,256
sphere,2.000000,polar,6.7794e-05,0.000139076,0.0,0.0,32,256
sphere,2.000000,polar,0.0,0.0,1.1935e-05,3.479e-05,32,256
sphere,2.000000,polar,2.9324e-05,0.000115945,0.0,0.0,32,256
sphere,2.000000,polar,0.0,0.0,6.298e-06,8.514e-06,32,256
sphere,2.000000,polar,6.252e-05,0.00012223,0.0,0.0,32,256
sphere,2.000000,polar,0.0,0.0,1.1002e-05,3.2835e-05,32,256
sphere,2.000000,polar,3.5552e-05,9.3016e-05,0.0,0.0,32,256
sphere,2.000000,polar,0.0,0.0,6.293e-06,1.7518e-05,32,256
sphere,2.000000,polar,6.7739e-05,0.000137669,0.0,0.0,32,256
sphere,2.000000,polar,0.0,0.0,1.2648e-05,3.2706e-05,32,256
sphere,2.000000,polar,5.8617e-05,0.000126196,0.0,0.0,32,256
sphere,2.000000,polar,0.0,0.0,9.774e-06,3.0682e-05,32,256
sphere,2.000000,polar,5.6958e-05,0.000103942,0.0,0.0,32,256
sphere,2.000000,polar,0.0,0.0,9.675e-06,2.9893e-05,32,256
sphere,2.000000,polar,1.5202e-05,2.8224e-05,0.0,0.0,32,256
sphere,2.000000,polar,0.0,0.0,2.309e-06,7.891e-06,32,256
sphere,2.000000,polar,2.9322e-05,0.000119269,0.0,0.0,32,256
sphere,2.000000,polar,0.0,0.0,5.246e-06,8.737e-06,32,256
sphere,2.000000,polar,2.1251e-05,5.1905e-05,0.0,0.0,32,256
sphere,2.000000,polar,0.0,0.0,3.896e-06,9.559e-06,32,256
sphere,2.000000,polar,2.5248e-05,5.6286e-05,0.0,0.0,32,256
sphere,2.000000,polar,0.0,0.0,4.329e-06,1.1578e-05,32,256
sphere,2.000000,polar,4.8937e-05,0.000127138,0.0,0.0,32,256
sphere,2.000000,polar,0.0,0.0,9.127e-06,2.1372e-05,32,256
sphere,2.000000,polar,2.6718e-05,4.8835e-05,0.0,0.0,32,256
sphere,2.000000,polar,0.0,0.0,4.716e-06,1.3608e-05,32,256
sphere,2.000000,polar,3.8496e-05,0.000123857,0.0,0.0,32,256
sphere,2.000000,polar,0.0,0.0,7.238e-06,1.415e-05,32,256
sphere,2.000000,polar,6.4263e-05,0.000124442,0.0,0.0,32,256
sphere,2.000000,polar,0.0,0.0,1.0825e-05,3.5138e-05,32,256
sphere,2.000000,polar,5.4829e-05,0.000153012,0.0,0.0,32,256
sphere,2.000000,polar,0.0,0.0,9.94e-06,2.5292e-05,32,256
sphere,2.000000,polar,3.3687e-05,0.00010558,0.0,0.0,32,256
sphere,2.000000,polar,0.0,0.0,6.371e-06,1.029e-05,32,256
sphere,2.000000,polar,4.3441e-05,0.00012723,0.0,0.0,32,256
sphere,2.000000,polar,0.0,0.0,7.736e-06,1.8003e-05,32,256
sphere,2.000000,polar,3.975e-05,7.5151e-05,0.0,0.0,32,256
sphere,2.000000,polar,0.0,0.0,6.622e-06,2.1081e-05,32,256
sphere,2.000000,polar,4.7491e-05,8.7613e-05,0.0,0.0,32,256
sphere,2.000000,polar,0.0,0.0,7.958e-06,2.5266e-05,32,256
sphere,2.000000,polar,3.1417e-05,0.000115628,0.0,0.0,32,256
sphere,2.000000,polar,0.0,0.0,5.746e-06,9.917e-06,32,256
sphere,2.000000,polar,8.8108e-05,0.000155864,0.0,0.0,32,256
sphere,2.000000,polar,0.0,0.0,1.5119e-05,4.6145e-05,32,256
sphere,2.000000,polar,4.1579e-05,7.7069e-05,0.0,0.0,32,256
sphere,2.000000,polar,0.0,0.0,6.673e-06,2.1047e-05,32,256
sphere,2.000000,polar,4.8886e-05,0.000128879,0.0,0.0,32,256
sphere,2.000000,polar,0.0,0.0,9.226e-06,1.888e-05,32,256
sphere,2.000000,polar,4.3967e-05,7.5926e-05,0.0,0.0,32,256
sphere,2.000000,polar,0.0,0.0,6.93e-06,2.4905e-05,32,256
sphere,2.000000,polar,6.1888e-05,0.000111439,0.0,0.0,32,256
sphere,2.000000,polar,0.0,0.0,1.1139e-05,3.1877e-05,32,256
sphere,2.000000,polar,8.4028e-05,0.0001513,0.0,0.0,32,256
sphere,2.000000,polar,0.0,0.0,1.5683e-05,4.1866e-05,32,256
sphere,2.000000,polar,5.5689e-05,0.000118387,0.0,0.0,32,256
sphere,2.000000,polar,0.0,0.0,9.579e-06,2.7273e-05,32,256
sphere,2.000000,polar,8.0126e-05,0.000134233,0.0,0.0,32,256
sphere,2.000000,polar,0.0,0.0,1.2917e-05,4.4753e-05,32,256
sphere,2.000000,polar,5.2227e-05,9.0558e-05,0.0,0.0,32,256
sphere,2.000000,polar,0.0,0.0,8.429e-06,2.8082e-05,32,256
sphere,2.000000,polar,8.3424e-05,0.000184452,0.0,0.0,32,256
sphere,2.000000,polar,0.0,0.0,1.4865e-05,3.9707e-05,32,256
sphere,2.000000,polar,5.7317e-05,0.000135075,0.0,0.0,32,256
sphere,2.000000,polar,0.0,0.0,1.0499e-05,2.8278e-05,32,256
sphere,2.000000,polar,5.8106e-05,0.000148191,0.0,0.0,32,256
sphere,2.000000,polar,0.0,0.0,9.421e-06,2.7025e-05,32,256
sphere,2.000000,polar,5.0853e-05,0.000107593,0.0,0.0,32,256
sphere,2.000000,polar,0.0,0.0,9.184e-06,2.6456e-05,32,256
sphere,2.000000,polar,5.2518e-05,9.0646e-05,0.0,0.0,32,256
sphere,2.000000,polar,0.0,0.0,8.467e-06,2.916e-05,32,256
sphere,2.000000,polar,3.7977e-05,7.4995e-05,0.0,0.0,32,256
sphere,2.000000,polar,0.0,0.0,6.784e-06,1.8454e-05,32,256
sphere,2.000000,polar,6.1228e-05,0.000116126,0.0,0.0,32,256
sphere,2.000000,polar,0.0,0.0,1.0162e-05,3.1846e-05,32,256
sphere,2.000000,polar,4.1208e-05,0.000111619,0.0,0.0,32,256
sphere,2.000000,polar,0.0,0.0,7.011e-06,1.828e-05,32,256
sphere,2.000000,polar,3.345e-05,0.000132286,0.0,0.0,32,256
sphere,2.000000,polar,0.0,0.0,7.178e-06,6.278e-06,32,256
sphere,2.000000,polar,6.1527e-05,0.00011878,0.0,0.0,32,256
sphere,2.000000,polar,0.0,0.0,1.1669e-05,2.9245e-05,32,256
sphere,2.000000,polar,4.0797e-05,0.000118856,0.0,0.0,32,256
sphere,2.000000,polar,0.0,0.0,7.542e-06,1.6783e-05,32,256
sphere,2.000000,polar,3.6113e-05,0.000102522,0.0,0.0,32,256
sphere,2.000000,polar,0.0,0.0,6.456e-06,1.3535e-05,32,256
sphere,2.000000,polar,7.7743e-05,0.000172064,0.0,0.0,32,256
sphere,2.000000,polar,0.0,0.0,1.3466e-05,3.6849e-05,32,256
sphere,2.000000,polar,3.6699e-05,7.3803e-05,0.0,0.0,32,256
sphere,2.000000,polar,0.0,0.0,5.977e-06,2.0226e-05,32,256
sphere,2.000000,polar,5.6617e-05,0.00010768,0.0,0.0,32,256
sphere,2.000000,polar,0.0,0.0,9.243e-06,2.5123e-05,32,256
sphere,2.000000,polar,3.156e-06,3.454e-06,0.0,0.0,32,256
sphere,2.000000,polar,0.0,0.0,5.14e-07,2.02e-06,32,256
sphere,2.000000,polar,2.0839e-05,7.7274e-05,0.0,0.0,32,256
sphere,2.000000,polar,0.0,0.0,4.195e-06,5.474e-06,32,256
sphere,2.000000,polar,4.294e-06,2.0236e-05,0.0,0.0,32,256
sphere,2.000000,polar,0.0,0.0,1.012e-06,1.191e-06,32,256
sphere,2.000000,polar,2.6186e-05,8.6358e-05,0.0,0.0,32,256
sphere,2.000000,polar,0.0,0.0,5.616e-06,7.835e-06,32,256
sphere,2.000000,polar,4.0126e-05,7.2547e-05,0.0,0.0,32,256
sphere,2.000000,polar,0.0,0.0,6.622e-06,2.1906e-05,32,256
sphere,2.000000,polar,4.749e-05,0.000102515,0.0,0.0,32,256
sphere,2.000000,polar,0.0,0.0,9.463e-06,2.04e-05,32,256
sphere,2.000000,polar,7.716e-05,0.0001465,0.0,0.0,32,256
sphere,2.000000,polar,0.0,0.0,1.3285e-05,3.9288e-05,32,256
sphere,2.000000,polar,4.3583e-05,0.000131895,0.0,0.0,32,256
sphere,2.000000,polar,0.0,0.0,7.842e-06,1.6595e-05,32,256
sphere,2.000000,polar,1.9629e-05,4.3818e-05,0.0,0.0,32,256
sphere,2.000000,polar,0.0,0.0,3.489e-06,9.514e-06,32,256
sphere,2.000000,polar,6.5474e-05,0.000156053,0.0,0.0,32,256
sphere,2.000000,polar,0.0,0.0,1.1655e-05,3.0331e-05,32,256
sphere,2.000000,polar,2.7852e-05,0.000120116,0.0,0.0,32,256
sphere,2.000000,polar,0.0,0.0,6.859e-06,6.087e-06,32,256
sphere,2.000000,polar,8.8882e-05,0.000142342,0.0,0.0,32,256
sphere,2.000000,polar,0.0,0.0,1.4447e-05,5.1987e-05,32,256
sphere,2.000000,polar,7.1501e-05,0.000138787,0.0,0.0,32,256
sphere,2.000000,polar,0.0,0.0,1.3558e-05,3.494e-05,32,256
sphere,2.000000,polar,5.6441e-05,0.000104123,0.0,0.0,32,256
sphere,2.000000,polar,0.0,0.0,9.447e-06,3.0848e-05,32,256
sphere,2.000000,polar,2.7246e-05,0.000101751,0.0,0.0,32,256
sphere,2.000000,polar,0.0,0.0,5.274e-06,8.023e-06,32,256
sphere,2.000000,polar,6.3316e-05,0.000107025,0.0,0.0,32,256
sphere,2.000000,polar,0.0,0.0,2.2684e-05,2.5185e-05,32,256
sphere,2.000000,polar,4.552e-05,8.0367e-05,0.0,0.0,32,256
sphere,2.000000,polar,0.0,0.0,8.042e-06,2.3785e-05,32,256
sphere,2.000000,polar,2.9162e-05,0.000133622,0.0,0.0,32,256
sphere,2.000000,polar,0.0,0.0,6.467e-06,7.351e-06,32,256
sphere,2.000000,polar,7.0518e-05,9.7844e-05,0.0,0.0,32,256
sphere,2.000000,polar,0.0,0.0,1.1901e-05,3.8469e-05,32,256
sphere,2.000000,polar,6.0505e-05,0.000122705,0.0,0.0,32,256
sphere,2.000000,polar,0.0,0.0,1.0893e-05,3.0251e-05,32,256
sphere,2.000000,polar,2.8541e-05,8.6454e-05,0.0,0.0,32,256
sphere,2.000000,polar,0.0,0.0,5.408e-06,1.191e-05,32,256
sphere,2.000000,polar,5.0919e-05,0.000128986,0.0,0.0,32,256
sphere,2.000000,polar,0.0,0.0,9.261e-06,2.514e-05,32,256
sphere,2.000000,polar,3.6464e-05,5.7755e-05,0.0,0.0,32,256
sphere,2.000000,polar,0.0,0.0,5.923e-06,1.9952e-05,32,256
sphere,2.000000,polar,7.3281e-05,0.000129606,0.0,0.0,32,256
sphere,2.000000,polar,0.0,0.0,1.1633e-05,3.9938e-05,32,256
sphere,2.000000,polar,3.0088e-05,9.4264e-05,0.0,0.0,32,256
sphere,2.000000,polar,0.0,0.0,4.958e-06,1.2335e-05,32,256
sphere,2.000000,polar,6.6291e-05,0.000153241,0.0,0.0,32,256
sphere,2.000000,polar,0.0,0.0,1.1017e-05,3.3547e-05,32,256
sphere,2.000000,polar,3.7585e-05,9.9058e-05,0.0,0.0,32,256
sphere,2.000000,polar,0.0,0.0,6.232e-06,1.6166e-05,32,256
sphere,2.000000,polar,5.9317e-05,0.000112598,0.0,0.0,32,256
sphere,2.000000,polar,0.0,0.0,8.371e-06,3.5085e-05,32,256
sphere,2.000000,polar,3.2479e-05,0.000118956,0.0,0.0,32,256
sphere,2.000000,polar,0.0,0.0,5.991e-06,1.152e-05,32,256
sphere,2.000000,polar,6.1866e-05,0.000123025,0.0,0.0,32,256
sphere,2.000000,polar,0.0,0.0,1.0731e-05,3.21e-05,32,256
sphere,2.000000,polar,4.4135e-05,0.000182379,0.0,0.0,32,256
sphere,2.000000,polar,0.0,0.0,9.392e-06,1.2696e-05,32,256
sphere,2.000000,polar,7.4219e-05,0.000158722,0.0,0.0,32,256
sphere,2.000000,polar,0.0,0.0,1.2848e-05,3.8765e-05,32,256
sphere,2.000000,polar,7.4398e-05,0.000159075,0.0,0.0,32,256
sphere,2.000000,polar,0.0,0.0,1.357e-05,3.5227e-05,32,256
sphere,2.000000,polar,2.853e-05,9.7423e-05,0.0,0.0,32,256
sphere,2.000000,polar,0.0,0.0,5.318e-06,1.0209e-05,32,256
sphere,2.000000,polar,6.438e-05,0.000161271,0.0,0.0,32,256
sphere,2.000000,polar,0.0,0.0,1.0989e-05,2.9471e-05,32,256
sphere,2.000000,polar,5.7237e-05,0.000154769,0.0,0.0,32,256
sphere,2.000000,polar,0.0,0.0,1.1084e-05,2.484e-05,32,256
sphere,2.000000,polar,5.6116e-05,0.000117676,0.0,0.0,32,256
sphere,2.000000,polar,0.0,0.0,9.482e-06,2.9405e-05,32,256
sphere,2.000000,polar,7.3059e-05,0.000112163,0.0,0.0,32,256
sphere,2.000000,polar,0.0,0.0,2.0872e-05,3.3435e-05,32,256
sphere,2.000000,polar,6.2842e-05,0.000124563,0.0,0.0,32,256
sphere,2.000000,polar,0.0,0.0,1.0967e-05,3.2885e-05,32,256
sphere,2.000000,polar,3.3271e-05,9.1315e-05,0.0,0.0,32,256
sphere,2.000000,polar,0.0,0.0,6.461e-06,1.2048e-05,32,256
sphere,2.000000,polar,6.7341e-05,0.000133936,0.0,0.0,32,256
sphere,2.000000,polar,0.0,0.0,1.1508e-05,3.5317e-05,32,256
sphere,2.000000,polar,6.5824e-05,0.000129032,0.0,0.0,32,256
sphere,2.000000,polar,0.0,0.0,1.1221e-05,3.4176e-05,32,256
sphere,2.000000,polar,8.249e-05,0.000165456,0.0,0.0,32,256
sphere,2.000000,polar,0.0,0.0,1.4855e-05,4.0946e-05,32,256
sphere,2.000000,polar,2.4072e-05,5.4673e-05,0.0,0.0,32,256
sphere,2.000000,polar,0.0,0.0,3.581e-06,1.1182e-05,32,256
sphere,2.000000,polar,6.1531e-05,0.000111447,0.0,0.0,32,256
sphere,2.000000,polar,0.0,0.0,1.0068e-05,3.3167e-05,32,256
sphere,2.000000,polar,4.0786e-05,0.000138951,0.0,0.0,32,256
sphere,2.000000,polar,0.0,0.0,7.121e-06,1.6304e-05,32,256
sphere,2.000000,polar,3.4021e-05,7.4394e-05,0.0,0.0,32,256
sphere,2.000000,polar,0.0,0.0,6.294e-06,1.5743e-05,32,256
sphere,2.000000,polar,6.9144e-05,0.000141548,0.0,0.0,32,256
sphere,2.000000,polar,0.0,0.0,1.2151e-05,3.5189e-05,32,256
sphere,2.000000,polar,4.2558e-05,0.000130078,0.0,0.0,32,256
sphere,2.000000,polar,0.0,0.0,8.557e-06,1.5175e-05,32,256
sphere,2.000000,polar,6.0738e-05,0.000141932,0.0,0.0,32,256
sphere,2.000000,polar,0.0,0.0,1.0374e-05,3.2114e-05,32,256
sphere,2.000000,polar,4.0437e-05,0.000156153,0.0,0.0,32,256
sphere,2.000000,polar,0.0,0.0,7.279e-06,1.3845e-05,32,256
sphere,2.000000,polar,8.7572e-05,0.00016699,0.0,0.0,32,256
sphere,2.000000,polar,0.0,0.0,1.5821e-05,4.2491e-05,32,256
sphere,2.000000,polar,4.4954e-05,0.00014733,0.0,0.0,32,256
sphere,2.000000,polar,0.0,0.0,7.833e-06,1.8479e-05,32,256
sphere,2.000000,polar,3.2589e-05,7.4168e-05,0.0,0.0,32,256
sphere,2.000000,polar,0.0,0.0,5.584e-06,1.5972e-05,32,256
sphere,2.000000,polar,8.0975e-05,0.000141322,0.0,0.0,32,256
sphere,2.000000,polar,0.0,0.0,1.3435e-05,4.2636e-05,32,256
sphere,2.000000,polar,7.2887e-05,0.000126043,0.0,0.0,32,256
sphere,2.000000,polar,0.0,0.0,1.1886e-05,4.0011e-05,32,256
sphere,2.000000,polar,5.5558e-05,9.793e-05,0.0,0.0,32,256
sphere,2.000000,polar,0.0,0.0,7.882e-06,1.8213e-05,32,256
sphere,2.000000,polar,4.0712e-05,7.641e-05,0.0,0.0,32,256
sphere,2.000000,polar,0.0,0.0,7.004e-06,2.0402e-05,32,256
sphere,2.000000,polar,6.7429e-05,0.000146364,0.0,0.0,32,256
sphere,2.000000,polar,0.0,0.0,1.18e-05,3.2706e-05,32,256
sphere,2.000000,polar,5.7073e-05,0.000120331,0.0,0.0,32,256
sphere,2.000000,polar,0.0,0.0,9.773e-06,2.9538e-05,32,256
sphere,2.000000,polar,4.2448e-05,8.6124e-05,0.0,0.0,32,256
sphere,2.000000,polar,0.0,0.0,7.344e-06,2.1431e-05,32,256
sphere,2.000000,polar,5.4871e-05,0.000119919,0.0,0.0,32,256
sphere,2.000000,polar,0.0,0.0,9.858e-06,2.7718e-05,32,256
sphere,2.000000,polar,6.8436e-05,0.00013027,0.0,0.0,32,256
sphere,2.000000,polar,0.0,0.0,1.1753e-05,3.4199e-05,32,256
sphere,2.000000,polar,1.8319e-05,7.793e-05,0.0,0.0,32,256
sphere,2.000000,polar,0.0,0.0,3.715e-06,4.147e-06,32,256
sphere,2.000000,polar,3.9629e-05,0.000127265,0.0,0.0,32,256
sphere,2.000000,polar,0.0,0.0,7.661e-06,1.1892e-05,32,256
sphere,2.000000,polar,1.1863e-05,2.7822e-05,0.0,0.0,32,256
sphere,2.000000,polar,0.0,0.0,2.551e-06,4.672e-06,32,256
sphere,2.000000,polar,7.3802e-05,0.000168247,0.0,0.0,32,256
sphere,2.000000,polar,0.0,0.0,1.3962e-05,3.3763e-05,32,256
sphere,2.000000,polar,2.6033e-05,0.000106282,0.0,0.0,32,256
sphere,2.000000,polar,0.0,0.0,4.796e-06,7.243e-06,32,256
sphere,2.000000,polar,1.3699e-05,2.0254e-05,0.0,0.0,32,256
sphere,2.000000,polar,0.0,0.0,2.345e-06,7.824e-06,32,256
sphere,2.000000,polar,7.1666e-05,0.000136661,0.0,0.0,32,256
sphere,2.000000,polar,0.0,0.0,1.2702e-05,3.6692e-05,32,256
sphere,2.000000,polar,4.5938e-05,0.000142924,0.0,0.0,32,256
sphere,2.000000,polar,0.0,0.0,7.964e-06,1.8215e-05,32,256
sphere,2.000000,polar,6.1176e-05,0.000132224,0.0,0.0,32,256
sphere,2.000000,polar,0.0,0.0,1.0537e-05,3.0071e-05,32,256
sphere,2.000000,polar,9.556e-06,3.6546e-05,0.0,0.0,32,256
sphere,2.000000,polar,0.0,0.0,1.813e-06,3.236e-06,32,256
sphere,2.000000,polar,4.4845e-05,0.000145085,0.0,0.0,32,256
sphere,2.000000,polar,0.0,0.0,8.731e-06,1.606e-05,32,256
sphere,2.000000,polar,7.2136e-05,0.00013036,0.0,0.0,32,256
sphere,2.000000,polar,0.0,0.0,1.2837e-05,3.7599e-05,32,256
sphere,2.000000,polar,5.7159e-05,0.000251691,0.0,0.0,32,256
sphere,2.000000,polar,0.0,0.0,1.0648e-05,2.8204e-05,32,256
sphere,2.000000,polar,6.6036e-05,0.000132122,0.0,0.0,32,256
sphere,2.000000,polar,0.0,0.0,1.3e-05,3.195e-05,32,256
sphere,2.000000,polar,9.203e-05,0.000178687,0.0,0.0,32,256
sphere,2.000000,polar,0.0,0.0,1.7728e-05,4.5975e-05,32,256
sphere,2.000000,polar,7.4113e-05,0.000176662,0.0,0.0,32,256
sphere,2.000000,polar,0.0,0.0,1.4644e-05,3.524e-05,32,256
sphere,2.000000,polar,5.7961e-05,0.000124828,0.0,0.0,32,256
sphere,2.000000,polar,0.0,0.0,9.831e-06,3.0692e-05,32,256
sphere,2.000000,polar,4.7066e-05,6.5969e-05,0.0,0.0,32,256
sphere,2.000000,polar,0.0,0.0,7.485e-06,2.6321e-05,32,256
sphere,2.000000,polar,4.1164e-05,0.000147428,0.0,0.0,32,256
sphere,2.000000,polar,0.0,0.0,7.364e-06,1.4111e-05,32,256
sphere,2.000000,polar,4.2781e-05,8.1232e-05,0.0,0.0,32,256
sphere,2.000000,polar,0.0,0.0,7.156e-06,2.2867e-05,32,256
sphere,2.000000,polar,2.945e-05,6.2191e-05,0.0,0.0,32,256
sphere,2.000000,polar,0.0,0.0,4.734e-06,1.5877e-05,32,256
sphere,2.000000,polar,8.0576e-05,0.000165264,0.0,0.0,32,256
sphere,2.000000,polar,0.0,0.0,1.6129e-05,3.9284e-05,32,256
sphere,2.000000,polar,5.7919e-05,0.000121672,0.0,0.0,32,256
sphere,2.000000,polar,0.0,0.0,9.464e-06,3.0977e-05,32,256
sphere,2.000000,polar,2.055e-05,3.1361e-05,0.0,0.0,32,256
sphere,2.000000,polar,0.0,0.0,3.387e-06,1.1013e-05,32,256
sphere,2.000000,polar,9.1207e-05,0.000184979,0.0,0.0,32,256
sphere,2.000000,polar,0.0,0.0,1.4665e-05,5.0114e-05,32,256
sphere,2.000000,polar,5.3838e-05,0.000120142,0.0,0.0,32,256
sphere,2.000000,polar,0.0,0.0,9.168e-06,2.7304e-05,32,256
sphere,2.000000,polar,6.446e-05,0.000128881,0.0,0.0,32,256
sphere,2.000000,polar,0.0,0.0,1.0961e-05,3.303e-05,32,256
sphere,2.000000,polar,5.4439e-05,0.000104387,0.0,0.0,32,256
sphere,2.000000,polar,0.0,0.0,9.885e-06,2.8119e-05,32,256
sphere,2.000000,polar,2.6007e-05,3.2244e-05,0.0,0.0,32,256
sphere,2.000000,polar,0.0,0.0,3.875e-06,1.5564e-05,32,256
sphere,2.000000,polar,6.4207e-05,0.000146409,0.0,0.0,32,256
sphere,2.000000,polar,0.0,0.0,1.2583e-05,2.8065e-05,32,256
sphere,2.000000,polar,3.5668e-05,0.000100627,0.0,0.0,32,256
sphere,2.000000,polar,0.0,0.0,6.238e-06,1.4612e-05,32,256
sphere,2.000000,polar,1.0686e-05,2.1514e-05,0.0,0.0,32,256
sphere,2.000000,polar,0.0,0.0,1.605e-06,5.862e-06,32,256
sphere,2.000000,polar,4.3771e-05,0.000114333,0.0,0.0,32,256
sphere,2.000000,polar,0.0,0.0,7.864e-06,1.686e-05,32,256
sphere,2.000000,polar,2.9001e-05,7.4044e-05,0.0,0.0,32,256
sphere,2.000000,polar,0.0,0.0,5.377e-06,1.2201e-05,32,256
sphere,2.000000,polar,1.8529e-05,2.7393e-05,0.0,0.0,32,256
sphere,2.000000,polar,0.0,0.0,3.004e-06,9.891e-06,32,256
sphere,2.000000,polar,3.9484e-05,0.000102909,0.0,0.0,32,256
sphere,2.000000,polar,0.0,0.0,6.635e-06,1.6676e-05,32,256
sphere,2.000000,polar,6.004e-05,0.000141919,0.0,0.0,32,256
sphere,2.000000,polar,0.0,0.0,1.0839e-05,2.9383e-05,32,256
sphere,2.000000,polar,1.0644e-05,1.804e-05,0.0,0.0,32,256
sphere,2.000000,polar,0.0,0.0,2.066e-06,5.601e-06,32,256
sphere,2.000000,polar,2.0045e-05,8.0502e-05,0.0,0.0,32,256
sphere,2.000000,polar,0.0,0.0,3.955e-06,4.572e-06,32,256
sphere,2.000000,polar,3.4355e-05,9.8484e-05,0.0,0.0,32,256
sphere,2.000000,polar,0.0,0.0,6.406e-06,1.5453e-05,32,256
sphere,2.000000,polar,4.0166e-05,0.000102275,0.0,0.0,32,256
sphere,2.000000,polar,0.0,0.0,6.9e-06,1.7679e-05,32,256
sphere,2.000000,polar,7.3612e-05,0.000198431,0.0,0.0,32,256
sphere,2.000000,polar,0.0,0.0,1.3364e-05,3.5659e-05,32,256
sphere,2.000000,polar,4.1707e-05,0.000130709,0.0,0.0,32,256
sphere,2.000000,polar,0.0,0.0,8.057e-06,1.376e-05,32,256
sphere,2.000000,polar,6.3204e-05,0.000146805,0.0,0.0,32,256
sphere,2.000000,polar,0.0,0.0,1.252e-05,2.962e-05,32,256
sphere,2.000000,polar,3.6308e-05,0.000101278,0.0,0.0,32,256
sphere,2.000000,polar,0.0,0.0,7.078e-06,1.3842e-05,32,256
sphere,2.000000,polar,2.4104e-05,8.9906e-05,0.0,0.0,32,256
sphere,2.000000,polar,0.0,0.0,4.931e-06,6.337e-06,32,256
sphere,2.000000,polar,6.4487e-05,0.000118741,0.0,0.0,32,256
sphere,2.000000,polar,0.0,0.0,1.1154e-05,3.287e-05,32,256
sphere,2.000000,polar,4.3963e-05,8.6943e-05,0.0,0.0,32,256
sphere,2.000000,polar,0.0,0.0,7.557e-06,2.2269e-05,32,256
sphere,2.000000,polar,1.7846e-05,2.1981e-05,0.0,0.0,32,256
sphere,2.000000,polar,0.0,0.0,2.921e-06,1.0298e-05,32,256
sphere,2.000000,polar,6.6742e-05,0.000138183,0.0,0.0,32,256
sphere,2.000000,polar,0.0,0.0,1.1432e-05,3.3445e-05,32,256
sphere,2.000000,polar,2.2424e-05,8.3613e-05,0.0,0.0,32,256
sphere,2.000000,polar,0.0,0.0,4.919e-06,6.08e-06,32,256
sphere,2.000000,polar,4.524e-05,0.000101311,0.0,0.0,32,256
sphere,2.000000,polar,0.0,0.0,8.27e-06,2.2152e-05,32,256
sphere,2.000000,polar,4.8298e-05,0.000145526,0.0,0.0,32,256
sphere,2.000000,polar,0.0,0.0,8.688e-06,1.8592e-05,32,256
sphere,2.000000,polar,4.197e-05,0.000110964,0.0,0.0,32,256
sphere,2.000000,polar,0.0,0.0,7.562e-06,1.9124e-05,32,256
sphere,2.000000,polar,7.808e-05,0.000146328,0.0,0.0,32,256
sphere,2.000000,polar,0.0,0.0,1.1365e-05,4.5942e-05,32,256
sphere,2.000000,polar,6.3206e-05,0.000132731,0.0,0.0,32,256
sphere,2.000000,polar,0.0,0.0,1.2811e-05,3.1209e-05,32,256
sphere,2.000000,polar,6.2006e-05,0.000124882,0.0,0.0,32,256
sphere,2.000000,polar,0.0,0.0,1.0523e-05,3.1837e-05,32,256
sphere,2.000000,polar,4.1199e-05,0.000115401,0.0,0.0,32,256
sphere,2.000000,polar,0.0,0.0,7.333e-06,1.6401e-05,32,256
sphere,2.000000,polar,5.57e-05,0.00011079,0.0,0.0,32,256
sphere,2.000000,polar,0.0,0.0,1.1114e-05,2.7345e-05,32,256
sphere,2.000000,polar,6.3868e-05,0.000128689,0.0,0.0,32,256
sphere,2.000000,polar,0.0,0.0,1.0433e-05,3.3456e-05,32,256
sphere,2.000000,polar,4.9965e-05,9.2458e-05,0.0,0.0,32,256
sphere,2.000000,polar,0.0,0.0,8.259e-06,2.6273e-05,32,256
sphere,2.000000,polar,3.0269e-05,0.000228959,0.0,0.0,32,256
sphere,2.000000,polar,0.0,0.0,7.31e-06,2.759e-06,32,256
sphere,2.000000,polar,5.9022e-05,0.000147613,0.0,0.0,32,256
sphere,2.000000,polar,0.0,0.0,1.0652e-05,2.9174e-05,32,256
sphere,2.000000,polar,4.5801e-05,8.782e-05,0.0,0.0,32,256
sphere,2.000000,polar,0.0,0.0,7.243e-06,2.1991e-05,32,256
sphere,2.000000,polar,6.5463e-05,0.000119478,0.0,0.0,32,256
sphere,2.000000,polar,0.0,0.0,1.1864e-05,3.4309e-05,32,256
sphere,2.000000,polar,6.4096e-05,0.000122343,0.0,0.0,32,256
sphere,2.000000,polar,0.0,0.0,1.0704e-05,3.3358e-05,32,256
sphere,2.000000,polar,2.8881e-05,0.000136973,0.0,0.0,32,256
sphere,2.000000,polar,0.0,0.0,6.005e-06,5.671e-06,32,256
sphere,2.000000,polar,7.0894e-05,0.000177058,0.0,0.0,32,256
sphere,2.000000,polar,0.0,0.0,1.2401e-05,3.4338e-05,32,256
sphere,2.000000,polar,6.4898e-05,0.000125565,0.0,0.0,32,256
sphere,2.000000,polar,0.0,0.0,1.14e-05,3.3073e-05,32,256
sphere,2.000000,polar,6.1639e-05,0.000128003,0.0,0.0,32,256
sphere,2.000000,polar,0.0,0.0,1.0719e-05,3.0758e-05,32,256
sphere,2.000000,polar,1.7594e-05,6.0652e-05,0.0,0.0,32,256
sphere,2.000000,polar,0.0,0.0,3.528e-06,5.626e-06,32,256
sphere,2.000000,polar,6.2766e-05,0.000153164,0.0,0.0,32,256
sphere,2.000000,polar,0.0,0.0,8.877e-06,1.7117e-05,32,256
sphere,2.000000,polar,4.7175e-05,9.9962e-05,0.0,0.0,32,256
sphere,2.000000,polar,0.0,0.0,8.935e-06,2.1652e-05,32,256
sphere,2.000000,polar,6.294e-06,1.6682e-05,0.0,0.0,32,256
sphere,2.000000,polar,0.0,0.0,1.172e-06,2.498e-06,32,256
sphere,2.000000,polar,4.1415e-05,7.2671e-05,0.0,0.0,32,256
sphere,2.000000,polar,0.0,0.0,6.659e-06,2.2317e-05,32,256
sphere,2.000000,polar,1.1098e-05,1.7263e-05,0.0,0.0,32,256
sphere,2.000000,polar,0.0,0.0,1.937e-06,6.114e-06,32,256
sphere,2.000000,polar,5.8278e-05,0.000108718,0.0,0.0,32,256
sphere,2.000000,polar,0.0,0.0,9.797e-06,3.029e-05,32,256
sphere,2.000000,polar,6.752e-05,0.000121114,0.0,0.0,32,256
sphere,2.000000,polar,0.0,0.0,1.1319e-05,3.6284e-05,32,256
sphere,2.000000,polar,4.147e-05,0.000107756,0.0,0.0,32,256
sphere,2.000000,polar,0.0,0.0,8.219e-06,1.9389e-05,32,256
sphere,2.000000,polar,6.4892e-05,0.00013938,0.0,0.0,32,256
sphere,2.000000,polar,0.0,0.0,1.24e-05,3.3282e-05,32,256
sphere,2.000000,polar,5.7852e-05,0.000148762,0.0,0.0,32,256
sphere,2.000000,polar,0.0,0.0,1.0199e-05,2.4486e-05,32,256
sphere,2.000000,polar,4.8444e-05,9.6074e-05,0.0,0.0,32,256
sphere,2.000000,polar,0.0,0.0,9.171e-06,2.184e-05,32,256
sphere,2.000000,polar,3.3518e-05,9.4269e-05,0.0,0.0,32,256
sphere,2.000000,polar,0.0,0.0,6.087e-06,1.4452e-05,32,256
sphere,2.000000,polar,6.4906e-05,0.000130067,0.0,0.0,32,256
sphere,2.000000,polar,0.0,0.0,1.1169e-05,3.4009e-05,32,256
sphere,2.000000,polar,4.2294e-05,0.00013748,0.0,0.0,32,256
sphere,2.000000,polar,0.0,0.0,7.344e-06,1.4578e-05,32,256
sphere,2.000000,polar,6.0659e-05,0.000114629,0.0,0.0,32,256
sphere,2.000000,polar,0.0,0.0,1.0437e-05,3.149e-05,32,256
sphere,2.000000,polar,3.0998e-05,9.8246e-05,0.0,0.0,32,256
sphere,2.000000,polar,0.0,0.0,5.842e-06,8.508e-06,32,256
sphere,2.000000,polar,2.5991e-05,8.3542e-05,0.0,0.0,32,256
sphere,2.000000,polar,0.0,0.0,5.581e-06,1.0259e-05,32,256
sphere,2.000000,polar,3.6604e-05,7.9085e-05,0.0,0.0,32,256
sphere,2.000000,polar,0.0,0.0,6.681e-06,1.5851e-05,32,256
sphere,2.000000,polar,2.1246e-05,5.2761e-05,0.0,0.0,32,256
sphere,2.000000,polar,0.0,0.0,4.242e-06,8.798e-06,32,256
sphere,2.000000,polar,5.849e-05,0.000114196,0.0,0.0,32,256
sphere,2.000000,polar,0.0,0.0,1.0593e-05,2.9837e-05,32,256
sphere,2.000000,polar,4.8098e-05,0.000110918,0.0,0.0,32,256
sphere,2.000000,polar,0.0,0.0,8.815e-06,2.2442e-05,32,256
sphere,2.000000,polar,2.3274e-05,4.1566e-05,0.0,0.0,32,256
sphere,2.000000,polar,0.0,0.0,4.347e-06,1.161e-05,32,256
sphere,2.000000,polar,3.4545e-05,0.000106304,0.0,0.0,32,256
sphere,2.000000,polar,0.0,0.0,6.367e-06,1.3335e-05,32,256
sphere,2.000000,polar,3.813e-05,8.3312e-05,0.0,0.0,32,256
sphere,2.000000,polar,0.0,0.0,6.59e-06,1.7981e-05,32,256
sphere,2.000000,polar,0.000117601,0.00013365,0.0,0.0,32,256
sphere,2.000000,polar,0.0,0.0,1.6704e-05,2.8421e-05,32,256
sphere,2.000000,polar,5.2e-05,0.000145037,0.0,0.0,32,256
sphere,2.000000,polar,0.0,0.0,9.834e-06,1.8034e-05,32,256
sphere,2.000000,polar,5.9232e-05,0.000115708,0.0,0.0,32,256
sphere,2.000000,polar,0.0,0.0,1.0565e-05,2.9759e-05,32,256
sphere,2.000000,polar,4.4758e-05,8.122e-05,0.0,0.0,32,256
sphere,2.000000,polar,0.0,0.0,7.521e-06,2.3497e-05,32,256
sphere,2.000000,polar,2.8528e-05,7.0969e-05,0.0,0.0,32,256
sphere,2.000000,polar,0.0,0.0,5.772e-06,1.071e-05,32,256
sphere,2.000000,polar,5.1188e-05,9.1063e-05,0.0,0.0,32,256
sphere,2.000000,polar,0.0,0.0,8.597e-06,2.7477e-05,32,256
sphere,2.000000,polar,4.4357e-05,5.3298e-05,0.0,0.0,32,256
sphere,2.000000,polar,0.0,0.0,7.129e-06,2.512e-05,32,256
sphere,2.000000,polar,9.5209e-05,0.000165391,0.0,0.0,32,256
sphere,2.000000,polar,0.0,0.0,1.5348e-05,5.2309e-05,32,256
sphere,2.000000,polar,5.3366e-05,0.000110695,0.0,0.0,32,256
sphere,2.000000,polar,0.0,0.0,9.02e-06,2.7624e-05,32,256
sphere,2.000000,polar,9.0514e-05,0.000253288,0.0,0.0,32,256
sphere,2.000000,polar,0.0,0.0,1.6219e-05,4.241e-05,32,256
sphere,2.000000,polar,2.287e-05,0.000151058,0.0,0.0,32,256
sphere,2.000000,polar,0.0,0.0,4.791e-06,9.56e-07,32,256
sphere,2.000000,polar,4.4637e-05,0.000128459,0.0,0.0,32,256
sphere,2.000000,polar,0.0,0.0,9.024e-06,1.8959e-05,32,256
sphere,2.000000,polar,7.0782e-05,0.000163408,0.0,0.0,32,256
sphere,2.000000,polar,0.0,0.0,1.2937e-05,3.5872e-05,32,256
sphere,2.000000,polar,5.8413e-05,0.000139277,0.0,0.0,32,256
sphere,2.000000,polar,0.0,0.0,1.0537e-05,2.8848e-05,32,256
sphere,2.000000,polar,3.9102e-05,9.2977e-05,0.0,0.0,32,256
sphere,2.000000,polar,0.0,0.0,7.932e-06,1.641e-05,32,256
sphere,2.000000,polar,6.4115e-05,0.000102678,0.0,0.0,32,256
sphere,2.000000,polar,0.0,0.0,1.2212e-05,3.3249e-05,32,256
sphere,2.000000,polar,4.7974e-05,0.00018598,0.0,0.0,32,256
sphere,2.000000,polar,0.0,0.0,1.0069e-05,1.5326e-05,32,256
sphere,2.000000,polar,6.6365e-05,0.000162379,0.0,0.0,32,256
sphere,2.000000,polar,0.0,0.0,1.2856e-05,3.1663e-05,32,256
sphere,2.000000,polar,4.2608e-05,0.000179996,0.0,0.0,32,256
sphere,2.000000,polar,0.0,0.0,8.787e-06,1.4714e-05,32,256
sphere,2.000000,polar,2.3664e-05,7.889e-05,0.0,0.0,32,256
sphere,2.000000,polar,0.0,0.0,4.789e-06,9.29e-06,32,256
sphere,2.000000,polar,3.1562e-05,0.000138789,0.0,0.0,32,256
sphere,2.000000,polar,0.0,0.0,6.203e-06,9.449e-06,32,256
sphere,2.000000,polar,4.3224e-05,0.000167322,0.0,0.0,32,256
sphere,2.000000,polar,0.0,0.0,8.096e-06,1.4663e-05,32,256
sphere,2.000000,polar,6.8473e-05,0.000149535,0.0,0.0,32,256
sphere,2.000000,polar,0.0,0.0,1.3335e-05,3.322e-05,32,256
sphere,2.000000,polar,0.000154506,0.000205135,0.0,0.0,32,256
sphere,2.000000,polar,0.0,0.0,7.2735e-05,3.3547e-05,32,256
sphere,2.000000,polar,4.5498e-05,7.8708e-05,0.0,0.0,32,256
sphere,2.000000,polar,0.0,0.0,7.88e-06,2.4746e-05,32,256
sphere,2.000000,polar,6.4597e-05,0.000177368,0.0,0.0,32,256
sphere,2.000000,polar,0.0,0.0,1.1598e-05,2.7716e-05,32,256
sphere,2.000000,polar,6.8997e-05,0.000160784,0.0,0.0,32,256
sphere,2.000000,polar,0.0,0.0,1.3641e-05,3.2887e-05,32,256
sphere,2.000000,polar,7.1955e-05,0.000151988,0.0,0.0,32,256
sphere,2.000000,polar,0.0,0.0,1.2951e-05,3.6634e-05,32,256
sphere,2.000000,polar,5.1971e-05,0.00011976,0.0,0.0,32,256
sphere,2.000000,polar,0.0,0.0,9.452e-06,2.5953e-05,32,256
sphere,2.000000,polar,5.0785e-05,0.000188881,0.0,0.0,32,256
sphere,2.000000,polar,0.0,0.0,9.158e-06,1.9855e-05,32,256
sphere,2.000000,polar,5.8721e-05,0.000152023,0.0,0.0,32,256
sphere,2.000000,polar,0.0,0.0,1.0624e-05,2.8029e-05,32,256
sphere,2.000000,polar,9.9154e-05,0.000178025,0.0,0.0,32,256
sphere,2.000000,polar,0.0,0.0,8.838e-06,6.5716e-05,32,256
sphere,2.000000,polar,3.4894e-05,0.000140118,0.0,0.0,32,256
sphere,2.000000,polar,0.0,0.0,7.194e-06,1.0993e-05,32,256
sphere,2.000000,polar,8.1199e-05,0.000147623,0.0,0.0,32,256
sphere,2.000000,polar,0.0,0.0,1.2429e-05,4.8549e-05,32,256
sphere,2.000000,polar,7.2984e-05,0.000135814,0.0,0.0,32,256
sphere,2.000000,polar,0.0,0.0,1.2583e-05,4.2279e-05,32,256
sphere,2.000000,polar,8.8541e-05,0.000277829,0.0,0.0,32,256
sphere,2.000000,polar,0.0,0.0,1.6402e-05,4.1328e-05,32,256
sphere,2.000000,polar,6.5317e-05,0.000181157,0.0,0.0,32,256
sphere,2.000000,polar,0.0,0.0,1.1426e-05,3.2701e-05,32,256
sphere,2.000000,polar,7.0616e-05,0.000155504,0.0,0.0,32,256
sphere,2.000000,polar,0.0,0.0,1.3057e-05,3.5225e-05,32,256
sphere,2.000000,polar,5.8357e-05,0.000139851,0.0,0.0,32,256
sphere,2.000000,polar,0.0,0.0,1.0442e-05,2.9278e-05,32,256
sphere,2.000000,polar,5.7274e-05,0.000174515,0.0,0.0,32,256
sphere,2.000000,polar,0.0,0.0,1.1121e-05,1.992e-05,32,256
sphere,2.000000,polar,1.814e-05,2.2035e-05,0.0,0.0,32,256
sphere,2.000000,polar,0.0,0.0,3.604e-06,9.829e-06,32,256
sphere,2.000000,polar,3.879e-05,8.7544e-05,0.0,0.0,32,256
sphere,2.000000,polar,0.0,0.0,7.386e-06,1.8818e-05,32,256
sphere,2.000000,polar,6.0535e-05,0.000141172,0.0,0.0,32,256
sphere,2.000000,polar,0.0,0.0,1.0946e-05,3.0721e-05,32,256
sphere,2.000000,polar,6.6239e-05,0.000184858,0.0,0.0,32,256
sphere,2.000000,polar,0.0,0.0,1.2532e-05,2.9479e-05,32,256
sphere,2.000000,polar,5.5305e-05,0.000206559,0.0,0.0,32,256
sphere,2.000000,polar,0.0,0.0,9.882e-06,2.2946e-05,32,256
sphere,2.000000,polar,5.9704e-05,0.000204298,0.0,0.0,32,256
sphere,2.000000,polar,0.0,0.0,1.099e-05,2.2449e-05,32,256
sphere,2.000000,polar,4.6128e-05,9.8566e-05,0.0,0.0,32,256
sphere,2.000000,polar,0.0,0.0,8.388e-06,2.2427e-05,32,256
sphere,2.000000,polar,4.4347e-05,0.000114336,0.0,0.0,32,256
sphere,2.000000,polar,0.0,0.0,7.853e-06,2.2548e-05,32,256
sphere,2.000000,polar,4.2777e-05,0.000117924,0.0,0.0,32,256
sphere,2.000000,polar,0.0,0.0,8.151e-06,2.2958e-05,32,256
sphere,2.000000,polar,9.1913e-05,0.000182576,0.0,0.0,32,256
sphere,2.000000,polar,0.0,0.0,1.4118e-05,5.0354e-05,32,256
sphere,2.000000,polar,5.68e-05,9.1594e-05,0.0,0.0,32,256
sphere,2.000000,polar,0.0,0.0,8.677e-06,3.1932e-05,32,256
sphere,2.000000,polar,6.2606e-05,0.000132348,0.0,0.0,32,256
sphere,2.000000,polar,0.0,0.0,1.2481e-05,2.9515e-05,32,256
sphere,2.000000,polar,8.4152e-05,0.00019366,0.0,0.0,32,256
sphere,2.000000,polar,0.0,0.0,1.8058e-05,3.9677e-05,32,256
sphere,2.000000,polar,6.6665e-05,0.000151378,0.0,0.0,32,256
sphere,2.000000,polar,0.0,0.0,1.2723e-05,2.4811e-05,32,256
sphere,2.000000,polar,8.4752e-05,0.000230559,0.0,0.0,32,256
sphere,2.000000,polar,0.0,0.0,1.8786e-05,3.4721e-05,32,256
sphere,2.000000,polar,6.5532e-05,0.000307864,0.0,0.0,32,256
sphere,2.000000,polar,0.0,0.0,1.2064e-05,1.9049e-05,32,256
sphere,2.000000,polar,4.5124e-05,0.000276254,0.0,0.0,32,256
sphere,2.000000,polar,0.0,0.0,1.0248e-05,1.0938e-05,32,256
sphere,2.000000,polar,3.8584e-05,7.6901e-05,0.0,0.0,32,256
sphere,2.000000,polar,0.0,0.0,4.272e-06,5.88e-06,32,256
sphere,2.000000,polar,1.6039e-05,4.6015e-05,0.0,0.0,32,256
sphere,2.000000,polar,0.0,0.0,3.699e-06,7.231e-06,32,256
sphere,2.000000,polar,5.2572e-05,0.000203885,0.0,0.0,32,256
sphere,2.000000,polar,0.0,0.0,1.8877e-05,1.1839e-05,32,256
sphere,2.000000,polar,2.3886e-05,5.8152e-05,0.0,0.0,32,256
sphere,2.000000,polar,0.0,0.0,4.266e-06,1.2038e-05,32,256
sphere,2.000000,polar,6.3578e-05,0.000147721,0.0,0.0,32,256
sphere,2.000000,polar,0.0,0.0,1.0733e-05,3.2393e-05,32,256
sphere,2.000000,polar,4.3167e-05,0.000131613,0.0,0.0,32,256
sphere,2.000000,polar,0.0,0.0,6.861e-06,1.8185e-05,32,256
sphere,2.000000,polar,5.2128e-05,0.000125094,0.0,0.0,32,256
sphere,2.000000,polar,0.0,0.0,9.185e-06,2.2235e-05,32,256
sphere,2.000000,polar,4.2287e-05,0.000101709,0.0,0.0,32,256
sphere,2.000000,polar,0.0,0.0,7.309e-06,1.9866e-05,32,256
sphere,2.000000,polar,8.6612e-05,0.00020894,0.0,0.0,32,256
sphere,2.000000,polar,0.0,0.0,1.1606e-05,5.312e-05,32,256
sphere,2.000000,polar,7.6992e-05,0.000159373,0.0,0.0,32,256
sphere,2.000000,polar,0.0,0.0,1.333e-05,3.9106e-05,32,256
sphere,2.000000,polar,6.7582e-05,0.0001185,0.0,0.0,32,256
sphere,2.000000,polar,0.0,0.0,1.065e-05,3.7739e-05,32,256
sphere,2.000000,polar,5.0489e-05,0.000112923,0.0,0.0,32,256
sphere,2.000000,polar,0.0,0.0,8.634e-06,2.3363e-05,32,256
sphere,2.000000,polar,4.8121e-05,0.000135682,0.0,0.0,32,256
sphere,2.000000,polar,0.0,0.0,8.728e-06,2.0575e-05,32,256
sphere,2.000000,polar,2.1715e-05,0.000123331,0.0,0.0,32,256
sphere,2.000000,polar,0.0,0.0,4.735e-06,2.228e-06,32,256
sphere,2.000000,polar,2.7882e-05,9.7322e-05,0.0,0.0,32,256
sphere,2.000000,polar,0.0,0.0,4.697e-06,1.0451e-05,32,256
sphere,2.000000,polar,6.5898e-05,0.000124661,0.0,0.0,32,256
sphere,2.000000,polar,0.0,0.0,1.155e-05,3.4349e-05,32,256
sphere,2.000000,polar,2.1078e-05,5.5141e-05,0.0,0.0,32,256
sphere,2.000000,polar,0.0,0.0,3.726e-06,8.08e-06,32,256
sphere,2.000000,polar,6.1902e-05,0.000108455,0.0,0.0,32,256
sphere,2.000000,polar,0.0,0.0,9.761e-06,2.9861e-05,32,256
sphere,2.000000,polar,4.1871e-05,8.4261e-05,0.0,0.0,32,256
sphere,2.000000,polar,0.0,0.0,7.598e-06,2.2077e-05,32,256
sphere,2.000000,polar,8.0185e-05,0.000161992,0.0,0.0,32,256
sphere,2.000000,polar,0.0,0.0,1.42e-05,4.0458e-05,32,256
sphere,2.000000,polar,8.0875e-05,0.00018322,0.0,0.0,32,256
sphere,2.000000,polar,0.0,0.0,1.1636e-05,4.5579e-05,32,256
sphere,2.000000,polar,7.2743e-05,0.000119006,0.0,0.0,32,256
sphere,2.000000,polar,0.0,0.0,1.2397e-05,3.8825e-05,32,256
sphere,2.000000,polar,5.4537e-05,0.000144716,0.0,0.0,32,256
sphere,2.000000,polar,0.0,0.0,9.957e-06,2.462e-05,32,256
sphere,2.000000,polar,2.4187e-05,9.5461e-05,0.0,0.0,32,256
sphere,2.000000,polar,0.0,0.0,4.969e-06,5.805e-06,32,256
sphere,2.000000,polar,1.1758e-05,3.9972e-05,0.0,0.0,32,256
sphere,2.000000,polar,0.0,0.0,2.209e-06,4.302e-06,32,256
sphere,2.000000,polar,6.3813e-05,0.000115472,0.0,0.0,32,256
sphere,2.000000,polar,0.0,0.0,1.063e-05,3.368e-05,32,256
sphere,2.000000,polar,6.5079e-05,0.000147794,0.0,0.0,32,256
sphere,2.000000,polar,0.0,0.0,1.2722e-05,3.0331e-05,32,256
sphere,2.000000,polar,3.0802e-05,5.7348e-05,0.0,0.0,32,256
sphere,2.000000,polar,0.0,0.0,5.834e-06,1.5075e-05,32,256
sphere,2.000000,polar,7.6293e-05,0.00016088,0.0,0.0,32,256
sphere,2.000000,polar,0.0,0.0,1.0619e-05,4.3305e-05,32,256
sphere,2.000000,polar,2.7691e-05,0.000127701,0.0,0.0,32,256
sphere,2.000000,polar,0.0,0.0,5.781e-06,6.728e-06,32,256
sphere,2.000000,polar,7.6862e-05,0.000125956,0.0,0.0,32,256
sphere,2.000000,polar,0.0,0.0,1.2724e-05,4.2099e-05,32,256
sphere,2.000000,polar,5.2203e-05,0.000130727,0.0,0.0,32,256
sphere,2.000000,polar,0.0,0.0,9.27e-06,2.1672e-05,32,256
sphere,2.000000,polar,4.2634e-05,7.5073e-05,0.0,0.0,32,256
sphere,2.000000,polar,0.0,0.0,6.788e-06,2.4684e-05,32,256
sphere,2.000000,polar,7.0579e-05,0.000132735,0.0,0.0,32,256
sphere,2.000000,polar,0.0,0.0,1.2011e-05,3.7613e-05,32,256
sphere,2.000000,polar,5.771e-05,0.000107516,0.0,0.0,32,256
sphere,2.000000,polar,0.0,0.0,9.898e-06,2.9592e-05,32,256
sphere,2.000000,polar,3.8391e-05,0.000126953,0.0,0.0,32,256
sphere,2.000000,polar,0.0,0.0,7.253e-06,1.2424e-05,32,256
sphere,2.000000,polar,3.2673e-05,0.000139265,0.0,0.0,32,256
sphere,2.000000,polar,0.0,0.0,6.159e-06,7.751e-06,32,256
sphere,2.000000,polar,3.5253e-05,5.4711e-05,0.0,0.0,32,256
sphere,2.000000,polar,0.0,0.0,6.379e-06,1.9378e-05,32,256
sphere,2.000000,polar,5.3379e-05,0.000123772,0.0,0.0,32,256
sphere,2.000000,polar,0.0,0.0,1.0627e-05,2.5725e-05,32,256
sphere,2.000000,polar,1.8421e-05,5.3922e-05,0.0,0.0,32,256
sphere,2.000000,polar,0.0,0.0,3.398e-06,7.845e-06,32,256
sphere,2.000000,polar,4.6081e-05,0.000124901,0.0,0.0,32,256
sphere,2.000000,polar,0.0,0.0,8.969e-06,2.1969e-05,32,256
sphere,2.000000,polar,6.1317e-05,0.000120576,0.0,0.0,32,256
sphere,2.000000,polar,0.0,0.0,1.1256e-05,3.1793e-05,32,256
sphere,2.000000,polar,7.6962e-05,0.000134833,0.0,0.0,32,256
sphere,2.000000,polar,0.0,0.0,1.3199e-05,4.0179e-05,32,256
sphere,2.000000,polar,4.6725e-05,8.0828e-05,0.0,0.0,32,256
sphere,2.000000,polar,0.0,0.0,8.798e-06,2.3981e-05,32,256
sphere,2.000000,polar,2.8344e-05,0.000158601,0.0,0.0,32,256
sphere,2.000000,polar,0.0,0.0,6.022e-06,3.301e-06,32,256
sphere,2.000000,polar,4.0714e-05,9.9341e-05,0.0,0.0,32,256
sphere,2.000000,polar,0.0,0.0,6.91e-06,1.8805e-05,32,256
sphere,2.000000,polar,3.4201e-05,0.00012696,0.0,0.0,32,256
sphere,2.000000,polar,0.0,0.0,6.398e-06,9.376e-06,32,256
sphere,2.000000,polar,3.4913e-05,0.000102562,0.0,0.0,32,256
sphere,2.000000,polar,0.0,0.0,6.072e-06,1.7698e-05,32,256
sphere,2.000000,polar,5.0782e-05,0.000163413,0.0,0.0,32,256
sphere,2.000000,polar,0.0,0.0,7.922e-06,2.2477e-05,32,256
sphere,2.000000,polar,5.68e-05,0.000120421,0.0,0.0,32,256
sphere,2.000000,polar,0.0,0.0,9.486e-06,2.963e-05,32,256
sphere,2.000000,polar,4.0302e-05,8.8846e-05,0.0,0.0,32,256
sphere,2.000000,polar,0.0,0.0,7.159e-06,2.0522e-05,32,256
sphere,2.000000,polar,1.4513e-05,3.0741e-05,0.0,0.0,32,256
sphere,2.000000,polar,0.0,0.0,2.513e-06,7.223e-06,32,256
sphere,2.000000,polar,4.0416e-05,0.000105878,0.0,0.0,32,256
sphere,2.000000,polar,0.0,0.0,6.32e-06,1.9677e-05,32,256
sphere,2.000000,polar,8.5255e-05,0.000160335,0.0,0.0,32,256
sphere,2.000000,polar,0.0,0.0,1.4469e-05,4.4026e-05,32,256
sphere,2.000000,polar,3.9701e-05,6.6592e-05,0.0,0.0,32,256
sphere,2.000000,polar,0.0,0.0,6.173e-06,2.1228e-05,32,256
sphere,2.000000,polar,4.5153e-05,0.000114403,0.0,0.0,32,256
sphere,2.000000,polar,0.0,0.0,8.388e-06,1.771e-05,32,256
sphere,2.000000,polar,3.0965e-05,0.000137933,0.0,0.0,32,256
sphere,2.000000,polar,0.0,0.0,6.057e-06,8.144e-06,32,256
sphere,2.000000,polar,6.8847e-05,0.000126517,0.0,0.0,32,256
sphere,2.000000,polar,0.0,0.0,1.1494e-05,3.608e-05,32,256
sphere,2.000000,polar,5.5002e-05,0.000138519,0.0,0.0,32,256
sphere,2.000000,polar,0.0,0.0,9.831e-06,2.6498e-05,32,256
sphere,2.000000,polar,3.5458e-05,0.000153669,0.0,0.0,32,256
sphere,2.000000,polar,0.0,0.0,6.812e-06,8.91e-06,32,256
sphere,2.000000,polar,3.6578e-05,9.5555e-05,0.0,0.0,32,256
sphere,2.000000,polar,0.0,0.0,6.301e-06,1.5908e-05,32,256
sphere,2.000000,polar,6.8039e-05,0.000121336,0.0,0.0,32,256
sphere,2.000000,polar,0.0,0.0,1.1569e-05,3.6538e-05,32,256
sphere,2.000000,polar,7.2075e-05,0.000145284,0.0,0.0,32,256
sphere,2.000000,polar,0.0,0.0,1.2085e-05,3.8593e-05,32,256
sphere,2.000000,polar,1.2272e-05,1.1597e-05,0.0,0.0,32,256
sphere,2.000000,polar,0.0,0.0,2.362e-06,6.955e-06,32,256
sphere,2.000000,polar,4.4135e-05,0.000143524,0.0,0.0,32,256
sphere,2.000000,polar,0.0,0.0,7.911e-06,1.6899e-05,32,256
sphere,2.000000,polar,5.3873e-05,0.000102843,0.0,0.0,32,256
sphere,2.000000,polar,0.0,0.0,9.366e-06,2.6892e-05,32,256
sphere,2.000000,polar,1.8571e-05,6.0238e-05,0.0,0.0,32,256
sphere,2.000000,polar,0.0,0.0,3.961e-06,5.636e-06,32,256
sphere,2.000000,polar,6.1369e-05,0.000120369,0.0,0.0,32,256
sphere,2.000000,polar,0.0,0.0,1.1028e-05,3.1616e-05,32,256
sphere,2.000000,polar,2.5406e-05,0.000131892,0.0,0.0,32,256
sphere,2.000000,polar,0.0,0.0,5.165e-06,3.264e-06,32,256
sphere,2.000000,polar,9.9038e-05,0.000211015,0.0,0.0,32,256
sphere,2.000000,polar,0.0,0.0,1.5362e-05,5.3789e-05,32,256
sphere,2.000000,polar,5.9775e-05,0.000134228,0.0,0.0,32,256
sphere,2.000000,polar,0.0,0.0,1.002e-05,3.0256e-05,32,256
sphere,2.000000,polar,4.2965e-05,9.1753e-05,0.0,0.0,32,256
sphere,2.000000,polar,0.0,0.0,7.513e-06,2.0612e-05,32,256
sphere,2.000000,polar,5.1459e-05,0.000131697,0.0,0.0,32,256
sphere,2.000000,polar,0.0,0.0,8.678e-06,2.2864e-05,32,256
sphere,2.000000,polar,9.2478e-05,0.000153031,0.0,0.0,32,256
sphere,2.000000,polar,0.0,0.0,1.2622e-05,3.7679e-05,32,256
sphere,2.000000,polar,5.9937e-05,0.000148231,0.0,0.0,32,256
sphere,2.000000,polar,0.0,0.0,1.1575e-05,2.7752e-05,32,256
sphere,2.000000,polar,2.8899e-05,5.2397e-05,0.0,0.0,32,256
sphere,2.000000,polar,0.0,0.0,4.481e-06,1.5499e-05,32,256
sphere,2.000000,polar,5.1195e-05,0.000127295,0.0,0.0,32,256
sphere,2.000000,polar,0.0,0.0,8.968e-06,2.376e-05,32,256
sphere,2.000000,polar,4.2039e-05,8.6608e-05,0.0,0.0,32,256
sphere,2.000000,polar,0.0,0.0,6.94e-06,2.2182e-05,32,256
sphere,2.000000,polar,3.4825e-05,0.000145484,0.0,0.0,32,256
sphere,2.000000,polar,0.0,0.0,7.071e-06,7.437e-06,32,256
sphere,2.000000,polar,6.8951e-05,0.000119573,0.0,0.0,32,256
sphere,2.000000,polar,0.0,0.0,1.2093e-05,3.5439e-05,32,256
sphere,2.000000,polar,4.6922e-05,0.000113952,0.0,0.0,32,256
sphere,2.000000,polar,0.0,0.0,7.913e-06,2.1858e-05,32,256
sphere,2.000000,polar,3.9762e-05,0.00012179,0.0,0.0,32,256
sphere,2.000000,polar,0.0,0.0,8.044e-06,1.2779e-05,32,256
sphere,2.000000,polar,6.9471e-05,0.000127305,0.0,0.0,32,256
sphere,2.000000,polar,0.0,0.0,1.2847e-05,3.6051e-05,32,256
sphere,2.000000,polar,6.9266e-05,0.0001223,0.0,0.0,32,256
sphere,2.000000,polar,0.0,0.0,1.101e-05,3.881e-05,32,256
sphere,2.000000,polar,4.3445e-05,0.000205791,0.0,0.0,32,256
sphere,2.000000,polar,0.0,0.0,9.068e-06,1.7707e-05,32,256
sphere,2.000000,polar,3.3193e-05,4.9316e-05,0.0,0.0,32,256
sphere,2.000000,polar,0.0,0.0,6.725e-06,1.8055e-05,32,256
sphere,2.000000,polar,0.000135874,0.000158542,0.0,0.0,32,256
sphere,2.000000,polar,0.0,0.0,1.5764e-05,9.3642e-05,32,256
sphere,2.000000,polar,7.7194e-05,0.000135175,0.0,0.0,32,256
sphere,2.000000,polar,0.0,0.0,1.2655e-05,4.2221e-05,32,256
sphere,2.000000,polar,7.3991e-05,0.000156705,0.0,0.0,32,256
sphere,2.000000,polar,0.0,0.0,1.2086e-05,3.8318e-05,32,256
sphere,2.000000,polar,4.0824e-05,0.000110529,0.0,0.0,32,256
sphere,2.000000,polar,0.0,0.0,6.998e-06,1.8741e-05,32,256
sphere,2.000000,polar,4.819e-05,0.000106392,0.0,0.0,32,256
sphere,2.000000,polar,0.0,0.0,8.548e-06,2.2941e-05,32,256
sphere,2.000000,polar,3.9204e-05,8.5793e-05,0.0,0.0,32,256
sphere,2.000000,polar,0.0,0.0,6.576e-06,2.0118e-05,32,256
sphere,2.000000,polar,5.9001e-05,0.000124117,0.0,0.0,32,256
sphere,2.000000,polar,0.0,0.0,1.1089e-05,2.8704e-05,32,256
sphere,2.000000,polar,4.2033e-05,0.000134641,0.0,0.0,32,256
sphere,2.000000,polar,0.0,0.0,7.485e-06,1.586e-05,32,256
sphere,2.000000,polar,4.5454e-05,8.3433e-05,0.0,0.0,32,256
sphere,2.000000,polar,0.0,0.0,8.67e-06,2.393e-05,32,256
sphere,2.000000,polar,3.7237e-05,0.000101363,0.0,0.0,32,256
sphere,2.000000,polar,0.0,0.0,6.716e-06,1.724e-05,32,256
sphere,2.000000,polar,6.5125e-05,0.000148364,0.0,0.0,32,256
sphere,2.000000,polar,0.0,0.0,1.2178e-05,3.1182e-05,32,256
sphere,2.000000,polar,2.075e-06,1.7227e-05,0.0,0.0,32,256
sphere,2.000000,polar,0.0,0.0,4.24e-07,0,32,256
sphere,2.000000,polar,7.2007e-05,0.000158878,0.0,0.0,32,256
sphere,2.000000,polar,0.0,0.0,1.178e-05,3.6918e-05,32,256
sphere,2.000000,polar,3.9997e-05,9.6166e-05,0.0,0.0,32,256
sphere,2.000000,polar,0.0,0.0,8.241e-06,1.687e-05,32,256
sphere,2.000000,polar,2.9108e-05,9.2307e-05,0.0,0.0,32,256
sphere,2.000000,polar,0.0,0.0,5.387e-06,1.1822e-05,32,256
sphere,2.000000,polar,5.4137e-05,0.00012045,0.0,0.0,32,256
sphere,2.000000,polar,0.0,0.0,1.021e-05,2.6498e-05,32,256
sphere,2.000000,polar,2.6603e-05,0.000105041,0.0,0.0,32,256
sphere,2.000000,polar,0.0,0.0,4.948e-06,7.702e-06,32,256
sphere,2.000000,polar,4.8015e-05,0.00013902,0.0,0.0,32,256
sphere,2.000000,polar,0.0,0.0,8.872e-06,1.8975e-05,32,256
sphere,2.000000,polar,4.9368e-05,9.96e-05,0.0,0.0,32,256
sphere,2.000000,polar,0.0,0.0,9.226e-06,2.1503e-05,32,256
sphere,2.000000,polar,4.8151e-05,9.6201e-05,0.0,0.0,32,256
sphere,2.000000,polar,0.0,0.0,8.513e-06,2.4125e-05,32,256
sphere,2.000000,polar,6.5029e-05,0.000108454,0.0,0.0,32,256
sphere,2.000000,polar,0.0,0.0,1.0659e-05,3.5494e-05,32,256
sphere,2.000000,polar,7.4485e-05,0.000135128,0.0,0.0,32,256
sphere,2.000000,polar,0.0,0.0,2.2932e-05,3.0653e-05,32,256
sphere,2.000000,polar,1.9466e-05,4.4795e-05,0.0,0.0,32,256
sphere,2.000000,polar,0.0,0.0,3.191e-06,9.63e-06,32,256
sphere,2.000000,polar,9.3781e-05,0.000216819,0.0,0.0,32,256
sphere,2.000000,polar,0.0,0.0,1.5911e-05,4.7852e-05,32,256
sphere,2.000000,polar,4.4285e-05,0.000170791,0.0,0.0,32,256
sphere,2.000000,polar,0.0,0.0,8.821e-06,1.1942e-05,32,256
sphere,2.000000,polar,3.3254e-05,9.2827e-05,0.0,0.0,32,256
sphere,2.000000,polar,0.0,0.0,6.226e-06,1.3868e-05,32,256
sphere,2.000000,polar,5.2463e-05,0.000169136,0.0,0.0,32,256
sphere,2.000000,polar,0.0,0.0,9.153e-06,2.5303e-05,32,256
sphere,2.000000,polar,3.9631e-05,9.994e-05,0.0,0.0,32,256
sphere,2.000000,polar,0.0,0.0,6.755e-06,1.7359e-05,32,256
sphere,2.000000,polar,4.3727e-05,8.1551e-05,0.0,0.0,32,256
sphere,2.000000,polar,0.0,0.0,7.868e-06,2.2878e-05,32,256
sphere,2.000000,polar,5.6037e-05,0.000119887,0.0,0.0,32,256
sphere,2.000000,polar,0.0,0.0,9.065e-06,2.9241e-05,32,256
sphere,2.000000,polar,2.9208e-05,0.000107356,0.0,0.0,32,256
sphere,2.000000,polar,0.0,0.0,5.469e-06,5.654e-06,32,256
sphere,2.000000,polar,4.6694e-05,9.7282e-05,0.0,0.0,32,256
sphere,2.000000,polar,0.0,0.0,7.982e-06,2.0767e-05,32,256
sphere,2.000000,polar,5.8611e-05,0.000114574,0.0,0.0,32,256
sphere,2.000000,polar,0.0,0.0,9.839e-06,3.0025e-05,32,256
sphere,2.000000,polar,4.0822e-05,0.000102072,0.0,0.0,32,256
sphere,2.000000,polar,0.0,0.0,7.328e-06,1.8151e-05,32,256
sphere,2.000000,polar,2.2966e-05,7.013e-05,0.0,0.0,32,256
sphere,2.000000,polar,0.0,0.0,4.185e-06,8.141e-06,32,256
sphere,2.000000,polar,6.8863e-05,0.000139049,0.0,0.0,32,256
sphere,2.000000,polar,0.0,0.0,1.1838e-05,3.4972e-05,32,256
sphere,2.000000,polar,8.7914e-05,0.000127826,0.0,0.0,32,256
sphere,2.000000,polar,0.0,0.0,1.4821e-05,4.7192e-05,32,256
sphere,2.000000,polar,4.4112e-05,7.763e-05,0.0,0.0,32,256
sphere,2.000000,polar,0.0,0.0,7.118e-06,2.2334e-05,32,256
sphere,2.000000,polar,0.000100406,0.000169695,0.0,0.0,32,256
sphere,2.000000,polar,0.0,0.0,1.7201e-05,5.5445e-05,32,256
sphere,2.000000,polar,8.4327e-05,0.000124061,0.0,0.0,32,256
sphere,2.000000,polar,0.0,0.0,2.791e-05,3.6883e-05,32,256
sphere,2.000000,polar,6.5787e-05,0.00011709,0.0,0.0,32,256
sphere,2.000000,polar,0.0,0.0,1.0154e-05,3.6503e-05,32,256
sphere,2.000000,polar,4.3708e-05,0.000153195,0.0,0.0,32,256
sphere,2.000000,polar,0.0,0.0,8.19e-06,1.3615e-05,32,256
sphere,2.000000,polar,8.1335e-05,0.000147729,0.0,0.0,32,256
sphere,2.000000,polar,0.0,0.0,1.339e-05,4.2542e-05,32,256
sphere,2.000000,polar,5.6156e-05,0.000144989,0.0,0.0,32,256
sphere,2.000000,polar,0.0,0.0,8.325e-06,2.9929e-05,32,256
sphere,2.000000,polar,5.6887e-05,0.000157789,0.0,0.0,32,256
sphere,2.000000,polar,0.0,0.0,1.0297e-05,2.8233e-05,32,256
sphere,2.000000,polar,2.9557e-05,7.4733e-05,0.0,0.0,32,256
sphere,2.000000,polar,0.0,0.0,6.074e-06,1.165e-05,32,256
sphere,2.000000,polar,1.8104e-05,9.659e-05,0.0,0.0,32,256
sphere,2.000000,polar,0.0,0.0,4.087e-06,1.876e-06,32,256
sphere,2.000000,polar,2.8573e-05,0.000114356,0.0,0.0,32,256
sphere,2.000000,polar,0.0,0.0,5.302e-06,8.602e-06,32,256
sphere,2.000000,polar,6.9578e-05,0.000176521,0.0,0.0,32,256
sphere,2.000000,polar,0.0,0.0,1.3152e-05,3.1105e-05,32,256
sphere,2.000000,polar,3.1819e-05,9.5498e-05,0.0,0.0,32,256
sphere,2.000000,polar,0.0,0.0,5.543e-06,1.2298e-05,32,256
sphere,2.000000,polar,7.9809e-05,0.000128559,0.0,0.0,32,256
sphere,2.000000,polar,0.0,0.0,1.2576e-05,3.1287e-05,32,256
sphere,2.000000,polar,5.4006e-05,0.000157576,0.0,0.0,32,256
sphere,2.000000,polar,0.0,0.0,9.217e-06,2.762e-05,32,256
sphere,2.000000,polar,4.7665e-05,0.000127531,0.0,0.0,32,256
sphere,2.000000,polar,0.0,0.0,8.646e-06,1.8055e-05,32,256
sphere,2.000000,polar,4.342e-05,0.000140816,0.0,0.0,32,256
sphere,2.000000,polar,0.0,0.0,8.438e-06,1.535e-05,32,256
sphere,2.000000,polar,1.7643e-05,4.4225e-05,0.0,0.0,32,256
sphere,2.000000,polar,0.0,0.0,3.491e-06,8.178e-06,32,256
sphere,2.000000,polar,5.6772e-05,0.000128763,0.0,0.0,32,256
sphere,2.000000,polar,0.0,0.0,1.0858e-05,2.2227e-05,32,256
sphere,2.000000,polar,4.4674e-05,8.2122e-05,0.0,0.0,32,256
sphere,2.000000,polar,0.0,0.0,7.544e-06,2.4159e-05,32,256
sphere,2.000000,polar,5.3204e-05,0.000106385,0.0,0.0,32,256
sphere,2.000000,polar,0.0,0.0,8.856e-06,2.8703e-05,32,256
sphere,2.000000,polar,5.4408e-05,0.000116476,0.0,0.0,32,256
sphere,2.000000,polar,0.0,0.0,1.0009e-05,2.7283e-05,32,256
sphere,2.000000,polar,4.6228e-05,0.000110432,0.0,0.0,32,256
sphere,2.000000,polar,0.0,0.0,8.04e-06,2.1167e-05,32,256
sphere,2.000000,polar,4.3342e-05,9.2612e-05,0.0,0.0,32,256
sphere,2.000000,polar,0.0,0.0,7.199e-06,2.1971e-05,32,256
sphere,2.000000,polar,1.25e-05,1.8403e-05,0.0,0.0,32,256
sphere,2.000000,polar,0.0,0.0,2.03e-06,6.716e-06,32,256
sphere,2.000000,polar,6.367e-05,0.000130076,0.0,0.0,32,256
sphere,2.000000,polar,0.0,0.0,1.0557e-05,3.2818e-05,32,256
sphere,2.000000,polar,4.0085e-05,0.000104572,0.0,0.0,32,256
sphere,2.000000,polar,0.0,0.0,7.67e-06,1.7304e-05,32,256
sphere,2.000000,polar,6.0277e-05,0.000120311,0.0,0.0,32,256
sphere,2.000000,polar,0.0,0.0,1.1068e-05,2.9763e-05,32,256
sphere,2.000000,polar,6.5814e-05,0.00020834,0.0,0.0,32,256
sphere,2.000000,polar,0.0,0.0,1.0038e-05,3.0493e-05,32,256
sphere,2.000000,polar,7.5566e-05,0.000148468,0.0,0.0,32,256
sphere,2.000000,polar,0.0,0.0,1.3885e-05,4.0071e-05,32,256
sphere,2.000000,polar,5.1709e-05,0.000101007,0.0,0.0,32,256
sphere,2.000000,polar,0.0,0.0,8.265e-06,2.8527e-05,32,256
sphere,2.000000,polar,6.0209e-05,0.000128686,0.0,0.0,32,256
sphere,2.000000,polar,0.0,0.0,1.0249e-05,3.0974e-05,32,256
sphere,2.000000,polar,7.8472e-05,0.000139794,0.0,0.0,32,256
sphere,2.000000,polar,0.0,0.0,1.404e-05,4.1009e-05,32,256
sphere,2.000000,polar,3.1942e-05,9.7652e-05,0.0,0.0,32,256
sphere,2.000000,polar,0.0,0.0,6.311e-06,1.0026e-05,32,256
sphere,2.000000,polar,9.4748e-05,0.000182794,0.0,0.0,32,256
sphere,2.000000,polar,0.0,0.0,1.5984e-05,4.9925e-05,32,256
sphere,2.000000,polar,6.1029e-05,0.000133039,0.0,0.0,32,256
sphere,2.000000,polar,0.0,0.0,1.0117e-05,3.2566e-05,32,256
sphere,2.000000,polar,2.3964e-05,0.000108352,0.0,0.0,32,256
sphere,2.000000,polar,0.0,0.0,4.488e-06,7.501e-06,32,256
sphere,2.000000,polar,5.951e-05,0.000118306,0.0,0.0,32,256
sphere,2.000000,polar,0.0,0.0,1.01e-05,3.2003e-05,32,256
sphere,2.000000,polar,4.7017e-05,0.000105516,0.0,0.0,32,256
sphere,2.000000,polar,0.0,0.0,8.523e-06,2.276e-05,32,256
sphere,2.000000,polar,4.2724e-05,8.9296e-05,0.0,0.0,32,256
sphere,2.000000,polar,0.0,0.0,7.872e-06,1.8376e-05,32,256
sphere,2.000000,polar,0.000102678,0.00013368,0.0,0.0,32,256
sphere,2.000000,polar,0.0,0.0,1.1156e-05,7.1451e-05,32,256
sphere,2.000000,polar,3.6813e-05,0.000113942,0.0,0.0,32,256
sphere,2.000000,polar,0.0,0.0,6.137e-06,1.535e-05,32,256
sphere,2.000000,polar,5.9896e-05,0.00013009,0.0,0.0,32,256
sphere,2.000000,polar,0.0,0.0,1.0011e-05,3.1405e-05,32,256
sphere,2.000000,polar,3.7932e-05,9.4246e-05,0.0,0.0,32,256
sphere,2.000000,polar,0.0,0.0,6.514e-06,1.5852e-05,32,256
sphere,2.000000,polar,5.1382e-05,8.7641e-05,0.0,0.0,32,256
sphere,2.000000,polar,0.0,0.0,8.952e-06,2.7842e-05,32,256
sphere,2.000000,polar,2.509e-05,5.6692e-05,0.0,0.0,32,256
sphere,2.000000,polar,0.0,0.0,4.574e-06,1.2694e-05,32,256
sphere,2.000000,polar,6.2902e-05,0.000124325,0.0,0.0,32,256
sphere,2.000000,polar,0.0,0.0,1.1023e-05,3.294e-05,32,256
sphere,2.000000,polar,3.8134e-05,0.000116216,0.0,0.0,32,256
sphere,2.000000,polar,0.0,0.0,7.534e-06,1.5545e-05,32,256
sphere,2.000000,polar,2.6807e-05,8.0703e-05,0.0,0.0,32,256
sphere,2.000000,polar,0.0,0.0,4.095e-06,1.2173e-05,32,256
sphere,2.000000,polar,5.0939e-05,0.000166909,0.0,0.0,32,256
sphere,2.000000,polar,0.0,0.0,8.963e-06,2.1025e-05,32,256
sphere,2.000000,polar,5.5333e-05,0.000164401,0.0,0.0,32,256
sphere,2.000000,polar,0.0,0.0,8.813e-06,2.9517e-05,32,256
sphere,2.000000,polar,2.6131e-05,6.8578e-05,0.0,0.0,32,256
sphere,2.000000,polar,0.0,0.0,4.452e-06,1.1443e-05,32,256
sphere,2.000000,polar,4.1837e-05,7.5749e-05,0.0,0.0,32,256
sphere,2.000000,polar,0.0,0.0,7.109e-06,2.195e-05,32,256
sphere,2.000000,polar,3.6904e-05,0.000148351,0.0,0.0,32,256
sphere,2.000000,polar,0.0,0.0,7.531e-06,8.467e-06,32,256
sphere,2.000000,polar,3.9576e-05,7.497e-05,0.0,0.0,32,256
sphere,2.000000,polar,0.0,0.0,7.053e-06,1.9744e-05,32,256
sphere,2.000000,polar,6.9909e-05,0.000127247,0.0,0.0,32,256
sphere,2.000000,polar,0.0,0.0,1.1382e-05,3.8326e-05,32,256
sphere,2.000000,polar,5.5842e-05,0.000150361,0.0,0.0,32,256
sphere,2.000000,polar,0.0,0.0,1.1569e-05,2.2788e-05,32,256
sphere,2.000000,polar,6.5472e-05,0.000121431,0.0,0.0,32,256
sphere,2.000000,polar,0.0,0.0,1.06e-05,3.4644e-05,32,256
sphere,2.000000,polar,5.6007e-05,0.000115278,0.0,0.0,32,256
sphere,2.000000,polar,0.0,0.0,9.757e-06,2.4115e-05,32,256
sphere,2.000000,polar,4.6132e-05,0.000104022,0.0,0.0,32,256
sphere,2.000000,polar,0.0,0.0,7.83e-06,2.117e-05,32,256
sphere,2.000000,polar,5.5535e-05,0.000100504,0.0,0.0,32,256
sphere,2.000000,polar,0.0,0.0,8.876e-06,3.0532e-05,32,256
sphere,2.000000,polar,4.0986e-05,0.000109354,0.0,0.0,32,256
sphere,2.000000,polar,0.0,0.0,7.824e-06,1.6004e-05,32,256
sphere,2.000000,polar,2.1807e-05,7.8779e-05,0.0,0.0,32,256
sphere,2.000000,polar,0.0,0.0,4.249e-06,8.068e-06,32,256
sphere,2.000000,polar,6.8168e-05,0.000132036,0.0,0.0,32,256
sphere,2.000000,polar,0.0,0.0,1.2171e-05,3.5292e-05,32,256
sphere,2.000000,polar,6.4291e-05,0.000119512,0.0,0.0,32,256
sphere,2.000000,polar,0.0,0.0,1.071e-05,3.5275e-05,32,256
sphere,2.000000,polar,3.7009e-05,7.7255e-05,0.0,0.0,32,256
sphere,2.000000,polar,0.0,0.0,6.707e-06,1.7719e-05,32,256
sphere,2.000000,polar,4.2347e-05,0.000113629,0.0,0.0,32,256
sphere,2.000000,polar,0.0,0.0,8.21e-06,1.573e-05,32,256
sphere,2.000000,polar,2.786e-05,0.000146395,0.0,0.0,32,256
sphere,2.000000,polar,0.0,0.0,5.655e-06,5.447e-06,32,256
sphere,2.000000,polar,1.8603e-05,2.451e-05,0.0,0.0,32,256
sphere,2.000000,polar,0.0,0.0,3.027e-06,1.0902e-05,32,256
sphere,2.000000,polar,6.7981e-05,0.000155387,0.0,0.0,32,256
sphere,2.000000,polar,0.0,0.0,1.0444e-05,3.7992e-05,32,256
sphere,2.000000,polar,6.9173e-05,0.000136211,0.0,0.0,32,256
sphere,2.000000,polar,0.0,0.0,1.1658e-05,3.7069e-05,32,256
sphere,2.000000,polar,4.6532e-05,0.000111909,0.0,0.0,32,256
sphere,2.000000,polar,0.0,0.0,7.962e-06,2.1812e-05,32,256
sphere,2.000000,polar,3.426e-05,0.000115509,0.0,0.0,32,256
sphere,2.000000,polar,0.0,0.0,6.37e-06,1.2296e-05,32,256
sphere,2.000000,polar,4.7138e-05,9.3873e-05,0.0,0.0,32,256
sphere,2.000000,polar,0.0,0.0,8.158e-06,2.055e-05,32,256
sphere,2.000000,polar,8.3135e-05,0.000198028,0.0,0.0,32,256
sphere,2.000000,polar,0.0,0.0,1.4541e-05,4.0372e-05,32,256
sphere,2.000000,polar,6.9883e-05,0.000135179,0.0,0.0,32,256
sphere,2.000000,polar,0.0,0.0,1.2018e-05,3.741e-05,32,256
sphere,2.000000,polar,4.7301e-05,0.000113698,0.0,0.0,32,256
sphere,2.000000,polar,0.0,0.0,8.947e-06,2.08e-05,32,256
sphere,2.000000,polar,6.9002e-05,0.000143014,0.0,0.0,32,256
sphere,2.000000,polar,0.0,0.0,1.2099e-05,3.5411e-05,32,256
sphere,2.000000,polar,7.1381e-05,0.000161888,0.0,0.0,32,256
sphere,2.000000,polar,0.0,0.0,1.2702e-05,3.2864e-05,32,256
sphere,2.000000,polar,8.6194e-05,0.000143095,0.0,0.0,32,256
sphere,2.000000,polar,0.0,0.0,1.305e-05,4.8226e-05,32,256
sphere,2.000000,polar,3.0415e-05,0.000213486,0.0,0.0,32,256
sphere,2.000000,polar,0.0,0.0,6.402e-06,5.807e-06,32,256
sphere,2.000000,polar,6.0377e-05,0.000119916,0.0,0.0,32,256
sphere,2.000000,polar,0.0,0.0,1.1007e-05,3.1657e-05,32,256
sphere,2.000000,polar,8.0917e-05,0.000160586,0.0,0.0,32,256
sphere,2.000000,polar,0.0,0.0,1.3819e-05,4.216e-05,32,256
sphere,2.000000,polar,6.9874e-05,0.000101288,0.0,0.0,32,256
sphere,2.000000,polar,0.0,0.0,1.0178e-05,4.3203e-05,32,256
sphere,2.000000,polar,9.4083e-05,0.000190744,0.0,0.0,32,256
sphere,2.000000,polar,0.0,0.0,1.7593e-05,4.6169e-05,32,256
sphere,2.000000,polar,7.6709e-05,0.000175203,0.0,0.0,32,256
sphere,2.000000,polar,0.0,0.0,1.3272e-05,3.8305e-05,32,256
sphere,2.000000,polar,5.0294e-05,8.8942e-05,0.0,0.0,32,256
sphere,2.000000,polar,0.0,0.0,6.967e-06,2.9268e-05,32,256
sphere,2.000000,polar,6.961e-05,0.000151483,0.0,0.0,32,256
sphere,2.000000,polar,0.0,0.0,1.021e-05,3.7411e-05,32,256
sphere,2.000000,polar,1.7374e-05,3.4349e-05,0.0,0.0,32,256
sphere,2.000000,polar,0.0,0.0,3.036e-06,9.277e-06,32,256
sphere,2.000000,polar,5.453e-05,0.000127612,0.0,0.0,32,256
sphere,2.000000,polar,0.0,0.0,9.84e-06,2.6716e-05,32,256
sphere,2.000000,polar,5.7773e-05,9.969e-05,0.0,0.0,32,256
sphere,2.000000,polar,0.0,0.0,1.143e-05,2.8682e-05,32,256
sphere,2.000000,polar,2.4227e-05,6.652e-05,0.0,0.0,32,256
sphere,2.000000,polar,0.0,0.0,3.183e-06,1.227e-05,32,256
sphere,2.000000,polar,8.2375e-05,0.00016828,0.0,0.0,32,256
sphere,2.000000,polar,0.0,0.0,2.8138e-05,3.1056e-05,32,256
sphere,2.000000,polar,4.5794e-05,8.4278e-05,0.0,0.0,32,256
sphere,2.000000,polar,0.0,0.0,7.729e-06,2.2796e-05,32,256
sphere,2.000000,polar,8.3998e-05,0.000131067,0.0,0.0,32,256
sphere,2.000000,polar,0.0,0.0,1.3411e-05,4.6737e-05,32,256
sphere,2.000000,polar,8.7019e-05,0.000134581,0.0,0.0,32,256
sphere,2.000000,polar,0.0,0.0,1.1987e-05,3.9946e-05,32,256
sphere,2.000000,polar,6.2828e-05,0.000103478,0.0,0.0,32,256
sphere,2.000000,polar,0.0,0.0,1.0522e-05,3.2251e-05,32,256
sphere,2.000000,polar,6.4043e-05,0.000161914,0.0,0.0,32,256
sphere,2.000000,polar,0.0,0.0,1.1879e-05,2.879e-05,32,256
sphere,2.000000,polar,2.5884e-05,5.6246e-05,0.0,0.0,32,256
sphere,2.000000,polar,0.0,0.0,4.56e-06,1.2713e-05,32,256
sphere,2.000000,polar,7.5485e-05,0.000174329,0.0,0.0,32,256
sphere,2.000000,polar,0.0,0.0,1.4248e-05,3.8347e-05,32,256
sphere,2.000000,polar,7.7102e-05,0.000139543,0.0,0.0,32,256
sphere,2.000000,polar,0.0,0.0,1.3604e-05,3.9017e-05,32,256
sphere,2.000000,polar,7.2673e-05,0.000132894,0.0,0.0,32,256
sphere,2.000000,polar,0.0,0.0,1.2432e-05,3.9086e-05,32,256
sphere,2.000000,polar,6.7643e-05,0.00017013,0.0,0.0,32,256
sphere,2.000000,polar,0.0,0.0,1.3018e-05,3.0691e-05,32,256
sphere,2.000000,polar,6.4678e-05,0.00013726,0.0,0.0,32,256
sphere,2.000000,polar,0.0,0.0,1.1212e-05,3.4298e-05,32,256
sphere,2.000000,polar,5.7118e-05,0.000124367,0.0,0.0,32,256
sphere,2.000000,polar,0.0,0.0,9.42e-06,2.859e-05,32,256
sphere,2.000000,polar,4.3608e-05,9.7308e-05,0.0,0.0,32,256
sphere,2.000000,polar,0.0,0.0,6.754e-06,2.4168e-05,32,256
sphere,2.000000,polar,3.8982e-05,0.000108619,0.0,0.0,32,256
sphere,2.000000,polar,0.0,0.0,6.002e-06,1.8894e-05,32,256
sphere,2.000000,polar,5.4717e-05,0.000121292,0.0,0.0,32,256
sphere,2.000000,polar,0.0,0.0,8.82e-06,2.901e-05,32,256
sphere,2.000000,polar,4.802e-05,0.000125888,0.0,0.0,32,256
sphere,2.000000,polar,0.0,0.0,8.839e-06,1.7891e-05,32,256
sphere,2.000000,polar,6.4916e-05,0.000129419,0.0,0.0,32,256
sphere,2.000000,polar,0.0,0.0,1.129e-05,3.3564e-05,32,256
sphere,2.000000,polar,8.2764e-05,0.000146992,0.0,0.0,32,256
sphere,2.000000,polar,0.0,0.0,1.2504e-05,4.5111e-05,32,256
sphere,2.000000,polar,9.0093e-05,0.000151301,0.0,0.0,32,256
sphere,2.000000,polar,0.0,0.0,1.5057e-05,4.7564e-05,32,256
sphere,2.000000,polar,1.846e-05,7.1942e-05,0.0,0.0,32,256
sphere,2.000000,polar,0.0,0.0,3.381e-06,5.798e-06,32,256
sphere,2.000000,polar,3.4462e-05,0.000120625,0.0,0.0,32,256
sphere,2.000000,polar,0.0,0.0,6.265e-06,1.1747e-05,32,256
sphere,2.000000,polar,6.2675e-05,0.000141821,0.0,0.0,32,256
sphere,2.000000,polar,0.0,0.0,1.0393e-05,3.2184e-05,32,256
sphere,2.000000,polar,6.8597e-05,0.000166429,0.0,0.0,32,256
sphere,2.000000,polar,0.0,0.0,1.2265e-05,3.48e-05,32,256
sphere,2.000000,polar,2.317e-05,8.7162e-05,0.0,0.0,32,256
sphere,2.000000,polar,0.0,0.0,4.823e-06,7.917e-06,32,256
sphere,2.000000,polar,6.8264e-05,0.000139746,0.0,0.0,32,256
sphere,2.000000,polar,0.0,0.0,1.1654e-05,3.5084e-05,32,256
sphere,2.000000,polar,2.9457e-05,0.000113304,0.0,0.0,32,256
sphere,2.000000,polar,0.0,0.0,6.086e-06,8.828e-06,32,256
sphere,2.000000,polar,6.2023e-05,0.000128904,0.0,0.0,32,256
sphere,2.000000,polar,0.0,0.0,1.0845e-05,3.2544e-05,32,256
sphere,2.000000,polar,3.7029e-05,7.2108e-05,0.0,0.0,32,256
sphere,2.000000,polar,0.0,0.0,6.117e-06,1.8954e-05,32,256
sphere,2.000000,polar,6.9484e-05,0.000136938,0.0,0.0,32,256
sphere,2.000000,polar,0.0,0.0,1.2884e-05,3.451e-05,32,256
sphere,2.000000,polar,5.7687e-05,0.000123026,0.0,0.0,32,256
sphere,2.000000,polar,0.0,0.0,9.851e-06,2.9945e-05,32,256
sphere,2.000000,polar,5.8063e-05,0.000104678,0.0,0.0,32,256
sphere,2.000000,polar,0.0,0.0,9.987e-06,3.1124e-05,32,256
sphere,2.000000,polar,1.5022e-05,2.7427e-05,0.0,0.0,32,256
sphere,2.000000,polar,0.0,0.0,2.445e-06,7.538e-06,32,256
sphere,2.000000,polar,2.9774e-05,0.000137026,0.0,0.0,32,256
sphere,2.000000,polar,0.0,0.0,5.343e-06,9.33e-06,32,256
sphere,2.000000,polar,2.4623e-05,6.7976e-05,0.0,0.0,32,256
sphere,2.000000,polar,0.0,0.0,4.067e-06,1.2074e-05,32,256
sphere,2.000000,polar,2.5308e-05,5.9266e-05,0.0,0.0,32,256
sphere,2.000000,polar,0.0,0.0,4.421e-06,1.1557e-05,32,256
sphere,2.000000,polar,4.9764e-05,0.000135921,0.0,0.0,32,256
sphere,2.000000,polar,0.0,0.0,9.023e-06,2.1667e-05,32,256
sphere,2.000000,polar,2.6237e-05,4.9304e-05,0.0,0.0,32,256
sphere,2.000000,polar,0.0,0.0,4.669e-06,1.3161e-05,32,256
sphere,2.000000,polar,3.8271e-05,0.000115006,0.0,0.0,32,256
sphere,2.000000,polar,0.0,0.0,7.435e-06,1.5076e-05,32,256
sphere,2.000000,polar,6.5607e-05,0.000125051,0.0,0.0,32,256
sphere,2.000000,polar,0.0,0.0,1.0915e-05,3.5845e-05,32,256
sphere,2.000000,polar,6.6404e-05,0.000143132,0.0,0.0,32,256
sphere,2.000000,polar,0.0,0.0,1.0126e-05,3.6758e-05,32,256
sphere,2.000000,polar,3.3833e-05,0.000106143,0.0,0.0,32,256
sphere,2.000000,polar,0.0,0.0,6.251e-06,1.0739e-05,32,256
sphere,2.000000,polar,4.5326e-05,0.000129021,0.0,0.0,32,256
sphere,2.000000,polar,0.0,0.0,7.822e-06,1.9065e-05,32,256
sphere,2.000000,polar,4.0154e-05,8.7782e-05,0.0,0.0,32,256
sphere,2.000000,polar,0.0,0.0,7.067e-06,2.0943e-05,32,256
sphere,2.000000,polar,4.8641e-05,8.7193e-05,0.0,0.0,32,256
sphere,2.000000,polar,0.0,0.0,8.032e-06,2.6616e-05,32,256
sphere,2.000000,polar,3.0792e-05,0.000114959,0.0,0.0,32,256
sphere,2.000000,polar,0.0,0.0,5.959e-06,9.332e-06,32,256
sphere,2.000000,polar,8.7829e-05,0.000149675,0.0,0.0,32,256
sphere,2.000000,polar,0.0,0.0,1.5124e-05,4.5173e-05,32,256
sphere,2.000000,polar,4.1586e-05,7.711e-05,0.0,0.0,32,256
sphere,2.000000,polar,0.0,0.0,6.688e-06,2.0938e-05,32,256
sphere,2.000000,polar,4.881e-05,0.000117959,0.0,0.0,32,256
sphere,2.000000,polar,0.0,0.0,9.281e-06,1.8538e-05,32,256
sphere,2.000000,polar,4.4949e-05,7.4525e-05,0.0,0.0,32,256
sphere,2.000000,polar,0.0,0.0,7.22e-06,2.4851e-05,32,256
sphere,2.000000,polar,6.6572e-05,0.000141382,0.0,0.0,32,256
sphere,2.000000,polar,0.0,0.0,1.3678e-05,3.3252e-05,32,256
sphere,2.000000,polar,8.2859e-05,0.000179964,0.0,0.0,32,256
sphere,2.000000,polar,0.0,0.0,1.38e-05,4.463e-05,32,256
sphere,2.000000,polar,5.8065e-05,0.000128138,0.0,0.0,32,256
sphere,2.000000,polar,0.0,0.0,1.0556e-05,2.9404e-05,32,256
sphere,2.000000,polar,8.8172e-05,0.000165362,0.0,0.0,32,256
sphere,2.000000,polar,0.0,0.0,1.9943e-05,4.0517e-05,32,256
sphere,2.000000,polar,5.5441e-05,0.000101376,0.0,0.0,32,256
sphere,2.000000,polar,0.0,0.0,1.0128e-05,2.914e-05,32,256
sphere,2.000000,polar,9.3458e-05,0.000189492,0.0,0.0,32,256
sphere,2.000000,polar,0.0,0.0,2.4202e-05,4.0764e-05,32,256
sphere,2.000000,polar,5.851e-05,0.000139497,0.0,0.0,32,256
sphere,2.000000,polar,0.0,0.0,1.1164e-05,2.7506e-05,32,256
sphere,2.000000,polar,5.8337e-05,0.000161015,0.0,0.0,32,256
sphere,2.000000,polar,0.0,0.0,1.051e-05,2.6184e-05,32,256
sphere,2.000000,polar,5.1978e-05,9.6142e-05,0.0,0.0,32,256
sphere,2.000000,polar,0.0,0.0,9.326e-06,2.7724e-05,32,256
sphere,2.000000,polar,6.762e-05,9.1571e-05,0.0,0.0,32,256
sphere,2.000000,polar,0.0,0.0,2.5931e-05,2.707e-05,32,256
sphere,2.000000,polar,3.7351e-05,7.6046e-05,0.0,0.0,32,256
sphere,2.000000,polar,0.0,0.0,6.611e-06,1.8172e-05,32,256
sphere,2.000000,polar,6.3347e-05,0.000117658,0.0,0.0,32,256
sphere,2.000000,polar,0.0,0.0,1.0724e-05,3.2712e-05,32,256
sphere,2.000000,polar,4.2223e-05,0.000113676,0.0,0.0,32,256
sphere,2.000000,polar,0.0,0.0,7.24e-06,1.8492e-05,32,256
sphere,2.000000,polar,3.3761e-05,0.000132504,0.0,0.0,32,256
sphere,2.000000,polar,0.0,0.0,7.306e-06,6.077e-06,32,256
sphere,2.000000,polar,6.3657e-05,0.000122719,0.0,0.0,32,256
sphere,2.000000,polar,0.0,0.0,1.1867e-05,3.1205e-05,32,256
sphere,2.000000,polar,4.0812e-05,0.000134387,0.0,0.0,32,256
sphere,2.000000,polar,0.0,0.0,7.396e-06,1.7564e-05,32,256
sphere,2.000000,polar,3.7305e-05,9.9699e-05,0.0,0.0,32,256
sphere,2.000000,polar,0.0,0.0,7.044e-06,1.4001e-05,32,256
sphere,2.000000,polar,7.8371e-05,0.000169904,0.0,0.0,32,256
sphere,2.000000,polar,0.0,0.0,1.371e-05,3.815e-05,32,256
sphere,2.000000,polar,3.7757e-05,7.415e-05,0.0,0.0,32,256
sphere,2.000000,polar,0.0,0.0,6.183e-06,2.0611e-05,32,256
sphere,2.000000,polar,5.6713e-05,0.000107597,0.0,0.0,32,256
sphere,2.000000,polar,0.0,0.0,9.886e-06,2.5368e-05,32,256
sphere,2.000000,polar,3.237e-06,3.499e-06,0.0,0.0,32,256
sphere,2.000000,polar,0.0,0.0,4.97e-07,2.137e-06,32,256
sphere,2.000000,polar,1.9854e-05,7.8649e-05,0.0,0.0,32,256
sphere,2.000000,polar,0.0,0.0,4.199e-06,4.418e-06,32,256
sphere,2.000000,polar,4.103e-06,1.9269e-05,0.0,0.0,32,256
sphere,2.000000,polar,0.0,0.0,8.2e-07,1.136e-06,32,256
sphere,2.000000,polar,2.618e-05,9.0171e-05,0.0,0.0,32,256
sphere,2.000000,polar,0.0,0.0,5.377e-06,7.926e-06,32,256
sphere,2.000000,polar,5.0191e-05,9.1505e-05,0.0,0.0,32,256
sphere,2.000000,polar,0.0,0.0,7.15e-06,3.1126e-05,32,256
sphere,2.000000,polar,5.505e-05,0.000115936,0.0,0.0,32,256
sphere,2.000000,polar,0.0,0.0,9.289e-06,2.7003e-05,32,256
sphere,2.000000,polar,7.7659e-05,0.000166688,0.0,0.0,32,256
sphere,2.000000,polar,0.0,0.0,1.3073e-05,3.9749e-05,32,256
sphere,2.000000,polar,4.6196e-05,0.000164257,0.0,0.0,32,256
sphere,2.000000,polar,0.0,0.0,7.942e-06,1.8478e-05,32,256
sphere,2.000000,polar,1.9029e-05,4.2802e-05,0.0,0.0,32,256
sphere,2.000000,polar,0.0,0.0,3.637e-06,8.854e-06,32,256
sphere,2.000000,polar,6.4266e-05,0.000141606,0.0,0.0,32,256
sphere,2.000000,polar,0.0,0.0,1.1746e-05,2.9286e-05,32,256
sphere,2.000000,polar,2.8584e-05,0.000113695,0.0,0.0,32,256
sphere,2.000000,polar,0.0,0.0,6.991e-06,6.552e-06,32,256
sphere,2.000000,polar,7.0645e-05,0.000131745,0.0,0.0,32,256
sphere,2.000000,polar,0.0,0.0,1.2367e-05,3.6683e-05,32,256
sphere,2.000000,polar,7.0736e-05,0.000138696,0.0,0.0,32,256
sphere,2.000000,polar,0.0,0.0,1.3453e-05,3.4922e-05,32,256
sphere,2.000000,polar,5.5458e-05,0.000143064,0.0,0.0,32,256
sphere,2.000000,polar,0.0,0.0,9.426e-06,3.0121e-05,32,256
sphere,2.000000,polar,2.6011e-05,0.000102116,0.0,0.0,32,256
sphere,2.000000,polar,0.0,0.0,5.293e-06,8.26e-06,32,256
sphere,2.000000,polar,4.8032e-05,0.000105874,0.0,0.0,32,256
sphere,2.000000,polar,0.0,0.0,7.979e-06,2.5098e-05,32,256
sphere,2.000000,polar,4.6196e-05,8.0084e-05,0.0,0.0,32,256
sphere,2.000000,polar,0.0,0.0,8.241e-06,2.3983e-05,32,256
sphere,2.000000,polar,3.0823e-05,0.000132566,0.0,0.0,32,256
sphere,2.000000,polar,0.0,0.0,6.503e-06,8.386e-06,32,256
sphere,2.000000,polar,7.3358e-05,9.6995e-05,0.0,0.0,32,256
sphere,2.000000,polar,0.0,0.0,1.1859e-05,4.1285e-05,32,256
sphere,2.000000,polar,6.846e-05,0.000122267,0.0,0.0,32,256
sphere,2.000000,polar,0.0,0.0,1.1258e-05,3.803e-05,32,256
sphere,2.000000,polar,2.9728e-05,8.7207e-05,0.0,0.0,32,256
sphere,2.000000,polar,0.0,0.0,5.626e-06,1.2627e-05,32,256
sphere,2.000000,polar,5.5565e-05,0.000124782,0.0,0.0,32,256
sphere,2.000000,polar,0.0,0.0,1.0131e-05,2.7797e-05,32,256
sphere,2.000000,polar,3.8346e-05,5.7653e-05,0.0,0.0,32,256
sphere,2.000000,polar,0.0,0.0,6.123e-06,2.0854e-05,32,256
sphere,2.000000,polar,6.6274e-05,0.00012964,0.0,0.0,32,256
sphere,2.000000,polar,0.0,0.0,1.1854e-05,3.2688e-05,32,256
sphere,2.000000,polar,2.8555e-05,8.6022e-05,0.0,0.0,32,256
sphere,2.000000,polar,0.0,0.0,4.723e-06,1.11e-05,32,256
sphere,2.000000,polar,6.5163e-05,0.000137083,0.0,0.0,32,256
sphere,2.000000,polar,0.0,0.0,1.1402e-05,3.1869e-05,32,256
sphere,2.000000,polar,5.8429e-05,0.000178357,0.0,0.0,32,256
sphere,2.000000,polar,0.0,0.0,1.1507e-05,2.7926e-05,32,256
sphere,2.000000,polar,5.1649e-05,0.000140523,0.0,0.0,32,256
sphere,2.000000,polar,0.0,0.0,1.0438e-05,2.3983e-05,32,256
sphere,2.000000,polar,3.2494e-05,0.000123679,0.0,0.0,32,256
sphere,2.000000,polar,0.0,0.0,6.067e-06,1.176e-05,32,256
sphere,2.000000,polar,8.405e-05,0.000273012,0.0,0.0,32,256
sphere,2.000000,polar,0.0,0.0,1.4625e-05,4.6758e-05,32,256
sphere,2.000000,polar,7.046e-05,0.000220269,0.0,0.0,32,256
sphere,2.000000,polar,0.0,0.0,1.5795e-05,1.9486e-05,32,256
sphere,2.000000,polar,0.000111201,0.000347024,0.0,0.0,32,256
sphere,2.000000,polar,0.0,0.0,1.8517e-05,4.6827e-05,32,256
sphere,2.000000,polar,7.4618e-05,0.000178391,0.0,0.0,32,256
sphere,2.000000,polar,0.0,0.0,1.3493e-05,3.5856e-05,32,256
sphere,2.000000,polar,2.7177e-05,9.8782e-05,0.0,0.0,32,256
sphere,2.000000,polar,0.0,0.0,5.426e-06,9.673e-06,32,256
sphere,2.000000,polar,6.3134e-05,0.000147767,0.0,0.0,32,256
sphere,2.000000,polar,0.0,0.0,1.0852e-05,2.9327e-05,32,256
sphere,2.000000,polar,6.0304e-05,0.000143419,0.0,0.0,32,256
sphere,2.000000,polar,0.0,0.0,1.0734e-05,2.8293e-05,32,256
sphere,2.000000,polar,5.5596e-05,0.000110652,0.0,0.0,32,256
sphere,2.000000,polar,0.0,0.0,9.42e-06,2.9537e-05,32,256
sphere,2.000000,polar,6.542e-05,0.000114233,0.0,0.0,32,256
sphere,2.000000,polar,0.0,0.0,1.0723e-05,3.6495e-05,32,256
sphere,2.000000,polar,6.4667e-05,0.000127316,0.0,0.0,32,256
sphere,2.000000,polar,0.0,0.0,1.1048e-05,3.4719e-05,32,256
sphere,2.000000,polar,3.4786e-05,9.4429e-05,0.0,0.0,32,256
sphere,2.000000,polar,0.0,0.0,6.633e-06,1.3311e-05,32,256
sphere,2.000000,polar,6.8315e-05,0.000131082,0.0,0.0,32,256
sphere,2.000000,polar,0.0,0.0,1.1812e-05,3.5293e-05,32,256
sphere,2.000000,polar,6.8537e-05,0.000151104,0.0,0.0,32,256
sphere,2.000000,polar,0.0,0.0,1.1545e-05,3.6061e-05,32,256
sphere,2.000000,polar,0.000101855,0.00017755,0.0,0.0,32,256
sphere,2.000000,polar,0.0,0.0,1.5558e-05,4.2875e-05,32,256
sphere,2.000000,polar,2.2747e-05,5.496e-05,0.0,0.0,32,256
sphere,2.000000,polar,0.0,0.0,3.651e-06,9.783e-06,32,256
sphere,2.000000,polar,5.9884e-05,0.00011327,0.0,0.0,32,256
sphere,2.000000,polar,0.0,0.0,1.0713e-05,3.0913e-05,32,256
sphere,2.000000,polar,4.3914e-05,0.000127882,0.0,0.0,32,256
sphere,2.000000,polar,0.0,0.0,7.487e-06,1.889e-05,32,256
sphere,2.000000,polar,3.6635e-05,7.8262e-05,0.0,0.0,32,256
sphere,2.000000,polar,0.0,0.0,6.682e-06,1.7943e-05,32,256
sphere,2.000000,polar,7.1549e-05,0.000143561,0.0,0.0,32,256
sphere,2.000000,polar,0.0,0.0,1.2892e-05,3.6779e-05,32,256
sphere,2.000000,polar,4.4252e-05,0.00012694,0.0,0.0,32,256
sphere,2.000000,polar,0.0,0.0,8.347e-06,1.6202e-05,32,256
sphere,2.000000,polar,6.0233e-05,0.00011638,0.0,0.0,32,256
sphere,2.000000,polar,0.0,0.0,1.0824e-05,3.1406e-05,32,256
sphere,2.000000,polar,4.0408e-05,0.000154001,0.0,0.0,32,256
sphere,2.000000,polar,0.0,0.0,7.593e-06,1.396e-05,32,256
sphere,2.000000,polar,9.2696e-05,0.000168975,0.0,0.0,32,256
sphere,2.000000,polar,0.0,0.0,1.6472e-05,4.5531e-05,32,256
sphere,2.000000,polar,4.745e-05,0.000148459,0.0,0.0,32,256
sphere,2.000000,polar,0.0,0.0,8.133e-06,1.99e-05,32,256
sphere,2.000000,polar,3.4435e-05,8.7057e-05,0.0,0.0,32,256
sphere,2.000000,polar,0.0,0.0,5.934e-06,1.7484e-05,32,256
sphere,2.000000,polar,8.1597e-05,0.000153677,0.0,0.0,32,256
sphere,2.000000,polar,0.0,0.0,1.4056e-05,4.2394e-05,32,256
sphere,2.000000,polar,7.4127e-05,0.000128903,0.0,0.0,32,256
sphere,2.000000,polar,0.0,0.0,1.2241e-05,4.037e-05,32,256
sphere,2.000000,polar,4.4212e-05,0.000101778,0.0,0.0,32,256
sphere,2.000000,polar,0.0,0.0,8.115e-06,1.7773e-05,32,256
sphere,2.000000,polar,4.2071e-05,7.8738e-05,0.0,0.0,32,256
sphere,2.000000,polar,0.0,0.0,7.384e-06,2.165e-05,32,256
sphere,2.000000,polar,6.958e-05,0.000149947,0.0,0.0,32,256
sphere,2.000000,polar,0.0,0.0,1.1687e-05,3.4454e-05,32,256
sphere,2.000000,polar,5.9679e-05,0.000133851,0.0,0.0,32,256
sphere,2.000000,polar,0.0,0.0,1.0064e-05,3.1502e-05,32,256
sphere,2.000000,polar,5.0569e-05,0.000110363,0.0,0.0,32,256
sphere,2.000000,polar,0.0,0.0,7.465e-06,2.7998e-05,32,256
sphere,2.000000,polar,5.8212e-05,0.000151458,0.0,0.0,32,256
sphere,2.000000,polar,0.0,0.0,1.0296e-05,2.89e-05,32,256
sphere,2.000000,polar,7.092e-05,0.000137414,0.0,0.0,32,256
sphere,2.000000,polar,0.0,0.0,1.2389e-05,3.6377e-05,32,256
sphere,2.000000,polar,1.9588e-05,8.0628e-05,0.0,0.0,32,256
sphere,2.000000,polar,0.0,0.0,3.869e-06,4.952e-06,32,256
sphere,2.000000,polar,4.1161e-05,0.000143028,0.0,0.0,32,256
sphere,2.000000,polar,0.0,0.0,7.76e-06,1.3229e-05,32,256
sphere,2.000000,polar,1.1885e-05,3.5808e-05,0.0,0.0,32,256
sphere,2.000000,polar,0.0,0.0,2.551e-06,4.715e-06,32,256
sphere,2.000000,polar,7.3014e-05,0.000198456,0.0,0.0,32,256
sphere,2.000000,polar,0.0,0.0,1.4078e-05,3.3404e-05,32,256
sphere,2.000000,polar,2.7244e-05,0.00010932,0.0,0.0,32,256
sphere,2.000000,polar,0.0,0.0,5.238e-06,7.521e-06,32,256
sphere,2.000000,polar,1.4093e-05,2.1094e-05,0.0,0.0,32,256
sphere,2.000000,polar,0.0,0.0,2.535e-06,7.997e-06,32,256
sphere,2.000000,polar,7.443e-05,0.000140562,0.0,0.0,32,256
sphere,2.000000,polar,0.0,0.0,1.2853e-05,3.8934e-05,32,256
sphere,2.000000,polar,4.6288e-05,0.00014623,0.0,0.0,32,256
sphere,2.000000,polar,0.0,0.0,8.29e-06,1.8476e-05,32,256
sphere,2.000000,polar,6.4541e-05,0.000143198,0.0,0.0,32,256
sphere,2.000000,polar,0.0,0.0,1.2057e-05,3.1765e-05,32,256
sphere,2.000000,polar,1.0981e-05,5.0698e-05,0.0,0.0,32,256
sphere,2.000000,polar,0.0,0.0,2.722e-06,2.931e-06,32,256
sphere,2.000000,polar,4.5965e-05,0.000149418,0.0,0.0,32,256
sphere,2.000000,polar,0.0,0.0,8.878e-06,1.6e-05,32,256
sphere,2.000000,polar,7.6285e-05,0.000134994,0.0,0.0,32,256
sphere,2.000000,polar,0.0,0.0,1.3238e-05,4.1045e-05,32,256
sphere,2.000000,polar,5.713e-05,0.000117453,0.0,0.0,32,256
sphere,2.000000,polar,0.0,0.0,1.0188e-05,2.9206e-05,32,256
sphere,2.000000,polar,6.1656e-05,0.000102009,0.0,0.0,32,256
sphere,2.000000,polar,0.0,0.0,1.059e-05,3.2638e-05,32,256
sphere,2.000000,polar,8.4753e-05,0.000137276,0.0,0.0,32,256
sphere,2.000000,polar,0.0,0.0,1.4703e-05,4.4817e-05,32,256
sphere,2.000000,polar,7.054e-05,0.000145208,0.0,0.0,32,256
sphere,2.000000,polar,0.0,0.0,1.2662e-05,3.5942e-05,32,256
sphere,2.000000,polar,5.9185e-05,0.000126837,0.0,0.0,32,256
sphere,2.000000,polar,0.0,0.0,1.0019e-05,3.0902e-05,32,256
sphere,2.000000,polar,5.9119e-05,9.7965e-05,0.0,0.0,32,256
sphere,2.000000,polar,0.0,0.0,8.232e-06,3.6538e-05,32,256
sphere,2.000000,polar,4.2263e-05,0.000168273,0.0,0.0,32,256
sphere,2.000000,polar,0.0,0.0,7.471e-06,1.4474e-05,32,256
sphere,2.000000,polar,4.4588e-05,8.1362e-05,0.0,0.0,32,256
sphere,2.000000,polar,0.0,0.0,7.506e-06,2.3659e-05,32,256
sphere,2.000000,polar,2.8962e-05,6.2831e-05,0.0,0.0,32,256
sphere,2.000000,polar,0.0,0.0,4.797e-06,1.519e-05,32,256
sphere,2.000000,polar,7.7338e-05,0.000156383,0.0,0.0,32,256
sphere,2.000000,polar,0.0,0.0,1.4074e-05,3.8025e-05,32,256
sphere,2.000000,polar,5.6692e-05,0.000120131,0.0,0.0,32,256
sphere,2.000000,polar,0.0,0.0,9.402e-06,3.0135e-05,32,256
sphere,2.000000,polar,2.0651e-05,3.1312e-05,0.0,0.0,32,256
sphere,2.000000,polar,0.0,0.0,3.246e-06,1.129e-05,32,256
sphere,2.000000,polar,7.773e-05,0.000193701,0.0,0.0,32,256
sphere,2.000000,polar,0.0,0.0,1.488e-05,3.5056e-05,32,256
sphere,2.000000,polar,5.3034e-05,0.000120412,0.0,0.0,32,256
sphere,2.000000,polar,0.0,0.0,9.426e-06,2.6137e-05,32,256
sphere,2.000000,polar,6.6116e-05,0.000125073,0.0,0.0,32,256
sphere,2.000000,polar,0.0,0.0,1.1113e-05,3.4003e-05,32,256
sphere,2.000000,polar,5.461e-05,0.000108435,0.0,0.0,32,256
sphere,2.000000,polar,0.0,0.0,9.455e-06,2.8071e-05,32,256
sphere,2.000000,polar,2.5053e-05,3.3688e-05,0.0,0.0,32,256
sphere,2.000000,polar,0.0,0.0,3.888e-06,1.4753e-05,32,256
sphere,2.000000,polar,8.0756e-05,0.000147698,0.0,0.0,32,256
sphere,2.000000,polar,0.0,0.0,1.2818e-05,3.8099e-05,32,256
sphere,2.000000,polar,3.4874e-05,0.000103254,0.0,0.0,32,256
sphere,2.000000,polar,0.0,0.0,6.363e-06,1.38e-05,32,256
sphere,2.000000,polar,1.1043e-05,3.3383e-05,0.0,0.0,32,256
sphere,2.000000,polar,0.0,0.0,1.71e-06,6.265e-06,32,256
sphere,2.000000,polar,4.3106e-05,0.000116177,0.0,0.0,32,256
sphere,2.000000,polar,0.0,0.0,8.002e-06,1.6409e-05,32,256
sphere,2.000000,polar,3.0002e-05,7.5216e-05,0.0,0.0,32,256
sphere,2.000000,polar,0.0,0.0,5.581e-06,1.191e-05,32,256
sphere,2.000000,polar,1.9724e-05,2.7477e-05,0.0,0.0,32,256
sphere,2.000000,polar,0.0,0.0,3.004e-06,1.0612e-05,32,256
sphere,2.000000,polar,4.0277e-05,0.000103597,0.0,0.0,32,256
sphere,2.000000,polar,0.0,0.0,7.005e-06,1.6979e-05,32,256
sphere,2.000000,polar,6.047e-05,0.000131106,0.0,0.0,32,256
sphere,2.000000,polar,0.0,0.0,1.0733e-05,2.9546e-05,32,256
sphere,2.000000,polar,9.931e-06,1.715e-05,0.0,0.0,32,256
sphere,2.000000,polar,0.0,0.0,2.201e-06,4.852e-06,32,256
sphere,2.000000,polar,1.8973e-05,7.9043e-05,0.0,0.0,32,256
sphere,2.000000,polar,0.0,0.0,4.212e-06,3.807e-06,32,256
sphere,2.000000,polar,3.4325e-05,8.7758e-05,0.0,0.0,32,256
sphere,2.000000,polar,0.0,0.0,6.145e-06,1.4843e-05,32,256
sphere,2.000000,polar,4.029e-05,0.000114036,0.0,0.0,32,256
sphere,2.000000,polar,0.0,0.0,7.258e-06,1.7303e-05,32,256
sphere,2.000000,polar,8.2501e-05,0.00017976,0.0,0.0,32,256
sphere,2.000000,polar,0.0,0.0,1.3946e-05,4.3394e-05,32,256
sphere,2.000000,polar,4.1897e-05,0.000139585,0.0,0.0,32,256
sphere,2.000000,polar,0.0,0.0,7.897e-06,1.3913e-05,32,256
sphere,2.000000,polar,6.2961e-05,0.000152063,0.0,0.0,32,256
sphere,2.000000,polar,0.0,0.0,1.2267e-05,2.9657e-05,32,256
sphere,2.000000,polar,3.6602e-05,9.7879e-05,0.0,0.0,32,256
sphere,2.000000,polar,0.0,0.0,6.817e-06,1.4256e-05,32,256
sphere,2.000000,polar,3.5121e-05,0.000101737,0.0,0.0,32,256
sphere,2.000000,polar,0.0,0.0,5.276e-06,1.6228e-05,32,256
sphere,2.000000,polar,6.2905e-05,0.000117145,0.0,0.0,32,256
sphere,2.000000,polar,0.0,0.0,1.1423e-05,3.16e-05,32,256
sphere,2.000000,polar,4.3686e-05,8.3817e-05,0.0,0.0,32,256
sphere,2.000000,polar,0.0,0.0,7.325e-06,2.1831e-05,32,256
cube,2.000000,polar,2.4668e-05,4.2811e-05,0.0,0.0,32,256
cube,2.000000,polar,0.0,0.0,3.886e-06,1.4532e-05,32,256
cube,2.000000,polar,3.0598e-05,0.000151403,0.0,0.0,32,256
cube,2.000000,polar,0.0,0.0,6.019e-06,6.033e-06,32,256
cube,2.000000,polar,2.9181e-05,7.4354e-05,0.0,0.0,32,256
cube,2.000000,polar,0.0,0.0,5.289e-06,1.0627e-05,32,256
cube,2.000000,polar,1.7425e-05,0.000135475,0.0,0.0,32,256
cube,2.000000,polar,0.0,0.0,4.055e-06,7.4e-07,32,256
cube,2.000000,polar,2.7154e-05,0.000162027,0.0,0.0,32,256
cube,2.000000,polar,0.0,0.0,5.724e-06,9.11e-07,32,256
cube,2.000000,polar,2.3655e-05,0.000124467,0.0,0.0,32,256
cube,2.000000,polar,0.0,0.0,4.799e-06,4.84e-06,32,256
cube,2.000000,polar,2.5856e-05,0.000148135,0.0,0.0,32,256
cube,2.000000,polar,0.0,0.0,5.3e-06,3.993e-06,32,256
cube,2.000000,polar,2.7142e-05,0.000134503,0.0,0.0,32,256
cube,2.000000,polar,0.0,0.0,6.502e-06,4.697e-06,32,256
cube,2.000000,polar,2.3475e-05,0.000162776,0.0,0.0,32,256
cube,2.000000,polar,0.0,0.0,4.94e-06,1.433e-06,32,256
cube,2.000000,polar,2.1987e-05,0.000142168,0.0,0.0,32,256
cube,2.000000,polar,0.0,0.0,5.084e-06,0,32,256
cube,2.000000,polar,3.032e-05,0.000113128,0.0,0.0,32,256
cube,2.000000,polar,0.0,0.0,1.2801e-05,3.022e-06,32,256
cube,2.000000,polar,3.6732e-05,0.000146676,0.0,0.0,32,256
cube,2.000000,polar,0.0,0.0,5.664e-06,1.3265e-05,32,256
cube,2.000000,polar,1.8017e-05,0.000105403,0.0,0.0,32,256
cube,2.000000,polar,0.0,0.0,3.787e-06,9.02e-07,32,256
cube,2.000000,polar,3.2639e-05,0.000200793,0.0,0.0,32,256
cube,2.000000,polar,0.0,0.0,5.627e-06,7.213e-06,32,256
cube,2.000000,polar,3.8895e-05,0.000167963,0.0,0.0,32,256
cube,2.000000,polar,0.0,0.0,7.572e-06,1.0458e-05,32,256
cube,2.000000,polar,2.428e-05,0.000104977,0.0,0.0,32,256
cube,2.000000,polar,0.0,0.0,4.716e-06,4.914e-06,32,256
cube,2.000000,polar,2.7935e-05,0.000157023,0.0,0.0,32,256
cube,2.000000,polar,0.0,0.0,6.109e-06,3.978e-06,32,256
cube,2.000000,polar,2.5074e-05,0.000156697,0.0,0.0,32,256
cube,2.000000,polar,0.0,0.0,5.281e-06,2.354e-06,32,256
cube,2.000000,polar,2.8164e-05,0.000140287,0.0,0.0,32,256
cube,2.000000,polar,0.0,0.0,5.793e-06,4.96e-06,32,256
cube,2.000000,polar,4.4373e-05,0.000212934,0.0,0.0,32,256
cube,2.000000,polar,0.0,0.0,8.485e-06,1.0467e-05,32,256
cube,2.000000,polar,2.1643e-05,0.000143093,0.0,0.0,32,256
cube,2.000000,polar,0.0,0.0,4.348e-06,0,32,256
cube,2.000000,polar,2.2899e-05,0.000166301,0.0,0.0,32,256
cube,2.000000,polar,0.0,0.0,5.12e-06,2.092e-06,32,256
cube,2.000000,polar,3.809e-05,5.2297e-05,0.0,0.0,32,256
cube,2.000000,polar,0.0,0.0,5.68e-06,2.1616e-05,32,256
cube,2.000000,polar,2.9676e-05,0.000189597,0.0,0.0,32,256
cube,2.000000,polar,0.0,0.0,6.333e-06,2.336e-06,32,256
cube,2.000000,polar,3.4391e-05,0.000122912,0.0,0.0,32,256
cube,2.000000,polar,0.0,0.0,6.872e-06,8.376e-06,32,256
cube,2.000000,polar,6.634e-06,1.8387e-05,0.0,0.0,32,256
cube,2.000000,polar,0.0,0.0,1.353e-06,2.849e-06,32,256
cube,2.000000,polar,1.6586e-05,8.9161e-05,0.0,0.0,32,256
cube,2.000000,polar,0.0,0.0,3.348e-06,2.642e-06,32,256
cube,2.000000,polar,9.34e-06,1.699e-05,0.0,0.0,32,256
cube,2.000000,polar,0.0,0.0,1.783e-06,4.671e-06,32,256
cube,2.000000,polar,2.7451e-05,0.000123448,0.0,0.0,32,256
cube,2.000000,polar,0.0,0.0,5.284e-06,5.978e-06,32,256
cube,2.000000,polar,3.5439e-05,0.000150918,0.0,0.0,32,256
cube,2.000000,polar,0.0,0.0,7.044e-06,1.0335e-05,32,256
cube,2.000000,polar,1.6244e-05,9.898e-05,0.0,0.0,32,256
cube,2.000000,polar,0.0,0.0,3.986e-06,1.055e-06,32,256
cube,2.000000,polar,3.9719e-05,0.000208359,0.0,0.0,32,256
cube,2.000000,polar,0.0,0.0,7.529e-06,9.647e-06,32,256
cube,2.000000,polar,3.6242e-05,0.000203039,0.0,0.0,32,256
cube,2.000000,polar,0.0,0.0,7.122e-06,6.485e-06,32,256
cube,2.000000,polar,2.511e-05,0.00014233,0.0,0.0,32,256
cube,2.000000,polar,0.0,0.0,5.475e-06,3.922e-06,32,256
cube,2.000000,polar,2.5969e-05,0.000108747,0.0,0.0,32,256
cube,2.000000,polar,0.0,0.0,3.625e-06,4.309e-06,32,256
cube,2.000000,polar,2.4515e-05,0.000167777,0.0,0.0,32,256
cube,2.000000,polar,0.0,0.0,5.188e-06,2.299e-06,32,256
cube,2.000000,polar,2.3241e-05,0.000137956,0.0,0.0,32,256
cube,2.000000,polar,0.0,0.0,4.76e-06,1.714e-06,32,256
cube,2.000000,polar,2.9912e-05,0.000168557,0.0,0.0,32,256
cube,2.000000,polar,0.0,0.0,6.072e-06,4.229e-06,32,256
cube,2.000000,polar,1.8303e-05,0.000101,0.0,0.0,32,256
cube,2.000000,polar,0.0,0.0,3.707e-06,0,32,256
cube,2.000000,polar,1.4504e-05,0.000101083,0.0,0.0,32,256
cube,2.000000,polar,0.0,0.0,3.552e-06,1.118e-06,32,256
cube,2.000000,polar,2.476e-05,9.6661e-05,0.0,0.0,32,256
cube,2.000000,polar,0.0,0.0,5.219e-06,4.743e-06,32,256
cube,2.000000,polar,2.5665e-05,6.7103e-05,0.0,0.0,32,256
cube,2.000000,polar,0.0,0.0,4.539e-06,1.1352e-05,32,256
cube,2.000000,polar,2.6824e-05,0.000106315,0.0,0.0,32,256
cube,2.000000,polar,0.0,0.0,5.506e-06,5.715e-06,32,256
cube,2.000000,polar,3.5775e-05,0.000145805,0.0,0.0,32,256
cube,2.000000,polar,0.0,0.0,6.921e-06,1.0675e-05,32,256
cube,2.000000,polar,9.184e-06,4.4867e-05,0.0,0.0,32,256
cube,2.000000,polar,0.0,0.0,2.102e-06,9.92e-07,32,256
cube,2.000000,polar,2.0979e-05,0.000155833,0.0,0.0,32,256
cube,2.000000,polar,0.0,0.0,4.74e-06,1.11e-06,32,256
cube,2.000000,polar,2.933e-05,0.000113447,0.0,0.0,32,256
cube,2.000000,polar,0.0,0.0,5.59e-06,9.263e-06,32,256
cube,2.000000,polar,2.0277e-05,0.000150676,0.0,0.0,32,256
cube,2.000000,polar,0.0,0.0,4.546e-06,0,32,256
cube,2.000000,polar,3.0407e-05,0.000197621,0.0,0.0,32,256
cube,2.000000,polar,0.0,0.0,6.539e-06,0,32,256
cube,2.000000,polar,6.8753e-05,0.000147087,0.0,0.0,32,256
cube,2.000000,polar,0.0,0.0,5.331e-06,0,32,256
cube,2.000000,polar,2.0681e-05,9.7944e-05,0.0,0.0,32,256
cube,2.000000,polar,0.0,0.0,4.532e-06,3.02e-06,32,256
cube,2.000000,polar,2.4358e-05,8.5508e-05,0.0,0.0,32,256
cube,2.000000,polar,0.0,0.0,5.475e-06,6.203e-06,32,256
cube,2.000000,polar,2.9277e-05,0.000119309,0.0,0.0,32,256
cube,2.000000,polar,0.0,0.0,5.51e-06,8.513e-06,32,256
cube,2.000000,polar,3.7014e-05,8.3692e-05,0.0,0.0,32,256
cube,2.000000,polar,0.0,0.0,6.836e-06,1.6384e-05,32,256
cube,2.000000,polar,3.5307e-05,0.000197274,0.0,0.0,32,256
cube,2.000000,polar,0.0,0.0,7.122e-06,6.113e-06,32,256
cube,2.000000,polar,3.1166e-05,0.000138074,0.0,0.0,32,256
cube,2.000000,polar,0.0,0.0,5.76e-06,7.982e-06,32,256
cube,2.000000,polar,4.3878e-05,0.00025663,0.0,0.0,32,256
cube,2.000000,polar,0.0,0.0,9.19e-06,7.466e-06,32,256
cube,2.000000,polar,2.1749e-05,0.00017494,0.0,0.0,32,256
cube,2.000000,polar,0.0,0.0,4.492e-06,0,32,256
cube,2.000000,polar,4.3967e-05,0.000134848,0.0,0.0,32,256
cube,2.000000,polar,0.0,0.0,8.394e-06,1.8313e-05,32,256
cube,2.000000,polar,4.0338e-05,0.000176777,0.0,0.0,32,256
cube,2.000000,polar,0.0,0.0,7.817e-06,1.0386e-05,32,256
cube,2.000000,polar,4.3223e-05,0.000152593,0.0,0.0,32,256
cube,2.000000,polar,0.0,0.0,1.89e-05,6.943e-06,32,256
cube,2.000000,polar,4.9641e-05,0.00010495,0.0,0.0,32,256
cube,2.000000,polar,0.0,0.0,8.605e-06,2.2421e-05,32,256
cube,2.000000,polar,3.2692e-05,0.000123971,0.0,0.0,32,256
cube,2.000000,polar,0.0,0.0,6.744e-06,8.765e-06,32,256
cube,2.000000,polar,4.8495e-05,0.000133159,0.0,0.0,32,256
cube,2.000000,polar,0.0,0.0,8.152e-06,1.9314e-05,32,256
cube,2.000000,polar,2.3297e-05,0.000136066,0.0,0.0,32,256
cube,2.000000,polar,0.0,0.0,5.164e-06,2.407e-06,32,256
cube,2.000000,polar,3.5684e-05,0.00014489,0.0,0.0,32,256
cube,2.000000,polar,0.0,0.0,7.068e-06,1.0369e-05,32,256
cube,2.000000,polar,2.6959e-05,4.9585e-05,0.0,0.0,32,256
cube,2.000000,polar,0.0,0.0,4.68e-06,1.3179e-05,32,256
cube,2.000000,polar,2.3982e-05,0.000119161,0.0,0.0,32,256
cube,2.000000,polar,0.0,0.0,4.994e-06,4.031e-06,32,256
cube,2.000000,polar,2.7108e-05,0.000121002,0.0,0.0,32,256
cube,2.000000,polar,0.0,0.0,4.895e-06,7.701e-06,32,256
cube,2.000000,polar,2.8341e-05,0.000150979,0.0,0.0,32,256
cube,2.000000,polar,0.0,0.0,5.846e-06,4.4e-06,32,256
cube,2.000000,polar,3.5645e-05,0.000148541,0.0,0.0,32,256
cube,2.000000,polar,0.0,0.0,6.676e-06,8.304e-06,32,256
cube,2.000000,polar,5.3759e-05,8.6497e-05,0.0,0.0,32,256
cube,2.000000,polar,0.0,0.0,8.745e-06,2.8629e-05,32,256
cube,2.000000,polar,3.0176e-05,0.000170372,0.0,0.0,32,256
cube,2.000000,polar,0.0,0.0,6.091e-06,2.201e-06,32,256
cube,2.000000,polar,2.2987e-05,0.000171137,0.0,0.0,32,256
cube,2.000000,polar,0.0,0.0,4.94e-06,0,32,256
cube,2.000000,polar,2.6456e-05,0.000137082,0.0,0.0,32,256
cube,2.000000,polar,0.0,0.0,5.689e-06,3.47e-06,32,256
cube,2.000000,polar,2.3827e-05,0.000116588,0.0,0.0,32,256
cube,2.000000,polar,0.0,0.0,4.617e-06,5.957e-06,32,256
cube,2.000000,polar,2.4288e-05,0.000150434,0.0,0.0,32,256
cube,2.000000,polar,0.0,0.0,5.018e-06,2.002e-06,32,256
cube,2.000000,polar,2.0401e-05,0.000134499,0.0,0.0,32,256
cube,2.000000,polar,0.0,0.0,4.448e-06,8.3e-07,32,256
cube,2.000000,polar,3.4869e-05,0.000154654,0.0,0.0,32,256
cube,2.000000,polar,0.0,0.0,7.205e-06,7.386e-06,32,256
cube,2.000000,polar,2.3778e-05,0.000150318,0.0,0.0,32,256
cube,2.000000,polar,0.0,0.0,5.374e-06,7.67e-07,32,256
cube,2.000000,polar,2.3339e-05,0.000138009,0.0,0.0,32,256
cube,2.000000,polar,0.0,0.0,4.716e-06,2.667e-06,32,256
cube,2.000000,polar,2.2613e-05,0.000107738,0.0,0.0,32,256
cube,2.000000,polar,0.0,0.0,4.889e-06,4.155e-06,32,256
cube,2.000000,polar,5.6961e-05,0.000336514,0.0,0.0,32,256
cube,2.000000,polar,0.0,0.0,1.4379e-05,7.377e-06,32,256
cube,2.000000,polar,3.4636e-05,0.000279665,0.0,0.0,32,256
cube,2.000000,polar,0.0,0.0,8.189e-06,4.382e-06,32,256
cube,2.000000,polar,2.653e-05,0.000181258,0.0,0.0,32,256
cube,2.000000,polar,0.0,0.0,5.986e-06,2.931e-06,32,256
cube,2.000000,polar,2.2997e-05,0.000116772,0.0,0.0,32,256
cube,2.000000,polar,0.0,0.0,4.915e-06,3.219e-06,32,256
cube,2.000000,polar,2.7596e-05,0.000176231,0.0,0.0,32,256
cube,2.000000,polar,0.0,0.0,5.741e-06,0,32,256
cube,2.000000,polar,2.1702e-05,2.6507e-05,0.0,0.0,32,256
cube,2.000000,polar,0.0,0.0,3.938e-06,1.2199e-05,32,256
cube,2.000000,polar,1.6278e-05,9.2147e-05,0.0,0.0,32,256
cube,2.000000,polar,0.0,0.0,3.533e-06,1.902e-06,32,256
cube,2.000000,polar,2.5851e-05,0.00013786,0.0,0.0,32,256
cube,2.000000,polar,0.0,0.0,5.007e-06,5.644e-06,32,256
cube,2.000000,polar,3.4753e-05,0.000163029,0.0,0.0,32,256
cube,2.000000,polar,0.0,0.0,7.112e-06,7.917e-06,32,256
cube,2.000000,polar,3.5771e-05,0.00015823,0.0,0.0,32,256
cube,2.000000,polar,0.0,0.0,7.107e-06,6.564e-06,32,256
cube,2.000000,polar,3.1115e-05,0.000197226,0.0,0.0,32,256
cube,2.000000,polar,0.0,0.0,6.753e-06,0,32,256
cube,2.000000,polar,1.8631e-05,0.000107222,0.0,0.0,32,256
cube,2.000000,polar,0.0,0.0,3.765e-06,2.326e-06,32,256
cube,2.000000,polar,2.4084e-05,0.000132582,0.0,0.0,32,256
cube,2.000000,polar,0.0,0.0,5.28e-06,5.698e-06,32,256
cube,2.000000,polar,1.78e-05,8.2668e-05,0.0,0.0,32,256
cube,2.000000,polar,0.0,0.0,3.913e-06,3.995e-06,32,256
cube,2.000000,polar,5.6047e-05,0.000249663,0.0,0.0,32,256
cube,2.000000,polar,0.0,0.0,1.2372e-05,1.2532e-05,32,256
cube,2.000000,polar,4.7314e-05,0.000234559,0.0,0.0,32,256
cube,2.000000,polar,0.0,0.0,1.2153e-05,9.297e-06,32,256
cube,2.000000,polar,2.8934e-05,0.000208642,0.0,0.0,32,256
cube,2.000000,polar,0.0,0.0,6.938e-06,1.948e-06,32,256
cube,2.000000,polar,3.892e-05,0.000183281,0.0,0.0,32,256
cube,2.000000,polar,0.0,0.0,8.668e-06,6.628e-06,32,256
cube,2.000000,polar,3.7662e-05,0.000163033,0.0,0.0,32,256
cube,2.000000,polar,0.0,0.0,8.828e-06,1.0974e-05,32,256
cube,2.000000,polar,4.4079e-05,0.000360824,0.0,0.0,32,256
cube,2.000000,polar,0.0,0.0,1.0231e-05,7.564e-06,32,256
cube,2.000000,polar,0.000102376,0.000436958,0.0,0.0,32,256
cube,2.000000,polar,0.0,0.0,1.7113e-05,5.1586e-05,32,256
cube,2.000000,polar,3.7294e-05,0.000301195,0.0,0.0,32,256
cube,2.000000,polar,0.0,0.0,8.665e-06,3.102e-06,32,256
cube,2.000000,polar,3.3297e-05,0.000203991,0.0,0.0,32,256
cube,2.000000,polar,0.0,0.0,7.939e-06,1.1867e-05,32,256
cube,2.000000,polar,7.8322e-05,5.5398e-05,0.0,0.0,32,256
cube,2.000000,polar,0.0,0.0,4.241e-06,6.7943e-05,32,256
cube,2.000000,polar,3.1261e-05,0.000211579,0.0,0.0,32,256
cube,2.000000,polar,0.0,0.0,7.099e-06,1.668e-06,32,256
cube,2.000000,polar,1.4911e-05,9.3728e-05,0.0,0.0,32,256
cube,2.000000,polar,0.0,0.0,3.165e-06,3.759e-06,32,256
cube,2.000000,polar,2.7114e-05,0.000214565,0.0,0.0,32,256
cube,2.000000,polar,0.0,0.0,6.401e-06,2.354e-06,32,256
cube,2.000000,polar,3.0607e-05,0.000451359,0.0,0.0,32,256
cube,2.000000,polar,0.0,0.0,6.696e-06,0,32,256
cube,2.000000,polar,2.8409e-05,0.000165212,0.0,0.0,32,256
cube,2.000000,polar,0.0,0.0,5.916e-06,4.518e-06,32,256
cube,2.000000,polar,2.7132e-05,0.000126483,0.0,0.0,32,256
cube,2.000000,polar,0.0,0.0,5.749e-06,6.887e-06,32,256
cube,2.000000,polar,2.8666e-05,0.000138871,0.0,0.0,32,256
cube,2.000000,polar,0.0,0.0,5.696e-06,5.79e-06,32,256
cube,2.000000,polar,4.9391e-05,0.000174068,0.0,0.0,32,256
cube,2.000000,polar,0.0,0.0,2.364e-05,4.536e-06,32,256
cube,2.000000,polar,2.5298e-05,0.000142489,0.0,0.0,32,256
cube,2.000000,polar,0.0,0.0,5.374e-06,2.903e-06,32,256
cube,2.000000,polar,2.5732e-05,0.000138473,0.0,0.0,32,256
cube,2.000000,polar,0.0,0.0,5.245e-06,2.607e-06,32,256
cube,2.000000,polar,3.0548e-05,0.000170751,0.0,0.0,32,256
cube,2.000000,polar,0.0,0.0,6.015e-06,5.724e-06,32,256
cube,2.000000,polar,2.9689e-05,0.000130771,0.0,0.0,32,256
cube,2.000000,polar,0.0,0.0,5.69e-06,8.215e-06,32,256
cube,2.000000,polar,4.6871e-05,0.000174132,0.0,0.0,32,256
cube,2.000000,polar,0.0,0.0,8.352e-06,1.3867e-05,32,256
cube,2.000000,polar,6.9471e-05,0.000143244,0.0,0.0,32,256
cube,2.000000,polar,0.0,0.0,4.7822e-05,2.416e-06,32,256
cube,2.000000,polar,1.3575e-05,6.4422e-05,0.0,0.0,32,256
cube,2.000000,polar,0.0,0.0,2.985e-06,9.02e-07,32,256
cube,2.000000,polar,2.5723e-05,0.000192034,0.0,0.0,32,256
cube,2.000000,polar,0.0,0.0,5.691e-06,3.949e-06,32,256
cube,2.000000,polar,1.7168e-05,9.4607e-05,0.0,0.0,32,256
cube,2.000000,polar,0.0,0.0,3.663e-06,1.966e-06,32,256
cube,2.000000,polar,3.3369e-05,0.000167339,0.0,0.0,32,256
cube,2.000000,polar,0.0,0.0,6.966e-06,4.744e-06,32,256
cube,2.000000,polar,2.4952e-05,0.000186241,0.0,0.0,32,256
cube,2.000000,polar,0.0,0.0,5.28e-06,0,32,256
cube,2.000000,polar,2.8386e-05,0.000141311,0.0,0.0,32,256
cube,2.000000,polar,0.0,0.0,6.245e-06,4.653e-06,32,256
cube,2.000000,polar,3.0335e-05,0.000150427,0.0,0.0,32,256
cube,2.000000,polar,0.0,0.0,5.753e-06,7.763e-06,32,256
cube,2.000000,polar,1.674e-05,0.000100065,0.0,0.0,32,256
cube,2.000000,polar,0.0,0.0,3.75e-06,1.397e-06,32,256
cube,2.000000,polar,1.1914e-05,5.1195e-05,0.0,0.0,32,256
cube,2.000000,polar,0.0,0.0,2.506e-06,3.761e-06,32,256
cube,2.000000,polar,2.3712e-05,0.000136627,0.0,0.0,32,256
cube,2.000000,polar,0.0,0.0,5.105e-06,0,32,256
cube,2.000000,polar,3.7097e-05,0.000190635,0.0,0.0,32,256
cube,2.000000,polar,0.0,0.0,8.771e-06,5.528e-06,32,256
cube,2.000000,polar,1.5911e-05,0.00010182,0.0,0.0,32,256
cube,2.000000,polar,0.0,0.0,3.805e-06,1.524e-06,32,256
cube,2.000000,polar,3.7588e-05,0.00019427,0.0,0.0,32,256
cube,2.000000,polar,0.0,0.0,6.903e-06,2.641e-06,32,256
cube,2.000000,polar,6.6175e-05,0.000137608,0.0,0.0,32,256
cube,2.000000,polar,0.0,0.0,1.1704e-05,2.036e-05,32,256
cube,2.000000,polar,5.6982e-05,0.00026803,0.0,0.0,32,256
cube,2.000000,polar,0.0,0.0,1.0599e-05,1.7619e-05,32,256
cube,2.000000,polar,3.3359e-05,0.000213977,0.0,0.0,32,256
cube,2.000000,polar,0.0,0.0,7.674e-06,3.31e-06,32,256
cube,2.000000,polar,1.7606e-05,0.000142445,0.0,0.0,32,256
cube,2.000000,polar,0.0,0.0,4.181e-06,8.39e-07,32,256
cube,2.000000,polar,3.3298e-05,0.000214819,0.0,0.0,32,256
cube,2.000000,polar,0.0,0.0,7.567e-06,4.419e-06,32,256
cube,2.000000,polar,3.0942e-05,0.000131417,0.0,0.0,32,256
cube,2.000000,polar,0.0,0.0,6.333e-06,7.007e-06,32,256
cube,2.000000,polar,3.3723e-05,0.000132767,0.0,0.0,32,256
cube,2.000000,polar,0.0,0.0,6.011e-06,1.0272e-05,32,256
cube,2.000000,polar,2.8064e-05,0.000149717,0.0,0.0,32,256
cube,2.000000,polar,0.0,0.0,5.628e-06,3.291e-06,32,256
cube,2.000000,polar,4.3768e-05,8.3922e-05,0.0,0.0,32,256
cube,2.000000,polar,0.0,0.0,1.7281e-05,1.5128e-05,32,256
cube,2.000000,polar,8.4041e-05,0.000157659,0.0,0.0,32,256
cube,2.000000,polar,0.0,0.0,5.102e-06,1.912e-06,32,256
cube,2.000000,polar,1.6608e-05,0.000139386,0.0,0.0,32,256
cube,2.000000,polar,0.0,0.0,3.931e-06,4.318e-06,32,256
cube,2.000000,polar,3.0413e-05,0.000188869,0.0,0.0,32,256
cube,2.000000,polar,0.0,0.0,6.581e-06,4.353e-06,32,256
cube,2.000000,polar,2.9375e-05,0.000175953,0.0,0.0,32,256
cube,2.000000,polar,0.0,0.0,6.723e-06,2.913e-06,32,256
cube,2.000000,polar,3.412e-05,0.000235365,0.0,0.0,32,256
cube,2.000000,polar,0.0,0.0,7.488e-06,3.598e-06,32,256
cube,2.000000,polar,2.3906e-05,0.000131724,0.0,0.0,32,256
cube,2.000000,polar,0.0,0.0,5.123e-06,4.806e-06,32,256
cube,2.000000,polar,2.952e-05,0.000127426,0.0,0.0,32,256
cube,2.000000,polar,0.0,0.0,5.271e-06,8.583e-06,32,256
cube,2.000000,polar,2.1062e-05,0.000107367,0.0,0.0,32,256
cube,2.000000,polar,0.0,0.0,4.156e-06,4.527e-06,32,256
cube,2.000000,polar,3.1561e-05,0.000185504,0.0,0.0,32,256
cube,2.000000,polar,0.0,0.0,5.807e-06,4.662e-06,32,256
cube,2.000000,polar,1.3905e-05,0.000116467,0.0,0.0,32,256
cube,2.000000,polar,0.0,0.0,2.82e-06,0,32,256
cube,2.000000,polar,5.1137e-05,0.000246893,0.0,0.0,32,256
cube,2.000000,polar,0.0,0.0,1.1714e-05,1.6347e-05,32,256
cube,2.000000,polar,3.2946e-05,0.000324097,0.0,0.0,32,256
cube,2.000000,polar,0.0,0.0,7.762e-06,1.344e-06,32,256
cube,2.000000,polar,2.9138e-05,0.000135123,0.0,0.0,32,256
cube,2.000000,polar,0.0,0.0,6.466e-06,7.486e-06,32,256
cube,2.000000,polar,1.7972e-05,6.3683e-05,0.0,0.0,32,256
cube,2.000000,polar,0.0,0.0,3.416e-06,7.271e-06,32,256
cube,2.000000,polar,3.0891e-05,0.000134496,0.0,0.0,32,256
cube,2.000000,polar,0.0,0.0,5.339e-06,1.1811e-05,32,256
cube,2.000000,polar,4.0075e-05,0.00021144,0.0,0.0,32,256
cube,2.000000,polar,0.0,0.0,8.233e-06,7.062e-06,32,256
cube,2.000000,polar,2.4164e-05,7.885e-05,0.0,0.0,32,256
cube,2.000000,polar,0.0,0.0,4.448e-06,9.245e-06,32,256
cube,2.000000,polar,3.1096e-05,0.000115315,0.0,0.0,32,256
cube,2.000000,polar,0.0,0.0,6.555e-06,6.736e-06,32,256
cube,2.000000,polar,2.7947e-05,0.000136262,0.0,0.0,32,256
cube,2.000000,polar,0.0,0.0,5.385e-06,5.942e-06,32,256
cube,2.000000,polar,2.6779e-05,0.000140384,0.0,0.0,32,256
cube,2.000000,polar,0.0,0.0,5.868e-06,2.678e-06,32,256
cube,2.000000,polar,4.1653e-05,0.000123924,0.0,0.0,32,256
cube,2.000000,polar,0.0,0.0,1.8005e-05,7.142e-06,32,256
cube,2.000000,polar,4.5224e-05,0.000159861,0.0,0.0,32,256
cube,2.000000,polar,0.0,0.0,8.556e-06,1.2408e-05,32,256
cube,2.000000,polar,5.1244e-05,0.000181898,0.0,0.0,32,256
cube,2.000000,polar,0.0,0.0,9.046e-06,1.6438e-05,32,256
cube,2.000000,polar,2.8398e-05,0.0001429,0.0,0.0,32,256
cube,2.000000,polar,0.0,0.0,6.309e-06,4.671e-06,32,256
cube,2.000000,polar,2.873e-05,0.000137676,0.0,0.0,32,256
cube,2.000000,polar,0.0,0.0,5.892e-06,4.588e-06,32,256
cube,2.000000,polar,1.8918e-05,2.6354e-05,0.0,0.0,32,256
cube,2.000000,polar,0.0,0.0,4.17e-06,9.847e-06,32,256
cube,2.000000,polar,3.3732e-05,0.000215549,0.0,0.0,32,256
cube,2.000000,polar,0.0,0.0,7.838e-06,3.877e-06,32,256
cube,2.000000,polar,2.1095e-05,0.000130652,0.0,0.0,32,256
cube,2.000000,polar,0.0,0.0,4.344e-06,9.65e-07,32,256
cube,2.000000,polar,2.4698e-05,8.8594e-05,0.0,0.0,32,256
cube,2.000000,polar,0.0,0.0,4.922e-06,8.061e-06,32,256
cube,2.000000,polar,2.9544e-05,0.000230161,0.0,0.0,32,256
cube,2.000000,polar,0.0,0.0,6.794e-06,3.228e-06,32,256
cube,2.000000,polar,2.5175e-05,0.000169225,0.0,0.0,32,256
cube,2.000000,polar,0.0,0.0,5.419e-06,1.245e-06,32,256
cube,2.000000,polar,4.5969e-05,0.000287075,0.0,0.0,32,256
cube,2.000000,polar,0.0,0.0,9.838e-06,4.942e-06,32,256
cube,2.000000,polar,2.7193e-05,0.000211935,0.0,0.0,32,256
cube,2.000000,polar,0.0,0.0,5.888e-06,7.3e-07,32,256
cube,2.000000,polar,3.4559e-05,0.000141573,0.0,0.0,32,256
cube,2.000000,polar,0.0,0.0,7.037e-06,1.0369e-05,32,256
cube,2.000000,polar,4.8978e-05,0.000190978,0.0,0.0,32,256
cube,2.000000,polar,0.0,0.0,8.811e-06,1.7663e-05,32,256
cube,2.000000,polar,4.7473e-05,0.000199026,0.0,0.0,32,256
cube,2.000000,polar,0.0,0.0,2.0739e-05,3.67e-06,32,256
cube,2.000000,polar,4.0302e-05,0.000191788,0.0,0.0,32,256
cube,2.000000,polar,0.0,0.0,8.143e-06,8.795e-06,32,256
cube,2.000000,polar,3.076e-05,9.5792e-05,0.0,0.0,32,256
cube,2.000000,polar,0.0,0.0,5.136e-06,1.3724e-05,32,256
cube,2.000000,polar,2.248e-05,0.000167664,0.0,0.0,32,256
cube,2.000000,polar,0.0,0.0,4.8e-06,0,32,256
cube,2.000000,polar,2.5298e-05,0.0001039,0.0,0.0,32,256
cube,2.000000,polar,0.0,0.0,5.348e-06,6.185e-06,32,256
cube,2.000000,polar,3.1194e-05,0.000161731,0.0,0.0,32,256
cube,2.000000,polar,0.0,0.0,6.57e-06,6.043e-06,32,256
cube,2.000000,polar,4.0247e-05,0.000147095,0.0,0.0,32,256
cube,2.000000,polar,0.0,0.0,8.001e-06,1.0432e-05,32,256
cube,2.000000,polar,3.1602e-05,0.000127427,0.0,0.0,32,256
cube,2.000000,polar,0.0,0.0,6.412e-06,6.536e-06,32,256
cube,2.000000,polar,2.8894e-05,0.000176949,0.0,0.0,32,256
cube,2.000000,polar,0.0,0.0,6.528e-06,1.89e-07,32,256
cube,2.000000,polar,3.5316e-05,0.000126874,0.0,0.0,32,256
cube,2.000000,polar,0.0,0.0,7.905e-06,8.041e-06,32,256
cube,2.000000,polar,4.3618e-05,0.000122582,0.0,0.0,32,256
cube,2.000000,polar,0.0,0.0,6.013e-06,6.384e-06,32,256
cube,2.000000,polar,3.5384e-05,0.000160417,0.0,0.0,32,256
cube,2.000000,polar,0.0,0.0,7.149e-06,9.541e-06,32,256
cube,2.000000,polar,1.4041e-05,5.0224e-05,0.0,0.0,32,256
cube,2.000000,polar,0.0,0.0,3.105e-06,4.588e-06,32,256
cube,2.000000,polar,3.6596e-05,0.000199966,0.0,0.0,32,256
cube,2.000000,polar,0.0,0.0,8.058e-06,4.905e-06,32,256
cube,2.000000,polar,4.6925e-05,0.000264018,0.0,0.0,32,256
cube,2.000000,polar,0.0,0.0,1.1424e-05,8.305e-06,32,256
cube,2.000000,polar,2.7854e-05,0.000186002,0.0,0.0,32,256
cube,2.000000,polar,0.0,0.0,6.275e-06,1.901e-06,32,256
cube,2.000000,polar,2.5237e-05,0.000124521,0.0,0.0,32,256
cube,2.000000,polar,0.0,0.0,6.215e-06,3.308e-06,32,256
cube,2.000000,polar,3.0596e-05,0.000138956,0.0,0.0,32,256
cube,2.000000,polar,0.0,0.0,6.415e-06,6.538e-06,32,256
cube,2.000000,polar,1.8463e-05,0.000117713,0.0,0.0,32,256
cube,2.000000,polar,0.0,0.0,3.526e-06,2.705e-06,32,256
cube,2.000000,polar,2.5201e-05,0.00018559,0.0,0.0,32,256
cube,2.000000,polar,0.0,0.0,4.971e-06,1.74e-06,32,256
cube,2.000000,polar,2.4838e-05,0.000347847,0.0,0.0,32,256
cube,2.000000,polar,0.0,0.0,4.726e-06,4.155e-06,32,256
cube,2.000000,polar,2.2515e-05,9.763e-05,0.0,0.0,32,256
cube,2.000000,polar,0.0,0.0,4.624e-06,5.789e-06,32,256
cube,2.000000,polar,3.5099e-05,0.000106237,0.0,0.0,32,256
cube,2.000000,polar,0.0,0.0,5.424e-06,1.3905e-05,32,256
cube,2.000000,polar,3.3869e-05,0.000173343,0.0,0.0,32,256
cube,2.000000,polar,0.0,0.0,8.519e-06,4.131e-06,32,256
cube,2.000000,polar,1.0179e-05,4.8979e-05,0.0,0.0,32,256
cube,2.000000,polar,0.0,0.0,2.722e-06,2.029e-06,32,256
cube,2.000000,polar,4.7292e-05,0.00019645,0.0,0.0,32,256
cube,2.000000,polar,0.0,0.0,1.0427e-05,1.0173e-05,32,256
cube,2.000000,polar,2.8192e-05,0.000143794,0.0,0.0,32,256
cube,2.000000,polar,0.0,0.0,6.098e-06,4.822e-06,32,256
cube,2.000000,polar,2.1641e-05,0.000107679,0.0,0.0,32,256
cube,2.000000,polar,0.0,0.0,4.303e-06,3.869e-06,32,256
cube,2.000000,polar,2.7106e-05,0.000137718,0.0,0.0,32,256
cube,2.000000,polar,0.0,0.0,5.887e-06,4.932e-06,32,256
cube,2.000000,polar,1.8257e-05,0.000154243,0.0,0.0,32,256
cube,2.000000,polar,0.0,0.0,3.869e-06,0,32,256
cube,2.000000,polar,3.8531e-05,0.000160701,0.0,0.0,32,256
cube,2.000000,polar,0.0,0.0,8.344e-06,6.085e-06,32,256
cube,2.000000,polar,2.235e-05,0.00011098,0.0,0.0,32,256
cube,2.000000,polar,0.0,0.0,4.949e-06,1.903e-06,32,256
cube,2.000000,polar,1.7816e-05,0.000121621,0.0,0.0,32,256
cube,2.000000,polar,0.0,0.0,3.921e-06,1.046e-06,32,256
cube,2.000000,polar,2.6092e-05,0.000119396,0.0,0.0,32,256
cube,2.000000,polar,0.0,0.0,5.408e-06,4.887e-06,32,256
cube,2.000000,polar,2.8395e-05,0.000137967,0.0,0.0,32,256
cube,2.000000,polar,0.0,0.0,6.537e-06,4.861e-06,32,256
cube,2.000000,polar,1.6051e-05,4.8867e-05,0.0,0.0,32,256
cube,2.000000,polar,0.0,0.0,2.935e-06,7.026e-06,32,256
cube,2.000000,polar,3.8984e-05,0.000212757,0.0,0.0,32,256
cube,2.000000,polar,0.0,0.0,8.348e-06,5.744e-06,32,256
cube,2.000000,polar,2.0137e-05,0.000140589,0.0,0.0,32,256
cube,2.000000,polar,0.0,0.0,4.302e-06,0,32,256
cube,2.000000,polar,1.7255e-05,0.00010318,0.0,0.0,32,256
cube,2.000000,polar,0.0,0.0,3.553e-06,1.884e-06,32,256
cube,2.000000,polar,2.0563e-05,0.000139746,0.0,0.0,32,256
cube,2.000000,polar,0.0,0.0,4.509e-06,0,32,256
cube,2.000000,polar,2.1807e-05,0.000119063,0.0,0.0,32,256
cube,2.000000,polar,0.0,0.0,4.376e-06,3.697e-06,32,256
cube,2.000000,polar,3.2511e-05,0.000114836,0.0,0.0,32,256
cube,2.000000,polar,0.0,0.0,6.517e-06,9.379e-06,32,256
cube,2.000000,polar,2.619e-05,0.000156911,0.0,0.0,32,256
cube,2.000000,polar,0.0,0.0,5.509e-06,3.488e-06,32,256
cube,2.000000,polar,3.2427e-05,0.000115957,0.0,0.0,32,256
cube,2.000000,polar,0.0,0.0,5.951e-06,8.332e-06,32,256
cube,2.000000,polar,2.5991e-05,0.00015093,0.0,0.0,32,256
cube,2.000000,polar,0.0,0.0,5.083e-06,3.084e-06,32,256
cube,2.000000,polar,2.215e-05,0.000135274,0.0,0.0,32,256
cube,2.000000,polar,0.0,0.0,4.71e-06,2.89e-07,32,256
cube,2.000000,polar,1.8205e-05,0.000110834,0.0,0.0,32,256
cube,2.000000,polar,0.0,0.0,4.012e-06,2.083e-06,32,256
cube,2.000000,polar,2.3212e-05,6.6768e-05,0.0,0.0,32,256
cube,2.000000,polar,0.0,0.0,4.092e-06,9.144e-06,32,256
cube,2.000000,polar,3.1949e-05,0.000177448,0.0,0.0,32,256
cube,2.000000,polar,0.0,0.0,6.599e-06,5.977e-06,32,256
cube,2.000000,polar,4.1877e-05,0.000193927,0.0,0.0,32,256
cube,2.000000,polar,0.0,0.0,8.486e-06,1.0235e-05,32,256
cube,2.000000,polar,2.3251e-05,9.3473e-05,0.0,0.0,32,256
cube,2.000000,polar,0.0,0.0,4.619e-06,6.769e-06,32,256
cube,2.000000,polar,3.791e-05,0.000183948,0.0,0.0,32,256
cube,2.000000,polar,0.0,0.0,7.665e-06,4.76e-06,32,256
cube,2.000000,polar,2.693e-05,0.000116366,0.0,0.0,32,256
cube,2.000000,polar,0.0,0.0,5.578e-06,4.319e-06,32,256
cube,2.000000,polar,2.4058e-05,0.000139765,0.0,0.0,32,256
cube,2.000000,polar,0.0,0.0,4.855e-06,5.057e-06,32,256
cube,2.000000,polar,2.8653e-05,0.000153114,0.0,0.0,32,256
cube,2.000000,polar,0.0,0.0,6.108e-06,3.876e-06,32,256
cube,2.000000,polar,4.2904e-05,0.000260438,0.0,0.0,32,256
cube,2.000000,polar,0.0,0.0,8.311e-06,7.096e-06,32,256
cube,2.000000,polar,1.7192e-05,0.00012453,0.0,0.0,32,256
cube,2.000000,polar,0.0,0.0,3.774e-06,0,32,256
cube,2.000000,polar,2.0424e-05,0.000132371,0.0,0.0,32,256
cube,2.000000,polar,0.0,0.0,4.241e-06,1.704e-06,32,256
cube,2.000000,polar,2.196e-05,6.7229e-05,0.0,0.0,32,256
cube,2.000000,polar,0.0,0.0,4.07e-06,8.177e-06,32,256
cube,2.000000,polar,2.5696e-05,0.000123891,0.0,0.0,32,256
cube,2.000000,polar,0.0,0.0,5.407e-06,4.455e-06,32,256
cube,2.000000,polar,2.1649e-05,0.000147712,0.0,0.0,32,256
cube,2.000000,polar,0.0,0.0,4.399e-06,2.01e-06,32,256
cube,2.000000,polar,3.2387e-05,0.000221497,0.0,0.0,32,256
cube,2.000000,polar,0.0,0.0,6.947e-06,2.732e-06,32,256
cube,2.000000,polar,3.7406e-05,0.000102827,0.0,0.0,32,256
cube,2.000000,polar,0.0,0.0,6.973e-06,1.5285e-05,32,256
cube,2.000000,polar,2.7966e-05,0.000138756,0.0,0.0,32,256
cube,2.000000,polar,0.0,0.0,6.346e-06,2.823e-06,32,256
cube,2.000000,polar,1.9434e-05,0.000146402,0.0,0.0,32,256
cube,2.000000,polar,0.0,0.0,4.174e-06,0,32,256
cube,2.000000,polar,2.3352e-05,0.000145979,0.0,0.0,32,256
cube,2.000000,polar,0.0,0.0,5.068e-06,0,32,256
cube,2.000000,polar,3.6135e-05,0.000841992,0.0,0.0,32,256
cube,2.000000,polar,0.0,0.0,8.307e-06,6.746e-06,32,256
cube,2.000000,polar,1.6042e-05,7.5512e-05,0.0,0.0,32,256
cube,2.000000,polar,0.0,0.0,3.349e-06,5.347e-06,32,256
cube,2.000000,polar,3.0363e-05,0.000212227,0.0,0.0,32,256
cube,2.000000,polar,0.0,0.0,6.985e-06,8.66e-07,32,256
cube,2.000000,polar,1.9961e-05,9.8336e-05,0.0,0.0,32,256
cube,2.000000,polar,0.0,0.0,4.076e-06,3.056e-06,32,256
cube,2.000000,polar,2.0627e-05,0.000119146,0.0,0.0,32,256
cube,2.000000,polar,0.0,0.0,4.363e-06,2.119e-06,32,256
cube,2.000000,polar,2.2485e-05,0.00013882,0.0,0.0,32,256
cube,2.000000,polar,0.0,0.0,4.97e-06,2.417e-06,32,256
cube,2.000000,polar,3.4722e-05,0.000182175,0.0,0.0,32,256
cube,2.000000,polar,0.0,0.0,5.775e-06,9.649e-06,32,256
cube,2.000000,polar,2.1879e-05,0.0001082,0.0,0.0,32,256
cube,2.000000,polar,0.0,0.0,4.28e-06,5.22e-06,32,256
cube,2.000000,polar,1.1714e-05,1.7604e-05,0.0,0.0,32,256
cube,2.000000,polar,0.0,0.0,2.445e-06,5.222e-06,32,256
cube,2.000000,polar,2.9655e-05,0.000132979,0.0,0.0,32,256
cube,2.000000,polar,0.0,0.0,5.894e-06,5.393e-06,32,256
cube,2.000000,polar,3.6283e-05,0.000125545,0.0,0.0,32,256
cube,2.000000,polar,0.0,0.0,7.053e-06,1.2047e-05,32,256
cube,2.000000,polar,2.3127e-05,0.000137169,0.0,0.0,32,256
cube,2.000000,polar,0.0,0.0,5.123e-06,2.43e-07,32,256
cube,2.000000,polar,3.6714e-05,0.000187689,0.0,0.0,32,256
cube,2.000000,polar,0.0,0.0,7.24e-06,7.843e-06,32,256
cube,2.000000,polar,2.9184e-05,0.000137988,0.0,0.0,32,256
cube,2.000000,polar,0.0,0.0,6.012e-06,4.922e-06,32,256
cube,2.000000,polar,2.474e-05,0.000129112,0.0,0.0,32,256
cube,2.000000,polar,0.0,0.0,5.149e-06,2.183e-06,32,256
cube,2.000000,polar,2.6753e-05,0.000161593,0.0,0.0,32,256
cube,2.000000,polar,0.0,0.0,5.635e-06,2.435e-06,32,256
cube,2.000000,polar,3.9202e-05,0.000175379,0.0,0.0,32,256
cube,2.000000,polar,0.0,0.0,7.672e-06,7.334e-06,32,256
cube,2.000000,polar,2.3438e-05,0.000111301,0.0,0.0,32,256
cube,2.000000,polar,0.0,0.0,3.526e-06,0,32,256
cube,2.000000,polar,4.1018e-05,0.000195445,0.0,0.0,32,256
cube,2.000000,polar,0.0,0.0,8.9e-06,6.166e-06,32,256
cube,2.000000,polar,2.7708e-05,0.000127821,0.0,0.0,32,256
cube,2.000000,polar,0.0,0.0,5.84e-06,6.375e-06,32,256
cube,2.000000,polar,1.6795e-05,0.000115406,0.0,0.0,32,256
cube,2.000000,polar,0.0,0.0,3.805e-06,0,32,256
cube,2.000000,polar,2.266e-05,0.000149119,0.0,0.0,32,256
cube,2.000000,polar,0.0,0.0,4.78e-06,9.38e-07,32,256
cube,2.000000,polar,1.8281e-05,0.000129549,0.0,0.0,32,256
cube,2.000000,polar,0.0,0.0,4.05e-06,1.109e-06,32,256
cube,2.000000,polar,4.0502e-05,9.1817e-05,0.0,0.0,32,256
cube,2.000000,polar,0.0,0.0,6.645e-06,1.7696e-05,32,256
cube,2.000000,polar,2.837e-05,0.000141348,0.0,0.0,32,256
cube,2.000000,polar,0.0,0.0,5.608e-06,5.427e-06,32,256
cube,2.000000,polar,4.0642e-05,0.000179429,0.0,0.0,32,256
cube,2.000000,polar,0.0,0.0,6.292e-06,1.6905e-05,32,256
cube,2.000000,polar,2.8524e-05,0.000163624,0.0,0.0,32,256
cube,2.000000,polar,0.0,0.0,5.968e-06,4.516e-06,32,256
cube,2.000000,polar,2.2692e-05,0.000111818,0.0,0.0,32,256
cube,2.000000,polar,0.0,0.0,4.748e-06,3.58e-06,32,256
cube,2.000000,polar,1.8139e-05,0.000114157,0.0,0.0,32,256
cube,2.000000,polar,0.0,0.0,4.049e-06,3.149e-06,32,256
cube,2.000000,polar,1.0763e-05,8.4043e-05,0.0,0.0,32,256
cube,2.000000,polar,0.0,0.0,2.432e-06,0,32,256
cube,2.000000,polar,2.9384e-05,0.000163448,0.0,0.0,32,256
cube,2.000000,polar,0.0,0.0,5.2e-06,1.624e-06,32,256
cube,2.000000,polar,3.715e-05,0.000109504,0.0,0.0,32,256
cube,2.000000,polar,0.0,0.0,6.223e-06,1.5999e-05,32,256
cube,2.000000,polar,2.3402e-05,6.1107e-05,0.0,0.0,32,256
cube,2.000000,polar,0.0,0.0,3.742e-06,9.813e-06,32,256
cube,2.000000,polar,2.0007e-05,0.000136835,0.0,0.0,32,256
cube,2.000000,polar,0.0,0.0,4.652e-06,0,32,256
cube,2.000000,polar,2.3433e-05,0.00011805,0.0,0.0,32,256
cube,2.000000,polar,0.0,0.0,4.866e-06,3.191e-06,32,256
cube,2.000000,polar,1.6817e-05,0.000110811,0.0,0.0,32,256
cube,2.000000,polar,0.0,0.0,3.307e-06,2.606e-06,32,256
cube,2.000000,polar,1.4469e-05,9.6096e-05,0.0,0.0,32,256
cube,2.000000,polar,0.0,0.0,3.309e-06,3.97e-07,32,256
cube,2.000000,polar,5.0652e-05,0.000109683,0.0,0.0,32,256
cube,2.000000,polar,0.0,0.0,8.413e-06,2.2669e-05,32,256
cube,2.000000,polar,2.6179e-05,0.000120464,0.0,0.0,32,256
cube,2.000000,polar,0.0,0.0,5.288e-06,5.32e-06,32,256
cube,2.000000,polar,2.4046e-05,0.000131722,0.0,0.0,32,256
cube,2.000000,polar,0.0,0.0,5.389e-06,3.183e-06,32,256
cube,2.000000,polar,2.3267e-05,0.000147226,0.0,0.0,32,256
cube,2.000000,polar,0.0,0.0,5.826e-06,0,32,256
cube,2.000000,polar,3.0664e-05,0.000138351,0.0,0.0,32,256
cube,2.000000,polar,0.0,0.0,5.681e-06,5.565e-06,32,256
cube,2.000000,polar,2.733e-05,0.000163809,0.0,0.0,32,256
cube,2.000000,polar,0.0,0.0,6.354e-06,9.83e-07,32,256
cube,2.000000,polar,3.3257e-05,0.00016274,0.0,0.0,32,256
cube,2.000000,polar,0.0,0.0,6.614e-06,8.224e-06,32,256
cube,2.000000,polar,2.9995e-05,0.000132975,0.0,0.0,32,256
cube,2.000000,polar,0.0,0.0,6.583e-06,7.8e-06,32,256
cube,2.000000,polar,2.5395e-05,0.00016421,0.0,0.0,32,256
cube,2.000000,polar,0.0,0.0,5.907e-06,2.084e-06,32,256
cube,2.000000,polar,2.3985e-05,0.000111208,0.0,0.0,32,256
cube,2.000000,polar,0.0,0.0,5.427e-06,6.286e-06,32,256
cube,2.000000,polar,2.6848e-05,0.000205509,0.0,0.0,32,256
cube,2.000000,polar,0.0,0.0,6.055e-06,0,32,256
cube,2.000000,polar,3.3028e-05,0.000182718,0.0,0.0,32,256
cube,2.000000,polar,0.0,0.0,7.426e-06,7.493e-06,32,256
cube,2.000000,polar,2.5197e-05,0.000145794,0.0,0.0,32,256
cube,2.000000,polar,0.0,0.0,5.772e-06,4.455e-06,32,256
cube,2.000000,polar,3.1386e-05,0.000217148,0.0,0.0,32,256
cube,2.000000,polar,0.0,0.0,7.287e-06,3.03e-06,32,256
cube,2.000000,polar,2.1176e-05,0.000170134,0.0,0.0,32,256
cube,2.000000,polar,0.0,0.0,5.129e-06,1.118e-06,32,256
cube,2.000000,polar,4.7787e-05,6.4591e-05,0.0,0.0,32,256
cube,2.000000,polar,0.0,0.0,7.907e-06,2.8166e-05,32,256
cube,2.000000,polar,3.4556e-05,0.000154855,0.0,0.0,32,256
cube,2.000000,polar,0.0,0.0,7.208e-06,6.593e-06,32,256
cube,2.000000,polar,2.5472e-05,0.000196605,0.0,0.0,32,256
cube,2.000000,polar,0.0,0.0,5.803e-06,1.757e-06,32,256
cube,2.000000,polar,4.9914e-05,0.000134571,0.0,0.0,32,256
cube,2.000000,polar,0.0,0.0,7.903e-06,2.3669e-05,32,256
cube,2.000000,polar,1.9567e-05,0.000115165,0.0,0.0,32,256
cube,2.000000,polar,0.0,0.0,4.327e-06,0,32,256
cube,2.000000,polar,2.156e-05,0.000110506,0.0,0.0,32,256
cube,2.000000,polar,0.0,0.0,4.891e-06,0,32,256
cube,2.000000,polar,3.3228e-05,0.000175532,0.0,0.0,32,256
cube,2.000000,polar,0.0,0.0,7.112e-06,4.139e-06,32,256
cube,2.000000,polar,4.2554e-05,0.000151283,0.0,0.0,32,256
cube,2.000000,polar,0.0,0.0,8.133e-06,1.2542e-05,32,256
cube,2.000000,polar,3.4978e-05,0.000128295,0.0,0.0,32,256
cube,2.000000,polar,0.0,0.0,7.025e-06,8.431e-06,32,256
cube,2.000000,polar,2.2546e-05,0.000144232,0.0,0.0,32,256
cube,2.000000,polar,0.0,0.0,4.767e-06,8.2e-07,32,256
cube,2.000000,polar,3.5329e-05,0.000176176,0.0,0.0,32,256
cube,2.000000,polar,0.0,0.0,7.223e-06,5.058e-06,32,256
cube,2.000000,polar,3.2465e-05,0.00016195,0.0,0.0,32,256
cube,2.000000,polar,0.0,0.0,6.664e-06,4.393e-06,32,256
cube,2.000000,polar,4.8131e-05,0.000147823,0.0,0.0,32,256
cube,2.000000,polar,0.0,0.0,8.96e-06,1.4897e-05,32,256
cube,2.000000,polar,2.8518e-05,0.000155572,0.0,0.0,32,256
cube,2.000000,polar,0.0,0.0,6.418e-06,5.212e-06,32,256
cube,2.000000,polar,4.1803e-05,0.000226882,0.0,0.0,32,256
cube,2.000000,polar,0.0,0.0,8.902e-06,5.734e-06,32,256
cube,2.000000,polar,4.4977e-05,0.000115987,0.0,0.0,32,256
cube,2.000000,polar,0.0,0.0,7.359e-06,1.2454e-05,32,256
cube,2.000000,polar,3.79e-05,0.000185646,0.0,0.0,32,256
cube,2.000000,polar,0.0,0.0,8.215e-06,3.661e-06,32,256
cube,2.000000,polar,3.0914e-05,0.000171798,0.0,0.0,32,256
cube,2.000000,polar,0.0,0.0,6.455e-06,4.129e-06,32,256
cube,2.000000,polar,1.841e-05,9.4e-05,0.0,0.0,32,256
cube,2.000000,polar,0.0,0.0,3.576e-06,4.149e-06,32,256
cube,2.000000,polar,3.8642e-05,0.00014213,0.0,0.0,32,256
cube,2.000000,polar,0.0,0.0,7.58e-06,1.1134e-05,32,256
cube,2.000000,polar,2.1892e-05,3.4447e-05,0.0,0.0,32,256
cube,2.000000,polar,0.0,0.0,3.452e-06,1.2325e-05,32,256
cube,2.000000,polar,1.966e-05,0.000133147,0.0,0.0,32,256
cube,2.000000,polar,0.0,0.0,4.506e-06,6.22e-07,32,256
cube,2.000000,polar,3.0788e-05,0.000108158,0.0,0.0,32,256
cube,2.000000,polar,0.0,0.0,6.845e-06,9.046e-06,32,256
cube,2.000000,polar,4.1469e-05,0.000136858,0.0,0.0,32,256
cube,2.000000,polar,0.0,0.0,7.575e-06,1.3697e-05,32,256
cube,2.000000,polar,2.4396e-05,0.000157289,0.0,0.0,32,256
cube,2.000000,polar,0.0,0.0,5.483e-06,0,32,256
cube,2.000000,polar,3.1497e-05,0.000127661,0.0,0.0,32,256
cube,2.000000,polar,0.0,0.0,6.871e-06,8.899e-06,32,256
cube,2.000000,polar,3.1467e-05,0.000160863,0.0,0.0,32,256
cube,2.000000,polar,0.0,0.0,6.767e-06,4.021e-06,32,256
cube,2.000000,polar,3.1862e-05,0.000140598,0.0,0.0,32,256
cube,2.000000,polar,0.0,0.0,6.332e-06,5.933e-06,32,256
cube,2.000000,polar,3.2011e-05,0.000115706,0.0,0.0,32,256
cube,2.000000,polar,0.0,0.0,6.28e-06,8.584e-06,32,256
cube,2.000000,polar,3.0231e-05,0.000222662,0.0,0.0,32,256
cube,2.000000,polar,0.0,0.0,7.167e-06,2.12e-06,32,256
cube,2.000000,polar,1.1637e-05,0.000105618,0.0,0.0,32,256
cube,2.000000,polar,0.0,0.0,2.645e-06,0,32,256
cube,2.000000,polar,4.6833e-05,0.000228989,0.0,0.0,32,256
cube,2.000000,polar,0.0,0.0,1.0514e-05,1.0559e-05,32,256
cube,2.000000,polar,2.916e-05,0.000247779,0.0,0.0,32,256
cube,2.000000,polar,0.0,0.0,6.329e-06,7.4e-07,32,256
cube,2.000000,polar,3.1102e-05,0.00021261,0.0,0.0,32,256
cube,2.000000,polar,0.0,0.0,7.104e-06,3.039e-06,32,256
cube,2.000000,polar,3.4377e-05,0.000247634,0.0,0.0,32,256
cube,2.000000,polar,0.0,0.0,7.95e-06,6.169e-06,32,256
cube,2.000000,polar,3.6648e-05,0.000188134,0.0,0.0,32,256
cube,2.000000,polar,0.0,0.0,8.742e-06,6.644e-06,32,256
cube,2.000000,polar,3.0722e-05,0.000155816,0.0,0.0,32,256
cube,2.000000,polar,0.0,0.0,6.628e-06,5.229e-06,32,256
cube,2.000000,polar,2.7357e-05,7.9618e-05,0.0,0.0,32,256
cube,2.000000,polar,0.0,0.0,5.451e-06,1.0087e-05,32,256
cube,2.000000,polar,2.9391e-05,0.000114494,0.0,0.0,32,256
cube,2.000000,polar,0.0,0.0,5.323e-06,1.0028e-05,32,256
cube,2.000000,polar,2.3057e-05,0.000135997,0.0,0.0,32,256
cube,2.000000,polar,0.0,0.0,4.355e-06,3.68e-06,32,256
cube,2.000000,polar,2.8354e-05,0.000140811,0.0,0.0,32,256
cube,2.000000,polar,0.0,0.0,5.959e-06,2.417e-06,32,256
cube,2.000000,polar,2.7019e-05,0.000143119,0.0,0.0,32,256
cube,2.000000,polar,0.0,0.0,5.503e-06,4.607e-06,32,256
cube,2.000000,polar,3.6464e-05,0.00019726,0.0,0.0,32,256
cube,2.000000,polar,0.0,0.0,7.46e-06,6.737e-06,32,256
cube,2.000000,polar,3.9383e-05,0.000186657,0.0,0.0,32,256
cube,2.000000,polar,0.0,0.0,8.26e-06,6.384e-06,32,256
cube,2.000000,polar,4.3308e-05,9.5098e-05,0.0,0.0,32,256
cube,2.000000,polar,0.0,0.0,7.365e-06,2.0055e-05,32,256
cube,2.000000,polar,1.9115e-05,0.000134528,0.0,0.0,32,256
cube,2.000000,polar,0.0,0.0,4.202e-06,0,32,256
cube,2.000000,polar,2.2714e-05,0.00012838,0.0,0.0,32,256
cube,2.000000,polar,0.0,0.0,5.055e-06,2.705e-06,32,256
cube,2.000000,polar,3.2757e-05,0.000139298,0.0,0.0,32,256
cube,2.000000,polar,0.0,0.0,7.309e-06,5.627e-06,32,256
cube,2.000000,polar,1.6419e-05,0.000113327,0.0,0.0,32,256
cube,2.000000,polar,0.0,0.0,3.677e-06,0,32,256
cube,2.000000,polar,3.0679e-05,0.000162092,0.0,0.0,32,256
cube,2.000000,polar,0.0,0.0,6.239e-06,5.762e-06,32,256
cube,2.000000,polar,3.1316e-05,0.00013194,0.0,0.0,32,256
cube,2.000000,polar,0.0,0.0,6.277e-06,7.374e-06,32,256
cube,2.000000,polar,2.9333e-05,0.000123792,0.0,0.0,32,256
cube,2.000000,polar,0.0,0.0,6.123e-06,6.936e-06,32,256
cube,2.000000,polar,4.329e-05,9.6175e-05,0.0,0.0,32,256
cube,2.000000,polar,0.0,0.0,7.897e-06,2.1231e-05,32,256
cube,2.000000,polar,3.4565e-05,0.000155218,0.0,0.0,32,256
cube,2.000000,polar,0.0,0.0,7.107e-06,7.863e-06,32,256
cube,2.000000,polar,2.6574e-05,0.000144202,0.0,0.0,32,256
cube,2.000000,polar,0.0,0.0,5.588e-06,2.805e-06,32,256
cube,2.000000,polar,2.2156e-05,0.000124119,0.0,0.0,32,256
cube,2.000000,polar,0.0,0.0,4.659e-06,2.48e-06,32,256
cube,2.000000,polar,2.691e-05,3.5634e-05,0.0,0.0,32,256
cube,2.000000,polar,0.0,0.0,4.143e-06,1.617e-05,32,256
cube,2.000000,polar,3.9693e-05,0.000179936,0.0,0.0,32,256
cube,2.000000,polar,0.0,0.0,1.4323e-05,5.357e-06,32,256
cube,2.000000,polar,1.048e-05,7.2783e-05,0.0,0.0,32,256
cube,2.000000,polar,0.0,0.0,2.636e-06,0,32,256
cube,2.000000,polar,1.4594e-05,7.3819e-05,0.0,0.0,32,256
cube,2.000000,polar,0.0,0.0,3.075e-06,2.715e-06,32,256
cube,2.000000,polar,2.4565e-05,0.000165276,0.0,0.0,32,256
cube,2.000000,polar,0.0,0.0,5.484e-06,2.011e-06,32,256
cube,2.000000,polar,1.49e-05,7.4755e-05,0.0,0.0,32,256
cube,2.000000,polar,0.0,0.0,3.284e-06,3.912e-06,32,256
cube,2.000000,polar,2.3009e-05,0.000150668,0.0,0.0,32,256
cube,2.000000,polar,0.0,0.0,5.286e-06,2.048e-06,32,256
cube,2.000000,polar,2.329e-05,0.000130202,0.0,0.0,32,256
cube,2.000000,polar,0.0,0.0,4.934e-06,2.823e-06,32,256
cube,2.000000,polar,2.2066e-05,0.000156082,0.0,0.0,32,256
cube,2.000000,polar,0.0,0.0,4.846e-06,0,32,256
cube,2.000000,polar,2.172e-05,0.00012857,0.0,0.0,32,256
cube,2.000000,polar,0.0,0.0,4.567e-06,2.02e-06,32,256
cube,2.000000,polar,3.2934e-05,0.000155055,0.0,0.0,32,256
cube,2.000000,polar,0.0,0.0,6.375e-06,9.017e-06,32,256
cube,2.000000,polar,1.9335e-05,8.1259e-05,0.0,0.0,32,256
cube,2.000000,polar,0.0,0.0,4.256e-06,4.987e-06,32,256
cube,2.000000,polar,2.2067e-05,0.000104715,0.0,0.0,32,256
cube,2.000000,polar,0.0,0.0,4.644e-06,3.912e-06,32,256
cube,2.000000,polar,3.2905e-05,0.000131607,0.0,0.0,32,256
cube,2.000000,polar,0.0,0.0,6.155e-06,1.0641e-05,32,256
cube,2.000000,polar,3.7989e-05,0.000245168,0.0,0.0,32,256
cube,2.000000,polar,0.0,0.0,7.269e-06,5.14e-06,32,256
cube,2.000000,polar,2.733e-05,0.000149984,0.0,0.0,32,256
cube,2.000000,polar,0.0,0.0,6.58e-06,3.481e-06,32,256
cube,2.000000,polar,4.7529e-05,0.000221887,0.0,0.0,32,256
cube,2.000000,polar,0.0,0.0,1.0666e-05,1.002e-05,32,256
cube,2.000000,polar,1.9895e-05,0.000127596,0.0,0.0,32,256
cube,2.000000,polar,0.0,0.0,4.146e-06,3.002e-06,32,256
cube,2.000000,polar,2.7472e-05,0.000202158,0.0,0.0,32,256
cube,2.000000,polar,0.0,0.0,5.786e-06,2.677e-06,32,256
cube,2.000000,polar,3.3542e-05,0.000221821,0.0,0.0,32,256
cube,2.000000,polar,0.0,0.0,7.331e-06,1.001e-06,32,256
cube,2.000000,polar,2.6817e-05,0.000131038,0.0,0.0,32,256
cube,2.000000,polar,0.0,0.0,5.827e-06,4.625e-06,32,256
cube,2.000000,polar,3.5829e-05,0.000143335,0.0,0.0,32,256
cube,2.000000,polar,0.0,0.0,6.856e-06,8.458e-06,32,256
cube,2.000000,polar,1.8984e-05,0.000111989,0.0,0.0,32,256
cube,2.000000,polar,0.0,0.0,3.905e-06,1.767e-06,32,256
cube,2.000000,polar,5.8515e-05,0.000204116,0.0,0.0,32,256
cube,2.000000,polar,0.0,0.0,1.1916e-05,1.9045e-05,32,256
cube,2.000000,polar,3.0029e-05,0.000162329,0.0,0.0,32,256
cube,2.000000,polar,0.0,0.0,6.491e-06,4.871e-06,32,256
cube,2.000000,polar,2.8149e-05,0.000147659,0.0,0.0,32,256
cube,2.000000,polar,0.0,0.0,6.005e-06,4.482e-06,32,256
cube,2.000000,polar,2.5333e-05,0.000100851,0.0,0.0,32,256
cube,2.000000,polar,0.0,0.0,5e-06,6.808e-06,32,256
cube,2.000000,polar,2.8361e-05,0.00011612,0.0,0.0,32,256
cube,2.000000,polar,0.0,0.0,5.265e-06,8.098e-06,32,256
cube,2.000000,polar,1.6392e-05,0.000101563,0.0,0.0,32,256
cube,2.000000,polar,0.0,0.0,3.524e-06,2.173e-06,32,256
cube,2.000000,polar,2.6185e-05,0.000126231,0.0,0.0,32,256
cube,2.000000,polar,0.0,0.0,5.502e-06,4.12e-06,32,256
cube,2.000000,polar,2.404e-05,0.000143992,0.0,0.0,32,256
cube,2.000000,polar,0.0,0.0,4.864e-06,2.038e-06,32,256
cube,2.000000,polar,4.0393e-05,0.000128068,0.0,0.0,32,256
cube,2.000000,polar,0.0,0.0,7.828e-06,1.3084e-05,32,256
cube,2.000000,polar,2.2154e-05,0.000146897,0.0,0.0,32,256
cube,2.000000,polar,0.0,0.0,5.022e-06,0,32,256
cube,2.000000,polar,3.0272e-05,0.000147949,0.0,0.0,32,256
cube,2.000000,polar,0.0,0.0,6.155e-06,7.294e-06,32,256
cube,2.000000,polar,3.7696e-05,0.000112853,0.0,0.0,32,256
cube,2.000000,polar,0.0,0.0,5.282e-06,4.994e-06,32,256
cube,2.000000,polar,3.451e-05,0.00019876,0.0,0.0,32,256
cube,2.000000,polar,0.0,0.0,7.213e-06,2.75e-06,32,256
cube,2.000000,polar,1.6431e-05,9.7156e-05,0.0,0.0,32,256
cube,2.000000,polar,0.0,0.0,3.322e-06,3.274e-06,32,256
cube,2.000000,polar,3.1061e-05,0.000151962,0.0,0.0,32,256
cube,2.000000,polar,0.0,0.0,6.167e-06,6.689e-06,32,256
cube,2.000000,polar,3.121e-06,4.209e-06,0.0,0.0,32,256
cube,2.000000,polar,0.0,0.0,4.5e-07,2.047e-06,32,256
cube,2.000000,polar,2.4564e-05,9.4298e-05,0.0,0.0,32,256
cube,2.000000,polar,0.0,0.0,4.78e-06,6.86e-06,32,256
cube,2.000000,polar,2.8849e-05,1.0652e-05,0.0,0.0,32,256
cube,2.000000,polar,0.0,0.0,4.39e-06,1.5899e-05,32,256
cube,2.000000,polar,2.2958e-05,0.000136152,0.0,0.0,32,256
cube,2.000000,polar,0.0,0.0,4.97e-06,3.94e-06,32,256
cube,2.000000,polar,2.0371e-05,7.3624e-05,0.0,0.0,32,256
cube,2.000000,polar,0.0,0.0,3.856e-06,6.258e-06,32,256
cube,2.000000,polar,2.2506e-05,0.000135937,0.0,0.0,32,256
cube,2.000000,polar,0.0,0.0,5.805e-06,5.23e-07,32,256
cube,2.000000,polar,3.4266e-05,0.000183024,0.0,0.0,32,256
cube,2.000000,polar,0.0,0.0,7.472e-06,2.741e-06,32,256
cube,2.000000,polar,4.1972e-05,0.000160621,0.0,0.0,32,256
cube,2.000000,polar,0.0,0.0,7.374e-06,1.3791e-05,32,256
cube,2.000000,polar,1.3747e-05,5.7887e-05,0.0,0.0,32,256
cube,2.000000,polar,0.0,0.0,2.769e-06,4.681e-06,32,256
cube,2.000000,polar,4.1145e-05,0.000171455,0.0,0.0,32,256
cube,2.000000,polar,0.0,0.0,8.436e-06,8.223e-06,32,256
cube,2.000000,polar,4.8919e-05,0.000139202,0.0,0.0,32,256
cube,2.000000,polar,0.0,0.0,9.653e-06,1.8963e-05,32,256
cube,2.000000,polar,2.5152e-05,0.000159156,0.0,0.0,32,256
cube,2.000000,polar,0.0,0.0,5.596e-06,1.849e-06,32,256
cube,2.000000,polar,3.0551e-05,0.00015409,0.0,0.0,32,256
cube,2.000000,polar,0.0,0.0,7.145e-06,4.24e-06,32,256
cube,2.000000,polar,2.1105e-05,0.000126473,0.0,0.0,32,256
cube,2.000000,polar,0.0,0.0,4.239e-06,2.399e-06,32,256
cube,2.000000,polar,1.6871e-05,0.000110061,0.0,0.0,32,256
cube,2.000000,polar,0.0,0.0,3.755e-06,0,32,256
cube,2.000000,polar,2.365e-05,0.000130942,0.0,0.0,32,256
cube,2.000000,polar,0.0,0.0,5.2e-06,4.193e-06,32,256
cube,2.000000,polar,2.1787e-05,0.000103778,0.0,0.0,32,256
cube,2.000000,polar,0.0,0.0,5.159e-06,4.077e-06,32,256
cube,2.000000,polar,2.4799e-05,0.000114981,0.0,0.0,32,256
cube,2.000000,polar,0.0,0.0,5.141e-06,5.615e-06,32,256
cube,2.000000,polar,2.7304e-05,0.00011432,0.0,0.0,32,256
cube,2.000000,polar,0.0,0.0,5.416e-06,5.419e-06,32,256
cube,2.000000,polar,2.7353e-05,0.000122527,0.0,0.0,32,256
cube,2.000000,polar,0.0,0.0,5.683e-06,5.79e-06,32,256
cube,2.000000,polar,0.000146726,9.7798e-05,0.0,0.0,32,256
cube,2.000000,polar,0.0,0.0,5.71e-06,0.000127211,32,256
cube,2.000000,polar,2.7318e-05,0.000221561,0.0,0.0,32,256
cube,2.000000,polar,0.0,0.0,6.342e-06,1.316e-06,32,256
cube,2.000000,polar,2.0976e-05,0.000111648,0.0,0.0,32,256
cube,2.000000,polar,0.0,0.0,5.102e-06,4.724e-06,32,256
cube,2.000000,polar,3.1386e-05,0.000244593,0.0,0.0,32,256
cube,2.000000,polar,0.0,0.0,6.942e-06,1.091e-06,32,256
cube,2.000000,polar,3.2269e-05,0.00013589,0.0,0.0,32,256
cube,2.000000,polar,0.0,0.0,7.358e-06,8.584e-06,32,256
cube,2.000000,polar,4.6884e-05,0.000198522,0.0,0.0,32,256
cube,2.000000,polar,0.0,0.0,1.0215e-05,1.3029e-05,32,256
cube,2.000000,polar,3.7612e-05,0.000147506,0.0,0.0,32,256
cube,2.000000,polar,0.0,0.0,7.683e-06,1.3453e-05,32,256
cube,2.000000,polar,4.6106e-05,0.000223161,0.0,0.0,32,256
cube,2.000000,polar,0.0,0.0,1.0025e-05,1.3384e-05,32,256
cube,2.000000,polar,4.0697e-05,0.000244699,0.0,0.0,32,256
cube,2.000000,polar,0.0,0.0,1.7297e-05,1.812e-06,32,256
cube,2.000000,polar,3.3126e-05,0.000209937,0.0,0.0,32,256
cube,2.000000,polar,0.0,0.0,7.364e-06,5.762e-06,32,256
cube,2.000000,polar,3.1826e-05,0.000252472,0.0,0.0,32,256
cube,2.000000,polar,0.0,0.0,7.749e-06,1.236e-06,32,256
cube,2.000000,polar,4.0613e-05,0.000214768,0.0,0.0,32,256
cube,2.000000,polar,0.0,0.0,9.327e-06,7.637e-06,32,256
cube,2.000000,polar,3.7763e-05,0.000225929,0.0,0.0,32,256
cube,2.000000,polar,0.0,0.0,8.465e-06,2.922e-06,32,256
cube,2.000000,polar,3.2856e-05,0.000116287,0.0,0.0,32,256
cube,2.000000,polar,0.0,0.0,6.773e-06,1.3056e-05,32,256
cube,2.000000,polar,6.5091e-05,0.000170558,0.0,0.0,32,256
cube,2.000000,polar,0.0,0.0,7.628e-06,3.5138e-05,32,256
cube,2.000000,polar,2.0854e-05,0.00015394,0.0,0.0,32,256
cube,2.000000,polar,0.0,0.0,4.302e-06,0,32,256
cube,2.000000,polar,2.7497e-05,0.000131312,0.0,0.0,32,256
cube,2.000000,polar,0.0,0.0,5.719e-06,5.653e-06,32,256
cube,2.000000,polar,2.9687e-05,0.000122607,0.0,0.0,32,256
cube,2.000000,polar,0.0,0.0,6.621e-06,5.48e-06,32,256
cube,2.000000,polar,0.000599329,0.000176256,0.0,0.0,32,256
cube,2.000000,polar,0.0,0.0,1.0594e-05,7.574e-06,32,256
cube,2.000000,polar,2.2506e-05,0.000106874,0.0,0.0,32,256
cube,2.000000,polar,0.0,0.0,4.462e-06,4.69e-06,32,256
cube,2.000000,polar,3.0322e-05,0.000148314,0.0,0.0,32,256
cube,2.000000,polar,0.0,0.0,6.086e-06,4.717e-06,32,256
cube,2.000000,polar,2.7199e-05,0.000140033,0.0,0.0,32,256
cube,2.000000,polar,0.0,0.0,5.626e-06,5.322e-06,32,256
cube,2.000000,polar,3.9035e-05,0.000184727,0.0,0.0,32,256
cube,2.000000,polar,0.0,0.0,7.923e-06,6.97e-06,32,256
cube,2.000000,polar,5.6775e-05,0.000213111,0.0,0.0,32,256
cube,2.000000,polar,0.0,0.0,1.0721e-05,1.755e-05,32,256
cube,2.000000,polar,2.3121e-05,0.000144538,0.0,0.0,32,256
cube,2.000000,polar,0.0,0.0,5.214e-06,2.245e-06,32,256
cube,2.000000,polar,1.9277e-05,0.000104594,0.0,0.0,32,256
cube,2.000000,polar,0.0,0.0,3.961e-06,2.209e-06,32,256
cube,2.000000,polar,3.2903e-05,9.2282e-05,0.0,0.0,32,256
cube,2.000000,polar,0.0,0.0,6.296e-06,1.3056e-05,32,256
cube,2.000000,polar,4.7763e-05,0.000233286,0.0,0.0,32,256
cube,2.000000,polar,0.0,0.0,6.175e-06,2.21e-06,32,256
cube,2.000000,polar,2.0968e-05,0.000141935,0.0,0.0,32,256
cube,2.000000,polar,0.0,0.0,4.845e-06,1.001e-06,32,256
cube,2.000000,polar,3.3242e-05,0.000129361,0.0,0.0,32,256
cube,2.000000,polar,0.0,0.0,6.457e-06,8.358e-06,32,256
cube,2.000000,polar,2.6513e-05,0.000179205,0.0,0.0,32,256
cube,2.000000,polar,0.0,0.0,4.804e-06,4.175e-06,32,256
cube,2.000000,polar,5.6795e-05,0.000175161,0.0,0.0,32,256
cube,2.000000,polar,0.0,0.0,8.996e-06,1.073e-05,32,256
cube,2.000000,polar,1.9397e-05,0.000161098,0.0,0.0,32,256
cube,2.000000,polar,0.0,0.0,4.419e-06,0,32,256
cube,2.000000,polar,1.4605e-05,0.000108823,0.0,0.0,32,256
cube,2.000000,polar,0.0,0.0,3.119e-06,0,32,256
cube,2.000000,polar,3.793e-05,0.000162364,0.0,0.0,32,256
cube,2.000000,polar,0.0,0.0,7.619e-06,9.367e-06,32,256
cube,2.000000,polar,2.6902e-05,0.000148247,0.0,0.0,32,256
cube,2.000000,polar,0.0,0.0,5.284e-06,4.051e-06,32,256
cube,2.000000,polar,5.1076e-05,0.000107005,0.0,0.0,32,256
cube,2.000000,polar,0.0,0.0,9.073e-06,2.2669e-05,32,256
cube,2.000000,polar,5.849e-05,0.000105829,0.0,0.0,32,256
cube,2.000000,polar,0.0,0.0,8.376e-06,2.0408e-05,32,256
cube,2.000000,polar,2.4984e-05,0.000173128,0.0,0.0,32,256
cube,2.000000,polar,0.0,0.0,5.777e-06,1.272e-06,32,256
cube,2.000000,polar,2.4906e-05,0.000138521,0.0,0.0,32,256
cube,2.000000,polar,0.0,0.0,5.301e-06,3.877e-06,32,256
cube,2.000000,polar,1.9949e-05,9.0999e-05,0.0,0.0,32,256
cube,2.000000,polar,0.0,0.0,4.317e-06,3.725e-06,32,256
cube,2.000000,polar,2.2372e-05,0.000167256,0.0,0.0,32,256
cube,2.000000,polar,0.0,0.0,4.638e-06,1.335e-06,32,256
cube,2.000000,polar,2.7174e-05,0.000142376,0.0,0.0,32,256
cube,2.000000,polar,0.0,0.0,5.913e-06,2.363e-06,32,256
cube,2.000000,polar,1.9602e-05,7.8971e-05,0.0,0.0,32,256
cube,2.000000,polar,0.0,0.0,3.923e-06,5.131e-06,32,256
cube,2.000000,polar,3.5237e-05,0.000124008,0.0,0.0,32,256
cube,2.000000,polar,0.0,0.0,6.454e-06,9.017e-06,32,256
cube,2.000000,polar,1.6989e-05,3.6655e-05,0.0,0.0,32,256
cube,2.000000,polar,0.0,0.0,3.268e-06,7.517e-06,32,256
cube,2.000000,polar,2.8369e-05,0.000172242,0.0,0.0,32,256
cube,2.000000,polar,0.0,0.0,6.231e-06,9.47e-07,32,256
cube,2.000000,polar,2.4134e-05,0.00011747,0.0,0.0,32,256
cube,2.000000,polar,0.0,0.0,5.165e-06,4.707e-06,32,256
cube,2.000000,polar,5.491e-06,2.1073e-05,0.0,0.0,32,256
cube,2.000000,polar,0.0,0.0,1.2e-06,9.74e-07,32,256
cube,2.000000,polar,3.7414e-05,0.000200679,0.0,0.0,32,256
cube,2.000000,polar,0.0,0.0,8.173e-06,5.518e-06,32,256
cube,2.000000,polar,2.902e-05,0.00018436,0.0,0.0,32,256
cube,2.000000,polar,0.0,0.0,6.431e-06,3.824e-06,32,256
cube,2.000000,polar,2.7982e-05,0.000168629,0.0,0.0,32,256
cube,2.000000,polar,0.0,0.0,5.256e-06,3.129e-06,32,256
cube,2.000000,polar,7.705e-06,4.2513e-05,0.0,0.0,32,256
cube,2.000000,polar,0.0,0.0,1.865e-06,1.118e-06,32,256
cube,2.000000,polar,3.0614e-05,0.000146569,0.0,0.0,32,256
cube,2.000000,polar,0.0,0.0,6.364e-06,5.131e-06,32,256
cube,2.000000,polar,3.6279e-05,0.000235239,0.0,0.0,32,256
cube,2.000000,polar,0.0,0.0,7.81e-06,6.303e-06,32,256
cube,2.000000,polar,3.9664e-05,0.000161608,0.0,0.0,32,256
cube,2.000000,polar,0.0,0.0,8.441e-06,1.1991e-05,32,256
cube,2.000000,polar,2.6438e-05,0.00011991,0.0,0.0,32,256
cube,2.000000,polar,0.0,0.0,5.283e-06,5.517e-06,32,256
cube,2.000000,polar,4.9032e-05,0.000359973,0.0,0.0,32,256
cube,2.000000,polar,0.0,0.0,1.1325e-05,1.2507e-05,32,256
cube,2.000000,polar,3.663e-05,0.000122614,0.0,0.0,32,256
cube,2.000000,polar,0.0,0.0,7.181e-06,1.1595e-05,32,256
cube,2.000000,polar,2.5026e-05,0.000138875,0.0,0.0,32,256
cube,2.000000,polar,0.0,0.0,5.248e-06,3.183e-06,32,256
cube,2.000000,polar,1.9252e-05,9.3483e-05,0.0,0.0,32,256
cube,2.000000,polar,0.0,0.0,4.113e-06,4.347e-06,32,256
cube,2.000000,polar,1.9662e-05,0.000145249,0.0,0.0,32,256
cube,2.000000,polar,0.0,0.0,4.391e-06,0,32,256
cube,2.000000,polar,3.1992e-05,0.000119027,0.0,0.0,32,256
cube,2.000000,polar,0.0,0.0,5.681e-06,1.0874e-05,32,256
cube,2.000000,polar,2.2027e-05,6.6401e-05,0.0,0.0,32,256
cube,2.000000,polar,0.0,0.0,4.311e-06,9.612e-06,32,256
cube,2.000000,polar,3.7281e-05,0.000153765,0.0,0.0,32,256
cube,2.000000,polar,0.0,0.0,7.357e-06,9.953e-06,32,256
cube,2.000000,polar,3.9747e-05,0.000179782,0.0,0.0,32,256
cube,2.000000,polar,0.0,0.0,7.691e-06,8.701e-06,32,256
cube,2.000000,polar,1.7434e-05,5.4232e-05,0.0,0.0,32,256
cube,2.000000,polar,0.0,0.0,3.139e-06,6.609e-06,32,256
cube,2.000000,polar,3.0406e-05,0.000193083,0.0,0.0,32,256
cube,2.000000,polar,0.0,0.0,6.702e-06,2.039e-06,32,256
cube,2.000000,polar,2.9705e-05,0.000150007,0.0,0.0,32,256
cube,2.000000,polar,0.0,0.0,6.212e-06,7.286e-06,32,256
cube,2.000000,polar,2.7943e-05,0.000134851,0.0,0.0,32,256
cube,2.000000,polar,0.0,0.0,5.611e-06,4.148e-06,32,256
cube,2.000000,polar,2.3842e-05,0.000124906,0.0,0.0,32,256
cube,2.000000,polar,0.0,0.0,5.185e-06,3.292e-06,32,256
cube,2.000000,polar,2.1915e-05,4.5478e-05,0.0,0.0,32,256
cube,2.000000,polar,0.0,0.0,3.258e-06,1.1992e-05,32,256
cube,2.000000,polar,3.0484e-05,0.000189543,0.0,0.0,32,256
cube,2.000000,polar,0.0,0.0,6.555e-06,2.218e-06,32,256
cube,2.000000,polar,2.0741e-05,0.000120732,0.0,0.0,32,256
cube,2.000000,polar,0.0,0.0,4.423e-06,2.191e-06,32,256
cube,2.000000,polar,6.677e-06,2.5253e-05,0.0,0.0,32,256
cube,2.000000,polar,0.0,0.0,1.184e-06,2.499e-06,32,256
cube,2.000000,polar,2.6993e-05,0.000139563,0.0,0.0,32,256
cube,2.000000,polar,0.0,0.0,5.91e-06,6.283e-06,32,256
cube,2.000000,polar,1.9861e-05,0.00012651,0.0,0.0,32,256
cube,2.000000,polar,0.0,0.0,4.112e-06,3.896e-06,32,256
cube,2.000000,polar,2.6211e-05,4.0124e-05,0.0,0.0,32,256
cube,2.000000,polar,0.0,0.0,3.993e-06,1.486e-05,32,256
cube,2.000000,polar,2.1518e-05,0.000131982,0.0,0.0,32,256
cube,2.000000,polar,0.0,0.0,4.316e-06,8.29e-07,32,256
cube,2.000000,polar,3.0142e-05,0.000146859,0.0,0.0,32,256
cube,2.000000,polar,0.0,0.0,6.324e-06,5.87e-06,32,256
cube,2.000000,polar,6.104e-06,1.7906e-05,0.0,0.0,32,256
cube,2.000000,polar,0.0,0.0,1.351e-06,2.219e-06,32,256
cube,2.000000,polar,2.9392e-05,6.4795e-05,0.0,0.0,32,256
cube,2.000000,polar,0.0,0.0,4.96e-06,1.4755e-05,32,256
cube,2.000000,polar,6.0129e-05,0.000113096,0.0,0.0,32,256
cube,2.000000,polar,0.0,0.0,1.0627e-05,2.9799e-05,32,256
cube,2.000000,polar,1.9417e-05,0.000125708,0.0,0.0,32,256
cube,2.000000,polar,0.0,0.0,4.404e-06,2.272e-06,32,256
cube,2.000000,polar,3.9101e-05,0.000181548,0.0,0.0,32,256
cube,2.000000,polar,0.0,0.0,8.155e-06,6.503e-06,32,256
cube,2.000000,polar,3.5121e-05,0.000161656,0.0,0.0,32,256
cube,2.000000,polar,0.0,0.0,6.958e-06,8.26e-06,32,256
cube,2.000000,polar,3.1047e-05,0.000142298,0.0,0.0,32,256
cube,2.000000,polar,0.0,0.0,6.187e-06,7.194e-06,32,256
cube,2.000000,polar,2.8456e-05,0.000105147,0.0,0.0,32,256
cube,2.000000,polar,0.0,0.0,5.431e-06,6.33e-06,32,256
cube,2.000000,polar,2.6166e-05,7.2194e-05,0.0,0.0,32,256
cube,2.000000,polar,0.0,0.0,5.079e-06,9.385e-06,32,256
cube,2.000000,polar,2.2122e-05,0.000126416,0.0,0.0,32,256
cube,2.000000,polar,0.0,0.0,4.67e-06,1.487e-06,32,256
cube,2.000000,polar,2.266e-05,0.000105258,0.0,0.0,32,256
cube,2.000000,polar,0.0,0.0,4.532e-06,4.959e-06,32,256
cube,2.000000,polar,2.4343e-05,4.175e-05,0.0,0.0,32,256
cube,2.000000,polar,0.0,0.0,4.136e-06,1.3998e-05,32,256
cube,2.000000,polar,3.1451e-05,0.000181341,0.0,0.0,32,256
cube,2.000000,polar,0.0,0.0,6.52e-06,6.337e-06,32,256
cube,2.000000,polar,2.9625e-05,7.1829e-05,0.0,0.0,32,256
cube,2.000000,polar,0.0,0.0,5.546e-06,1.1732e-05,32,256
cube,2.000000,polar,1.7678e-05,0.00012446,0.0,0.0,32,256
cube,2.000000,polar,0.0,0.0,4.012e-06,1.118e-06,32,256
cube,2.000000,polar,2.635e-05,0.000161201,0.0,0.0,32,256
cube,2.000000,polar,0.0,0.0,5.749e-06,9.83e-07,32,256
cube,2.000000,polar,2.2699e-05,0.00012361,0.0,0.0,32,256
cube,2.000000,polar,0.0,0.0,4.734e-06,4.256e-06,32,256
cube,2.000000,polar,2.4932e-05,0.000142559,0.0,0.0,32,256
cube,2.000000,polar,0.0,0.0,5.296e-06,3.479e-06,32,256
cube,2.000000,polar,2.7636e-05,0.000144351,0.0,0.0,32,256
cube,2.000000,polar,0.0,0.0,6.926e-06,4.713e-06,32,256
cube,2.000000,polar,2.3964e-05,0.000149674,0.0,0.0,32,256
cube,2.000000,polar,0.0,0.0,4.975e-06,1.488e-06,32,256
cube,2.000000,polar,2.149e-05,0.000130961,0.0,0.0,32,256
cube,2.000000,polar,0.0,0.0,4.731e-06,0,32,256
cube,2.000000,polar,2.1439e-05,0.000109745,0.0,0.0,32,256
cube,2.000000,polar,0.0,0.0,5.37e-06,2.579e-06,32,256
cube,2.000000,polar,2.6582e-05,0.000145192,0.0,0.0,32,256
cube,2.000000,polar,0.0,0.0,5.375e-06,4.086e-06,32,256
cube,2.000000,polar,1.8088e-05,0.000123985,0.0,0.0,32,256
cube,2.000000,polar,0.0,0.0,3.725e-06,8.48e-07,32,256
cube,2.000000,polar,2.7239e-05,0.0001613,0.0,0.0,32,256
cube,2.000000,polar,0.0,0.0,5.413e-06,4.725e-06,32,256
cube,2.000000,polar,4.4958e-05,0.000236102,0.0,0.0,32,256
cube,2.000000,polar,0.0,0.0,1.0151e-05,1.0307e-05,32,256
cube,2.000000,polar,2.557e-05,0.000104852,0.0,0.0,32,256
cube,2.000000,polar,0.0,0.0,4.92e-06,5.537e-06,32,256
cube,2.000000,polar,2.7034e-05,0.000148204,0.0,0.0,32,256
cube,2.000000,polar,0.0,0.0,6.106e-06,3.463e-06,32,256
cube,2.000000,polar,2.4343e-05,0.000138505,0.0,0.0,32,256
cube,2.000000,polar,0.0,0.0,5.195e-06,2.471e-06,32,256
cube,2.000000,polar,2.7952e-05,0.000145011,0.0,0.0,32,256
cube,2.000000,polar,0.0,0.0,5.913e-06,4.762e-06,32,256
cube,2.000000,polar,4.3109e-05,0.000194741,0.0,0.0,32,256
cube,2.000000,polar,0.0,0.0,8.067e-06,1.0891e-05,32,256
cube,2.000000,polar,2.0034e-05,0.00015868,0.0,0.0,32,256
cube,2.000000,polar,0.0,0.0,4.396e-06,0,32,256
cube,2.000000,polar,2.2868e-05,0.000141202,0.0,0.0,32,256
cube,2.000000,polar,0.0,0.0,5.225e-06,1.902e-06,32,256
cube,2.000000,polar,3.6124e-05,5.1933e-05,0.0,0.0,32,256
cube,2.000000,polar,0.0,0.0,5.797e-06,1.9916e-05,32,256
cube,2.000000,polar,2.9045e-05,0.000187507,0.0,0.0,32,256
cube,2.000000,polar,0.0,0.0,6.365e-06,2.308e-06,32,256
cube,2.000000,polar,3.2553e-05,0.000117517,0.0,0.0,32,256
cube,2.000000,polar,0.0,0.0,6.754e-06,8.476e-06,32,256
cube,2.000000,polar,5.907e-06,3.6263e-05,0.0,0.0,32,256
cube,2.000000,polar,0.0,0.0,1.264e-06,2.253e-06,32,256
cube,2.000000,polar,1.6964e-05,8.6621e-05,0.0,0.0,32,256
cube,2.000000,polar,0.0,0.0,3.418e-06,3.003e-06,32,256
cube,2.000000,polar,9.962e-06,1.6313e-05,0.0,0.0,32,256
cube,2.000000,polar,0.0,0.0,1.803e-06,5.005e-06,32,256
cube,2.000000,polar,2.5299e-05,0.000117794,0.0,0.0,32,256
cube,2.000000,polar,0.0,0.0,5.318e-06,5.599e-06,32,256
cube,2.000000,polar,3.473e-05,0.000146894,0.0,0.0,32,256
cube,2.000000,polar,0.0,0.0,6.904e-06,9.755e-06,32,256
cube,2.000000,polar,1.6303e-05,0.000110788,0.0,0.0,32,256
cube,2.000000,polar,0.0,0.0,4.07e-06,1.074e-06,32,256
cube,2.000000,polar,3.4613e-05,0.000147167,0.0,0.0,32,256
cube,2.000000,polar,0.0,0.0,6.506e-06,8.719e-06,32,256
cube,2.000000,polar,3.225e-05,0.000163169,0.0,0.0,32,256
cube,2.000000,polar,0.0,0.0,7.03e-06,3.806e-06,32,256
cube,2.000000,polar,2.3521e-05,0.000125297,0.0,0.0,32,256
cube,2.000000,polar,0.0,0.0,5.041e-06,3.525e-06,32,256
cube,2.000000,polar,1.6505e-05,0.000102128,0.0,0.0,32,256
cube,2.000000,polar,0.0,0.0,3.58e-06,3.599e-06,32,256
cube,2.000000,polar,2.3624e-05,0.000167019,0.0,0.0,32,256
cube,2.000000,polar,0.0,0.0,5.256e-06,1.993e-06,32,256
cube,2.000000,polar,2.2101e-05,0.000132011,0.0,0.0,32,256
cube,2.000000,polar,0.0,0.0,4.713e-06,1.741e-06,32,256
cube,2.000000,polar,2.8439e-05,0.000162871,0.0,0.0,32,256
cube,2.000000,polar,0.0,0.0,6.031e-06,3.824e-06,32,256
cube,2.000000,polar,1.7511e-05,0.000104501,0.0,0.0,32,256
cube,2.000000,polar,0.0,0.0,3.662e-06,0,32,256
cube,2.000000,polar,1.3587e-05,0.000100483,0.0,0.0,32,256
cube,2.000000,polar,0.0,0.0,3.411e-06,7.75e-07,32,256
cube,2.000000,polar,0.000117272,9.9979e-05,0.0,0.0,32,256
cube,2.000000,polar,0.0,0.0,5.225e-06,5.284e-06,32,256
cube,2.000000,polar,2.3666e-05,6.648e-05,0.0,0.0,32,256
cube,2.000000,polar,0.0,0.0,4.434e-06,1.0055e-05,32,256
cube,2.000000,polar,2.6043e-05,0.000103432,0.0,0.0,32,256
cube,2.000000,polar,0.0,0.0,5.7e-06,5.358e-06,32,256
cube,2.000000,polar,3.7189e-05,0.000142917,0.0,0.0,32,256
cube,2.000000,polar,0.0,0.0,6.689e-06,1.162e-05,32,256
cube,2.000000,polar,8.456e-06,4.3481e-05,0.0,0.0,32,256
cube,2.000000,polar,0.0,0.0,2.03e-06,8.47e-07,32,256
cube,2.000000,polar,2.0074e-05,0.000142746,0.0,0.0,32,256
cube,2.000000,polar,0.0,0.0,4.62e-06,1.137e-06,32,256
cube,2.000000,polar,2.8655e-05,0.00011078,0.0,0.0,32,256
cube,2.000000,polar,0.0,0.0,5.351e-06,8.775e-06,32,256
cube,2.000000,polar,2.1024e-05,0.000148484,0.0,0.0,32,256
cube,2.000000,polar,0.0,0.0,4.413e-06,0,32,256
cube,2.000000,polar,2.9471e-05,0.000190949,0.0,0.0,32,256
cube,2.000000,polar,0.0,0.0,6.536e-06,0,32,256
cube,2.000000,polar,2.1646e-05,0.000156972,0.0,0.0,32,256
cube,2.000000,polar,0.0,0.0,4.633e-06,0,32,256
cube,2.000000,polar,2.0368e-05,9.7081e-05,0.0,0.0,32,256
cube,2.000000,polar,0.0,0.0,4.658e-06,2.706e-06,32,256
cube,2.000000,polar,2.4202e-05,8.5328e-05,0.0,0.0,32,256
cube,2.000000,polar,0.0,0.0,5.14e-06,6.473e-06,32,256
cube,2.000000,polar,3.2448e-05,0.000122895,0.0,0.0,32,256
cube,2.000000,polar,0.0,0.0,6.529e-06,1.0109e-05,32,256
cube,2.000000,polar,3.6324e-05,9.2076e-05,0.0,0.0,32,256
cube,2.000000,polar,0.0,0.0,6.397e-06,1.612e-05,32,256
cube,2.000000,polar,3.4032e-05,0.000183409,0.0,0.0,32,256
cube,2.000000,polar,0.0,0.0,6.851e-06,6.151e-06,32,256
cube,2.000000,polar,3.1146e-05,0.000128228,0.0,0.0,32,256
cube,2.000000,polar,0.0,0.0,5.916e-06,8.097e-06,32,256
cube,2.000000,polar,4.1529e-05,0.000191138,0.0,0.0,32,256
cube,2.000000,polar,0.0,0.0,8.715e-06,6.844e-06,32,256
cube,2.000000,polar,2.129e-05,0.000175072,0.0,0.0,32,256
cube,2.000000,polar,0.0,0.0,4.598e-06,0,32,256
cube,2.000000,polar,3.6696e-05,0.00013074,0.0,0.0,32,256
cube,2.000000,polar,0.0,0.0,7.335e-06,1.2684e-05,32,256
cube,2.000000,polar,3.9235e-05,0.000177941,0.0,0.0,32,256
cube,2.000000,polar,0.0,0.0,7.779e-06,9.336e-06,32,256
cube,2.000000,polar,3.0036e-05,0.000142961,0.0,0.0,32,256
cube,2.000000,polar,0.0,0.0,5.947e-06,6.889e-06,32,256
cube,2.000000,polar,6.6726e-05,0.000135238,0.0,0.0,32,256
cube,2.000000,polar,0.0,0.0,1.2017e-05,2.1484e-05,32,256
cube,2.000000,polar,3.2097e-05,0.000123053,0.0,0.0,32,256
cube,2.000000,polar,0.0,0.0,7.07e-06,7.347e-06,32,256
cube,2.000000,polar,4.8843e-05,0.000131597,0.0,0.0,32,256
cube,2.000000,polar,0.0,0.0,8.176e-06,1.9017e-05,32,256
cube,2.000000,polar,2.3533e-05,0.000130178,0.0,0.0,32,256
cube,2.000000,polar,0.0,0.0,5.344e-06,2.579e-06,32,256
cube,2.000000,polar,3.6578e-05,0.000163375,0.0,0.0,32,256
cube,2.000000,polar,0.0,0.0,7.258e-06,1.0806e-05,32,256
cube,2.000000,polar,2.6894e-05,4.9957e-05,0.0,0.0,32,256
cube,2.000000,polar,0.0,0.0,4.953e-06,1.3309e-05,32,256
cube,2.000000,polar,2.3668e-05,0.000116399,0.0,0.0,32,256
cube,2.000000,polar,0.0,0.0,4.903e-06,4.365e-06,32,256
cube,2.000000,polar,2.6417e-05,0.00011985,0.0,0.0,32,256
cube,2.000000,polar,0.0,0.0,4.971e-06,7.464e-06,32,256
cube,2.000000,polar,2.8329e-05,0.000150996,0.0,0.0,32,256
cube,2.000000,polar,0.0,0.0,5.977e-06,4.092e-06,32,256
cube,2.000000,polar,3.5479e-05,0.000147156,0.0,0.0,32,256
cube,2.000000,polar,0.0,0.0,6.723e-06,8.338e-06,32,256
cube,2.000000,polar,5.2331e-05,8.4651e-05,0.0,0.0,32,256
cube,2.000000,polar,0.0,0.0,8.868e-06,2.6952e-05,32,256
cube,2.000000,polar,2.7973e-05,0.000149782,0.0,0.0,32,256
cube,2.000000,polar,0.0,0.0,6.054e-06,2.515e-06,32,256
cube,2.000000,polar,2.2801e-05,0.000144704,0.0,0.0,32,256
cube,2.000000,polar,0.0,0.0,4.923e-06,0,32,256
cube,2.000000,polar,2.6474e-05,0.000131485,0.0,0.0,32,256
cube,2.000000,polar,0.0,0.0,5.509e-06,3.614e-06,32,256
cube,2.000000,polar,2.2946e-05,0.000116507,0.0,0.0,32,256
cube,2.000000,polar,0.0,0.0,4.539e-06,5.671e-06,32,256
cube,2.000000,polar,2.3346e-05,0.000149132,0.0,0.0,32,256
cube,2.000000,polar,0.0,0.0,5.023e-06,1.57e-06,32,256
cube,2.000000,polar,2.0243e-05,0.000141631,0.0,0.0,32,256
cube,2.000000,polar,0.0,0.0,4.392e-06,1.109e-06,32,256
cube,2.000000,polar,3.4898e-05,0.000151757,0.0,0.0,32,256
cube,2.000000,polar,0.0,0.0,7.165e-06,7.097e-06,32,256
cube,2.000000,polar,2.3803e-05,0.00014788,0.0,0.0,32,256
cube,2.000000,polar,0.0,0.0,5.374e-06,7.75e-07,32,256
cube,2.000000,polar,2.2974e-05,0.00013398,0.0,0.0,32,256
cube,2.000000,polar,0.0,0.0,4.819e-06,2.767e-06,32,256
cube,2.000000,polar,2.2123e-05,0.000111378,0.0,0.0,32,256
cube,2.000000,polar,0.0,0.0,4.84e-06,3.417e-06,32,256
cube,2.000000,polar,3.5818e-05,0.000211774,0.0,0.0,32,256
cube,2.000000,polar,0.0,0.0,7.307e-06,6.294e-06,32,256
cube,2.000000,polar,2.383e-05,0.00014243,0.0,0.0,32,256
cube,2.000000,polar,0.0,0.0,4.733e-06,3.652e-06,32,256
cube,2.000000,polar,2.3922e-05,0.00012883,0.0,0.0,32,256
cube,2.000000,polar,0.0,0.0,5.049e-06,2.642e-06,32,256
cube,2.000000,polar,2.2632e-05,0.00011277,0.0,0.0,32,256
cube,2.000000,polar,0.0,0.0,4.792e-06,3.174e-06,32,256
cube,2.000000,polar,2.7198e-05,0.000164432,0.0,0.0,32,256
cube,2.000000,polar,0.0,0.0,5.78e-06,0,32,256
cube,2.000000,polar,2.127e-05,2.5969e-05,0.0,0.0,32,256
cube,2.000000,polar,0.0,0.0,3.783e-06,1.1886e-05,32,256
cube,2.000000,polar,1.4337e-05,7.5136e-05,0.0,0.0,32,256
cube,2.000000,polar,0.0,0.0,3.082e-06,1.785e-06,32,256
cube,2.000000,polar,2.3003e-05,9.6944e-05,0.0,0.0,32,256
cube,2.000000,polar,0.0,0.0,4.894e-06,4.572e-06,32,256
cube,2.000000,polar,3.2888e-05,0.00016304,0.0,0.0,32,256
cube,2.000000,polar,0.0,0.0,7.06e-06,6.709e-06,32,256
cube,2.000000,polar,3.5313e-05,0.000163037,0.0,0.0,32,256
cube,2.000000,polar,0.0,0.0,7.153e-06,6.384e-06,32,256
cube,2.000000,polar,3.0218e-05,0.000193198,0.0,0.0,32,256
cube,2.000000,polar,0.0,0.0,6.697e-06,0,32,256
cube,2.000000,polar,1.9013e-05,0.000107153,0.0,0.0,32,256
cube,2.000000,polar,0.0,0.0,3.83e-06,2.579e-06,32,256
cube,2.000000,polar,2.2821e-05,0.000131053,0.0,0.0,32,256
cube,2.000000,polar,0.0,0.0,4.504e-06,6.131e-06,32,256
cube,2.000000,polar,2.0806e-05,7.7591e-05,0.0,0.0,32,256
cube,2.000000,polar,0.0,0.0,5.642e-06,4.877e-06,32,256
cube,2.000000,polar,4.2748e-05,0.000167385,0.0,0.0,32,256
cube,2.000000,polar,0.0,0.0,8.059e-06,1.0721e-05,32,256
cube,2.000000,polar,2.8031e-05,0.000125058,0.0,0.0,32,256
cube,2.000000,polar,0.0,0.0,6.04e-06,6.5e-06,32,256
cube,2.000000,polar,2.3055e-05,0.000129382,0.0,0.0,32,256
cube,2.000000,polar,0.0,0.0,5.014e-06,1.569e-06,32,256
cube,2.000000,polar,3.1256e-05,0.000127668,0.0,0.0,32,256
cube,2.000000,polar,0.0,0.0,6.529e-06,5.384e-06,32,256
cube,2.000000,polar,3.0619e-05,0.000127858,0.0,0.0,32,256
cube,2.000000,polar,0.0,0.0,6.096e-06,1.0247e-05,32,256
cube,2.000000,polar,3.549e-05,0.00017009,0.0,0.0,32,256
cube,2.000000,polar,0.0,0.0,7.107e-06,6.06e-06,32,256
cube,2.000000,polar,5.5786e-05,0.000175812,0.0,0.0,32,256
cube,2.000000,polar,0.0,0.0,1.1855e-05,1.8726e-05,32,256
cube,2.000000,polar,4.4392e-05,0.000194383,0.0,0.0,32,256
cube,2.000000,polar,0.0,0.0,5.998e-06,2.416e-06,32,256
cube,2.000000,polar,2.3948e-05,7.34e-05,0.0,0.0,32,256
cube,2.000000,polar,0.0,0.0,4.263e-06,9.719e-06,32,256
cube,2.000000,polar,1.1179e-05,4.4518e-05,0.0,0.0,32,256
cube,2.000000,polar,0.0,0.0,2.423e-06,4.13e-06,32,256
cube,2.000000,polar,4.784e-05,0.000536432,0.0,0.0,32,256
cube,2.000000,polar,0.0,0.0,1.2934e-05,1.974e-06,32,256
cube,2.000000,polar,2.5047e-05,0.000157347,0.0,0.0,32,256
cube,2.000000,polar,0.0,0.0,6.56e-06,4.895e-06,32,256
cube,2.000000,polar,3.4683e-05,0.000245129,0.0,0.0,32,256
cube,2.000000,polar,0.0,0.0,8.059e-06,2.677e-06,32,256
cube,2.000000,polar,2.3836e-05,0.000202571,0.0,0.0,32,256
cube,2.000000,polar,0.0,0.0,5.049e-06,0,32,256
cube,2.000000,polar,2.672e-05,0.000158885,0.0,0.0,32,256
cube,2.000000,polar,0.0,0.0,5.461e-06,4.464e-06,32,256
cube,2.000000,polar,2.5582e-05,0.000119714,0.0,0.0,32,256
cube,2.000000,polar,0.0,0.0,5.036e-06,6.69e-06,32,256
cube,2.000000,polar,2.8595e-05,0.000148128,0.0,0.0,32,256
cube,2.000000,polar,0.0,0.0,5.579e-06,6.239e-06,32,256
cube,2.000000,polar,3.2904e-05,0.000241294,0.0,0.0,32,256
cube,2.000000,polar,0.0,0.0,7.128e-06,4.291e-06,32,256
cube,2.000000,polar,2.5492e-05,0.000137935,0.0,0.0,32,256
cube,2.000000,polar,0.0,0.0,5.294e-06,3.282e-06,32,256
cube,2.000000,polar,2.3757e-05,0.000130062,0.0,0.0,32,256
cube,2.000000,polar,0.0,0.0,5.157e-06,2.012e-06,32,256
cube,2.000000,polar,2.8933e-05,0.00013398,0.0,0.0,32,256
cube,2.000000,polar,0.0,0.0,6.061e-06,6.591e-06,32,256
cube,2.000000,polar,2.8216e-05,0.000107335,0.0,0.0,32,256
cube,2.000000,polar,0.0,0.0,5.535e-06,7.627e-06,32,256
cube,2.000000,polar,4.671e-05,0.000173443,0.0,0.0,32,256
cube,2.000000,polar,0.0,0.0,8.329e-06,1.4326e-05,32,256
cube,2.000000,polar,2.6183e-05,0.000131167,0.0,0.0,32,256
cube,2.000000,polar,0.0,0.0,5.754e-06,2.39e-06,32,256
cube,2.000000,polar,1.3102e-05,6.25e-05,0.0,0.0,32,256
cube,2.000000,polar,0.0,0.0,2.874e-06,9.74e-07,32,256
cube,2.000000,polar,2.465e-05,0.000116338,0.0,0.0,32,256
cube,2.000000,polar,0.0,0.0,5.226e-06,3.589e-06,32,256
cube,2.000000,polar,1.637e-05,9.2691e-05,0.0,0.0,32,256
cube,2.000000,polar,0.0,0.0,3.445e-06,1.605e-06,32,256
cube,2.000000,polar,3.3237e-05,0.000172452,0.0,0.0,32,256
cube,2.000000,polar,0.0,0.0,7.051e-06,4.725e-06,32,256
cube,2.000000,polar,2.4075e-05,0.000184562,0.0,0.0,32,256
cube,2.000000,polar,0.0,0.0,5.168e-06,0,32,256
cube,2.000000,polar,2.8744e-05,0.000136709,0.0,0.0,32,256
cube,2.000000,polar,0.0,0.0,6.119e-06,5.102e-06,32,256
cube,2.000000,polar,3.0562e-05,0.000147634,0.0,0.0,32,256
cube,2.000000,polar,0.0,0.0,5.774e-06,7.466e-06,32,256
cube,2.000000,polar,1.7259e-05,9.9544e-05,0.0,0.0,32,256
cube,2.000000,polar,0.0,0.0,3.822e-06,1.442e-06,32,256
cube,2.000000,polar,1.1454e-05,5.1502e-05,0.0,0.0,32,256
cube,2.000000,polar,0.0,0.0,2.337e-06,3.627e-06,32,256
cube,2.000000,polar,2.3714e-05,0.000137052,0.0,0.0,32,256
cube,2.000000,polar,0.0,0.0,4.973e-06,0,32,256
cube,2.000000,polar,3.1745e-05,0.000144855,0.0,0.0,32,256
cube,2.000000,polar,0.0,0.0,6.675e-06,5.52e-06,32,256
cube,2.000000,polar,1.2678e-05,7.3911e-05,0.0,0.0,32,256
cube,2.000000,polar,0.0,0.0,2.976e-06,1.316e-06,32,256
cube,2.000000,polar,2.3507e-05,0.000130195,0.0,0.0,32,256
cube,2.000000,polar,0.0,0.0,5.012e-06,2.696e-06,32,256
cube,2.000000,polar,4.7557e-05,9.6932e-05,0.0,0.0,32,256
cube,2.000000,polar,0.0,0.0,9.1e-06,1.8094e-05,32,256
cube,2.000000,polar,4.3646e-05,0.000149692,0.0,0.0,32,256
cube,2.000000,polar,0.0,0.0,7.997e-06,1.3254e-05,32,256
cube,2.000000,polar,2.8339e-05,0.000143547,0.0,0.0,32,256
cube,2.000000,polar,0.0,0.0,6.022e-06,3.282e-06,32,256
cube,2.000000,polar,1.4304e-05,9.4378e-05,0.0,0.0,32,256
cube,2.000000,polar,0.0,0.0,3.328e-06,6.58e-07,32,256
cube,2.000000,polar,2.7016e-05,0.00014608,0.0,0.0,32,256
cube,2.000000,polar,0.0,0.0,5.912e-06,4.048e-06,32,256
cube,2.000000,polar,7.846e-05,0.000113432,0.0,0.0,32,256
cube,2.000000,polar,0.0,0.0,4.788e-05,7.014e-06,32,256
cube,2.000000,polar,3.4117e-05,0.000137161,0.0,0.0,32,256
cube,2.000000,polar,0.0,0.0,6.102e-06,1.0604e-05,32,256
cube,2.000000,polar,2.7158e-05,0.000146985,0.0,0.0,32,256
cube,2.000000,polar,0.0,0.0,5.537e-06,3.525e-06,32,256
cube,2.000000,polar,3.1921e-05,7.3487e-05,0.0,0.0,32,256
cube,2.000000,polar,0.0,0.0,5.189e-06,1.6023e-05,32,256
cube,2.000000,polar,2.2072e-05,0.000159324,0.0,0.0,32,256
cube,2.000000,polar,0.0,0.0,4.795e-06,1.515e-06,32,256
cube,2.000000,polar,3.0709e-05,6.3613e-05,0.0,0.0,32,256
cube,2.000000,polar,0.0,0.0,2.831e-06,2.0819e-05,32,256
cube,2.000000,polar,2.4146e-05,0.000131045,0.0,0.0,32,256
cube,2.000000,polar,0.0,0.0,5.454e-06,3.309e-06,32,256
cube,2.000000,polar,2.4103e-05,0.000120223,0.0,0.0,32,256
cube,2.000000,polar,0.0,0.0,5.555e-06,2.515e-06,32,256
cube,2.000000,polar,3.044e-05,0.000168606,0.0,0.0,32,256
cube,2.000000,polar,0.0,0.0,6.342e-06,3.101e-06,32,256
cube,2.000000,polar,2.3263e-05,0.000128927,0.0,0.0,32,256
cube,2.000000,polar,0.0,0.0,5.019e-06,4.914e-06,32,256
cube,2.000000,polar,4.1655e-05,0.000124753,0.0,0.0,32,256
cube,2.000000,polar,0.0,0.0,5.375e-06,2.0912e-05,32,256
cube,2.000000,polar,2.6957e-05,0.000297854,0.0,0.0,32,256
cube,2.000000,polar,0.0,0.0,7.262e-06,5.15e-06,32,256
cube,2.000000,polar,5.6372e-05,0.000209131,0.0,0.0,32,256
cube,2.000000,polar,0.0,0.0,7.042e-06,3.066e-06,32,256
cube,2.000000,polar,1.5208e-05,0.000143874,0.0,0.0,32,256
cube,2.000000,polar,0.0,0.0,3.192e-06,0,32,256
cube,2.000000,polar,5.1161e-05,0.000263375,0.0,0.0,32,256
cube,2.000000,polar,0.0,0.0,1.1413e-05,1.6114e-05,32,256
cube,2.000000,polar,2.3578e-05,0.000151524,0.0,0.0,32,256
cube,2.000000,polar,0.0,0.0,5.196e-06,1.343e-06,32,256
cube,2.000000,polar,2.4961e-05,9.3916e-05,0.0,0.0,32,256
cube,2.000000,polar,0.0,0.0,4.86e-06,7.069e-06,32,256
cube,2.000000,polar,1.5499e-05,4.3067e-05,0.0,0.0,32,256
cube,2.000000,polar,0.0,0.0,2.711e-06,6.845e-06,32,256
cube,2.000000,polar,3.0818e-05,0.000117459,0.0,0.0,32,256
cube,2.000000,polar,0.0,0.0,5.364e-06,1.1534e-05,32,256
cube,2.000000,polar,3.9928e-05,0.000209675,0.0,0.0,32,256
cube,2.000000,polar,0.0,0.0,8.349e-06,6.861e-06,32,256
cube,2.000000,polar,2.4409e-05,9.0183e-05,0.0,0.0,32,256
cube,2.000000,polar,0.0,0.0,4.327e-06,9.144e-06,32,256
cube,2.000000,polar,3.1871e-05,0.000112656,0.0,0.0,32,256
cube,2.000000,polar,0.0,0.0,6.697e-06,7.102e-06,32,256
cube,2.000000,polar,2.8787e-05,0.000140687,0.0,0.0,32,256
cube,2.000000,polar,0.0,0.0,5.462e-06,6.681e-06,32,256
cube,2.000000,polar,2.6767e-05,0.000137837,0.0,0.0,32,256
cube,2.000000,polar,0.0,0.0,6.012e-06,2.489e-06,32,256
cube,2.000000,polar,3.0362e-05,0.000133195,0.0,0.0,32,256
cube,2.000000,polar,0.0,0.0,6.622e-06,7.069e-06,32,256
cube,2.000000,polar,4.5591e-05,0.000165163,0.0,0.0,32,256
cube,2.000000,polar,0.0,0.0,8.623e-06,1.249e-05,32,256
cube,2.000000,polar,3.2725e-05,0.000120877,0.0,0.0,32,256
cube,2.000000,polar,0.0,0.0,5.772e-06,1.3409e-05,32,256
cube,2.000000,polar,2.8266e-05,0.00013739,0.0,0.0,32,256
cube,2.000000,polar,0.0,0.0,5.819e-06,5.131e-06,32,256
cube,2.000000,polar,2.7785e-05,0.000135579,0.0,0.0,32,256
cube,2.000000,polar,0.0,0.0,6.042e-06,4.246e-06,32,256
cube,2.000000,polar,1.857e-05,2.6138e-05,0.0,0.0,32,256
cube,2.000000,polar,0.0,0.0,4.003e-06,1.0046e-05,32,256
cube,2.000000,polar,2.8454e-05,0.000163479,0.0,0.0,32,256
cube,2.000000,polar,0.0,0.0,5.769e-06,3.85e-06,32,256
cube,2.000000,polar,2.0534e-05,0.000123938,0.0,0.0,32,256
cube,2.000000,polar,0.0,0.0,4.349e-06,7.58e-07,32,256
cube,2.000000,polar,3.4204e-05,7.044e-05,0.0,0.0,32,256
cube,2.000000,polar,0.0,0.0,4.036e-06,1.8974e-05,32,256
cube,2.000000,polar,2.4473e-05,0.000148574,0.0,0.0,32,256
cube,2.000000,polar,0.0,0.0,5.226e-06,2.714e-06,32,256
cube,2.000000,polar,2.27e-05,0.000148686,0.0,0.0,32,256
cube,2.000000,polar,0.0,0.0,4.916e-06,9.47e-07,32,256
cube,2.000000,polar,3.9425e-05,0.000212725,0.0,0.0,32,256
cube,2.000000,polar,0.0,0.0,8.513e-06,4.842e-06,32,256
cube,2.000000,polar,2.285e-05,0.000149679,0.0,0.0,32,256
cube,2.000000,polar,0.0,0.0,4.914e-06,5.95e-07,32,256
cube,2.000000,polar,3.291e-05,0.000151799,0.0,0.0,32,256
cube,2.000000,polar,0.0,0.0,6.849e-06,1.0039e-05,32,256
cube,2.000000,polar,4.1256e-05,0.000135093,0.0,0.0,32,256
cube,2.000000,polar,0.0,0.0,6.776e-06,1.5791e-05,32,256
cube,2.000000,polar,3.037e-05,0.000143635,0.0,0.0,32,256
cube,2.000000,polar,0.0,0.0,6.591e-06,4.237e-06,32,256
cube,2.000000,polar,2.9687e-05,0.000113091,0.0,0.0,32,256
cube,2.000000,polar,0.0,0.0,6.093e-06,5.655e-06,32,256
cube,2.000000,polar,2.6778e-05,7.0901e-05,0.0,0.0,32,256
cube,2.000000,polar,0.0,0.0,4.496e-06,1.198e-05,32,256
cube,2.000000,polar,2.2509e-05,0.000152743,0.0,0.0,32,256
cube,2.000000,polar,0.0,0.0,4.627e-06,0,32,256
cube,2.000000,polar,2.3709e-05,0.000115591,0.0,0.0,32,256
cube,2.000000,polar,0.0,0.0,4.982e-06,5.132e-06,32,256
cube,2.000000,polar,3.0791e-05,0.000164679,0.0,0.0,32,256
cube,2.000000,polar,0.0,0.0,6.56e-06,6.043e-06,32,256
cube,2.000000,polar,3.9021e-05,0.000138415,0.0,0.0,32,256
cube,2.000000,polar,0.0,0.0,7.767e-06,1.0411e-05,32,256
cube,2.000000,polar,3.1509e-05,0.000127308,0.0,0.0,32,256
cube,2.000000,polar,0.0,0.0,6.517e-06,6.267e-06,32,256
cube,2.000000,polar,2.8574e-05,0.000175861,0.0,0.0,32,256
cube,2.000000,polar,0.0,0.0,6.482e-06,1.35e-07,32,256
cube,2.000000,polar,3.6134e-05,0.00014371,0.0,0.0,32,256
cube,2.000000,polar,0.0,0.0,7.941e-06,8.034e-06,32,256
cube,2.000000,polar,2.9343e-05,0.000119841,0.0,0.0,32,256
cube,2.000000,polar,0.0,0.0,6.058e-06,6.52e-06,32,256
cube,2.000000,polar,3.5202e-05,0.000157703,0.0,0.0,32,256
cube,2.000000,polar,0.0,0.0,7.133e-06,9.367e-06,32,256
cube,2.000000,polar,1.3805e-05,4.8423e-05,0.0,0.0,32,256
cube,2.000000,polar,0.0,0.0,2.76e-06,4.58e-06,32,256
cube,2.000000,polar,3.7186e-05,0.000186123,0.0,0.0,32,256
cube,2.000000,polar,0.0,0.0,7.436e-06,4.644e-06,32,256
cube,2.000000,polar,3.3182e-05,0.000144042,0.0,0.0,32,256
cube,2.000000,polar,0.0,0.0,6.751e-06,7.034e-06,32,256
cube,2.000000,polar,3.0071e-05,0.000209832,0.0,0.0,32,256
cube,2.000000,polar,0.0,0.0,7.088e-06,1.938e-06,32,256
cube,2.000000,polar,3.2135e-05,0.000188335,0.0,0.0,32,256
cube,2.000000,polar,0.0,0.0,8.012e-06,4.642e-06,32,256
cube,2.000000,polar,3.5382e-05,0.000185554,0.0,0.0,32,256
cube,2.000000,polar,0.0,0.0,7.791e-06,6.078e-06,32,256
cube,2.000000,polar,2.0875e-05,0.000129032,0.0,0.0,32,256
cube,2.000000,polar,0.0,0.0,4.374e-06,2.561e-06,32,256
cube,2.000000,polar,2.3049e-05,0.000152717,0.0,0.0,32,256
cube,2.000000,polar,0.0,0.0,5.047e-06,1.461e-06,32,256
cube,2.000000,polar,2.2378e-05,0.000155494,0.0,0.0,32,256
cube,2.000000,polar,0.0,0.0,4.937e-06,2.895e-06,32,256
cube,2.000000,polar,2.1954e-05,0.00011316,0.0,0.0,32,256
cube,2.000000,polar,0.0,0.0,5.02e-06,5.293e-06,32,256
cube,2.000000,polar,3.4151e-05,0.000125544,0.0,0.0,32,256
cube,2.000000,polar,0.0,0.0,5.992e-06,1.3161e-05,32,256
cube,2.000000,polar,2.9143e-05,0.000145029,0.0,0.0,32,256
cube,2.000000,polar,0.0,0.0,6.93e-06,3.615e-06,32,256
cube,2.000000,polar,7.607e-06,3.4427e-05,0.0,0.0,32,256
cube,2.000000,polar,0.0,0.0,1.271e-06,2.02e-06,32,256
cube,2.000000,polar,3.7603e-05,0.000161373,0.0,0.0,32,256
cube,2.000000,polar,0.0,0.0,7.723e-06,8.304e-06,32,256
cube,2.000000,polar,2.7813e-05,0.000136969,0.0,0.0,32,256
cube,2.000000,polar,0.0,0.0,5.796e-06,5.375e-06,32,256
cube,2.000000,polar,2.1715e-05,0.000106382,0.0,0.0,32,256
cube,2.000000,polar,0.0,0.0,4.457e-06,4.346e-06,32,256
cube,2.000000,polar,2.774e-05,0.000135315,0.0,0.0,32,256
cube,2.000000,polar,0.0,0.0,5.965e-06,5.076e-06,32,256
cube,2.000000,polar,1.7306e-05,0.000137211,0.0,0.0,32,256
cube,2.000000,polar,0.0,0.0,3.86e-06,0,32,256
cube,2.000000,polar,3.7722e-05,0.000154649,0.0,0.0,32,256
cube,2.000000,polar,0.0,0.0,8.004e-06,5.185e-06,32,256
cube,2.000000,polar,2.2377e-05,0.000120278,0.0,0.0,32,256
cube,2.000000,polar,0.0,0.0,4.784e-06,2.254e-06,32,256
cube,2.000000,polar,1.769e-05,0.000119947,0.0,0.0,32,256
cube,2.000000,polar,0.0,0.0,3.981e-06,1.271e-06,32,256
cube,2.000000,polar,2.6401e-05,0.000114564,0.0,0.0,32,256
cube,2.000000,polar,0.0,0.0,5.511e-06,5.005e-06,32,256
cube,2.000000,polar,2.8085e-05,0.000142624,0.0,0.0,32,256
cube,2.000000,polar,0.0,0.0,6.311e-06,5.095e-06,32,256
cube,2.000000,polar,1.6682e-05,9.624e-05,0.0,0.0,32,256
cube,2.000000,polar,0.0,0.0,2.831e-06,7.727e-06,32,256
cube,2.000000,polar,3.5685e-05,0.000160796,0.0,0.0,32,256
cube,2.000000,polar,0.0,0.0,7.662e-06,4.716e-06,32,256
cube,2.000000,polar,2.0021e-05,0.000133367,0.0,0.0,32,256
cube,2.000000,polar,0.0,0.0,4.179e-06,0,32,256
cube,2.000000,polar,1.7217e-05,0.00010256,0.0,0.0,32,256
cube,2.000000,polar,0.0,0.0,3.708e-06,1.912e-06,32,256
cube,2.000000,polar,2.0193e-05,0.000140943,0.0,0.0,32,256
cube,2.000000,polar,0.0,0.0,4.472e-06,0,32,256
cube,2.000000,polar,3.01e-05,0.000140874,0.0,0.0,32,256
cube,2.000000,polar,0.0,0.0,1.2775e-05,3.516e-06,32,256
cube,2.000000,polar,3.2992e-05,0.000112588,0.0,0.0,32,256
cube,2.000000,polar,0.0,0.0,6.489e-06,1.0127e-05,32,256
cube,2.000000,polar,2.6542e-05,0.000154388,0.0,0.0,32,256
cube,2.000000,polar,0.0,0.0,5.455e-06,3.346e-06,32,256
cube,2.000000,polar,3.0945e-05,0.000114347,0.0,0.0,32,256
cube,2.000000,polar,0.0,0.0,6.005e-06,7.345e-06,32,256
cube,2.000000,polar,2.5594e-05,0.000149894,0.0,0.0,32,256
cube,2.000000,polar,0.0,0.0,5.059e-06,3.128e-06,32,256
cube,2.000000,polar,2.1365e-05,0.00012991,0.0,0.0,32,256
cube,2.000000,polar,0.0,0.0,4.807e-06,2.79e-07,32,256
cube,2.000000,polar,1.9673e-05,0.000119237,0.0,0.0,32,256
cube,2.000000,polar,0.0,0.0,4.313e-06,2.524e-06,32,256
cube,2.000000,polar,3.0156e-05,6.5914e-05,0.0,0.0,32,256
cube,2.000000,polar,0.0,0.0,1.2047e-05,8.106e-06,32,256
cube,2.000000,polar,3.3003e-05,0.000247818,0.0,0.0,32,256
cube,2.000000,polar,0.0,0.0,6.598e-06,5.77e-06,32,256
cube,2.000000,polar,4.1671e-05,0.000166585,0.0,0.0,32,256
cube,2.000000,polar,0.0,0.0,8.679e-06,9.97e-06,32,256
cube,2.000000,polar,2.3628e-05,9.1738e-05,0.0,0.0,32,256
cube,2.000000,polar,0.0,0.0,4.713e-06,6.715e-06,32,256
cube,2.000000,polar,3.8335e-05,0.000183365,0.0,0.0,32,256
cube,2.000000,polar,0.0,0.0,8.035e-06,5.158e-06,32,256
cube,2.000000,polar,2.7313e-05,0.000113766,0.0,0.0,32,256
cube,2.000000,polar,0.0,0.0,5.713e-06,4.699e-06,32,256
cube,2.000000,polar,2.4613e-05,0.000140945,0.0,0.0,32,256
cube,2.000000,polar,0.0,0.0,5.142e-06,4.679e-06,32,256
cube,2.000000,polar,2.8546e-05,0.0001637,0.0,0.0,32,256
cube,2.000000,polar,0.0,0.0,6.181e-06,4.031e-06,32,256
cube,2.000000,polar,4.1103e-05,0.000203664,0.0,0.0,32,256
cube,2.000000,polar,0.0,0.0,8.521e-06,6.907e-06,32,256
cube,2.000000,polar,1.7165e-05,0.000123187,0.0,0.0,32,256
cube,2.000000,polar,0.0,0.0,3.758e-06,0,32,256
cube,2.000000,polar,2.0276e-05,0.000117799,0.0,0.0,32,256
cube,2.000000,polar,0.0,0.0,4.198e-06,2.084e-06,32,256
cube,2.000000,polar,2.1408e-05,6.5616e-05,0.0,0.0,32,256
cube,2.000000,polar,0.0,0.0,4.312e-06,7.638e-06,32,256
cube,2.000000,polar,2.7029e-05,0.00014777,0.0,0.0,32,256
cube,2.000000,polar,0.0,0.0,6.094e-06,4.598e-06,32,256
cube,2.000000,polar,2.6541e-05,0.00029111,0.0,0.0,32,256
cube,2.000000,polar,0.0,0.0,6.465e-06,2.569e-06,32,256
cube,2.000000,polar,3.1578e-05,0.000165283,0.0,0.0,32,256
cube,2.000000,polar,0.0,0.0,6.62e-06,2.696e-06,32,256
cube,2.000000,polar,3.928e-05,0.000108508,0.0,0.0,32,256
cube,2.000000,polar,0.0,0.0,7.24e-06,1.6641e-05,32,256
cube,2.000000,polar,2.7153e-05,0.000139231,0.0,0.0,32,256
cube,2.000000,polar,0.0,0.0,6.076e-06,2.994e-06,32,256
cube,2.000000,polar,2.1388e-05,0.000193606,0.0,0.0,32,256
cube,2.000000,polar,0.0,0.0,4.599e-06,0,32,256
cube,2.000000,polar,2.7991e-05,0.000209412,0.0,0.0,32,256
cube,2.000000,polar,0.0,0.0,6.312e-06,0,32,256
cube,2.000000,polar,3.6453e-05,0.00025462,0.0,0.0,32,256
cube,2.000000,polar,0.0,0.0,8.531e-06,6.203e-06,32,256
cube,2.000000,polar,1.4836e-05,7.4334e-05,0.0,0.0,32,256
cube,2.000000,polar,0.0,0.0,3.103e-06,5.158e-06,32,256
cube,2.000000,polar,2.861e-05,0.00018395,0.0,0.0,32,256
cube,2.000000,polar,0.0,0.0,6.458e-06,8.21e-07,32,256
cube,2.000000,polar,2.0947e-05,8.7104e-05,0.0,0.0,32,256
cube,2.000000,polar,0.0,0.0,4.182e-06,3.804e-06,32,256
cube,2.000000,polar,1.9685e-05,0.000110395,0.0,0.0,32,256
cube,2.000000,polar,0.0,0.0,4.388e-06,2.353e-06,32,256
cube,2.000000,polar,2.0536e-05,0.000150026,0.0,0.0,32,256
cube,2.000000,polar,0.0,0.0,4.51e-06,1.92e-06,32,256
cube,2.000000,polar,3.0283e-05,0.000104573,0.0,0.0,32,256
cube,2.000000,polar,0.0,0.0,5.568e-06,8.531e-06,32,256
cube,2.000000,polar,2.1541e-05,9.4701e-05,0.0,0.0,32,256
cube,2.000000,polar,0.0,0.0,4.083e-06,5.449e-06,32,256
cube,2.000000,polar,1.1931e-05,1.7096e-05,0.0,0.0,32,256
cube,2.000000,polar,0.0,0.0,2.66e-06,5.437e-06,32,256
cube,2.000000,polar,2.8495e-05,0.000129739,0.0,0.0,32,256
cube,2.000000,polar,0.0,0.0,5.733e-06,4.859e-06,32,256
cube,2.000000,polar,3.6844e-05,0.000137965,0.0,0.0,32,256
cube,2.000000,polar,0.0,0.0,7.42e-06,1.1957e-05,32,256
cube,2.000000,polar,2.2536e-05,0.000133838,0.0,0.0,32,256
cube,2.000000,polar,0.0,0.0,5.173e-06,3.52e-07,32,256
cube,2.000000,polar,3.5769e-05,0.000168945,0.0,0.0,32,256
cube,2.000000,polar,0.0,0.0,7.125e-06,7.853e-06,32,256
cube,2.000000,polar,2.9705e-05,0.000135606,0.0,0.0,32,256
cube,2.000000,polar,0.0,0.0,6.213e-06,5.31e-06,32,256
cube,2.000000,polar,2.4291e-05,0.00012664,0.0,0.0,32,256
cube,2.000000,polar,0.0,0.0,5.071e-06,2.444e-06,32,256
cube,2.000000,polar,2.5382e-05,0.000149891,0.0,0.0,32,256
cube,2.000000,polar,0.0,0.0,5.243e-06,2.38e-06,32,256
cube,2.000000,polar,4.6098e-05,0.00017222,0.0,0.0,32,256
cube,2.000000,polar,0.0,0.0,7.691e-06,7.413e-06,32,256
cube,2.000000,polar,1.5592e-05,0.000101243,0.0,0.0,32,256
cube,2.000000,polar,0.0,0.0,3.348e-06,0,32,256
cube,2.000000,polar,4.6464e-05,0.000192465,0.0,0.0,32,256
cube,2.000000,polar,0.0,0.0,8.493e-06,6.365e-06,32,256
cube,2.000000,polar,2.7767e-05,0.00012335,0.0,0.0,32,256
cube,2.000000,polar,0.0,0.0,5.867e-06,7.043e-06,32,256
cube,2.000000,polar,1.6643e-05,0.000128197,0.0,0.0,32,256
cube,2.000000,polar,0.0,0.0,3.768e-06,0,32,256
cube,2.000000,polar,2.2925e-05,0.000146088,0.0,0.0,32,256
cube,2.000000,polar,0.0,0.0,4.845e-06,1.172e-06,32,256
cube,2.000000,polar,1.8203e-05,0.000113102,0.0,0.0,32,256
cube,2.000000,polar,0.0,0.0,3.911e-06,8.74e-07,32,256
cube,2.000000,polar,3.899e-05,9.9344e-05,0.0,0.0,32,256
cube,2.000000,polar,0.0,0.0,6.777e-06,1.6743e-05,32,256
cube,2.000000,polar,2.7864e-05,0.000138302,0.0,0.0,32,256
cube,2.000000,polar,0.0,0.0,5.348e-06,5.185e-06,32,256
cube,2.000000,polar,3.7379e-05,0.000130374,0.0,0.0,32,256
cube,2.000000,polar,0.0,0.0,6.18e-06,1.4988e-05,32,256
cube,2.000000,polar,2.7737e-05,0.000155664,0.0,0.0,32,256
cube,2.000000,polar,0.0,0.0,6.083e-06,4.112e-06,32,256
cube,2.000000,polar,2.2923e-05,0.000110666,0.0,0.0,32,256
cube,2.000000,polar,0.0,0.0,4.814e-06,3.785e-06,32,256
cube,2.000000,polar,1.8319e-05,9.3272e-05,0.0,0.0,32,256
cube,2.000000,polar,0.0,0.0,4.029e-06,3.327e-06,32,256
cube,2.000000,polar,1.1204e-05,8.6095e-05,0.0,0.0,32,256
cube,2.000000,polar,0.0,0.0,2.407e-06,0,32,256
cube,2.000000,polar,2.4239e-05,0.000145028,0.0,0.0,32,256
cube,2.000000,polar,0.0,0.0,5.141e-06,1.587e-06,32,256
cube,2.000000,polar,3.5627e-05,0.000123879,0.0,0.0,32,256
cube,2.000000,polar,0.0,0.0,6.038e-06,1.5087e-05,32,256
cube,2.000000,polar,2.1876e-05,6.0818e-05,0.0,0.0,32,256
cube,2.000000,polar,0.0,0.0,3.597e-06,9.353e-06,32,256
cube,2.000000,polar,2.0116e-05,0.000151327,0.0,0.0,32,256
cube,2.000000,polar,0.0,0.0,4.616e-06,0,32,256
cube,2.000000,polar,2.2572e-05,0.000117665,0.0,0.0,32,256
cube,2.000000,polar,0.0,0.0,5.005e-06,2.832e-06,32,256
cube,2.000000,polar,1.6091e-05,9.4712e-05,0.0,0.0,32,256
cube,2.000000,polar,0.0,0.0,3.136e-06,2.371e-06,32,256
cube,2.000000,polar,1.4538e-05,9.3625e-05,0.0,0.0,32,256
cube,2.000000,polar,0.0,0.0,3.321e-06,5.59e-07,32,256
cube,2.000000,polar,5.1169e-05,0.000142169,0.0,0.0,32,256
cube,2.000000,polar,0.0,0.0,9.057e-06,2.2886e-05,32,256
cube,2.000000,polar,3.157e-05,0.000165798,0.0,0.0,32,256
cube,2.000000,polar,0.0,0.0,7.373e-06,6.481e-06,32,256
cube,2.000000,polar,3.0385e-05,0.00018945,0.0,0.0,32,256
cube,2.000000,polar,0.0,0.0,7.343e-06,4.464e-06,32,256
cube,2.000000,polar,2.447e-05,0.000145424,0.0,0.0,32,256
cube,2.000000,polar,0.0,0.0,5.823e-06,0,32,256
cube,2.000000,polar,3.0938e-05,0.000139875,0.0,0.0,32,256
cube,2.000000,polar,0.0,0.0,6.093e-06,5.961e-06,32,256
cube,2.000000,polar,2.7253e-05,0.000163593,0.0,0.0,32,256
cube,2.000000,polar,0.0,0.0,6.311e-06,9.56e-07,32,256
cube,2.000000,polar,3.3601e-05,0.000144345,0.0,0.0,32,256
cube,2.000000,polar,0.0,0.0,6.767e-06,8.007e-06,32,256
cube,2.000000,polar,5.9116e-05,0.000107906,0.0,0.0,32,256
cube,2.000000,polar,0.0,0.0,5.68e-06,3.9646e-05,32,256
cube,2.000000,polar,2.222e-05,0.0001108,0.0,0.0,32,256
cube,2.000000,polar,0.0,0.0,4.87e-06,2.282e-06,32,256
cube,2.000000,polar,2.2174e-05,8.4735e-05,0.0,0.0,32,256
cube,2.000000,polar,0.0,0.0,4.455e-06,6.735e-06,32,256
cube,2.000000,polar,2.2442e-05,0.000148809,0.0,0.0,32,256
cube,2.000000,polar,0.0,0.0,4.96e-06,0,32,256
cube,2.000000,polar,2.8638e-05,0.000126677,0.0,0.0,32,256
cube,2.000000,polar,0.0,0.0,5.827e-06,6.683e-06,32,256
cube,2.000000,polar,2.176e-05,9.9113e-05,0.0,0.0,32,256
cube,2.000000,polar,0.0,0.0,4.644e-06,4.933e-06,32,256
cube,2.000000,polar,2.4942e-05,0.000133368,0.0,0.0,32,256
cube,2.000000,polar,0.0,0.0,5.502e-06,2.847e-06,32,256
cube,2.000000,polar,2.1688e-05,0.000169784,0.0,0.0,32,256
cube,2.000000,polar,0.0,0.0,4.934e-06,1e-06,32,256
cube,2.000000,polar,4.6909e-05,4.3782e-05,0.0,0.0,32,256
cube,2.000000,polar,0.0,0.0,7.584e-06,2.7915e-05,32,256
cube,2.000000,polar,3.5151e-05,0.000154253,0.0,0.0,32,256
cube,2.000000,polar,0.0,0.0,7.354e-06,7.301e-06,32,256
cube,2.000000,polar,2.5704e-05,0.000142307,0.0,0.0,32,256
cube,2.000000,polar,0.0,0.0,5.817e-06,1.794e-06,32,256
cube,2.000000,polar,4.9654e-05,0.000158167,0.0,0.0,32,256
cube,2.000000,polar,0.0,0.0,8.467e-06,2.3083e-05,32,256
cube,2.000000,polar,1.9674e-05,0.000120426,0.0,0.0,32,256
cube,2.000000,polar,0.0,0.0,4.301e-06,0,32,256
cube,2.000000,polar,2.1774e-05,0.00011754,0.0,0.0,32,256
cube,2.000000,polar,0.0,0.0,4.878e-06,0,32,256
cube,2.000000,polar,3.3465e-05,0.000172053,0.0,0.0,32,256
cube,2.000000,polar,0.0,0.0,7.216e-06,4.2e-06,32,256
cube,2.000000,polar,4.3037e-05,0.000154666,0.0,0.0,32,256
cube,2.000000,polar,0.0,0.0,8.519e-06,1.3239e-05,32,256
cube,2.000000,polar,3.4629e-05,0.000127072,0.0,0.0,32,256
cube,2.000000,polar,0.0,0.0,7.026e-06,8.071e-06,32,256
cube,2.000000,polar,2.2832e-05,0.000144898,0.0,0.0,32,256
cube,2.000000,polar,0.0,0.0,4.714e-06,1.083e-06,32,256
cube,2.000000,polar,3.4842e-05,0.000185027,0.0,0.0,32,256
cube,2.000000,polar,0.0,0.0,7.209e-06,4.789e-06,32,256
cube,2.000000,polar,3.3169e-05,0.000149804,0.0,0.0,32,256
cube,2.000000,polar,0.0,0.0,6.587e-06,5.049e-06,32,256
cube,2.000000,polar,4.683e-05,0.000145092,0.0,0.0,32,256
cube,2.000000,polar,0.0,0.0,9.368e-06,1.4272e-05,32,256
cube,2.000000,polar,2.6892e-05,0.000120112,0.0,0.0,32,256
cube,2.000000,polar,0.0,0.0,5.615e-06,5.086e-06,32,256
cube,2.000000,polar,4.15e-05,0.000208499,0.0,0.0,32,256
cube,2.000000,polar,0.0,0.0,8.909e-06,5.788e-06,32,256
cube,2.000000,polar,3.5845e-05,0.00011363,0.0,0.0,32,256
cube,2.000000,polar,0.0,0.0,7.278e-06,1.2336e-05,32,256
cube,2.000000,polar,3.7133e-05,0.000197351,0.0,0.0,32,256
cube,2.000000,polar,0.0,0.0,8.196e-06,3.606e-06,32,256
cube,2.000000,polar,3.1078e-05,0.000171335,0.0,0.0,32,256
cube,2.000000,polar,0.0,0.0,6.317e-06,3.885e-06,32,256
cube,2.000000,polar,1.9235e-05,8.1231e-05,0.0,0.0,32,256
cube,2.000000,polar,0.0,0.0,3.537e-06,4.588e-06,32,256
cube,2.000000,polar,3.967e-05,0.00014107,0.0,0.0,32,256
cube,2.000000,polar,0.0,0.0,7.393e-06,1.202e-05,32,256
cube,2.000000,polar,2.1891e-05,3.1887e-05,0.0,0.0,32,256
cube,2.000000,polar,0.0,0.0,3.56e-06,1.2199e-05,32,256
cube,2.000000,polar,1.9203e-05,0.000132935,0.0,0.0,32,256
cube,2.000000,polar,0.0,0.0,4.418e-06,5.77e-07,32,256
cube,2.000000,polar,3.0096e-05,0.000108095,0.0,0.0,32,256
cube,2.000000,polar,0.0,0.0,6.737e-06,8.574e-06,32,256
cube,2.000000,polar,4.3431e-05,0.000135908,0.0,0.0,32,256
cube,2.000000,polar,0.0,0.0,7.438e-06,1.5798e-05,32,256
cube,2.000000,polar,2.4649e-05,0.000158739,0.0,0.0,32,256
cube,2.000000,polar,0.0,0.0,5.57e-06,0,32,256
cube,2.000000,polar,3.2037e-05,0.000112533,0.0,0.0,32,256
cube,2.000000,polar,0.0,0.0,6.778e-06,1.0279e-05,32,256
cube,2.000000,polar,3.0739e-05,0.000149023,0.0,0.0,32,256
cube,2.000000,polar,0.0,0.0,6.22e-06,4.481e-06,32,256
cube,2.000000,polar,3.0311e-05,0.000139478,0.0,0.0,32,256
cube,2.000000,polar,0.0,0.0,6.051e-06,5.209e-06,32,256
cube,2.000000,polar,3.6849e-05,0.000255993,0.0,0.0,32,256
cube,2.000000,polar,0.0,0.0,8.102e-06,9.909e-06,32,256
cube,2.000000,polar,3.1153e-05,0.000181938,0.0,0.0,32,256
cube,2.000000,polar,0.0,0.0,7.801e-06,2.389e-06,32,256
cube,2.000000,polar,9.675e-06,7.1088e-05,0.0,0.0,32,256
cube,2.000000,polar,0.0,0.0,2.343e-06,0,32,256
cube,2.000000,polar,3.7127e-05,0.000165424,0.0,0.0,32,256
cube,2.000000,polar,0.0,0.0,7.855e-06,8.531e-06,32,256
cube,2.000000,polar,2.5035e-05,0.00017062,0.0,0.0,32,256
cube,2.000000,polar,0.0,0.0,5.24e-06,9.65e-07,32,256
cube,2.000000,polar,2.649e-05,0.000129919,0.0,0.0,32,256
cube,2.000000,polar,0.0,0.0,5.627e-06,3.49e-06,32,256
cube,2.000000,polar,2.9345e-05,0.000153624,0.0,0.0,32,256
cube,2.000000,polar,0.0,0.0,6.133e-06,5.727e-06,32,256
cube,2.000000,polar,3.038e-05,0.000128574,0.0,0.0,32,256
cube,2.000000,polar,0.0,0.0,6.779e-06,6.247e-06,32,256
cube,2.000000,polar,2.8393e-05,0.000124203,0.0,0.0,32,256
cube,2.000000,polar,0.0,0.0,5.687e-06,5.518e-06,32,256
cube,2.000000,polar,2.7662e-05,9.0285e-05,0.0,0.0,32,256
cube,2.000000,polar,0.0,0.0,5.627e-06,1.019e-05,32,256
cube,2.000000,polar,3.063e-05,0.00011479,0.0,0.0,32,256
cube,2.000000,polar,0.0,0.0,5.453e-06,1.0456e-05,32,256
cube,2.000000,polar,2.2367e-05,0.000116623,0.0,0.0,32,256
cube,2.000000,polar,0.0,0.0,4.185e-06,3.598e-06,32,256
cube,2.000000,polar,2.6785e-05,0.000187035,0.0,0.0,32,256
cube,2.000000,polar,0.0,0.0,6.057e-06,2.345e-06,32,256
cube,2.000000,polar,2.7034e-05,0.000141345,0.0,0.0,32,256
cube,2.000000,polar,0.0,0.0,5.502e-06,4.516e-06,32,256
cube,2.000000,polar,3.5639e-05,0.000178514,0.0,0.0,32,256
cube,2.000000,polar,0.0,0.0,7.4e-06,6.728e-06,32,256
cube,2.000000,polar,3.9087e-05,0.000178839,0.0,0.0,32,256
cube,2.000000,polar,0.0,0.0,8.162e-06,6.45e-06,32,256
cube,2.000000,polar,4.2489e-05,8.8264e-05,0.0,0.0,32,256
cube,2.000000,polar,0.0,0.0,7.401e-06,1.9825e-05,32,256
cube,2.000000,polar,1.8972e-05,0.000132636,0.0,0.0,32,256
cube,2.000000,polar,0.0,0.0,4.12e-06,0,32,256
cube,2.000000,polar,2.3434e-05,0.000136904,0.0,0.0,32,256
cube,2.000000,polar,0.0,0.0,4.911e-06,2.497e-06,32,256
cube,2.000000,polar,3.2051e-05,0.000139089,0.0,0.0,32,256
cube,2.000000,polar,0.0,0.0,7.109e-06,5.507e-06,32,256
cube,2.000000,polar,1.5368e-05,0.000110218,0.0,0.0,32,256
cube,2.000000,polar,0.0,0.0,3.593e-06,0,32,256
cube,2.000000,polar,2.9398e-05,0.000161023,0.0,0.0,32,256
cube,2.000000,polar,0.0,0.0,6.414e-06,5.338e-06,32,256
cube,2.000000,polar,3.1205e-05,0.000140482,0.0,0.0,32,256
cube,2.000000,polar,0.0,0.0,6.318e-06,7.638e-06,32,256
cube,2.000000,polar,2.9766e-05,0.00012007,0.0,0.0,32,256
cube,2.000000,polar,0.0,0.0,6.224e-06,6.899e-06,32,256
cube,2.000000,polar,4.1286e-05,9.3801e-05,0.0,0.0,32,256
cube,2.000000,polar,0.0,0.0,7.667e-06,1.9634e-05,32,256
cube,2.000000,polar,3.3772e-05,0.000156741,0.0,0.0,32,256
cube,2.000000,polar,0.0,0.0,6.89e-06,7.638e-06,32,256
cube,2.000000,polar,2.619e-05,0.000135503,0.0,0.0,32,256
cube,2.000000,polar,0.0,0.0,5.428e-06,2.975e-06,32,256
cube,2.000000,polar,2.2136e-05,0.000123281,0.0,0.0,32,256
cube,2.000000,polar,0.0,0.0,4.687e-06,2.696e-06,32,256
cube,2.000000,polar,2.6513e-05,3.664e-05,0.0,0.0,32,256
cube,2.000000,polar,0.0,0.0,4.293e-06,1.5734e-05,32,256
cube,2.000000,polar,2.9321e-05,0.000162887,0.0,0.0,32,256
cube,2.000000,polar,0.0,0.0,6.007e-06,4.768e-06,32,256
cube,2.000000,polar,1.0736e-05,7.0675e-05,0.0,0.0,32,256
cube,2.000000,polar,0.0,0.0,2.514e-06,0,32,256
cube,2.000000,polar,1.4769e-05,7.1589e-05,0.0,0.0,32,256
cube,2.000000,polar,0.0,0.0,3.1e-06,2.66e-06,32,256
cube,2.000000,polar,2.3763e-05,0.000143816,0.0,0.0,32,256
cube,2.000000,polar,0.0,0.0,5.344e-06,1.758e-06,32,256
cube,2.000000,polar,1.433e-05,8.4679e-05,0.0,0.0,32,256
cube,2.000000,polar,0.0,0.0,3.083e-06,3.644e-06,32,256
cube,2.000000,polar,2.2659e-05,0.000146749,0.0,0.0,32,256
cube,2.000000,polar,0.0,0.0,5.305e-06,1.569e-06,32,256
cube,2.000000,polar,2.4201e-05,0.000129054,0.0,0.0,32,256
cube,2.000000,polar,0.0,0.0,4.98e-06,2.895e-06,32,256
cube,2.000000,polar,2.1655e-05,0.00016076,0.0,0.0,32,256
cube,2.000000,polar,0.0,0.0,4.761e-06,0,32,256
cube,2.000000,polar,2.221e-05,0.000127091,0.0,0.0,32,256
cube,2.000000,polar,0.0,0.0,4.789e-06,1.758e-06,32,256
cube,2.000000,polar,4.0201e-05,0.000199539,0.0,0.0,32,256
cube,2.000000,polar,0.0,0.0,6.523e-06,1.5671e-05,32,256
cube,2.000000,polar,1.9658e-05,7.9478e-05,0.0,0.0,32,256
cube,2.000000,polar,0.0,0.0,4.313e-06,4.933e-06,32,256
cube,2.000000,polar,2.1327e-05,0.000105409,0.0,0.0,32,256
cube,2.000000,polar,0.0,0.0,4.477e-06,3.851e-06,32,256
cube,2.000000,polar,3.2658e-05,0.000126307,0.0,0.0,32,256
cube,2.000000,polar,0.0,0.0,5.965e-06,1.0893e-05,32,256
cube,2.000000,polar,3.6167e-05,0.000172638,0.0,0.0,32,256
cube,2.000000,polar,0.0,0.0,7.192e-06,5.148e-06,32,256
cube,2.000000,polar,2.2161e-05,0.000103543,0.0,0.0,32,256
cube,2.000000,polar,0.0,0.0,4.481e-06,2.669e-06,32,256
cube,2.000000,polar,3.9113e-05,0.000149316,0.0,0.0,32,256
cube,2.000000,polar,0.0,0.0,8.314e-06,9.062e-06,32,256
cube,2.000000,polar,2.9131e-05,8.7014e-05,0.0,0.0,32,256
cube,2.000000,polar,0.0,0.0,3.544e-06,3.374e-06,32,256
cube,2.000000,polar,2.6316e-05,0.000160742,0.0,0.0,32,256
cube,2.000000,polar,0.0,0.0,5.637e-06,2.651e-06,32,256
cube,2.000000,polar,3.6696e-05,0.0002636,0.0,0.0,32,256
cube,2.000000,polar,0.0,0.0,8.312e-06,1.027e-06,32,256
cube,2.000000,polar,4.3013e-05,0.000178101,0.0,0.0,32,256
cube,2.000000,polar,0.0,0.0,7.501e-06,4.833e-06,32,256
cube,2.000000,polar,3.8942e-05,0.000163235,0.0,0.0,32,256
cube,2.000000,polar,0.0,0.0,9.15e-06,8.271e-06,32,256
cube,2.000000,polar,1.8829e-05,0.000111298,0.0,0.0,32,256
cube,2.000000,polar,0.0,0.0,3.895e-06,1.948e-06,32,256
cube,2.000000,polar,5.5771e-05,0.000192523,0.0,0.0,32,256
cube,2.000000,polar,0.0,0.0,1.0734e-05,1.7824e-05,32,256
cube,2.000000,polar,2.8386e-05,0.000139814,0.0,0.0,32,256
cube,2.000000,polar,0.0,0.0,6.136e-06,4.905e-06,32,256
cube,2.000000,polar,2.7777e-05,0.000170042,0.0,0.0,32,256
cube,2.000000,polar,0.0,0.0,5.589e-06,4.697e-06,32,256
cube,2.000000,polar,2.6465e-05,9.9103e-05,0.0,0.0,32,256
cube,2.000000,polar,0.0,0.0,5.103e-06,6.808e-06,32,256
cube,2.000000,polar,2.68e-05,0.000110454,0.0,0.0,32,256
cube,2.000000,polar,0.0,0.0,5.174e-06,7.313e-06,32,256
cube,2.000000,polar,1.6256e-05,8.5202e-05,0.0,0.0,32,256
cube,2.000000,polar,0.0,0.0,3.227e-06,2.642e-06,32,256
cube,2.000000,polar,2.5718e-05,0.000125192,0.0,0.0,32,256
cube,2.000000,polar,0.0,0.0,5.247e-06,3.958e-06,32,256
cube,2.000000,polar,2.3389e-05,0.000145223,0.0,0.0,32,256
cube,2.000000,polar,0.0,0.0,5.075e-06,1.632e-06,32,256
cube,2.000000,polar,4.0753e-05,0.000126483,0.0,0.0,32,256
cube,2.000000,polar,0.0,0.0,7.562e-06,1.3316e-05,32,256
cube,2.000000,polar,2.2121e-05,0.000170071,0.0,0.0,32,256
cube,2.000000,polar,0.0,0.0,4.996e-06,0,32,256
cube,2.000000,polar,3.1728e-05,0.000186815,0.0,0.0,32,256
cube,2.000000,polar,0.0,0.0,6.261e-06,7.943e-06,32,256
cube,2.000000,polar,2.6357e-05,0.000113153,0.0,0.0,32,256
cube,2.000000,polar,0.0,0.0,5.299e-06,4.895e-06,32,256
cube,2.000000,polar,3.4457e-05,0.000197104,0.0,0.0,32,256
cube,2.000000,polar,0.0,0.0,7.199e-06,2.804e-06,32,256
cube,2.000000,polar,1.6761e-05,8.8972e-05,0.0,0.0,32,256
cube,2.000000,polar,0.0,0.0,3.376e-06,3.705e-06,32,256
cube,2.000000,polar,4.4129e-05,0.000112292,0.0,0.0,32,256
cube,2.000000,polar,0.0,0.0,1.9519e-05,6.734e-06,32,256
cube,2.000000,polar,3.796e-06,4.048e-06,0.0,0.0,32,256
cube,2.000000,polar,0.0,0.0,6.39e-07,2.516e-06,32,256
cube,2.000000,polar,2.4885e-05,9.4967e-05,0.0,0.0,32,256
cube,2.000000,polar,0.0,0.0,4.712e-06,7.288e-06,32,256
cube,2.000000,polar,3.0217e-05,1.0963e-05,0.0,0.0,32,256
cube,2.000000,polar,0.0,0.0,4.375e-06,1.7813e-05,32,256
cube,2.000000,polar,2.3256e-05,0.000131189,0.0,0.0,32,256
cube,2.000000,polar,0.0,0.0,4.951e-06,4.544e-06,32,256
cube,2.000000,polar,2.0324e-05,7.1733e-05,0.0,0.0,32,256
cube,2.000000,polar,0.0,0.0,3.716e-06,5.943e-06,32,256
cube,2.000000,polar,2.3117e-05,0.000136331,0.0,0.0,32,256
cube,2.000000,polar,0.0,0.0,5.843e-06,9.65e-07,32,256
cube,2.000000,polar,3.4652e-05,0.000184431,0.0,0.0,32,256
cube,2.000000,polar,0.0,0.0,7.29e-06,3.28e-06,32,256
cube,2.000000,polar,4.1702e-05,0.000179928,0.0,0.0,32,256
cube,2.000000,polar,0.0,0.0,7.742e-06,1.3002e-05,32,256
cube,2.000000,polar,1.416e-05,5.8376e-05,0.0,0.0,32,256
cube,2.000000,polar,0.0,0.0,2.725e-06,4.697e-06,32,256
cube,2.000000,polar,3.9326e-05,0.000179564,0.0,0.0,32,256
cube,2.000000,polar,0.0,0.0,8.29e-06,8.059e-06,32,256
cube,2.000000,polar,5.0796e-05,0.000148357,0.0,0.0,32,256
cube,2.000000,polar,0.0,0.0,9.925e-06,1.9403e-05,32,256
cube,2.000000,polar,2.5184e-05,0.000145339,0.0,0.0,32,256
cube,2.000000,polar,0.0,0.0,5.467e-06,2.029e-06,32,256
cube,2.000000,polar,3.1426e-05,0.000145716,0.0,0.0,32,256
cube,2.000000,polar,0.0,0.0,6.908e-06,4.372e-06,32,256
cube,2.000000,polar,1.9609e-05,0.000116387,0.0,0.0,32,256
cube,2.000000,polar,0.0,0.0,4.194e-06,1.911e-06,32,256
cube,2.000000,polar,1.6468e-05,0.000100672,0.0,0.0,32,256
cube,2.000000,polar,0.0,0.0,3.571e-06,0,32,256
cube,2.000000,polar,2.1728e-05,0.000128147,0.0,0.0,32,256
cube,2.000000,polar,0.0,0.0,4.557e-06,3.67e-06,32,256
cube,2.000000,polar,2.0933e-05,0.000102256,0.0,0.0,32,256
cube,2.000000,polar,0.0,0.0,4.795e-06,4.22e-06,32,256
cube,2.000000,polar,2.4924e-05,0.000109057,0.0,0.0,32,256
cube,2.000000,polar,0.0,0.0,5.002e-06,5.546e-06,32,256
cube,2.000000,polar,4.5868e-05,0.000113188,0.0,0.0,32,256
cube,2.000000,polar,0.0,0.0,5.47e-06,5.799e-06,32,256
cube,2.000000,polar,2.7012e-05,0.000132417,0.0,0.0,32,256
cube,2.000000,polar,0.0,0.0,5.612e-06,5.546e-06,32,256
cube,2.000000,polar,2.0253e-05,8.5471e-05,0.0,0.0,32,256
cube,2.000000,polar,0.0,0.0,3.889e-06,5.391e-06,32,256
cube,2.000000,polar,2.2678e-05,0.000151728,0.0,0.0,32,256
cube,2.000000,polar,0.0,0.0,4.56e-06,1.037e-06,32,256
cube,2.000000,polar,1.6956e-05,7.5812e-05,0.0,0.0,32,256
cube,2.000000,polar,0.0,0.0,3.475e-06,3.923e-06,32,256
cube,2.000000,polar,2.4937e-05,0.000167666,0.0,0.0,32,256
cube,2.000000,polar,0.0,0.0,5.566e-06,7.4e-07,32,256
cube,2.000000,polar,2.6166e-05,9.3609e-05,0.0,0.0,32,256
cube,2.000000,polar,0.0,0.0,5.429e-06,7.35e-06,32,256
cube,2.000000,polar,3.957e-05,0.000137684,0.0,0.0,32,256
cube,2.000000,polar,0.0,0.0,7.734e-06,1.1395e-05,32,256
cube,2.000000,polar,3.5736e-05,0.000129172,0.0,0.0,32,256
cube,2.000000,polar,0.0,0.0,7.97e-06,1.1604e-05,32,256
cube,2.000000,polar,4.2401e-05,0.000205829,0.0,0.0,32,256
cube,2.000000,polar,0.0,0.0,8.551e-06,1.204e-05,32,256
cube,2.000000,polar,2.9541e-05,0.000226255,0.0,0.0,32,256
cube,2.000000,polar,0.0,0.0,6.216e-06,1.902e-06,32,256
cube,2.000000,polar,5.8029e-05,0.000186679,0.0,0.0,32,256
cube,2.000000,polar,0.0,0.0,6.953e-06,5.175e-06,32,256
cube,2.000000,polar,3.1259e-05,0.000214387,0.0,0.0,32,256
cube,2.000000,polar,0.0,0.0,6.866e-06,1.479e-06,32,256
cube,2.000000,polar,4.5331e-05,0.00020462,0.0,0.0,32,256
cube,2.000000,polar,0.0,0.0,7.86e-06,1.5195e-05,32,256
cube,2.000000,polar,3.8472e-05,0.000208538,0.0,0.0,32,256
cube,2.000000,polar,0.0,0.0,8.095e-06,3.671e-06,32,256
cube,2.000000,polar,3.2149e-05,0.00011964,0.0,0.0,32,256
cube,2.000000,polar,0.0,0.0,6.079e-06,1.2593e-05,32,256
cube,2.000000,polar,3.8172e-05,0.000193764,0.0,0.0,32,256
cube,2.000000,polar,0.0,0.0,7.775e-06,7.267e-06,32,256
cube,2.000000,polar,2.2419e-05,0.000180307,0.0,0.0,32,256
cube,2.000000,polar,0.0,0.0,4.723e-06,0,32,256
cube,2.000000,polar,3.0357e-05,0.000156538,0.0,0.0,32,256
cube,2.000000,polar,0.0,0.0,6.135e-06,5.618e-06,32,256
cube,2.000000,polar,3.1151e-05,0.000146658,0.0,0.0,32,256
cube,2.000000,polar,0.0,0.0,6.656e-06,5.599e-06,32,256
cube,2.000000,polar,3.1683e-05,0.00016115,0.0,0.0,32,256
cube,2.000000,polar,0.0,0.0,6.963e-06,5.572e-06,32,256
cube,2.000000,polar,2.504e-05,0.0001394,0.0,0.0,32,256
cube,2.000000,polar,0.0,0.0,5.369e-06,4.347e-06,32,256
cube,2.000000,polar,3.2651e-05,0.00019248,0.0,0.0,32,256
cube,2.000000,polar,0.0,0.0,6.854e-06,3.886e-06,32,256
cube,2.000000,polar,3.0346e-05,0.000179083,0.0,0.0,32,256
cube,2.000000,polar,0.0,0.0,6.397e-06,5.203e-06,32,256
cube,2.000000,polar,5.1392e-05,0.000352541,0.0,0.0,32,256
cube,2.000000,polar,0.0,0.0,1.6613e-05,7.691e-06,32,256
cube,2.000000,polar,6.5313e-05,0.000290013,0.0,0.0,32,256
cube,2.000000,polar,0.0,0.0,1.2528e-05,1.9248e-05,32,256
cube,2.000000,polar,2.6382e-05,0.00018823,0.0,0.0,32,256
cube,2.000000,polar,0.0,0.0,6.17e-06,2.461e-06,32,256
cube,2.000000,polar,2.1815e-05,0.000140684,0.0,0.0,32,256
cube,2.000000,polar,0.0,0.0,4.685e-06,1.939e-06,32,256
cube,2.000000,polar,3.6568e-05,0.000119728,0.0,0.0,32,256
cube,2.000000,polar,0.0,0.0,7.056e-06,1.3868e-05,32,256
cube,2.000000,polar,3.1978e-05,0.00023735,0.0,0.0,32,256
cube,2.000000,polar,0.0,0.0,6.768e-06,2.335e-06,32,256
cube,2.000000,polar,2.4977e-05,0.000185775,0.0,0.0,32,256
cube,2.000000,polar,0.0,0.0,5.725e-06,1.136e-06,32,256
cube,2.000000,polar,3.4387e-05,0.000179483,0.0,0.0,32,256
cube,2.000000,polar,0.0,0.0,7.288e-06,7.337e-06,32,256
cube,2.000000,polar,2.8875e-05,0.000236068,0.0,0.0,32,256
cube,2.000000,polar,0.0,0.0,5.58e-06,4.562e-06,32,256
cube,2.000000,polar,4.6596e-05,0.000238826,0.0,0.0,32,256
cube,2.000000,polar,0.0,0.0,9.944e-06,1.0147e-05,32,256
cube,2.000000,polar,2.322e-05,0.000206661,0.0,0.0,32,256
cube,2.000000,polar,0.0,0.0,4.975e-06,0,32,256
cube,2.000000,polar,1.651e-05,0.000155315,0.0,0.0,32,256
cube,2.000000,polar,0.0,0.0,3.526e-06,0,32,256
cube,2.000000,polar,4.1897e-05,0.000209329,0.0,0.0,32,256
cube,2.000000,polar,0.0,0.0,8.647e-06,8.511e-06,32,256
cube,2.000000,polar,2.8768e-05,0.000187137,0.0,0.0,32,256
cube,2.000000,polar,0.0,0.0,5.886e-06,3.894e-06,32,256
cube,2.000000,polar,6.7466e-05,0.000158634,0.0,0.0,32,256
cube,2.000000,polar,0.0,0.0,9.577e-06,3.4463e-05,32,256
cube,2.000000,polar,4.857e-05,0.000116917,0.0,0.0,32,256
cube,2.000000,polar,0.0,0.0,8.731e-06,2.1824e-05,32,256
cube,2.000000,polar,2.4554e-05,0.000166384,0.0,0.0,32,256
cube,2.000000,polar,0.0,0.0,5.997e-06,1.146e-06,32,256
cube,2.000000,polar,2.4929e-05,0.000148423,0.0,0.0,32,256
cube,2.000000,polar,0.0,0.0,5.373e-06,3.858e-06,32,256
cube,2.000000,polar,1.9879e-05,8.9569e-05,0.0,0.0,32,256
cube,2.000000,polar,0.0,0.0,4.472e-06,3.868e-06,32,256
cube,2.000000,polar,2.1414e-05,0.000160469,0.0,0.0,32,256
cube,2.000000,polar,0.0,0.0,4.661e-06,1.065e-06,32,256
cube,2.000000,polar,2.5919e-05,0.000140496,0.0,0.0,32,256
cube,2.000000,polar,0.0,0.0,5.783e-06,2.552e-06,32,256
cube,2.000000,polar,1.9473e-05,7.825e-05,0.0,0.0,32,256
cube,2.000000,polar,0.0,0.0,3.939e-06,4.481e-06,32,256
cube,2.000000,polar,3.5835e-05,0.000127004,0.0,0.0,32,256
cube,2.000000,polar,0.0,0.0,6.626e-06,9.232e-06,32,256
cube,2.000000,polar,1.7595e-05,3.7185e-05,0.0,0.0,32,256
cube,2.000000,polar,0.0,0.0,3.535e-06,7.746e-06,32,256
cube,2.000000,polar,2.88e-05,0.000173154,0.0,0.0,32,256
cube,2.000000,polar,0.0,0.0,6.253e-06,8.03e-07,32,256
cube,2.000000,polar,2.508e-05,0.000118886,0.0,0.0,32,256
cube,2.000000,polar,0.0,0.0,5.145e-06,5.04e-06,32,256
cube,2.000000,polar,5.151e-06,2.0653e-05,0.0,0.0,32,256
cube,2.000000,polar,0.0,0.0,1.218e-06,8.39e-07,32,256
cube,2.000000,polar,3.769e-05,0.000201217,0.0,0.0,32,256
cube,2.000000,polar,0.0,0.0,7.896e-06,5.816e-06,32,256
cube,2.000000,polar,2.8869e-05,0.000232873,0.0,0.0,32,256
cube,2.000000,polar,0.0,0.0,6.355e-06,4.365e-06,32,256
cube,2.000000,polar,2.4391e-05,0.000149613,0.0,0.0,32,256
cube,2.000000,polar,0.0,0.0,4.733e-06,9.38e-07,32,256
cube,2.000000,polar,7.834e-06,4.3319e-05,0.0,0.0,32,256
cube,2.000000,polar,0.0,0.0,1.722e-06,1.1e-06,32,256
cube,2.000000,polar,3.999e-05,0.000146312,0.0,0.0,32,256
cube,2.000000,polar,0.0,0.0,6.39e-06,5.951e-06,32,256
cube,2.000000,polar,3.1793e-05,0.000177704,0.0,0.0,32,256
cube,2.000000,polar,0.0,0.0,6.863e-06,5.77e-06,32,256
cube,2.000000,polar,3.4173e-05,0.000129323,0.0,0.0,32,256
cube,2.000000,polar,0.0,0.0,6.58e-06,1.0785e-05,32,256
cube,2.000000,polar,3.097e-05,0.000165343,0.0,0.0,32,256
cube,2.000000,polar,0.0,0.0,5.726e-06,5.709e-06,32,256
cube,2.000000,polar,4.1998e-05,0.000178317,0.0,0.0,32,256
cube,2.000000,polar,0.0,0.0,7.61e-06,1.1352e-05,32,256
cube,2.000000,polar,3.4245e-05,0.000120403,0.0,0.0,32,256
cube,2.000000,polar,0.0,0.0,6.831e-06,1.0915e-05,32,256
cube,2.000000,polar,2.3135e-05,0.000137006,0.0,0.0,32,256
cube,2.000000,polar,0.0,0.0,4.819e-06,2.344e-06,32,256
cube,2.000000,polar,1.9721e-05,9.3335e-05,0.0,0.0,32,256
cube,2.000000,polar,0.0,0.0,4.048e-06,4.418e-06,32,256
cube,2.000000,polar,1.9992e-05,0.00014803,0.0,0.0,32,256
cube,2.000000,polar,0.0,0.0,4.448e-06,0,32,256
cube,2.000000,polar,3.0879e-05,9.6971e-05,0.0,0.0,32,256
cube,2.000000,polar,0.0,0.0,5.554e-06,1.0902e-05,32,256
cube,2.000000,polar,2.4193e-05,6.858e-05,0.0,0.0,32,256
cube,2.000000,polar,0.0,0.0,4.231e-06,1.1561e-05,32,256
cube,2.000000,polar,3.5789e-05,0.000152979,0.0,0.0,32,256
cube,2.000000,polar,0.0,0.0,7.127e-06,9.055e-06,32,256
cube,2.000000,polar,4.0909e-05,0.000179805,0.0,0.0,32,256
cube,2.000000,polar,0.0,0.0,7.582e-06,9.714e-06,32,256
cube,2.000000,polar,3.0029e-05,5.5343e-05,0.0,0.0,32,256
cube,2.000000,polar,0.0,0.0,1.6018e-05,5.707e-06,32,256
cube,2.000000,polar,3.0135e-05,0.000189692,0.0,0.0,32,256
cube,2.000000,polar,0.0,0.0,6.782e-06,2.029e-06,32,256
cube,2.000000,polar,2.9766e-05,0.000151075,0.0,0.0,32,256
cube,2.000000,polar,0.0,0.0,6.222e-06,7.574e-06,32,256
cube,2.000000,polar,2.7853e-05,0.000134574,0.0,0.0,32,256
cube,2.000000,polar,0.0,0.0,5.625e-06,4.184e-06,32,256
cube,2.000000,polar,2.3986e-05,0.00012546,0.0,0.0,32,256
cube,2.000000,polar,0.0,0.0,4.915e-06,3.851e-06,32,256
cube,2.000000,polar,2.1135e-05,4.4141e-05,0.0,0.0,32,256
cube,2.000000,polar,0.0,0.0,3.005e-06,1.1902e-05,32,256
cube,2.000000,polar,3.0175e-05,0.000187381,0.0,0.0,32,256
cube,2.000000,polar,0.0,0.0,6.539e-06,1.821e-06,32,256
cube,2.000000,polar,2.1423e-05,0.000121344,0.0,0.0,32,256
cube,2.000000,polar,0.0,0.0,4.572e-06,2.21e-06,32,256
cube,2.000000,polar,6.323e-06,2.5404e-05,0.0,0.0,32,256
cube,2.000000,polar,0.0,0.0,1.189e-06,2.453e-06,32,256
cube,2.000000,polar,2.8127e-05,0.000140097,0.0,0.0,32,256
cube,2.000000,polar,0.0,0.0,5.691e-06,6.951e-06,32,256
cube,2.000000,polar,2.1475e-05,9.0615e-05,0.0,0.0,32,256
cube,2.000000,polar,0.0,0.0,4.121e-06,4.942e-06,32,256
cube,2.000000,polar,2.5309e-05,4.517e-05,0.0,0.0,32,256
cube,2.000000,polar,0.0,0.0,4.718e-06,1.3e-05,32,256
cube,2.000000,polar,2.2249e-05,0.000177923,0.0,0.0,32,256
cube,2.000000,polar,0.0,0.0,4.588e-06,1.127e-06,32,256
cube,2.000000,polar,2.9735e-05,0.000166395,0.0,0.0,32,256
cube,2.000000,polar,0.0,0.0,6.326e-06,5.853e-06,32,256
cube,2.000000,polar,6.387e-06,1.7895e-05,0.0,0.0,32,256
cube,2.000000,polar,0.0,0.0,1.416e-06,2.336e-06,32,256
cube,2.000000,polar,3.0235e-05,8.5786e-05,0.0,0.0,32,256
cube,2.000000,polar,0.0,0.0,5.182e-06,1.4994e-05,32,256
cube,2.000000,polar,6.1597e-05,0.000117604,0.0,0.0,32,256
cube,2.000000,polar,0.0,0.0,1.1351e-05,2.9974e-05,32,256
cube,2.000000,polar,1.984e-05,0.000134336,0.0,0.0,32,256
cube,2.000000,polar,0.0,0.0,4.419e-06,2.325e-06,32,256
cube,2.000000,polar,3.8637e-05,0.000181531,0.0,0.0,32,256
cube,2.000000,polar,0.0,0.0,8.196e-06,6.402e-06,32,256
cube,2.000000,polar,3.3449e-05,0.000140984,0.0,0.0,32,256
cube,2.000000,polar,0.0,0.0,6.799e-06,7.619e-06,32,256
cube,2.000000,polar,4.4762e-05,0.000161981,0.0,0.0,32,256
cube,2.000000,polar,0.0,0.0,7.113e-06,1.9053e-05,32,256
cube,2.000000,polar,3.2491e-05,0.000155163,0.0,0.0,32,256
cube,2.000000,polar,0.0,0.0,6.637e-06,6.494e-06,32,256
cube,2.000000,polar,2.9387e-05,9.7052e-05,0.0,0.0,32,256
cube,2.000000,polar,0.0,0.0,6.409e-06,9.722e-06,32,256
cube,2.000000,polar,2.7009e-05,0.000177369,0.0,0.0,32,256
cube,2.000000,polar,0.0,0.0,6.012e-06,2.291e-06,32,256
cube,2.000000,polar,2.6441e-05,0.000147338,0.0,0.0,32,256
cube,2.000000,polar,0.0,0.0,5.722e-06,5.131e-06,32,256
sphere,2.000000,cartesian,3.4425e-05,0.0021826,0.0,0.0,32,256
sphere,2.000000,cartesian,0.0,0.0,2.544e-06,2.1498e-05,32,256
sphere,2.000000,cartesian,0.000114197,0.0033969,0.0,0.0,32,256
sphere,2.000000,cartesian,0.0,0.0,1.4815e-05,5.9807e-05,32,256
sphere,2.000000,cartesian,7.7173e-05,0.00347898,0.0,0.0,32,256
sphere,2.000000,cartesian,0.0,0.0,1.0247e-05,3.9889e-05,32,256
sphere,2.000000,cartesian,6.7393e-05,0.00118739,0.0,0.0,32,256
sphere,2.000000,cartesian,0.0,0.0,1.2065e-05,2.5859e-05,32,256
sphere,2.000000,cartesian,0.000116286,0.000236743,0.0,0.0,32,256
sphere,2.000000,cartesian,0.0,0.0,1.8909e-05,3.5384e-05,32,256
sphere,2.000000,cartesian,6.508e-05,0.000113641,0.0,0.0,32,256
sphere,2.000000,cartesian,0.0,0.0,1.0695e-05,2.9684e-05,32,256
sphere,2.000000,cartesian,9.2752e-05,0.000157446,0.0,0.0,32,256
sphere,2.000000,cartesian,0.0,0.0,1.4912e-05,4.293e-05,32,256
sphere,2.000000,cartesian,8.3935e-05,0.000143596,0.0,0.0,32,256
sphere,2.000000,cartesian,0.0,0.0,1.4486e-05,3.5026e-05,32,256
sphere,2.000000,cartesian,7.5965e-05,0.000146895,0.0,0.0,32,256
sphere,2.000000,cartesian,0.0,0.0,1.3634e-05,3.0751e-05,32,256
sphere,2.000000,cartesian,8.2839e-05,0.000156056,0.0,0.0,32,256
sphere,2.000000,cartesian,0.0,0.0,1.485e-05,3.4156e-05,32,256
sphere,2.000000,cartesian,7.3855e-05,0.000161157,0.0,0.0,32,256
sphere,2.000000,cartesian,0.0,0.0,1.3113e-05,3.0336e-05,32,256
sphere,2.000000,cartesian,8.4863e-05,0.000154174,0.0,0.0,32,256
sphere,2.000000,cartesian,0.0,0.0,1.4294e-05,3.7819e-05,32,256
sphere,2.000000,cartesian,7.0593e-05,0.000119173,0.0,0.0,32,256
sphere,2.000000,cartesian,0.0,0.0,1.1292e-05,3.252e-05,32,256
sphere,2.000000,cartesian,7.2079e-05,0.000187489,0.0,0.0,32,256
sphere,2.000000,cartesian,0.0,0.0,1.4136e-05,2.5977e-05,32,256
sphere,2.000000,cartesian,8.542e-05,0.000167546,0.0,0.0,32,256
sphere,2.000000,cartesian,0.0,0.0,1.3812e-05,3.8618e-05,32,256
sphere,2.000000,cartesian,7.8103e-05,0.000112701,0.0,0.0,32,256
sphere,2.000000,cartesian,0.0,0.0,1.1741e-05,3.772e-05,32,256
sphere,2.000000,cartesian,8.4422e-05,0.000150601,0.0,0.0,32,256
sphere,2.000000,cartesian,0.0,0.0,1.4062e-05,3.7779e-05,32,256
sphere,2.000000,cartesian,8.0961e-05,0.000144655,0.0,0.0,32,256
sphere,2.000000,cartesian,0.0,0.0,1.338e-05,3.5952e-05,32,256
sphere,2.000000,cartesian,9.0295e-05,0.000167206,0.0,0.0,32,256
sphere,2.000000,cartesian,0.0,0.0,1.5066e-05,3.9477e-05,32,256
sphere,2.000000,cartesian,0.000112489,0.000285939,0.0,0.0,32,256
sphere,2.000000,cartesian,0.0,0.0,2.0606e-05,4.3836e-05,32,256
sphere,2.000000,cartesian,8.7297e-05,0.000201399,0.0,0.0,32,256
sphere,2.000000,cartesian,0.0,0.0,1.6527e-05,3.1906e-05,32,256
sphere,2.000000,cartesian,8.4862e-05,0.000170711,0.0,0.0,32,256
sphere,2.000000,cartesian,0.0,0.0,1.5034e-05,3.4306e-05,32,256
sphere,2.000000,cartesian,4.806e-05,7.2744e-05,0.0,0.0,32,256
sphere,2.000000,cartesian,0.0,0.0,6.781e-06,2.3894e-05,32,256
sphere,2.000000,cartesian,9.6675e-05,0.000184155,0.0,0.0,32,256
sphere,2.000000,cartesian,0.0,0.0,1.7815e-05,3.8804e-05,32,256
sphere,2.000000,cartesian,8.2838e-05,0.000125754,0.0,0.0,32,256
sphere,2.000000,cartesian,0.0,0.0,1.1785e-05,4.2111e-05,32,256
sphere,2.000000,cartesian,2.046e-05,3.3796e-05,0.0,0.0,32,256
sphere,2.000000,cartesian,0.0,0.0,1.731e-06,1.3481e-05,32,256
sphere,2.000000,cartesian,5.9332e-05,9.9867e-05,0.0,0.0,32,256
sphere,2.000000,cartesian,0.0,0.0,7.49e-06,3.2234e-05,32,256
sphere,2.000000,cartesian,3.495e-05,2.1334e-05,0.0,0.0,32,256
sphere,2.000000,cartesian,0.0,0.0,1.571e-06,2.8033e-05,32,256
sphere,2.000000,cartesian,7.1405e-05,0.00014192,0.0,0.0,32,256
sphere,2.000000,cartesian,0.0,0.0,1.2558e-05,2.9826e-05,32,256
sphere,2.000000,cartesian,7.5677e-05,0.00014574,0.0,0.0,32,256
sphere,2.000000,cartesian,0.0,0.0,1.3021e-05,3.0635e-05,32,256
sphere,2.000000,cartesian,5.5559e-05,0.000112104,0.0,0.0,32,256
sphere,2.000000,cartesian,0.0,0.0,1.0697e-05,2.167e-05,32,256
sphere,2.000000,cartesian,9.1394e-05,0.000156863,0.0,0.0,32,256
sphere,2.000000,cartesian,0.0,0.0,1.3493e-05,4.5424e-05,32,256
sphere,2.000000,cartesian,0.000101517,0.000166694,0.0,0.0,32,256
sphere,2.000000,cartesian,0.0,0.0,1.8474e-05,4.1651e-05,32,256
sphere,2.000000,cartesian,8.0235e-05,0.000127299,0.0,0.0,32,256
sphere,2.000000,cartesian,0.0,0.0,1.3541e-05,3.5509e-05,32,256
sphere,2.000000,cartesian,5.9764e-05,0.000116617,0.0,0.0,32,256
sphere,2.000000,cartesian,0.0,0.0,1.1018e-05,2.3508e-05,32,256
sphere,2.000000,cartesian,8.2564e-05,0.000157993,0.0,0.0,32,256
sphere,2.000000,cartesian,0.0,0.0,1.4275e-05,3.6136e-05,32,256
sphere,2.000000,cartesian,8.3935e-05,0.000154335,0.0,0.0,32,256
sphere,2.000000,cartesian,0.0,0.0,1.4909e-05,3.3772e-05,32,256
sphere,2.000000,cartesian,8.0548e-05,0.000167136,0.0,0.0,32,256
sphere,2.000000,cartesian,0.0,0.0,1.3299e-05,3.6112e-05,32,256
sphere,2.000000,cartesian,8.7371e-05,0.000118701,0.0,0.0,32,256
sphere,2.000000,cartesian,0.0,0.0,1.3402e-05,4.2007e-05,32,256
sphere,2.000000,cartesian,5.6205e-05,0.000117411,0.0,0.0,32,256
sphere,2.000000,cartesian,0.0,0.0,9.857e-06,2.3899e-05,32,256
sphere,2.000000,cartesian,7.2918e-05,9.4055e-05,0.0,0.0,32,256
sphere,2.000000,cartesian,0.0,0.0,1.0528e-05,3.7227e-05,32,256
sphere,2.000000,cartesian,5.9355e-05,6.1721e-05,0.0,0.0,32,256
sphere,2.000000,cartesian,0.0,0.0,6.728e-06,3.4493e-05,32,256
sphere,2.000000,cartesian,8.1321e-05,0.000130065,0.0,0.0,32,256
sphere,2.000000,cartesian,0.0,0.0,2.0458e-05,3.2247e-05,32,256
sphere,2.000000,cartesian,8.1377e-05,0.000151265,0.0,0.0,32,256
sphere,2.000000,cartesian,0.0,0.0,1.2314e-05,3.9478e-05,32,256
sphere,2.000000,cartesian,4.238e-05,5.0332e-05,0.0,0.0,32,256
sphere,2.000000,cartesian,0.0,0.0,5.57e-06,2.2983e-05,32,256
sphere,2.000000,cartesian,8.3645e-05,0.000155372,0.0,0.0,32,256
sphere,2.000000,cartesian,0.0,0.0,1.1215e-05,4.4009e-05,32,256
sphere,2.000000,cartesian,7.7207e-05,0.000108387,0.0,0.0,32,256
sphere,2.000000,cartesian,0.0,0.0,9.966e-06,4.2053e-05,32,256
sphere,2.000000,cartesian,7.9932e-05,0.000163332,0.0,0.0,32,256
sphere,2.000000,cartesian,0.0,0.0,1.3449e-05,3.5744e-05,32,256
sphere,2.000000,cartesian,0.000102571,0.00016943,0.0,0.0,32,256
sphere,2.000000,cartesian,0.0,0.0,2.0084e-05,3.9316e-05,32,256
sphere,2.000000,cartesian,7.5941e-05,0.000148908,0.0,0.0,32,256
sphere,2.000000,cartesian,0.0,0.0,1.3315e-05,3.2418e-05,32,256
sphere,2.000000,cartesian,6.7534e-05,9.6264e-05,0.0,0.0,32,256
sphere,2.000000,cartesian,0.0,0.0,8.798e-06,3.5682e-05,32,256
sphere,2.000000,cartesian,5.5169e-05,8.7252e-05,0.0,0.0,32,256
sphere,2.000000,cartesian,0.0,0.0,9.162e-06,2.3969e-05,32,256
sphere,2.000000,cartesian,5.9672e-05,0.000104442,0.0,0.0,32,256
sphere,2.000000,cartesian,0.0,0.0,8.893e-06,2.8274e-05,32,256
sphere,2.000000,cartesian,7.812e-05,5.8831e-05,0.0,0.0,32,256
sphere,2.000000,cartesian,0.0,0.0,7.324e-06,4.9376e-05,32,256
sphere,2.000000,cartesian,0.000121485,0.000179388,0.0,0.0,32,256
sphere,2.000000,cartesian,0.0,0.0,1.7836e-05,6.0362e-05,32,256
sphere,2.000000,cartesian,7.688e-05,0.000140587,0.0,0.0,32,256
sphere,2.000000,cartesian,0.0,0.0,1.2047e-05,3.6145e-05,32,256
sphere,2.000000,cartesian,0.000129386,0.000278553,0.0,0.0,32,256
sphere,2.000000,cartesian,0.0,0.0,2.2847e-05,5.396e-05,32,256
sphere,2.000000,cartesian,8.5321e-05,0.000172407,0.0,0.0,32,256
sphere,2.000000,cartesian,0.0,0.0,1.4293e-05,3.7748e-05,32,256
sphere,2.000000,cartesian,9.0936e-05,0.000151121,0.0,0.0,32,256
sphere,2.000000,cartesian,0.0,0.0,1.405e-05,4.3754e-05,32,256
sphere,2.000000,cartesian,9.2518e-05,0.000305174,0.0,0.0,32,256
sphere,2.000000,cartesian,0.0,0.0,1.6866e-05,3.5333e-05,32,256
sphere,2.000000,cartesian,9.1868e-05,0.000192845,0.0,0.0,32,256
sphere,2.000000,cartesian,0.0,0.0,1.5065e-05,4.1319e-05,32,256
sphere,2.000000,cartesian,8.013e-05,0.00012681,0.0,0.0,32,256
sphere,2.000000,cartesian,0.0,0.0,1.1111e-05,4.092e-05,32,256
sphere,2.000000,cartesian,7.7041e-05,0.000103947,0.0,0.0,32,256
sphere,2.000000,cartesian,0.0,0.0,1.0212e-05,4.033e-05,32,256
sphere,2.000000,cartesian,0.000108724,0.000163444,0.0,0.0,32,256
sphere,2.000000,cartesian,0.0,0.0,1.621e-05,5.5625e-05,32,256
sphere,2.000000,cartesian,7.558e-05,0.000155038,0.0,0.0,32,256
sphere,2.000000,cartesian,0.0,0.0,1.3613e-05,3.1015e-05,32,256
sphere,2.000000,cartesian,7.2974e-05,0.000155751,0.0,0.0,32,256
sphere,2.000000,cartesian,0.0,0.0,1.2882e-05,2.9921e-05,32,256
sphere,2.000000,cartesian,4.4131e-05,6.8862e-05,0.0,0.0,32,256
sphere,2.000000,cartesian,0.0,0.0,6.538e-06,2.1682e-05,32,256
sphere,2.000000,cartesian,8.9405e-05,0.000133581,0.0,0.0,32,256
sphere,2.000000,cartesian,0.0,0.0,1.1185e-05,3.5894e-05,32,256
sphere,2.000000,cartesian,8.818e-05,0.000148486,0.0,0.0,32,256
sphere,2.000000,cartesian,0.0,0.0,1.4224e-05,4.0427e-05,32,256
sphere,2.000000,cartesian,7.6852e-05,0.000127612,0.0,0.0,32,256
sphere,2.000000,cartesian,0.0,0.0,1.3143e-05,3.3003e-05,32,256
sphere,2.000000,cartesian,0.000100533,0.000178227,0.0,0.0,32,256
sphere,2.000000,cartesian,0.0,0.0,1.5742e-05,4.6399e-05,32,256
sphere,2.000000,cartesian,7.7023e-05,6.8581e-05,0.0,0.0,32,256
sphere,2.000000,cartesian,0.0,0.0,7.629e-06,4.8139e-05,32,256
sphere,2.000000,cartesian,0.000117351,0.00017169,0.0,0.0,32,256
sphere,2.000000,cartesian,0.0,0.0,1.6229e-05,6.2251e-05,32,256
sphere,2.000000,cartesian,8.3815e-05,0.000149574,0.0,0.0,32,256
sphere,2.000000,cartesian,0.0,0.0,1.4346e-05,3.6723e-05,32,256
sphere,2.000000,cartesian,8.5773e-05,0.000139958,0.0,0.0,32,256
sphere,2.000000,cartesian,0.0,0.0,1.2463e-05,3.5067e-05,32,256
sphere,2.000000,cartesian,6.6023e-05,0.000110547,0.0,0.0,32,256
sphere,2.000000,cartesian,0.0,0.0,9.639e-06,3.2798e-05,32,256
sphere,2.000000,cartesian,7.8078e-05,0.000167572,0.0,0.0,32,256
sphere,2.000000,cartesian,0.0,0.0,1.5222e-05,2.9124e-05,32,256
sphere,2.000000,cartesian,7.4385e-05,0.000183231,0.0,0.0,32,256
sphere,2.000000,cartesian,0.0,0.0,1.2346e-05,3.3726e-05,32,256
sphere,2.000000,cartesian,9.0432e-05,0.000185185,0.0,0.0,32,256
sphere,2.000000,cartesian,0.0,0.0,1.5537e-05,3.8319e-05,32,256
sphere,2.000000,cartesian,6.3945e-05,0.000142918,0.0,0.0,32,256
sphere,2.000000,cartesian,0.0,0.0,1.2525e-05,2.414e-05,32,256
sphere,2.000000,cartesian,7.9e-05,0.000133778,0.0,0.0,32,256
sphere,2.000000,cartesian,0.0,0.0,1.201e-05,3.8025e-05,32,256
sphere,2.000000,cartesian,7.5015e-05,0.000114418,0.0,0.0,32,256
sphere,2.000000,cartesian,0.0,0.0,1.1217e-05,3.7035e-05,32,256
sphere,2.000000,cartesian,0.000117259,0.000254876,0.0,0.0,32,256
sphere,2.000000,cartesian,0.0,0.0,1.8862e-05,5.3104e-05,32,256
sphere,2.000000,cartesian,8.6006e-05,0.000152549,0.0,0.0,32,256
sphere,2.000000,cartesian,0.0,0.0,1.2721e-05,4.2638e-05,32,256
sphere,2.000000,cartesian,7.6821e-05,0.000135293,0.0,0.0,32,256
sphere,2.000000,cartesian,0.0,0.0,1.3644e-05,3.2041e-05,32,256
sphere,2.000000,cartesian,8.0443e-05,0.00012942,0.0,0.0,32,256
sphere,2.000000,cartesian,0.0,0.0,1.1518e-05,3.3093e-05,32,256
sphere,2.000000,cartesian,0.000112759,0.000159304,0.0,0.0,32,256
sphere,2.000000,cartesian,0.0,0.0,1.8639e-05,5.0382e-05,32,256
sphere,2.000000,cartesian,2.4801e-05,1.9209e-05,0.0,0.0,32,256
sphere,2.000000,cartesian,0.0,0.0,2.628e-06,1.4628e-05,32,256
sphere,2.000000,cartesian,5.0357e-05,8.1282e-05,0.0,0.0,32,256
sphere,2.000000,cartesian,0.0,0.0,7.583e-06,2.5024e-05,32,256
sphere,2.000000,cartesian,6.7609e-05,0.000109904,0.0,0.0,32,256
sphere,2.000000,cartesian,0.0,0.0,1.0612e-05,3.1104e-05,32,256
sphere,2.000000,cartesian,9.3872e-05,0.000164383,0.0,0.0,32,256
sphere,2.000000,cartesian,0.0,0.0,1.4829e-05,4.2711e-05,32,256
sphere,2.000000,cartesian,8.9124e-05,0.000157967,0.0,0.0,32,256
sphere,2.000000,cartesian,0.0,0.0,1.4965e-05,3.8998e-05,32,256
sphere,2.000000,cartesian,0.000112488,0.00019881,0.0,0.0,32,256
sphere,2.000000,cartesian,0.0,0.0,1.889e-05,5.0721e-05,32,256
sphere,2.000000,cartesian,6.2175e-05,9.0612e-05,0.0,0.0,32,256
sphere,2.000000,cartesian,0.0,0.0,8.868e-06,3.1181e-05,32,256
sphere,2.000000,cartesian,5.9339e-05,0.000101365,0.0,0.0,32,256
sphere,2.000000,cartesian,0.0,0.0,8.068e-06,3.1e-05,32,256
sphere,2.000000,cartesian,4.9248e-05,9.0195e-05,0.0,0.0,32,256
sphere,2.000000,cartesian,0.0,0.0,7.767e-06,2.3166e-05,32,256
sphere,2.000000,cartesian,0.000122602,0.000238413,0.0,0.0,32,256
sphere,2.000000,cartesian,0.0,0.0,1.6991e-05,6.1257e-05,32,256
sphere,2.000000,cartesian,7.8243e-05,0.000136067,0.0,0.0,32,256
sphere,2.000000,cartesian,0.0,0.0,1.085e-05,3.9223e-05,32,256
sphere,2.000000,cartesian,8.6739e-05,0.000187955,0.0,0.0,32,256
sphere,2.000000,cartesian,0.0,0.0,1.6358e-05,3.2973e-05,32,256
sphere,2.000000,cartesian,0.000103279,0.000230412,0.0,0.0,32,256
sphere,2.000000,cartesian,0.0,0.0,1.8167e-05,4.2723e-05,32,256
sphere,2.000000,cartesian,8.127e-05,0.00013216,0.0,0.0,32,256
sphere,2.000000,cartesian,0.0,0.0,1.1821e-05,3.9696e-05,32,256
sphere,2.000000,cartesian,0.000102853,0.000202174,0.0,0.0,32,256
sphere,2.000000,cartesian,0.0,0.0,1.8557e-05,4.1543e-05,32,256
sphere,2.000000,cartesian,9.2957e-05,0.000166403,0.0,0.0,32,256
sphere,2.000000,cartesian,0.0,0.0,1.5541e-05,4.1351e-05,32,256
sphere,2.000000,cartesian,9.6619e-05,0.000193076,0.0,0.0,32,256
sphere,2.000000,cartesian,0.0,0.0,1.6212e-05,4.3244e-05,32,256
sphere,2.000000,cartesian,4.7313e-05,7.0866e-05,0.0,0.0,32,256
sphere,2.000000,cartesian,0.0,0.0,7.376e-06,2.2967e-05,32,256
sphere,2.000000,cartesian,3.2593e-05,3.0987e-05,0.0,0.0,32,256
sphere,2.000000,cartesian,0.0,0.0,3.088e-06,2.0608e-05,32,256
sphere,2.000000,cartesian,0.000100884,0.000176806,0.0,0.0,32,256
sphere,2.000000,cartesian,0.0,0.0,1.6269e-05,4.6307e-05,32,256
sphere,2.000000,cartesian,4.9547e-05,5.2444e-05,0.0,0.0,32,256
sphere,2.000000,cartesian,0.0,0.0,4.986e-06,3.0658e-05,32,256
sphere,2.000000,cartesian,8.6631e-05,0.000176093,0.0,0.0,32,256
sphere,2.000000,cartesian,0.0,0.0,1.5083e-05,3.7917e-05,32,256
sphere,2.000000,cartesian,7.9771e-05,0.000149225,0.0,0.0,32,256
sphere,2.000000,cartesian,0.0,0.0,1.3612e-05,3.3604e-05,32,256
sphere,2.000000,cartesian,8.5548e-05,0.000146074,0.0,0.0,32,256
sphere,2.000000,cartesian,0.0,0.0,1.6622e-05,3.0955e-05,32,256
sphere,2.000000,cartesian,0.000100278,0.000116225,0.0,0.0,32,256
sphere,2.000000,cartesian,0.0,0.0,1.136e-05,5.9667e-05,32,256
sphere,2.000000,cartesian,9.1616e-05,0.000179135,0.0,0.0,32,256
sphere,2.000000,cartesian,0.0,0.0,1.3577e-05,4.4775e-05,32,256
sphere,2.000000,cartesian,0.000103019,0.000175558,0.0,0.0,32,256
sphere,2.000000,cartesian,0.0,0.0,1.5841e-05,4.8206e-05,32,256
sphere,2.000000,cartesian,7.4694e-05,0.00014017,0.0,0.0,32,256
sphere,2.000000,cartesian,0.0,0.0,1.2145e-05,3.3042e-05,32,256
sphere,2.000000,cartesian,8.0837e-05,0.000126296,0.0,0.0,32,256
sphere,2.000000,cartesian,0.0,0.0,1.2918e-05,3.7166e-05,32,256
sphere,2.000000,cartesian,9.3982e-05,0.000163234,0.0,0.0,32,256
sphere,2.000000,cartesian,0.0,0.0,1.4198e-05,4.5566e-05,32,256
sphere,2.000000,cartesian,7.6199e-05,0.00015341,0.0,0.0,32,256
sphere,2.000000,cartesian,0.0,0.0,1.2928e-05,3.2684e-05,32,256
sphere,2.000000,cartesian,8.2151e-05,0.000105336,0.0,0.0,32,256
sphere,2.000000,cartesian,0.0,0.0,9.296e-06,1.6675e-05,32,256
sphere,2.000000,cartesian,9.9045e-05,0.000138639,0.0,0.0,32,256
sphere,2.000000,cartesian,0.0,0.0,1.3674e-05,5.3139e-05,32,256
sphere,2.000000,cartesian,4.4302e-05,6.5952e-05,0.0,0.0,32,256
sphere,2.000000,cartesian,0.0,0.0,6.808e-06,2.062e-05,32,256
sphere,2.000000,cartesian,8.8724e-05,0.000128391,0.0,0.0,32,256
sphere,2.000000,cartesian,0.0,0.0,1.5516e-05,3.7079e-05,32,256
sphere,2.000000,cartesian,5.5593e-05,9.213e-05,0.0,0.0,32,256
sphere,2.000000,cartesian,0.0,0.0,8.015e-06,2.8259e-05,32,256
sphere,2.000000,cartesian,0.000107005,0.000188135,0.0,0.0,32,256
sphere,2.000000,cartesian,0.0,0.0,1.8013e-05,4.6396e-05,32,256
sphere,2.000000,cartesian,0.000109695,0.000228251,0.0,0.0,32,256
sphere,2.000000,cartesian,0.0,0.0,1.8504e-05,4.9163e-05,32,256
sphere,2.000000,cartesian,9.2473e-05,0.000144691,0.0,0.0,32,256
sphere,2.000000,cartesian,0.0,0.0,1.3745e-05,4.5982e-05,32,256
sphere,2.000000,cartesian,8.8614e-05,0.000167066,0.0,0.0,32,256
sphere,2.000000,cartesian,0.0,0.0,1.3799e-05,4.1885e-05,32,256
sphere,2.000000,cartesian,7.2518e-05,0.000114913,0.0,0.0,32,256
sphere,2.000000,cartesian,0.0,0.0,1.173e-05,3.3385e-05,32,256
sphere,2.000000,cartesian,3.9117e-05,5.1937e-05,0.0,0.0,32,256
sphere,2.000000,cartesian,0.0,0.0,3.633e-06,2.4733e-05,32,256
sphere,2.000000,cartesian,8.2848e-05,0.000174845,0.0,0.0,32,256
sphere,2.000000,cartesian,0.0,0.0,1.2753e-05,3.9251e-05,32,256
sphere,2.000000,cartesian,9.329e-05,0.000176904,0.0,0.0,32,256
sphere,2.000000,cartesian,0.0,0.0,1.5437e-05,4.02e-05,32,256
sphere,2.000000,cartesian,5.6901e-05,6.7274e-05,0.0,0.0,32,256
sphere,2.000000,cartesian,0.0,0.0,6.325e-06,3.3166e-05,32,256
sphere,2.000000,cartesian,8.283e-05,0.000144564,0.0,0.0,32,256
sphere,2.000000,cartesian,0.0,0.0,1.3925e-05,3.6818e-05,32,256
sphere,2.000000,cartesian,7.4358e-05,0.000133122,0.0,0.0,32,256
sphere,2.000000,cartesian,0.0,0.0,1.2598e-05,3.2677e-05,32,256
sphere,2.000000,cartesian,8.4269e-05,0.000147928,0.0,0.0,32,256
sphere,2.000000,cartesian,0.0,0.0,1.3752e-05,3.7026e-05,32,256
sphere,2.000000,cartesian,0.000121638,0.000177115,0.0,0.0,32,256
sphere,2.000000,cartesian,0.0,0.0,1.7495e-05,4.4408e-05,32,256
sphere,2.000000,cartesian,5.9169e-05,0.000120813,0.0,0.0,32,256
sphere,2.000000,cartesian,0.0,0.0,9.475e-06,2.7185e-05,32,256
sphere,2.000000,cartesian,8.2499e-05,0.000167792,0.0,0.0,32,256
sphere,2.000000,cartesian,0.0,0.0,1.5331e-05,3.1774e-05,32,256
sphere,2.000000,cartesian,7.7767e-05,0.000127798,0.0,0.0,32,256
sphere,2.000000,cartesian,0.0,0.0,1.2233e-05,2.8501e-05,32,256
sphere,2.000000,cartesian,0.000129751,0.000159505,0.0,0.0,32,256
sphere,2.000000,cartesian,0.0,0.0,1.5436e-05,3.9105e-05,32,256
sphere,2.000000,cartesian,8.7136e-05,0.000181383,0.0,0.0,32,256
sphere,2.000000,cartesian,0.0,0.0,1.5172e-05,3.6967e-05,32,256
sphere,2.000000,cartesian,5.7175e-05,5.246e-05,0.0,0.0,32,256
sphere,2.000000,cartesian,0.0,0.0,5.186e-06,3.6679e-05,32,256
sphere,2.000000,cartesian,6.9621e-05,0.000106399,0.0,0.0,32,256
sphere,2.000000,cartesian,0.0,0.0,1.0607e-05,3.3684e-05,32,256
sphere,2.000000,cartesian,4.5193e-05,6.326e-05,0.0,0.0,32,256
sphere,2.000000,cartesian,0.0,0.0,6.365e-06,2.3714e-05,32,256
sphere,2.000000,cartesian,7.3471e-05,0.00014249,0.0,0.0,32,256
sphere,2.000000,cartesian,0.0,0.0,1.112e-05,3.5248e-05,32,256
sphere,2.000000,cartesian,7.3541e-05,0.000132308,0.0,0.0,32,256
sphere,2.000000,cartesian,0.0,0.0,1.2592e-05,3.1318e-05,32,256
sphere,2.000000,cartesian,0.000103263,0.000213175,0.0,0.0,32,256
sphere,2.000000,cartesian,0.0,0.0,1.5944e-05,4.7722e-05,32,256
sphere,2.000000,cartesian,6.1544e-05,0.000118522,0.0,0.0,32,256
sphere,2.000000,cartesian,0.0,0.0,1.0083e-05,2.7946e-05,32,256
sphere,2.000000,cartesian,8.6291e-05,0.000161545,0.0,0.0,32,256
sphere,2.000000,cartesian,0.0,0.0,1.5604e-05,3.4498e-05,32,256
sphere,2.000000,cartesian,6.6507e-05,0.000109204,0.0,0.0,32,256
sphere,2.000000,cartesian,0.0,0.0,1.0955e-05,2.9907e-05,32,256
sphere,2.000000,cartesian,7.7555e-05,0.000155325,0.0,0.0,32,256
sphere,2.000000,cartesian,0.0,0.0,1.4298e-05,3.0375e-05,32,256
sphere,2.000000,cartesian,5.228e-05,0.000110351,0.0,0.0,32,256
sphere,2.000000,cartesian,0.0,0.0,7.473e-06,2.6485e-05,32,256
sphere,2.000000,cartesian,0.000100201,0.000167334,0.0,0.0,32,256
sphere,2.000000,cartesian,0.0,0.0,1.5125e-05,4.9207e-05,32,256
sphere,2.000000,cartesian,7.3132e-05,0.000134006,0.0,0.0,32,256
sphere,2.000000,cartesian,0.0,0.0,1.153e-05,3.4478e-05,32,256
sphere,2.000000,cartesian,5.3589e-05,8.6571e-05,0.0,0.0,32,256
sphere,2.000000,cartesian,0.0,0.0,8.309e-06,2.5007e-05,32,256
sphere,2.000000,cartesian,3.4955e-05,3.5351e-05,0.0,0.0,32,256
sphere,2.000000,cartesian,0.0,0.0,3.635e-06,2.0248e-05,32,256
sphere,2.000000,cartesian,6.2767e-05,0.000127934,0.0,0.0,32,256
sphere,2.000000,cartesian,0.0,0.0,1.0461e-05,2.7692e-05,32,256
sphere,2.000000,cartesian,0.000112104,0.000187509,0.0,0.0,32,256
sphere,2.000000,cartesian,0.0,0.0,1.8409e-05,5.0385e-05,32,256
sphere,2.000000,cartesian,5.4203e-05,8.5893e-05,0.0,0.0,32,256
sphere,2.000000,cartesian,0.0,0.0,7.525e-06,2.8193e-05,32,256
sphere,2.000000,cartesian,8.1798e-05,0.000129354,0.0,0.0,32,256
sphere,2.000000,cartesian,0.0,0.0,1.4805e-05,3.3474e-05,32,256
sphere,2.000000,cartesian,6.6644e-05,0.000154582,0.0,0.0,32,256
sphere,2.000000,cartesian,0.0,0.0,1.4091e-05,2.1608e-05,32,256
sphere,2.000000,cartesian,8.7868e-05,0.00013957,0.0,0.0,32,256
sphere,2.000000,cartesian,0.0,0.0,1.4469e-05,3.912e-05,32,256
sphere,2.000000,cartesian,8.5588e-05,0.000160752,0.0,0.0,32,256
sphere,2.000000,cartesian,0.0,0.0,1.3623e-05,3.9342e-05,32,256
sphere,2.000000,cartesian,0.000141335,0.000173331,0.0,0.0,32,256
sphere,2.000000,cartesian,0.0,0.0,1.5897e-05,8.1608e-05,32,256
sphere,2.000000,cartesian,7.8912e-05,0.000109087,0.0,0.0,32,256
sphere,2.000000,cartesian,0.0,0.0,1.0506e-05,4.1946e-05,32,256
sphere,2.000000,cartesian,7.9615e-05,0.000152251,0.0,0.0,32,256
sphere,2.000000,cartesian,0.0,0.0,1.3192e-05,3.4651e-05,32,256
sphere,2.000000,cartesian,8.6496e-05,0.000151955,0.0,0.0,32,256
sphere,2.000000,cartesian,0.0,0.0,1.4763e-05,3.7032e-05,32,256
sphere,2.000000,cartesian,1.6197e-05,1.1265e-05,0.0,0.0,32,256
sphere,2.000000,cartesian,0.0,0.0,1.236e-06,1.0906e-05,32,256
sphere,2.000000,cartesian,8.791e-05,0.000173521,0.0,0.0,32,256
sphere,2.000000,cartesian,0.0,0.0,1.6147e-05,3.5093e-05,32,256
sphere,2.000000,cartesian,7.2548e-05,0.000116515,0.0,0.0,32,256
sphere,2.000000,cartesian,0.0,0.0,1.2169e-05,3.2387e-05,32,256
sphere,2.000000,cartesian,5.055e-05,7.8744e-05,0.0,0.0,32,256
sphere,2.000000,cartesian,0.0,0.0,7.275e-06,2.5689e-05,32,256
sphere,2.000000,cartesian,8.1786e-05,0.000144015,0.0,0.0,32,256
sphere,2.000000,cartesian,0.0,0.0,1.3318e-05,3.6679e-05,32,256
sphere,2.000000,cartesian,6.9287e-05,0.000145104,0.0,0.0,32,256
sphere,2.000000,cartesian,0.0,0.0,1.4403e-05,2.5065e-05,32,256
sphere,2.000000,cartesian,0.000125565,0.000225753,0.0,0.0,32,256
sphere,2.000000,cartesian,0.0,0.0,2.1411e-05,5.625e-05,32,256
sphere,2.000000,cartesian,0.000111976,0.000154395,0.0,0.0,32,256
sphere,2.000000,cartesian,0.0,0.0,1.3812e-05,6.4854e-05,32,256
sphere,2.000000,cartesian,7.1485e-05,0.000109514,0.0,0.0,32,256
sphere,2.000000,cartesian,0.0,0.0,1.0459e-05,3.515e-05,32,256
sphere,2.000000,cartesian,9.4511e-05,0.00019621,0.0,0.0,32,256
sphere,2.000000,cartesian,0.0,0.0,1.6433e-05,3.9381e-05,32,256
sphere,2.000000,cartesian,9.2026e-05,0.000176989,0.0,0.0,32,256
sphere,2.000000,cartesian,0.0,0.0,1.6395e-05,3.8129e-05,32,256
sphere,2.000000,cartesian,9.2058e-05,0.000204341,0.0,0.0,32,256
sphere,2.000000,cartesian,0.0,0.0,1.727e-05,3.5167e-05,32,256
sphere,2.000000,cartesian,7.121e-05,8.2803e-05,0.0,0.0,32,256
sphere,2.000000,cartesian,0.0,0.0,7.092e-06,4.4258e-05,32,256
sphere,2.000000,cartesian,9.3261e-05,0.000217401,0.0,0.0,32,256
sphere,2.000000,cartesian,0.0,0.0,1.6102e-05,4.1323e-05,32,256
sphere,2.000000,cartesian,7.0333e-05,0.000120438,0.0,0.0,32,256
sphere,2.000000,cartesian,0.0,0.0,9.84e-06,3.5315e-05,32,256
sphere,2.000000,cartesian,0.000112208,0.000206033,0.0,0.0,32,256
sphere,2.000000,cartesian,0.0,0.0,1.8223e-05,5.129e-05,32,256
sphere,2.000000,cartesian,8.327e-05,0.000183314,0.0,0.0,32,256
sphere,2.000000,cartesian,0.0,0.0,1.4001e-05,3.6053e-05,32,256
sphere,2.000000,cartesian,0.000105359,0.000126574,0.0,0.0,32,256
sphere,2.000000,cartesian,0.0,0.0,1.2222e-05,4.7126e-05,32,256
sphere,2.000000,cartesian,9.3267e-05,0.000157974,0.0,0.0,32,256
sphere,2.000000,cartesian,0.0,0.0,1.6523e-05,3.9384e-05,32,256
sphere,2.000000,cartesian,8.5573e-05,0.000163166,0.0,0.0,32,256
sphere,2.000000,cartesian,0.0,0.0,1.5863e-05,3.3902e-05,32,256
sphere,2.000000,cartesian,8.1339e-05,0.000141543,0.0,0.0,32,256
sphere,2.000000,cartesian,0.0,0.0,1.2913e-05,3.7518e-05,32,256
sphere,2.000000,cartesian,8.3084e-05,0.000141556,0.0,0.0,32,256
sphere,2.000000,cartesian,0.0,0.0,1.2143e-05,4.1133e-05,32,256
sphere,2.000000,cartesian,4.4789e-05,3.7402e-05,0.0,0.0,32,256
sphere,2.000000,cartesian,0.0,0.0,4.906e-06,2.6135e-05,32,256
sphere,2.000000,cartesian,0.000112177,0.000181234,0.0,0.0,32,256
sphere,2.000000,cartesian,0.0,0.0,1.8925e-05,4.9397e-05,32,256
sphere,2.000000,cartesian,8.6144e-05,0.000148763,0.0,0.0,32,256
sphere,2.000000,cartesian,0.0,0.0,1.4764e-05,3.767e-05,32,256
sphere,2.000000,cartesian,9.3496e-05,0.000140061,0.0,0.0,32,256
sphere,2.000000,cartesian,0.0,0.0,1.5305e-05,4.1842e-05,32,256
sphere,2.000000,cartesian,6.488e-05,0.000126238,0.0,0.0,32,256
sphere,2.000000,cartesian,0.0,0.0,1.1828e-05,2.5942e-05,32,256
sphere,2.000000,cartesian,8.0372e-05,0.000132312,0.0,0.0,32,256
sphere,2.000000,cartesian,0.0,0.0,1.087e-05,4.2709e-05,32,256
sphere,2.000000,cartesian,5.4264e-05,0.000105617,0.0,0.0,32,256
sphere,2.000000,cartesian,0.0,0.0,8.901e-06,2.5081e-05,32,256
sphere,2.000000,cartesian,7.9039e-05,0.000150597,0.0,0.0,32,256
sphere,2.000000,cartesian,0.0,0.0,1.3145e-05,3.5063e-05,32,256
sphere,2.000000,cartesian,8.1772e-05,0.000150157,0.0,0.0,32,256
sphere,2.000000,cartesian,0.0,0.0,1.4741e-05,3.421e-05,32,256
sphere,2.000000,cartesian,6.9292e-05,0.000139859,0.0,0.0,32,256
sphere,2.000000,cartesian,0.0,0.0,9.81e-06,3.579e-05,32,256
sphere,2.000000,cartesian,7.9948e-05,0.000100473,0.0,0.0,32,256
sphere,2.000000,cartesian,0.0,0.0,9.552e-06,4.7442e-05,32,256
sphere,2.000000,cartesian,8.583e-05,0.00016223,0.0,0.0,32,256
sphere,2.000000,cartesian,0.0,0.0,1.4822e-05,3.6789e-05,32,256
sphere,2.000000,cartesian,1.247e-05,1.756e-05,0.0,0.0,32,256
sphere,2.000000,cartesian,0.0,0.0,1.255e-06,7.364e-06,32,256
sphere,2.000000,cartesian,9.8119e-05,0.000179105,0.0,0.0,32,256
sphere,2.000000,cartesian,0.0,0.0,1.583e-05,4.4963e-05,32,256
sphere,2.000000,cartesian,6.5882e-05,0.000102661,0.0,0.0,32,256
sphere,2.000000,cartesian,0.0,0.0,1.0017e-05,3.2008e-05,32,256
sphere,2.000000,cartesian,6.7029e-05,0.000107527,0.0,0.0,32,256
sphere,2.000000,cartesian,0.0,0.0,9.812e-06,3.3577e-05,32,256
sphere,2.000000,cartesian,7.8256e-05,0.000145018,0.0,0.0,32,256
sphere,2.000000,cartesian,0.0,0.0,1.2876e-05,2.8871e-05,32,256
sphere,2.000000,cartesian,5.7285e-05,0.00012132,0.0,0.0,32,256
sphere,2.000000,cartesian,0.0,0.0,1.0441e-05,2.2804e-05,32,256
sphere,2.000000,cartesian,9.5732e-05,0.000149748,0.0,0.0,32,256
sphere,2.000000,cartesian,0.0,0.0,1.5839e-05,4.2902e-05,32,256
sphere,2.000000,cartesian,0.00010136,0.000120224,0.0,0.0,32,256
sphere,2.000000,cartesian,0.0,0.0,1.4199e-05,5.2906e-05,32,256
sphere,2.000000,cartesian,6.3385e-05,0.000115672,0.0,0.0,32,256
sphere,2.000000,cartesian,0.0,0.0,1.1141e-05,2.7752e-05,32,256
sphere,2.000000,cartesian,8.3315e-05,0.000135051,0.0,0.0,32,256
sphere,2.000000,cartesian,0.0,0.0,1.2643e-05,4.1267e-05,32,256
sphere,2.000000,cartesian,0.000103995,0.0001562,0.0,0.0,32,256
sphere,2.000000,cartesian,0.0,0.0,1.4498e-05,5.4629e-05,32,256
sphere,2.000000,cartesian,4.3157e-05,5.5745e-05,0.0,0.0,32,256
sphere,2.000000,cartesian,0.0,0.0,4.875e-06,2.5492e-05,32,256
sphere,2.000000,cartesian,0.000116345,0.00023043,0.0,0.0,32,256
sphere,2.000000,cartesian,0.0,0.0,1.9825e-05,5.1656e-05,32,256
sphere,2.000000,cartesian,0.000109032,0.000333787,0.0,0.0,32,256
sphere,2.000000,cartesian,0.0,0.0,2.0231e-05,4.1966e-05,32,256
sphere,2.000000,cartesian,9.7603e-05,0.000127025,0.0,0.0,32,256
sphere,2.000000,cartesian,0.0,0.0,1.1157e-05,5.9458e-05,32,256
sphere,2.000000,cartesian,8.0264e-05,0.000241452,0.0,0.0,32,256
sphere,2.000000,cartesian,0.0,0.0,1.4865e-05,3.0829e-05,32,256
sphere,2.000000,cartesian,8.6474e-05,0.000159735,0.0,0.0,32,256
sphere,2.000000,cartesian,0.0,0.0,1.3382e-05,4.1043e-05,32,256
sphere,2.000000,cartesian,6.6093e-05,0.000126005,0.0,0.0,32,256
sphere,2.000000,cartesian,0.0,0.0,1.0595e-05,2.9275e-05,32,256
sphere,2.000000,cartesian,7.7447e-05,0.000156195,0.0,0.0,32,256
sphere,2.000000,cartesian,0.0,0.0,1.2216e-05,3.565e-05,32,256
sphere,2.000000,cartesian,8.2259e-05,0.000127541,0.0,0.0,32,256
sphere,2.000000,cartesian,0.0,0.0,1.3717e-05,3.5459e-05,32,256
sphere,2.000000,cartesian,8.0556e-05,0.00011811,0.0,0.0,32,256
sphere,2.000000,cartesian,0.0,0.0,1.3917e-05,3.4257e-05,32,256
sphere,2.000000,cartesian,7.6067e-05,0.000133221,0.0,0.0,32,256
sphere,2.000000,cartesian,0.0,0.0,1.2603e-05,3.3365e-05,32,256
sphere,2.000000,cartesian,7.9437e-05,0.000124418,0.0,0.0,32,256
sphere,2.000000,cartesian,0.0,0.0,1.2571e-05,3.8106e-05,32,256
sphere,2.000000,cartesian,5.0955e-05,8.1786e-05,0.0,0.0,32,256
sphere,2.000000,cartesian,0.0,0.0,8.404e-06,2.2549e-05,32,256
sphere,2.000000,cartesian,0.000100671,0.000156969,0.0,0.0,32,256
sphere,2.000000,cartesian,0.0,0.0,1.5625e-05,4.9724e-05,32,256
sphere,2.000000,cartesian,9.8911e-05,0.000154108,0.0,0.0,32,256
sphere,2.000000,cartesian,0.0,0.0,1.5959e-05,4.4202e-05,32,256
sphere,2.000000,cartesian,7.7217e-05,9.1823e-05,0.0,0.0,32,256
sphere,2.000000,cartesian,0.0,0.0,1.0602e-05,4.0258e-05,32,256
sphere,2.000000,cartesian,0.00011086,0.000182346,0.0,0.0,32,256
sphere,2.000000,cartesian,0.0,0.0,1.8221e-05,4.9834e-05,32,256
sphere,2.000000,cartesian,7.7206e-05,0.000146358,0.0,0.0,32,256
sphere,2.000000,cartesian,0.0,0.0,1.2939e-05,3.3179e-05,32,256
sphere,2.000000,cartesian,7.2643e-05,0.000133281,0.0,0.0,32,256
sphere,2.000000,cartesian,0.0,0.0,1.1513e-05,3.3407e-05,32,256
sphere,2.000000,cartesian,9.3309e-05,0.000169727,0.0,0.0,32,256
sphere,2.000000,cartesian,0.0,0.0,1.6724e-05,3.7572e-05,32,256
sphere,2.000000,cartesian,9.9137e-05,0.000186841,0.0,0.0,32,256
sphere,2.000000,cartesian,0.0,0.0,1.6076e-05,4.5287e-05,32,256
sphere,2.000000,cartesian,8.1446e-05,0.000185649,0.0,0.0,32,256
sphere,2.000000,cartesian,0.0,0.0,1.2011e-05,3.9879e-05,32,256
sphere,2.000000,cartesian,6.519e-05,0.000129604,0.0,0.0,32,256
sphere,2.000000,cartesian,0.0,0.0,1.0623e-05,2.9123e-05,32,256
sphere,2.000000,cartesian,5.86e-05,7.4492e-05,0.0,0.0,32,256
sphere,2.000000,cartesian,0.0,0.0,8.386e-06,2.9233e-05,32,256
sphere,2.000000,cartesian,3.9405e-05,0.000105176,0.0,0.0,32,256
sphere,2.000000,cartesian,0.0,0.0,1.0046e-05,8.067e-06,32,256
sphere,2.000000,cartesian,8.0326e-05,0.000131408,0.0,0.0,32,256
sphere,2.000000,cartesian,0.0,0.0,1.0733e-05,4.1449e-05,32,256
sphere,2.000000,cartesian,0.000114083,0.000211553,0.0,0.0,32,256
sphere,2.000000,cartesian,0.0,0.0,2.0619e-05,4.7664e-05,32,256
sphere,2.000000,cartesian,7.4064e-05,0.000116931,0.0,0.0,32,256
sphere,2.000000,cartesian,0.0,0.0,1.0886e-05,3.6615e-05,32,256
sphere,2.000000,cartesian,8.5797e-05,0.000154125,0.0,0.0,32,256
sphere,2.000000,cartesian,0.0,0.0,1.4585e-05,3.6373e-05,32,256
sphere,2.000000,cartesian,7.1405e-05,0.000137927,0.0,0.0,32,256
sphere,2.000000,cartesian,0.0,0.0,1.2444e-05,3.0785e-05,32,256
sphere,2.000000,cartesian,8.8023e-05,0.00015118,0.0,0.0,32,256
sphere,2.000000,cartesian,0.0,0.0,1.6087e-05,3.5921e-05,32,256
sphere,2.000000,cartesian,0.000105669,0.000175296,0.0,0.0,32,256
sphere,2.000000,cartesian,0.0,0.0,2.4734e-05,4.4502e-05,32,256
sphere,2.000000,cartesian,4.1585e-05,5.6222e-05,0.0,0.0,32,256
sphere,2.000000,cartesian,0.0,0.0,5.21e-06,2.3469e-05,32,256
sphere,2.000000,cartesian,0.000116312,0.000161279,0.0,0.0,32,256
sphere,2.000000,cartesian,0.0,0.0,1.8487e-05,5.5308e-05,32,256
sphere,2.000000,cartesian,5.8387e-05,0.000100729,0.0,0.0,32,256
sphere,2.000000,cartesian,0.0,0.0,8.24e-06,2.9337e-05,32,256
sphere,2.000000,cartesian,6.9445e-05,0.000121549,0.0,0.0,32,256
sphere,2.000000,cartesian,0.0,0.0,1.0739e-05,3.3595e-05,32,256
sphere,2.000000,cartesian,8.0007e-05,0.000137412,0.0,0.0,32,256
sphere,2.000000,cartesian,0.0,0.0,1.2475e-05,3.9134e-05,32,256
sphere,2.000000,cartesian,8.0762e-05,0.000141754,0.0,0.0,32,256
sphere,2.000000,cartesian,0.0,0.0,1.3164e-05,3.7022e-05,32,256
sphere,2.000000,cartesian,6.5418e-05,0.00010458,0.0,0.0,32,256
sphere,2.000000,cartesian,0.0,0.0,8.44e-06,3.4407e-05,32,256
sphere,2.000000,cartesian,1.8714e-05,2.2285e-05,0.0,0.0,32,256
sphere,2.000000,cartesian,0.0,0.0,1.874e-06,1.1298e-05,32,256
sphere,2.000000,cartesian,8.726e-05,0.00019139,0.0,0.0,32,256
sphere,2.000000,cartesian,0.0,0.0,1.3279e-05,4.1455e-05,32,256
sphere,2.000000,cartesian,8.7611e-05,0.000294974,0.0,0.0,32,256
sphere,2.000000,cartesian,0.0,0.0,1.0966e-05,4.8325e-05,32,256
sphere,2.000000,cartesian,8.0538e-05,0.000151504,0.0,0.0,32,256
sphere,2.000000,cartesian,0.0,0.0,1.4668e-05,3.141e-05,32,256
sphere,2.000000,cartesian,9.8086e-05,0.000164909,0.0,0.0,32,256
sphere,2.000000,cartesian,0.0,0.0,1.6785e-05,4.1929e-05,32,256
sphere,2.000000,cartesian,8.6925e-05,0.000154574,0.0,0.0,32,256
sphere,2.000000,cartesian,0.0,0.0,1.4754e-05,3.839e-05,32,256
sphere,2.000000,cartesian,6.4814e-05,0.000114339,0.0,0.0,32,256
sphere,2.000000,cartesian,0.0,0.0,9.612e-06,3.197e-05,32,256
sphere,2.000000,cartesian,8.4218e-05,0.000154584,0.0,0.0,32,256
sphere,2.000000,cartesian,0.0,0.0,1.2772e-05,3.9554e-05,32,256
sphere,2.000000,cartesian,0.000111895,0.00016948,0.0,0.0,32,256
sphere,2.000000,cartesian,0.0,0.0,3.4289e-05,4.0081e-05,32,256
sphere,2.000000,cartesian,7.3571e-05,0.000134006,0.0,0.0,32,256
sphere,2.000000,cartesian,0.0,0.0,1.1734e-05,3.3753e-05,32,256
sphere,2.000000,cartesian,0.000115553,0.000193102,0.0,0.0,32,256
sphere,2.000000,cartesian,0.0,0.0,1.9426e-05,5.0186e-05,32,256
sphere,2.000000,cartesian,7.3122e-05,0.000148075,0.0,0.0,32,256
sphere,2.000000,cartesian,0.0,0.0,1.2666e-05,3.0768e-05,32,256
sphere,2.000000,cartesian,5.8548e-05,0.000118171,0.0,0.0,32,256
sphere,2.000000,cartesian,0.0,0.0,9.345e-06,2.7277e-05,32,256
sphere,2.000000,cartesian,8.0436e-05,0.000139512,0.0,0.0,32,256
sphere,2.000000,cartesian,0.0,0.0,1.085e-05,4.1926e-05,32,256
sphere,2.000000,cartesian,6.322e-05,0.000121409,0.0,0.0,32,256
sphere,2.000000,cartesian,0.0,0.0,1.0972e-05,2.7447e-05,32,256
sphere,2.000000,cartesian,9.1477e-05,0.00014108,0.0,0.0,32,256
sphere,2.000000,cartesian,0.0,0.0,1.3776e-05,4.5358e-05,32,256
sphere,2.000000,cartesian,8.2719e-05,0.000170073,0.0,0.0,32,256
sphere,2.000000,cartesian,0.0,0.0,1.3277e-05,3.7271e-05,32,256
sphere,2.000000,cartesian,7.1004e-05,0.000128066,0.0,0.0,32,256
sphere,2.000000,cartesian,0.0,0.0,1.1472e-05,3.2666e-05,32,256
sphere,2.000000,cartesian,8.1727e-05,0.000171219,0.0,0.0,32,256
sphere,2.000000,cartesian,0.0,0.0,1.3268e-05,3.7754e-05,32,256
sphere,2.000000,cartesian,9.2818e-05,0.000107542,0.0,0.0,32,256
sphere,2.000000,cartesian,0.0,0.0,1.2728e-05,4.9281e-05,32,256
sphere,2.000000,cartesian,6.3624e-05,0.000104684,0.0,0.0,32,256
sphere,2.000000,cartesian,0.0,0.0,9.56e-06,3.1652e-05,32,256
sphere,2.000000,cartesian,4.6511e-05,6.8125e-05,0.0,0.0,32,256
sphere,2.000000,cartesian,0.0,0.0,6.228e-06,2.5771e-05,32,256
sphere,2.000000,cartesian,7.4761e-05,0.000145526,0.0,0.0,32,256
sphere,2.000000,cartesian,0.0,0.0,1.4392e-05,2.8252e-05,32,256
sphere,2.000000,cartesian,7.7729e-05,0.000148453,0.0,0.0,32,256
sphere,2.000000,cartesian,0.0,0.0,1.4008e-05,3.2022e-05,32,256
sphere,2.000000,cartesian,4.9135e-05,6.3171e-05,0.0,0.0,32,256
sphere,2.000000,cartesian,0.0,0.0,5.976e-06,2.7312e-05,32,256
sphere,2.000000,cartesian,0.000108803,0.000176229,0.0,0.0,32,256
sphere,2.000000,cartesian,0.0,0.0,1.6451e-05,5.3406e-05,32,256
sphere,2.000000,cartesian,6.7108e-05,0.00012999,0.0,0.0,32,256
sphere,2.000000,cartesian,0.0,0.0,1.2054e-05,2.743e-05,32,256
sphere,2.000000,cartesian,4.3161e-05,8.2373e-05,0.0,0.0,32,256
sphere,2.000000,cartesian,0.0,0.0,7.151e-06,1.8712e-05,32,256
sphere,2.000000,cartesian,6.0275e-05,9.2948e-05,0.0,0.0,32,256
sphere,2.000000,cartesian,0.0,0.0,9.531e-06,2.8786e-05,32,256
sphere,2.000000,cartesian,0.000105984,0.000168665,0.0,0.0,32,256
sphere,2.000000,cartesian,0.0,0.0,1.8574e-05,4.5726e-05,32,256
sphere,2.000000,cartesian,7.523e-05,8.7822e-05,0.0,0.0,32,256
sphere,2.000000,cartesian,0.0,0.0,8.504e-06,3.7026e-05,32,256
sphere,2.000000,cartesian,8.6458e-05,0.000140993,0.0,0.0,32,256
sphere,2.000000,cartesian,0.0,0.0,1.3745e-05,4.1123e-05,32,256
sphere,2.000000,cartesian,9.8892e-05,0.000157454,0.0,0.0,32,256
sphere,2.000000,cartesian,0.0,0.0,1.5548e-05,4.6405e-05,32,256
sphere,2.000000,cartesian,8.191e-05,0.000161582,0.0,0.0,32,256
sphere,2.000000,cartesian,0.0,0.0,1.3054e-05,3.6604e-05,32,256
sphere,2.000000,cartesian,9.1602e-05,0.000178321,0.0,0.0,32,256
sphere,2.000000,cartesian,0.0,0.0,1.5715e-05,3.906e-05,32,256
sphere,2.000000,cartesian,8.6582e-05,0.000147361,0.0,0.0,32,256
sphere,2.000000,cartesian,0.0,0.0,1.3149e-05,4.2714e-05,32,256
sphere,2.000000,cartesian,6.098e-05,0.000110007,0.0,0.0,32,256
sphere,2.000000,cartesian,0.0,0.0,9.879e-06,2.7626e-05,32,256
sphere,2.000000,cartesian,9.1428e-05,0.00012723,0.0,0.0,32,256
sphere,2.000000,cartesian,0.0,0.0,1.3103e-05,4.6097e-05,32,256
sphere,2.000000,cartesian,5.3054e-05,8.7184e-05,0.0,0.0,32,256
sphere,2.000000,cartesian,0.0,0.0,7.816e-06,2.607e-05,32,256
sphere,2.000000,cartesian,8.7596e-05,0.000154875,0.0,0.0,32,256
sphere,2.000000,cartesian,0.0,0.0,1.5269e-05,3.7491e-05,32,256
sphere,2.000000,cartesian,0.000206035,0.000156754,0.0,0.0,32,256
sphere,2.000000,cartesian,0.0,0.0,1.2289e-05,0.000127609,32,256
sphere,2.000000,cartesian,7.1238e-05,0.000123079,0.0,0.0,32,256
sphere,2.000000,cartesian,0.0,0.0,1.191e-05,3.2055e-05,32,256
sphere,2.000000,cartesian,9.0972e-05,0.000197361,0.0,0.0,32,256
sphere,2.000000,cartesian,0.0,0.0,1.6508e-05,3.6369e-05,32,256
sphere,2.000000,cartesian,8.8819e-05,0.00020926,0.0,0.0,32,256
sphere,2.000000,cartesian,0.0,0.0,1.5969e-05,3.5104e-05,32,256
sphere,2.000000,cartesian,3.8862e-05,3.0742e-05,0.0,0.0,32,256
sphere,2.000000,cartesian,0.0,0.0,3.569e-06,2.4998e-05,32,256
sphere,2.000000,cartesian,8.104e-05,0.000143199,0.0,0.0,32,256
sphere,2.000000,cartesian,0.0,0.0,1.2168e-05,3.9777e-05,32,256
sphere,2.000000,cartesian,8.3784e-05,0.000157447,0.0,0.0,32,256
sphere,2.000000,cartesian,0.0,0.0,1.4982e-05,3.5232e-05,32,256
sphere,2.000000,cartesian,8.6117e-05,0.000139682,0.0,0.0,32,256
sphere,2.000000,cartesian,0.0,0.0,1.2692e-05,4.3093e-05,32,256
sphere,2.000000,cartesian,7.5802e-05,0.000132478,0.0,0.0,32,256
sphere,2.000000,cartesian,0.0,0.0,1.2496e-05,3.4121e-05,32,256
sphere,2.000000,cartesian,8.2547e-05,0.000119849,0.0,0.0,32,256
sphere,2.000000,cartesian,0.0,0.0,1.3992e-05,3.6673e-05,32,256
sphere,2.000000,cartesian,0.000134122,0.000261606,0.0,0.0,32,256
sphere,2.000000,cartesian,0.0,0.0,2.1283e-05,6.3256e-05,32,256
sphere,2.000000,cartesian,9.8491e-05,0.000169516,0.0,0.0,32,256
sphere,2.000000,cartesian,0.0,0.0,1.4208e-05,4.2955e-05,32,256
sphere,2.000000,cartesian,8.1985e-05,0.000162826,0.0,0.0,32,256
sphere,2.000000,cartesian,0.0,0.0,1.3293e-05,3.6118e-05,32,256
sphere,2.000000,cartesian,8.4357e-05,0.000164083,0.0,0.0,32,256
sphere,2.000000,cartesian,0.0,0.0,1.4984e-05,3.5079e-05,32,256
sphere,2.000000,cartesian,0.000108067,0.000185232,0.0,0.0,32,256
sphere,2.000000,cartesian,0.0,0.0,1.7871e-05,4.8283e-05,32,256
sphere,2.000000,cartesian,0.000106218,0.000161597,0.0,0.0,32,256
sphere,2.000000,cartesian,0.0,0.0,1.7389e-05,4.7793e-05,32,256
sphere,2.000000,cartesian,8.3592e-05,0.000196305,0.0,0.0,32,256
sphere,2.000000,cartesian,0.0,0.0,1.4895e-05,3.5068e-05,32,256
sphere,2.000000,cartesian,7.5014e-05,0.00013982,0.0,0.0,32,256
sphere,2.000000,cartesian,0.0,0.0,1.2373e-05,3.3986e-05,32,256
sphere,2.000000,cartesian,0.000101073,0.000177832,0.0,0.0,32,256
sphere,2.000000,cartesian,0.0,0.0,1.6841e-05,4.5732e-05,32,256
sphere,2.000000,cartesian,7.5337e-05,0.000120337,0.0,0.0,32,256
sphere,2.000000,cartesian,0.0,0.0,1.1247e-05,3.6724e-05,32,256
sphere,2.000000,cartesian,0.000141585,0.000296384,0.0,0.0,32,256
sphere,2.000000,cartesian,0.0,0.0,2.3072e-05,4.7705e-05,32,256
sphere,2.000000,cartesian,0.00010019,0.000221228,0.0,0.0,32,256
sphere,2.000000,cartesian,0.0,0.0,1.7712e-05,4.2478e-05,32,256
sphere,2.000000,cartesian,5.5123e-05,8.1156e-05,0.0,0.0,32,256
sphere,2.000000,cartesian,0.0,0.0,7.844e-06,2.8109e-05,32,256
sphere,2.000000,cartesian,9.6987e-05,0.000157212,0.0,0.0,32,256
sphere,2.000000,cartesian,0.0,0.0,1.5252e-05,4.6097e-05,32,256
sphere,2.000000,cartesian,3.5598e-05,3.4587e-05,0.0,0.0,32,256
sphere,2.000000,cartesian,0.0,0.0,3.855e-06,2.1018e-05,32,256
sphere,2.000000,cartesian,8.4308e-05,0.000185682,0.0,0.0,32,256
sphere,2.000000,cartesian,0.0,0.0,1.295e-05,4.1332e-05,32,256
sphere,2.000000,cartesian,7.6891e-05,0.000132528,0.0,0.0,32,256
sphere,2.000000,cartesian,0.0,0.0,1.2497e-05,3.493e-05,32,256
sphere,2.000000,cartesian,3.8429e-05,7.0937e-05,0.0,0.0,32,256
sphere,2.000000,cartesian,0.0,0.0,6.001e-06,1.768e-05,32,256
sphere,2.000000,cartesian,9.2639e-05,0.000174467,0.0,0.0,32,256
sphere,2.000000,cartesian,0.0,0.0,1.6094e-05,4.0321e-05,32,256
sphere,2.000000,cartesian,8.5785e-05,9.2762e-05,0.0,0.0,32,256
sphere,2.000000,cartesian,0.0,0.0,1.1251e-05,4.6649e-05,32,256
sphere,2.000000,cartesian,9.1123e-05,0.000152946,0.0,0.0,32,256
sphere,2.000000,cartesian,0.0,0.0,1.5842e-05,3.8744e-05,32,256
sphere,2.000000,cartesian,8.6625e-05,0.000154638,0.0,0.0,32,256
sphere,2.000000,cartesian,0.0,0.0,1.5283e-05,3.6264e-05,32,256
sphere,2.000000,cartesian,8.0539e-05,0.000148024,0.0,0.0,32,256
sphere,2.000000,cartesian,0.0,0.0,1.2494e-05,3.7443e-05,32,256
sphere,2.000000,cartesian,9.3426e-05,0.000194392,0.0,0.0,32,256
sphere,2.000000,cartesian,0.0,0.0,1.7469e-05,3.7055e-05,32,256
sphere,2.000000,cartesian,6.5226e-05,6.763e-05,0.0,0.0,32,256
sphere,2.000000,cartesian,0.0,0.0,7.236e-06,3.8669e-05,32,256
sphere,2.000000,cartesian,9.3423e-05,0.0001844,0.0,0.0,32,256
sphere,2.000000,cartesian,0.0,0.0,1.5785e-05,4.2488e-05,32,256
sphere,2.000000,cartesian,9.2776e-05,0.000151187,0.0,0.0,32,256
sphere,2.000000,cartesian,0.0,0.0,1.5104e-05,4.1096e-05,32,256
sphere,2.000000,cartesian,9.7957e-05,0.000302722,0.0,0.0,32,256
sphere,2.000000,cartesian,0.0,0.0,1.7473e-05,4.0371e-05,32,256
sphere,2.000000,cartesian,0.000105191,0.000178862,0.0,0.0,32,256
sphere,2.000000,cartesian,0.0,0.0,1.8067e-05,4.5811e-05,32,256
sphere,2.000000,cartesian,7.7354e-05,0.00014148,0.0,0.0,32,256
sphere,2.000000,cartesian,0.0,0.0,1.2878e-05,3.3657e-05,32,256
sphere,2.000000,cartesian,7.419e-05,0.000170567,0.0,0.0,32,256
sphere,2.000000,cartesian,0.0,0.0,1.3373e-05,3.0588e-05,32,256
sphere,2.000000,cartesian,9.3482e-05,0.000125183,0.0,0.0,32,256
sphere,2.000000,cartesian,0.0,0.0,9.01e-06,6.0302e-05,32,256
sphere,2.000000,cartesian,6.2224e-05,0.000148139,0.0,0.0,32,256
sphere,2.000000,cartesian,0.0,0.0,1.0044e-05,2.9044e-05,32,256
sphere,2.000000,cartesian,6.6349e-05,0.000125051,0.0,0.0,32,256
sphere,2.000000,cartesian,0.0,0.0,1.0847e-05,2.9793e-05,32,256
sphere,2.000000,cartesian,9.7847e-05,0.000151393,0.0,0.0,32,256
sphere,2.000000,cartesian,0.0,0.0,1.5975e-05,4.39e-05,32,256
sphere,2.000000,cartesian,8.0772e-05,0.000148776,0.0,0.0,32,256
sphere,2.000000,cartesian,0.0,0.0,1.3647e-05,3.5467e-05,32,256
sphere,2.000000,cartesian,0.000103057,0.000179951,0.0,0.0,32,256
sphere,2.000000,cartesian,0.0,0.0,1.7008e-05,4.6103e-05,32,256
sphere,2.000000,cartesian,0.000111919,0.000181766,0.0,0.0,32,256
sphere,2.000000,cartesian,0.0,0.0,1.8062e-05,5.0102e-05,32,256
sphere,2.000000,cartesian,5.3289e-05,8.6714e-05,0.0,0.0,32,256
sphere,2.000000,cartesian,0.0,0.0,9.255e-06,2.4598e-05,32,256
sphere,2.000000,cartesian,7.1333e-05,0.000158186,0.0,0.0,32,256
sphere,2.000000,cartesian,0.0,0.0,1.256e-05,2.8622e-05,32,256
sphere,2.000000,cartesian,8.2198e-05,0.000155892,0.0,0.0,32,256
sphere,2.000000,cartesian,0.0,0.0,1.297e-05,3.4249e-05,32,256
sphere,2.000000,cartesian,9.4381e-05,0.000167568,0.0,0.0,32,256
sphere,2.000000,cartesian,0.0,0.0,1.5499e-05,4.1447e-05,32,256
sphere,2.000000,cartesian,5.7657e-05,0.00011639,0.0,0.0,32,256
sphere,2.000000,cartesian,0.0,0.0,9.02e-06,2.7599e-05,32,256
sphere,2.000000,cartesian,8.6279e-05,0.000151784,0.0,0.0,32,256
sphere,2.000000,cartesian,0.0,0.0,1.4521e-05,3.8018e-05,32,256
sphere,2.000000,cartesian,6.5501e-05,0.000151051,0.0,0.0,32,256
sphere,2.000000,cartesian,0.0,0.0,1.2458e-05,2.5414e-05,32,256
sphere,2.000000,cartesian,7.3728e-05,0.000144461,0.0,0.0,32,256
sphere,2.000000,cartesian,0.0,0.0,1.2917e-05,3.1732e-05,32,256
sphere,2.000000,cartesian,7.0725e-05,7.8327e-05,0.0,0.0,32,256
sphere,2.000000,cartesian,0.0,0.0,8.181e-06,4.0305e-05,32,256
sphere,2.000000,cartesian,9.6145e-05,0.000185008,0.0,0.0,32,256
sphere,2.000000,cartesian,0.0,0.0,1.6159e-05,4.2811e-05,32,256
sphere,2.000000,cartesian,7.8272e-05,0.00015996,0.0,0.0,32,256
sphere,2.000000,cartesian,0.0,0.0,1.2364e-05,3.6347e-05,32,256
sphere,2.000000,cartesian,8.3417e-05,0.000119243,0.0,0.0,32,256
sphere,2.000000,cartesian,0.0,0.0,1.176e-05,4.4047e-05,32,256
sphere,2.000000,cartesian,3.6213e-05,2.9159e-05,0.0,0.0,32,256
sphere,2.000000,cartesian,0.0,0.0,3.037e-06,2.3619e-05,32,256
sphere,2.000000,cartesian,7.0562e-05,0.000129467,0.0,0.0,32,256
sphere,2.000000,cartesian,0.0,0.0,1.1924e-05,3.1271e-05,32,256
sphere,2.000000,cartesian,5.3072e-05,6.3935e-05,0.0,0.0,32,256
sphere,2.000000,cartesian,0.0,0.0,5.974e-06,3.1285e-05,32,256
sphere,2.000000,cartesian,5.7893e-05,6.1175e-05,0.0,0.0,32,256
sphere,2.000000,cartesian,0.0,0.0,6.885e-06,3.3016e-05,32,256
sphere,2.000000,cartesian,9.1161e-05,0.00014515,0.0,0.0,32,256
sphere,2.000000,cartesian,0.0,0.0,1.4755e-05,4.363e-05,32,256
sphere,2.000000,cartesian,4.1621e-05,5.4529e-05,0.0,0.0,32,256
sphere,2.000000,cartesian,0.0,0.0,5.694e-06,2.1498e-05,32,256
sphere,2.000000,cartesian,7.8466e-05,0.000139211,0.0,0.0,32,256
sphere,2.000000,cartesian,0.0,0.0,1.2696e-05,3.6251e-05,32,256
sphere,2.000000,cartesian,8.2734e-05,0.000138442,0.0,0.0,32,256
sphere,2.000000,cartesian,0.0,0.0,1.2805e-05,4.1158e-05,32,256
sphere,2.000000,cartesian,8.4496e-05,0.000163571,0.0,0.0,32,256
sphere,2.000000,cartesian,0.0,0.0,1.4479e-05,3.7516e-05,32,256
sphere,2.000000,cartesian,7.6918e-05,0.000147936,0.0,0.0,32,256
sphere,2.000000,cartesian,0.0,0.0,1.3472e-05,3.1891e-05,32,256
sphere,2.000000,cartesian,8.5603e-05,0.000151438,0.0,0.0,32,256
sphere,2.000000,cartesian,0.0,0.0,1.3108e-05,4.1183e-05,32,256
sphere,2.000000,cartesian,5.5562e-05,9.02e-05,0.0,0.0,32,256
sphere,2.000000,cartesian,0.0,0.0,7.868e-06,2.7821e-05,32,256
sphere,2.000000,cartesian,5.7761e-05,9.7173e-05,0.0,0.0,32,256
sphere,2.000000,cartesian,0.0,0.0,9.338e-06,2.6158e-05,32,256
sphere,2.000000,cartesian,7.7963e-05,0.000130513,0.0,0.0,32,256
sphere,2.000000,cartesian,0.0,0.0,1.219e-05,3.6708e-05,32,256
sphere,2.000000,cartesian,0.000104624,0.000165981,0.0,0.0,32,256
sphere,2.000000,cartesian,0.0,0.0,1.8344e-05,4.4107e-05,32,256
sphere,2.000000,cartesian,6.97e-05,9.0817e-05,0.0,0.0,32,256
sphere,2.000000,cartesian,0.0,0.0,9.135e-06,3.748e-05,32,256
sphere,2.000000,cartesian,0.000120819,0.000146959,0.0,0.0,32,256
sphere,2.000000,cartesian,0.0,0.0,1.6701e-05,5.9898e-05,32,256
sphere,2.000000,cartesian,7.1573e-05,0.000177478,0.0,0.0,32,256
sphere,2.000000,cartesian,0.0,0.0,8.508e-06,4.0338e-05,32,256
sphere,2.000000,cartesian,8.2593e-05,0.000152612,0.0,0.0,32,256
sphere,2.000000,cartesian,0.0,0.0,1.3593e-05,3.6498e-05,32,256
sphere,2.000000,cartesian,0.000106614,0.000171552,0.0,0.0,32,256
sphere,2.000000,cartesian,0.0,0.0,1.652e-05,5.0891e-05,32,256
sphere,2.000000,cartesian,7.3097e-05,0.000143741,0.0,0.0,32,256
sphere,2.000000,cartesian,0.0,0.0,1.291e-05,3.0582e-05,32,256
sphere,2.000000,cartesian,9.0883e-05,0.000148926,0.0,0.0,32,256
sphere,2.000000,cartesian,0.0,0.0,1.4532e-05,4.0876e-05,32,256
sphere,2.000000,cartesian,8.3058e-05,0.000116116,0.0,0.0,32,256
sphere,2.000000,cartesian,0.0,0.0,1.1399e-05,4.4293e-05,32,256
sphere,2.000000,cartesian,0.000110088,0.000204471,0.0,0.0,32,256
sphere,2.000000,cartesian,0.0,0.0,2.0271e-05,4.4577e-05,32,256
sphere,2.000000,cartesian,8.7076e-05,0.000183893,0.0,0.0,32,256
sphere,2.000000,cartesian,0.0,0.0,1.497e-05,3.8376e-05,32,256
sphere,2.000000,cartesian,0.000164251,0.000210221,0.0,0.0,32,256
sphere,2.000000,cartesian,0.0,0.0,1.5274e-05,0.000113162,32,256
sphere,2.000000,cartesian,6.8456e-05,0.000115698,0.0,0.0,32,256
sphere,2.000000,cartesian,0.0,0.0,1.0602e-05,3.2509e-05,32,256
sphere,2.000000,cartesian,7.4529e-05,0.000108501,0.0,0.0,32,256
sphere,2.000000,cartesian,0.0,0.0,9.923e-06,3.9777e-05,32,256
sphere,2.000000,cartesian,6.2159e-05,8.5189e-05,0.0,0.0,32,256
sphere,2.000000,cartesian,0.0,0.0,8.731e-06,3.2317e-05,32,256
sphere,2.000000,cartesian,7.7101e-05,0.000156233,0.0,0.0,32,256
sphere,2.000000,cartesian,0.0,0.0,1.3675e-05,3.1746e-05,32,256
sphere,2.000000,cartesian,7.7259e-05,0.000120934,0.0,0.0,32,256
sphere,2.000000,cartesian,0.0,0.0,1.181e-05,3.6801e-05,32,256
sphere,2.000000,cartesian,0.000102789,0.000153476,0.0,0.0,32,256
sphere,2.000000,cartesian,0.0,0.0,1.7971e-05,4.4161e-05,32,256
sphere,2.000000,cartesian,7.7156e-05,0.000154356,0.0,0.0,32,256
sphere,2.000000,cartesian,0.0,0.0,1.5352e-05,2.8493e-05,32,256
sphere,2.000000,cartesian,8.8948e-05,0.000166446,0.0,0.0,32,256
sphere,2.000000,cartesian,0.0,0.0,1.2424e-05,4.5845e-05,32,256
sphere,2.000000,cartesian,0.000208492,0.000156229,0.0,0.0,32,256
sphere,2.000000,cartesian,0.0,0.0,1.3175e-05,4.442e-05,32,256
sphere,2.000000,cartesian,0.000116866,0.000201319,0.0,0.0,32,256
sphere,2.000000,cartesian,0.0,0.0,1.8838e-05,5.4411e-05,32,256
sphere,2.000000,cartesian,4.4749e-05,0.000110436,0.0,0.0,32,256
sphere,2.000000,cartesian,0.0,0.0,6.3e-06,2.253e-05,32,256
sphere,2.000000,cartesian,0.000106001,0.000138346,0.0,0.0,32,256
sphere,2.000000,cartesian,0.0,0.0,1.5736e-05,5.0165e-05,32,256
sphere,2.000000,cartesian,5.239e-06,3.913e-06,0.0,0.0,32,256
sphere,2.000000,cartesian,0.0,0.0,3.34e-07,3.85e-06,32,256
sphere,2.000000,cartesian,6.2138e-05,9.7384e-05,0.0,0.0,32,256
sphere,2.000000,cartesian,0.0,0.0,9.37e-06,3.0677e-05,32,256
sphere,2.000000,cartesian,1.3409e-05,2.1081e-05,0.0,0.0,32,256
sphere,2.000000,cartesian,0.0,0.0,1.481e-06,7.637e-06,32,256
sphere,2.000000,cartesian,5.0796e-05,0.000112699,0.0,0.0,32,256
sphere,2.000000,cartesian,0.0,0.0,1.06e-05,1.6982e-05,32,256
sphere,2.000000,cartesian,5.8613e-05,8.2998e-05,0.0,0.0,32,256
sphere,2.000000,cartesian,0.0,0.0,7.607e-06,3.1573e-05,32,256
sphere,2.000000,cartesian,7.9261e-05,0.000131754,0.0,0.0,32,256
sphere,2.000000,cartesian,0.0,0.0,1.7443e-05,2.5929e-05,32,256
sphere,2.000000,cartesian,9.7241e-05,0.000166028,0.0,0.0,32,256
sphere,2.000000,cartesian,0.0,0.0,1.7151e-05,4.0618e-05,32,256
sphere,2.000000,cartesian,9.5221e-05,0.00016574,0.0,0.0,32,256
sphere,2.000000,cartesian,0.0,0.0,1.4413e-05,4.6461e-05,32,256
sphere,2.000000,cartesian,5.2932e-05,4.9694e-05,0.0,0.0,32,256
sphere,2.000000,cartesian,0.0,0.0,5.512e-06,3.3063e-05,32,256
sphere,2.000000,cartesian,0.000115609,0.000153699,0.0,0.0,32,256
sphere,2.000000,cartesian,0.0,0.0,1.67e-05,5.886e-05,32,256
sphere,2.000000,cartesian,7.7607e-05,0.000144044,0.0,0.0,32,256
sphere,2.000000,cartesian,0.0,0.0,1.493e-05,3.0918e-05,32,256
sphere,2.000000,cartesian,0.00015373,0.000190479,0.0,0.0,32,256
sphere,2.000000,cartesian,0.0,0.0,2.6922e-05,8.7939e-05,32,256
sphere,2.000000,cartesian,0.000107595,0.000225367,0.0,0.0,32,256
sphere,2.000000,cartesian,0.0,0.0,1.9119e-05,4.4496e-05,32,256
sphere,2.000000,cartesian,7.9427e-05,0.000186694,0.0,0.0,32,256
sphere,2.000000,cartesian,0.0,0.0,1.2354e-05,3.5513e-05,32,256
sphere,2.000000,cartesian,6.8974e-05,0.000135881,0.0,0.0,32,256
sphere,2.000000,cartesian,0.0,0.0,1.1921e-05,2.9138e-05,32,256
sphere,2.000000,cartesian,6.7193e-05,0.000128458,0.0,0.0,32,256
sphere,2.000000,cartesian,0.0,0.0,1.0812e-05,3.1634e-05,32,256
sphere,2.000000,cartesian,0.000200612,9.4318e-05,0.0,0.0,32,256
sphere,2.000000,cartesian,0.0,0.0,0.000139352,3.634e-05,32,256
sphere,2.000000,cartesian,7.5058e-05,0.000187108,0.0,0.0,32,256
sphere,2.000000,cartesian,0.0,0.0,1.5564e-05,2.5415e-05,32,256
sphere,2.000000,cartesian,8.9367e-05,0.000143474,0.0,0.0,32,256
sphere,2.000000,cartesian,0.0,0.0,1.3777e-05,4.1198e-05,32,256
sphere,2.000000,cartesian,9.3872e-05,0.000184546,0.0,0.0,32,256
sphere,2.000000,cartesian,0.0,0.0,1.4993e-05,4.3045e-05,32,256
sphere,2.000000,cartesian,5.7057e-05,0.00014702,0.0,0.0,32,256
sphere,2.000000,cartesian,0.0,0.0,9.193e-06,2.5865e-05,32,256
sphere,2.000000,cartesian,7.5587e-05,0.000169473,0.0,0.0,32,256
sphere,2.000000,cartesian,0.0,0.0,1.3346e-05,3.2047e-05,32,256
sphere,2.000000,cartesian,7.4358e-05,8.8222e-05,0.0,0.0,32,256
sphere,2.000000,cartesian,0.0,0.0,8.421e-06,4.2887e-05,32,256
sphere,2.000000,cartesian,9.952e-05,0.0002028,0.0,0.0,32,256
sphere,2.000000,cartesian,0.0,0.0,1.723e-05,4.26e-05,32,256
sphere,2.000000,cartesian,8.1635e-05,0.000131125,0.0,0.0,32,256
sphere,2.000000,cartesian,0.0,0.0,1.0319e-05,2.8253e-05,32,256
sphere,2.000000,cartesian,0.000101067,0.000212349,0.0,0.0,32,256
sphere,2.000000,cartesian,0.0,0.0,1.7811e-05,4.2696e-05,32,256
sphere,2.000000,cartesian,7.4369e-05,0.000151971,0.0,0.0,32,256
sphere,2.000000,cartesian,0.0,0.0,1.1905e-05,3.3268e-05,32,256
sphere,2.000000,cartesian,8.8159e-05,0.000212832,0.0,0.0,32,256
sphere,2.000000,cartesian,0.0,0.0,1.3062e-05,4.3835e-05,32,256
sphere,2.000000,cartesian,8.1679e-05,0.000152735,0.0,0.0,32,256
sphere,2.000000,cartesian,0.0,0.0,1.1398e-05,4.0907e-05,32,256
sphere,2.000000,cartesian,8.1451e-05,0.000148424,0.0,0.0,32,256
sphere,2.000000,cartesian,0.0,0.0,1.3588e-05,3.5577e-05,32,256
sphere,2.000000,cartesian,0.000100583,0.000161218,0.0,0.0,32,256
sphere,2.000000,cartesian,0.0,0.0,1.6492e-05,4.4883e-05,32,256
sphere,2.000000,cartesian,8.9485e-05,0.000187362,0.0,0.0,32,256
sphere,2.000000,cartesian,0.0,0.0,1.622e-05,3.7106e-05,32,256
sphere,2.000000,cartesian,0.000104541,0.000201205,0.0,0.0,32,256
sphere,2.000000,cartesian,0.0,0.0,1.9097e-05,4.172e-05,32,256
sphere,2.000000,cartesian,8.2052e-05,0.000110487,0.0,0.0,32,256
sphere,2.000000,cartesian,0.0,0.0,1.0548e-05,2.3727e-05,32,256
sphere,2.000000,cartesian,8.907e-05,0.00017746,0.0,0.0,32,256
sphere,2.000000,cartesian,0.0,0.0,1.7445e-05,3.283e-05,32,256
sphere,2.000000,cartesian,8.9927e-05,0.000165192,0.0,0.0,32,256
sphere,2.000000,cartesian,0.0,0.0,1.6497e-05,3.6548e-05,32,256
sphere,2.000000,cartesian,7.0691e-05,0.000131902,0.0,0.0,32,256
sphere,2.000000,cartesian,0.0,0.0,1.2303e-05,3.0305e-05,32,256
sphere,2.000000,cartesian,7.6578e-05,0.000135772,0.0,0.0,32,256
sphere,2.000000,cartesian,0.0,0.0,1.2369e-05,3.5018e-05,32,256
sphere,2.000000,cartesian,7.7354e-05,0.000154021,0.0,0.0,32,256
sphere,2.000000,cartesian,0.0,0.0,1.2791e-05,3.4231e-05,32,256
sphere,2.000000,cartesian,9.5767e-05,0.00010359,0.0,0.0,32,256
sphere,2.000000,cartesian,0.0,0.0,1.7791e-05,3.3021e-05,32,256
sphere,2.000000,cartesian,8.3331e-05,0.000153361,0.0,0.0,32,256
sphere,2.000000,cartesian,0.0,0.0,1.4031e-05,3.6881e-05,32,256
sphere,2.000000,cartesian,7.8472e-05,0.000154259,0.0,0.0,32,256
sphere,2.000000,cartesian,0.0,0.0,1.3271e-05,3.3749e-05,32,256
sphere,2.000000,cartesian,0.000108919,0.000188924,0.0,0.0,32,256
sphere,2.000000,cartesian,0.0,0.0,1.8948e-05,4.6938e-05,32,256
sphere,2.000000,cartesian,4.1293e-05,6.2572e-05,0.0,0.0,32,256
sphere,2.000000,cartesian,0.0,0.0,6.102e-06,1.9674e-05,32,256
sphere,2.000000,cartesian,7.5905e-05,0.000137384,0.0,0.0,32,256
sphere,2.000000,cartesian,0.0,0.0,1.2577e-05,3.428e-05,32,256
sphere,2.000000,cartesian,7.3891e-05,0.000143835,0.0,0.0,32,256
sphere,2.000000,cartesian,0.0,0.0,1.3195e-05,3.056e-05,32,256
sphere,2.000000,cartesian,8.1399e-05,8.5904e-05,0.0,0.0,32,256
sphere,2.000000,cartesian,0.0,0.0,1.0096e-05,4.6376e-05,32,256
sphere,2.000000,cartesian,9.5794e-05,0.000173159,0.0,0.0,32,256
sphere,2.000000,cartesian,0.0,0.0,1.6258e-05,4.3088e-05,32,256
sphere,2.000000,cartesian,0.0001046,0.000145905,0.0,0.0,32,256
sphere,2.000000,cartesian,0.0,0.0,1.6566e-05,4.9148e-05,32,256
sphere,2.000000,cartesian,7.5671e-05,0.000140838,0.0,0.0,32,256
sphere,2.000000,cartesian,0.0,0.0,1.2777e-05,3.2907e-05,32,256
sphere,2.000000,cartesian,9.1547e-05,0.000175536,0.0,0.0,32,256
sphere,2.000000,cartesian,0.0,0.0,1.5421e-05,4.0288e-05,32,256
sphere,2.000000,cartesian,0.000119426,0.000372397,0.0,0.0,32,256
sphere,2.000000,cartesian,0.0,0.0,2.0973e-05,4.7734e-05,32,256
sphere,2.000000,cartesian,9.4323e-05,0.000217152,0.0,0.0,32,256
sphere,2.000000,cartesian,0.0,0.0,1.6382e-05,4.0037e-05,32,256
sphere,2.000000,cartesian,5.4573e-05,0.000107521,0.0,0.0,32,256
sphere,2.000000,cartesian,0.0,0.0,7.951e-06,2.59e-05,32,256
sphere,2.000000,cartesian,0.000103284,0.000209134,0.0,0.0,32,256
sphere,2.000000,cartesian,0.0,0.0,1.7574e-05,4.2126e-05,32,256
sphere,2.000000,cartesian,9.4834e-05,0.000262192,0.0,0.0,32,256
sphere,2.000000,cartesian,0.0,0.0,1.5021e-05,4.3088e-05,32,256
sphere,2.000000,cartesian,0.000100265,0.000146649,0.0,0.0,32,256
sphere,2.000000,cartesian,0.0,0.0,1.4662e-05,5.034e-05,32,256
sphere,2.000000,cartesian,8.8682e-05,0.000129978,0.0,0.0,32,256
sphere,2.000000,cartesian,0.0,0.0,1.0897e-05,4.9408e-05,32,256
sphere,2.000000,cartesian,0.000126255,0.000198718,0.0,0.0,32,256
sphere,2.000000,cartesian,0.0,0.0,1.7672e-05,5.7596e-05,32,256
sphere,2.000000,cartesian,0.000100519,0.000168263,0.0,0.0,32,256
sphere,2.000000,cartesian,0.0,0.0,3.6636e-05,3.2092e-05,32,256
sphere,2.000000,cartesian,6.0187e-05,0.000123897,0.0,0.0,32,256
sphere,2.000000,cartesian,0.0,0.0,1.028e-05,2.5868e-05,32,256
sphere,2.000000,cartesian,8.3404e-05,0.00019159,0.0,0.0,32,256
sphere,2.000000,cartesian,0.0,0.0,1.4329e-05,3.4947e-05,32,256
sphere,2.000000,cartesian,9.3245e-05,0.000184103,0.0,0.0,32,256
sphere,2.000000,cartesian,0.0,0.0,1.6729e-05,3.8017e-05,32,256
sphere,2.000000,cartesian,4.7295e-05,0.000116664,0.0,0.0,32,256
sphere,2.000000,cartesian,0.0,0.0,9.517e-06,1.6178e-05,32,256
sphere,2.000000,cartesian,9.8675e-05,0.000177408,0.0,0.0,32,256
sphere,2.000000,cartesian,0.0,0.0,1.8118e-05,3.8843e-05,32,256
sphere,2.000000,cartesian,3.9362e-05,3.9746e-05,0.0,0.0,32,256
sphere,2.000000,cartesian,0.0,0.0,4.389e-06,2.2978e-05,32,256
sphere,2.000000,cartesian,0.000118174,0.000266951,0.0,0.0,32,256
sphere,2.000000,cartesian,0.0,0.0,2.0132e-05,5.1471e-05,32,256
sphere,2.000000,cartesian,6.6853e-05,0.000150928,0.0,0.0,32,256
sphere,2.000000,cartesian,0.0,0.0,1.194e-05,2.7247e-05,32,256
sphere,2.000000,cartesian,2.6427e-05,3.1472e-05,0.0,0.0,32,256
sphere,2.000000,cartesian,0.0,0.0,3.177e-06,1.5339e-05,32,256
sphere,2.000000,cartesian,0.000101367,0.000199202,0.0,0.0,32,256
sphere,2.000000,cartesian,0.0,0.0,1.6747e-05,4.3835e-05,32,256
sphere,2.000000,cartesian,0.000106791,0.000214318,0.0,0.0,32,256
sphere,2.000000,cartesian,0.0,0.0,1.6469e-05,5.2073e-05,32,256
sphere,2.000000,cartesian,0.000101224,0.000193352,0.0,0.0,32,256
sphere,2.000000,cartesian,0.0,0.0,1.4302e-05,5.1859e-05,32,256
sphere,2.000000,cartesian,3.3775e-05,4.5911e-05,0.0,0.0,32,256
sphere,2.000000,cartesian,0.0,0.0,3.776e-06,1.969e-05,32,256
sphere,2.000000,cartesian,9.1056e-05,0.000166992,0.0,0.0,32,256
sphere,2.000000,cartesian,0.0,0.0,1.5529e-05,3.9747e-05,32,256
sphere,2.000000,cartesian,9.2058e-05,0.000158119,0.0,0.0,32,256
sphere,2.000000,cartesian,0.0,0.0,1.487e-05,4.248e-05,32,256
sphere,2.000000,cartesian,0.000100098,0.000135926,0.0,0.0,32,256
sphere,2.000000,cartesian,0.0,0.0,1.2482e-05,5.7305e-05,32,256
sphere,2.000000,cartesian,8.0308e-05,0.000120582,0.0,0.0,32,256
sphere,2.000000,cartesian,0.0,0.0,1.1903e-05,3.8666e-05,32,256
sphere,2.000000,cartesian,9.1158e-05,0.000172868,0.0,0.0,32,256
sphere,2.000000,cartesian,0.0,0.0,1.6406e-05,3.7025e-05,32,256
sphere,2.000000,cartesian,9.9522e-05,0.00015755,0.0,0.0,32,256
sphere,2.000000,cartesian,0.0,0.0,1.6107e-05,4.6615e-05,32,256
sphere,2.000000,cartesian,7.2139e-05,0.000145225,0.0,0.0,32,256
sphere,2.000000,cartesian,0.0,0.0,1.202e-05,3.1397e-05,32,256
sphere,2.000000,cartesian,6.1451e-05,8.6518e-05,0.0,0.0,32,256
sphere,2.000000,cartesian,0.0,0.0,8.216e-06,3.275e-05,32,256
sphere,2.000000,cartesian,9.8028e-05,0.000173683,0.0,0.0,32,256
sphere,2.000000,cartesian,0.0,0.0,1.5488e-05,4.6426e-05,32,256
sphere,2.000000,cartesian,5.947e-05,9.3616e-05,0.0,0.0,32,256
sphere,2.000000,cartesian,0.0,0.0,8.397e-06,2.9858e-05,32,256
sphere,2.000000,cartesian,5.8313e-05,6.8027e-05,0.0,0.0,32,256
sphere,2.000000,cartesian,0.0,0.0,6.896e-06,3.3755e-05,32,256
sphere,2.000000,cartesian,9.7253e-05,0.000180691,0.0,0.0,32,256
sphere,2.000000,cartesian,0.0,0.0,1.8133e-05,3.8483e-05,32,256
sphere,2.000000,cartesian,7.6598e-05,0.00014481,0.0,0.0,32,256
sphere,2.000000,cartesian,0.0,0.0,1.1281e-05,3.6597e-05,32,256
sphere,2.000000,cartesian,3.5673e-05,5.025e-05,0.0,0.0,32,256
sphere,2.000000,cartesian,0.0,0.0,4.327e-06,1.918e-05,32,256
sphere,2.000000,cartesian,0.000171154,0.000250873,0.0,0.0,32,256
sphere,2.000000,cartesian,0.0,0.0,2.1485e-05,5.3962e-05,32,256
sphere,2.000000,cartesian,8.1637e-05,0.000146968,0.0,0.0,32,256
sphere,2.000000,cartesian,0.0,0.0,1.3402e-05,3.7036e-05,32,256
sphere,2.000000,cartesian,8.3268e-05,0.000168539,0.0,0.0,32,256
sphere,2.000000,cartesian,0.0,0.0,1.4602e-05,3.4493e-05,32,256
sphere,2.000000,cartesian,6.9987e-05,0.00012104,0.0,0.0,32,256
sphere,2.000000,cartesian,0.0,0.0,1.0895e-05,3.2497e-05,32,256
sphere,2.000000,cartesian,4.8007e-05,3.4746e-05,0.0,0.0,32,256
sphere,2.000000,cartesian,0.0,0.0,4.164e-06,3.1368e-05,32,256
sphere,2.000000,cartesian,9.7732e-05,0.000186148,0.0,0.0,32,256
sphere,2.000000,cartesian,0.0,0.0,1.8566e-05,3.8256e-05,32,256
sphere,2.000000,cartesian,7.5241e-05,0.000115272,0.0,0.0,32,256
sphere,2.000000,cartesian,0.0,0.0,1.0944e-05,3.7819e-05,32,256
sphere,2.000000,cartesian,2.4608e-05,2.7672e-05,0.0,0.0,32,256
sphere,2.000000,cartesian,0.0,0.0,2.419e-06,1.5442e-05,32,256
sphere,2.000000,cartesian,0.000116363,0.000134499,0.0,0.0,32,256
sphere,2.000000,cartesian,0.0,0.0,2.7144e-05,5.2055e-05,32,256
sphere,2.000000,cartesian,5.8989e-05,8.1033e-05,0.0,0.0,32,256
sphere,2.000000,cartesian,0.0,0.0,8.217e-06,3.0086e-05,32,256
sphere,2.000000,cartesian,4.1226e-05,3.4146e-05,0.0,0.0,32,256
sphere,2.000000,cartesian,0.0,0.0,3.462e-06,2.7353e-05,32,256
sphere,2.000000,cartesian,7.4562e-05,0.000123632,0.0,0.0,32,256
sphere,2.000000,cartesian,0.0,0.0,1.2239e-05,3.3699e-05,32,256
sphere,2.000000,cartesian,7.8799e-05,0.000144981,0.0,0.0,32,256
sphere,2.000000,cartesian,0.0,0.0,1.3821e-05,3.3273e-05,32,256
sphere,2.000000,cartesian,1.9079e-05,1.8245e-05,0.0,0.0,32,256
sphere,2.000000,cartesian,0.0,0.0,1.893e-06,1.1763e-05,32,256
sphere,2.000000,cartesian,6.5727e-05,0.00010384,0.0,0.0,32,256
sphere,2.000000,cartesian,0.0,0.0,9.971e-06,2.6872e-05,32,256
sphere,2.000000,cartesian,8.6113e-05,9.6636e-05,0.0,0.0,32,256
sphere,2.000000,cartesian,0.0,0.0,2.2991e-05,3.876e-05,32,256
sphere,2.000000,cartesian,8.0082e-05,0.000114666,0.0,0.0,32,256
sphere,2.000000,cartesian,0.0,0.0,1.2371e-05,3.8971e-05,32,256
sphere,2.000000,cartesian,9.7496e-05,0.000179736,0.0,0.0,32,256
sphere,2.000000,cartesian,0.0,0.0,1.7514e-05,3.9916e-05,32,256
sphere,2.000000,cartesian,0.000101561,0.000149775,0.0,0.0,32,256
sphere,2.000000,cartesian,0.0,0.0,1.5965e-05,4.8152e-05,32,256
sphere,2.000000,cartesian,9.6048e-05,0.000175279,0.0,0.0,32,256
sphere,2.000000,cartesian,0.0,0.0,1.6377e-05,4.1623e-05,32,256
sphere,2.000000,cartesian,8.3374e-05,0.000172394,0.0,0.0,32,256
sphere,2.000000,cartesian,0.0,0.0,1.2504e-05,4.1019e-05,32,256
sphere,2.000000,cartesian,6.9866e-05,0.000102657,0.0,0.0,32,256
sphere,2.000000,cartesian,0.0,0.0,1.154e-05,3.1815e-05,32,256
sphere,2.000000,cartesian,9.1288e-05,0.000144067,0.0,0.0,32,256
sphere,2.000000,cartesian,0.0,0.0,1.4385e-05,4.4086e-05,32,256
sphere,2.000000,cartesian,6.1675e-05,0.000104131,0.0,0.0,32,256
sphere,2.000000,cartesian,0.0,0.0,1.0355e-05,2.735e-05,32,256
sphere,2.000000,cartesian,2.898e-05,2.0335e-05,0.0,0.0,32,256
sphere,2.000000,cartesian,0.0,0.0,2.344e-06,1.9151e-05,32,256
sphere,2.000000,cartesian,0.000103769,0.000163768,0.0,0.0,32,256
sphere,2.000000,cartesian,0.0,0.0,1.4048e-05,5.455e-05,32,256
sphere,2.000000,cartesian,6.1234e-05,0.000107574,0.0,0.0,32,256
sphere,2.000000,cartesian,0.0,0.0,1.0295e-05,2.6667e-05,32,256
sphere,2.000000,cartesian,5.7421e-05,0.000114405,0.0,0.0,32,256
sphere,2.000000,cartesian,0.0,0.0,1.0757e-05,2.2173e-05,32,256
sphere,2.000000,cartesian,8.9236e-05,0.000179557,0.0,0.0,32,256
sphere,2.000000,cartesian,0.0,0.0,1.679e-05,3.5321e-05,32,256
sphere,2.000000,cartesian,6.7451e-05,0.000113484,0.0,0.0,32,256
sphere,2.000000,cartesian,0.0,0.0,1.0452e-05,3.1681e-05,32,256
sphere,2.000000,cartesian,9.3863e-05,0.000159026,0.0,0.0,32,256
sphere,2.000000,cartesian,0.0,0.0,1.4747e-05,4.4373e-05,32,256
sphere,2.000000,cartesian,7.828e-05,0.000137143,0.0,0.0,32,256
sphere,2.000000,cartesian,0.0,0.0,1.4456e-05,3.1731e-05,32,256
sphere,2.000000,cartesian,7.7848e-05,0.000156112,0.0,0.0,32,256
sphere,2.000000,cartesian,0.0,0.0,1.3739e-05,3.1693e-05,32,256
sphere,2.000000,cartesian,8.425e-05,0.000135601,0.0,0.0,32,256
sphere,2.000000,cartesian,0.0,0.0,1.47e-05,3.61e-05,32,256
sphere,2.000000,cartesian,6.4827e-05,0.000130294,0.0,0.0,32,256
sphere,2.000000,cartesian,0.0,0.0,1.3127e-05,2.4034e-05,32,256
sphere,2.000000,cartesian,9.0342e-05,0.000162214,0.0,0.0,32,256
sphere,2.000000,cartesian,0.0,0.0,1.433e-05,4.3226e-05,32,256
sphere,2.000000,cartesian,7.2028e-05,0.00011943,0.0,0.0,32,256
sphere,2.000000,cartesian,0.0,0.0,1.114e-05,3.434e-05,32,256
sphere,2.000000,cartesian,7.5868e-05,0.000205377,0.0,0.0,32,256
sphere,2.000000,cartesian,0.0,0.0,1.4218e-05,2.9137e-05,32,256
sphere,2.000000,cartesian,9.2388e-05,0.000203997,0.0,0.0,32,256
sphere,2.000000,cartesian,0.0,0.0,1.3919e-05,4.5536e-05,32,256
sphere,2.000000,cartesian,7.9771e-05,0.000120254,0.0,0.0,32,256
sphere,2.000000,cartesian,0.0,0.0,1.1752e-05,3.8263e-05,32,256
sphere,2.000000,cartesian,7.7247e-05,0.000156453,0.0,0.0,32,256
sphere,2.000000,cartesian,0.0,0.0,1.4114e-05,3.2668e-05,32,256
sphere,2.000000,cartesian,0.000155077,0.000179976,0.0,0.0,32,256
sphere,2.000000,cartesian,0.0,0.0,1.4494e-05,0.000104984,32,256
sphere,2.000000,cartesian,8.9993e-05,0.000174283,0.0,0.0,32,256
sphere,2.000000,cartesian,0.0,0.0,1.4865e-05,4.0457e-05,32,256
sphere,2.000000,cartesian,0.000104968,0.000215916,0.0,0.0,32,256
sphere,2.000000,cartesian,0.0,0.0,1.8319e-05,4.4982e-05,32,256
sphere,2.000000,cartesian,0.000107672,0.000157915,0.0,0.0,32,256
sphere,2.000000,cartesian,0.0,0.0,3.4705e-05,3.0695e-05,32,256
sphere,2.000000,cartesian,0.000123057,0.000155769,0.0,0.0,32,256
sphere,2.000000,cartesian,0.0,0.0,1.4562e-05,7.5524e-05,32,256
sphere,2.000000,cartesian,4.7422e-05,7.0356e-05,0.0,0.0,32,256
sphere,2.000000,cartesian,0.0,0.0,6.909e-06,2.374e-05,32,256
sphere,2.000000,cartesian,9.8743e-05,0.000185859,0.0,0.0,32,256
sphere,2.000000,cartesian,0.0,0.0,1.7845e-05,4.0326e-05,32,256
sphere,2.000000,cartesian,8.3418e-05,0.000128812,0.0,0.0,32,256
sphere,2.000000,cartesian,0.0,0.0,1.1906e-05,4.2801e-05,32,256
sphere,2.000000,cartesian,1.6626e-05,1.7401e-05,0.0,0.0,32,256
sphere,2.000000,cartesian,0.0,0.0,1.75e-06,1.0007e-05,32,256
sphere,2.000000,cartesian,5.5855e-05,8.8465e-05,0.0,0.0,32,256
sphere,2.000000,cartesian,0.0,0.0,7.494e-06,2.9492e-05,32,256
sphere,2.000000,cartesian,2.044e-05,1.9051e-05,0.0,0.0,32,256
sphere,2.000000,cartesian,0.0,0.0,1.585e-06,1.3745e-05,32,256
sphere,2.000000,cartesian,6.7957e-05,0.00012641,0.0,0.0,32,256
sphere,2.000000,cartesian,0.0,0.0,1.2748e-05,2.6299e-05,32,256
sphere,2.000000,cartesian,7.9205e-05,0.000147064,0.0,0.0,32,256
sphere,2.000000,cartesian,0.0,0.0,1.3118e-05,3.4812e-05,32,256
sphere,2.000000,cartesian,5.5462e-05,0.000110604,0.0,0.0,32,256
sphere,2.000000,cartesian,0.0,0.0,1.0745e-05,2.2069e-05,32,256
sphere,2.000000,cartesian,0.000105265,0.00018576,0.0,0.0,32,256
sphere,2.000000,cartesian,0.0,0.0,1.3519e-05,5.7389e-05,32,256
sphere,2.000000,cartesian,0.000104232,0.000184536,0.0,0.0,32,256
sphere,2.000000,cartesian,0.0,0.0,1.8465e-05,4.4115e-05,32,256
sphere,2.000000,cartesian,8.8298e-05,0.000124775,0.0,0.0,32,256
sphere,2.000000,cartesian,0.0,0.0,1.3363e-05,4.3968e-05,32,256
sphere,2.000000,cartesian,5.5792e-05,0.000110757,0.0,0.0,32,256
sphere,2.000000,cartesian,0.0,0.0,1.0897e-05,2.1025e-05,32,256
sphere,2.000000,cartesian,8.2562e-05,0.000154851,0.0,0.0,32,256
sphere,2.000000,cartesian,0.0,0.0,1.4259e-05,3.631e-05,32,256
sphere,2.000000,cartesian,8.5207e-05,0.00016649,0.0,0.0,32,256
sphere,2.000000,cartesian,0.0,0.0,1.493e-05,3.4908e-05,32,256
sphere,2.000000,cartesian,8.2406e-05,0.000151438,0.0,0.0,32,256
sphere,2.000000,cartesian,0.0,0.0,1.3368e-05,3.7452e-05,32,256
sphere,2.000000,cartesian,8.7696e-05,0.000110854,0.0,0.0,32,256
sphere,2.000000,cartesian,0.0,0.0,1.3368e-05,4.2199e-05,32,256
sphere,2.000000,cartesian,4.5858e-05,9.9339e-05,0.0,0.0,32,256
sphere,2.000000,cartesian,0.0,0.0,9.796e-06,1.5729e-05,32,256
sphere,2.000000,cartesian,6.8978e-05,8.9241e-05,0.0,0.0,32,256
sphere,2.000000,cartesian,0.0,0.0,1.0621e-05,3.3705e-05,32,256
sphere,2.000000,cartesian,6.0514e-05,6.0623e-05,0.0,0.0,32,256
sphere,2.000000,cartesian,0.0,0.0,6.735e-06,3.564e-05,32,256
sphere,2.000000,cartesian,8.4661e-05,0.000130238,0.0,0.0,32,256
sphere,2.000000,cartesian,0.0,0.0,1.2565e-05,3.1397e-05,32,256
sphere,2.000000,cartesian,7.9984e-05,0.000142579,0.0,0.0,32,256
sphere,2.000000,cartesian,0.0,0.0,1.2335e-05,3.8117e-05,32,256
sphere,2.000000,cartesian,3.9043e-05,4.7962e-05,0.0,0.0,32,256
sphere,2.000000,cartesian,0.0,0.0,5.477e-06,2.0021e-05,32,256
sphere,2.000000,cartesian,7.0277e-05,0.000115665,0.0,0.0,32,256
sphere,2.000000,cartesian,0.0,0.0,1.1229e-05,3.3004e-05,32,256
sphere,2.000000,cartesian,7.6388e-05,9.7688e-05,0.0,0.0,32,256
sphere,2.000000,cartesian,0.0,0.0,1.0076e-05,4.078e-05,32,256
sphere,2.000000,cartesian,8.1004e-05,0.000160662,0.0,0.0,32,256
sphere,2.000000,cartesian,0.0,0.0,1.3271e-05,3.6936e-05,32,256
sphere,2.000000,cartesian,0.000103969,0.00022412,0.0,0.0,32,256
sphere,2.000000,cartesian,0.0,0.0,1.9878e-05,3.9091e-05,32,256
sphere,2.000000,cartesian,7.7441e-05,0.000149178,0.0,0.0,32,256
sphere,2.000000,cartesian,0.0,0.0,1.339e-05,3.3926e-05,32,256
sphere,2.000000,cartesian,7.9715e-05,0.000196517,0.0,0.0,32,256
sphere,2.000000,cartesian,0.0,0.0,8.863e-06,4.7796e-05,32,256
sphere,2.000000,cartesian,5.4519e-05,9.3983e-05,0.0,0.0,32,256
sphere,2.000000,cartesian,0.0,0.0,9.227e-06,2.4038e-05,32,256
sphere,2.000000,cartesian,6.1252e-05,0.000104007,0.0,0.0,32,256
sphere,2.000000,cartesian,0.0,0.0,8.915e-06,3.0143e-05,32,256
sphere,2.000000,cartesian,7.932e-05,6.1525e-05,0.0,0.0,32,256
sphere,2.000000,cartesian,0.0,0.0,7.39e-06,5.0573e-05,32,256
sphere,2.000000,cartesian,0.000116195,0.000190395,0.0,0.0,32,256
sphere,2.000000,cartesian,0.0,0.0,1.779e-05,5.5237e-05,32,256
sphere,2.000000,cartesian,7.9028e-05,0.000133749,0.0,0.0,32,256
sphere,2.000000,cartesian,0.0,0.0,1.1943e-05,3.8747e-05,32,256
sphere,2.000000,cartesian,0.000131689,0.000281751,0.0,0.0,32,256
sphere,2.000000,cartesian,0.0,0.0,2.2721e-05,5.6093e-05,32,256
sphere,2.000000,cartesian,0.000106394,0.000191652,0.0,0.0,32,256
sphere,2.000000,cartesian,0.0,0.0,1.4725e-05,5.5993e-05,32,256
sphere,2.000000,cartesian,8.9379e-05,0.000171724,0.0,0.0,32,256
sphere,2.000000,cartesian,0.0,0.0,1.4301e-05,4.057e-05,32,256
sphere,2.000000,cartesian,8.5818e-05,0.000153483,0.0,0.0,32,256
sphere,2.000000,cartesian,0.0,0.0,1.548e-05,3.5229e-05,32,256
sphere,2.000000,cartesian,8.7443e-05,0.000149034,0.0,0.0,32,256
sphere,2.000000,cartesian,0.0,0.0,1.3104e-05,4.304e-05,32,256
sphere,2.000000,cartesian,6.1335e-05,8.6724e-05,0.0,0.0,32,256
sphere,2.000000,cartesian,0.0,0.0,9.976e-06,2.7916e-05,32,256
sphere,2.000000,cartesian,7.4602e-05,0.000112023,0.0,0.0,32,256
sphere,2.000000,cartesian,0.0,0.0,9.787e-06,3.9356e-05,32,256
sphere,2.000000,cartesian,8.7852e-05,0.000158994,0.0,0.0,32,256
sphere,2.000000,cartesian,0.0,0.0,1.6359e-05,3.6105e-05,32,256
sphere,2.000000,cartesian,7.9786e-05,0.000145741,0.0,0.0,32,256
sphere,2.000000,cartesian,0.0,0.0,1.3632e-05,3.493e-05,32,256
sphere,2.000000,cartesian,7.35e-05,0.00015784,0.0,0.0,32,256
sphere,2.000000,cartesian,0.0,0.0,1.2766e-05,3.068e-05,32,256
sphere,2.000000,cartesian,4.5558e-05,6.9506e-05,0.0,0.0,32,256
sphere,2.000000,cartesian,0.0,0.0,6.425e-06,2.3132e-05,32,256
sphere,2.000000,cartesian,8.308e-05,0.000171401,0.0,0.0,32,256
sphere,2.000000,cartesian,0.0,0.0,1.1275e-05,4.434e-05,32,256
sphere,2.000000,cartesian,0.00010169,0.000187757,0.0,0.0,32,256
sphere,2.000000,cartesian,0.0,0.0,1.4219e-05,5.3152e-05,32,256
sphere,2.000000,cartesian,7.6036e-05,0.000131853,0.0,0.0,32,256
sphere,2.000000,cartesian,0.0,0.0,1.3138e-05,3.2508e-05,32,256
sphere,2.000000,cartesian,0.00010236,0.000176667,0.0,0.0,32,256
sphere,2.000000,cartesian,0.0,0.0,1.5728e-05,4.8383e-05,32,256
sphere,2.000000,cartesian,7.4841e-05,6.8247e-05,0.0,0.0,32,256
sphere,2.000000,cartesian,0.0,0.0,7.613e-06,4.5297e-05,32,256
sphere,2.000000,cartesian,0.000100814,0.000168343,0.0,0.0,32,256
sphere,2.000000,cartesian,0.0,0.0,1.6285e-05,4.6488e-05,32,256
sphere,2.000000,cartesian,8.2991e-05,0.00015151,0.0,0.0,32,256
sphere,2.000000,cartesian,0.0,0.0,1.4311e-05,3.6362e-05,32,256
sphere,2.000000,cartesian,7.9213e-05,0.000137903,0.0,0.0,32,256
sphere,2.000000,cartesian,0.0,0.0,1.2492e-05,3.5498e-05,32,256
sphere,2.000000,cartesian,7.0221e-05,0.0001122,0.0,0.0,32,256
sphere,2.000000,cartesian,0.0,0.0,9.555e-06,3.6969e-05,32,256
sphere,2.000000,cartesian,7.8311e-05,0.000168938,0.0,0.0,32,256
sphere,2.000000,cartesian,0.0,0.0,1.532e-05,2.882e-05,32,256
sphere,2.000000,cartesian,7.5183e-05,0.00015256,0.0,0.0,32,256
sphere,2.000000,cartesian,0.0,0.0,1.2326e-05,3.4125e-05,32,256
sphere,2.000000,cartesian,8.4167e-05,0.000144352,0.0,0.0,32,256
sphere,2.000000,cartesian,0.0,0.0,1.5555e-05,3.3058e-05,32,256
sphere,2.000000,cartesian,6e-05,0.000137807,0.0,0.0,32,256
sphere,2.000000,cartesian,0.0,0.0,1.2586e-05,2.0392e-05,32,256
sphere,2.000000,cartesian,8.0433e-05,0.000148718,0.0,0.0,32,256
sphere,2.000000,cartesian,0.0,0.0,1.1903e-05,3.9694e-05,32,256
sphere,2.000000,cartesian,7.3344e-05,0.000115011,0.0,0.0,32,256
sphere,2.000000,cartesian,0.0,0.0,1.1209e-05,3.5644e-05,32,256
sphere,2.000000,cartesian,0.000118899,0.000249624,0.0,0.0,32,256
sphere,2.000000,cartesian,0.0,0.0,1.8938e-05,5.5147e-05,32,256
sphere,2.000000,cartesian,0.000102558,0.000184965,0.0,0.0,32,256
sphere,2.000000,cartesian,0.0,0.0,1.2683e-05,5.7595e-05,32,256
sphere,2.000000,cartesian,7.9877e-05,0.00015474,0.0,0.0,32,256
sphere,2.000000,cartesian,0.0,0.0,1.3607e-05,3.4746e-05,32,256
sphere,2.000000,cartesian,7.3977e-05,0.000124464,0.0,0.0,32,256
sphere,2.000000,cartesian,0.0,0.0,1.147e-05,3.5262e-05,32,256
sphere,2.000000,cartesian,0.000114785,0.00017002,0.0,0.0,32,256
sphere,2.000000,cartesian,0.0,0.0,1.8708e-05,5.2468e-05,32,256
sphere,2.000000,cartesian,2.4599e-05,2.0354e-05,0.0,0.0,32,256
sphere,2.000000,cartesian,0.0,0.0,2.607e-06,1.4405e-05,32,256
sphere,2.000000,cartesian,5.0648e-05,8.1519e-05,0.0,0.0,32,256
sphere,2.000000,cartesian,0.0,0.0,7.607e-06,2.5634e-05,32,256
sphere,2.000000,cartesian,6.9431e-05,0.000108932,0.0,0.0,32,256
sphere,2.000000,cartesian,0.0,0.0,1.0614e-05,3.2607e-05,32,256
sphere,2.000000,cartesian,9.271e-05,0.000164871,0.0,0.0,32,256
sphere,2.000000,cartesian,0.0,0.0,1.4798e-05,4.284e-05,32,256
sphere,2.000000,cartesian,9.2577e-05,0.00016236,0.0,0.0,32,256
sphere,2.000000,cartesian,0.0,0.0,1.5204e-05,4.2338e-05,32,256
sphere,2.000000,cartesian,0.000111642,0.000201809,0.0,0.0,32,256
sphere,2.000000,cartesian,0.0,0.0,1.8895e-05,4.9773e-05,32,256
sphere,2.000000,cartesian,6.2612e-05,0.000158046,0.0,0.0,32,256
sphere,2.000000,cartesian,0.0,0.0,8.952e-06,3.228e-05,32,256
sphere,2.000000,cartesian,6.1189e-05,0.000100308,0.0,0.0,32,256
sphere,2.000000,cartesian,0.0,0.0,8.072e-06,3.2571e-05,32,256
sphere,2.000000,cartesian,4.6716e-05,9.7113e-05,0.0,0.0,32,256
sphere,2.000000,cartesian,0.0,0.0,7.706e-06,2.1359e-05,32,256
sphere,2.000000,cartesian,0.000111988,0.000202455,0.0,0.0,32,256
sphere,2.000000,cartesian,0.0,0.0,1.744e-05,5.1763e-05,32,256
sphere,2.000000,cartesian,8.6405e-05,0.000101853,0.0,0.0,32,256
sphere,2.000000,cartesian,0.0,0.0,9.209e-06,5.3244e-05,32,256
sphere,2.000000,cartesian,7.5797e-05,0.000136319,0.0,0.0,32,256
sphere,2.000000,cartesian,0.0,0.0,1.4338e-05,2.9624e-05,32,256
sphere,2.000000,cartesian,9.0837e-05,0.000170276,0.0,0.0,32,256
sphere,2.000000,cartesian,0.0,0.0,1.6161e-05,3.7793e-05,32,256
sphere,2.000000,cartesian,0.000102228,0.000155727,0.0,0.0,32,256
sphere,2.000000,cartesian,0.0,0.0,1.1734e-05,5.1326e-05,32,256
sphere,2.000000,cartesian,0.0001371,0.000261394,0.0,0.0,32,256
sphere,2.000000,cartesian,0.0,0.0,1.8842e-05,7.2696e-05,32,256
sphere,2.000000,cartesian,9.9473e-05,0.000168437,0.0,0.0,32,256
sphere,2.000000,cartesian,0.0,0.0,1.5541e-05,4.6709e-05,32,256
sphere,2.000000,cartesian,9.6112e-05,0.000198594,0.0,0.0,32,256
sphere,2.000000,cartesian,0.0,0.0,1.6015e-05,4.3646e-05,32,256
sphere,2.000000,cartesian,4.9713e-05,7.223e-05,0.0,0.0,32,256
sphere,2.000000,cartesian,0.0,0.0,7.384e-06,2.5072e-05,32,256
sphere,2.000000,cartesian,3.7274e-05,3.0255e-05,0.0,0.0,32,256
sphere,2.000000,cartesian,0.0,0.0,3.083e-06,2.5527e-05,32,256
sphere,2.000000,cartesian,0.000103723,0.000154382,0.0,0.0,32,256
sphere,2.000000,cartesian,0.0,0.0,1.6152e-05,4.8822e-05,32,256
sphere,2.000000,cartesian,6.4526e-05,5.0942e-05,0.0,0.0,32,256
sphere,2.000000,cartesian,0.0,0.0,5.071e-06,4.5284e-05,32,256
sphere,2.000000,cartesian,9.1497e-05,0.000167944,0.0,0.0,32,256
sphere,2.000000,cartesian,0.0,0.0,1.5292e-05,4.2173e-05,32,256
sphere,2.000000,cartesian,8.3962e-05,0.000155158,0.0,0.0,32,256
sphere,2.000000,cartesian,0.0,0.0,1.3675e-05,3.7126e-05,32,256
sphere,2.000000,cartesian,8.712e-05,0.000144019,0.0,0.0,32,256
sphere,2.000000,cartesian,0.0,0.0,1.6476e-05,3.3347e-05,32,256
sphere,2.000000,cartesian,8.733e-05,0.000120451,0.0,0.0,32,256
sphere,2.000000,cartesian,0.0,0.0,1.1382e-05,4.7426e-05,32,256
sphere,2.000000,cartesian,8.0881e-05,0.000162817,0.0,0.0,32,256
sphere,2.000000,cartesian,0.0,0.0,1.3442e-05,3.5603e-05,32,256
sphere,2.000000,cartesian,0.000100413,0.000208305,0.0,0.0,32,256
sphere,2.000000,cartesian,0.0,0.0,1.5862e-05,4.6209e-05,32,256
sphere,2.000000,cartesian,7.6439e-05,0.000143963,0.0,0.0,32,256
sphere,2.000000,cartesian,0.0,0.0,1.2285e-05,3.5673e-05,32,256
sphere,2.000000,cartesian,7.9628e-05,0.000128873,0.0,0.0,32,256
sphere,2.000000,cartesian,0.0,0.0,1.3107e-05,3.5531e-05,32,256
sphere,2.000000,cartesian,9.4984e-05,0.000168376,0.0,0.0,32,256
sphere,2.000000,cartesian,0.0,0.0,1.4417e-05,4.6176e-05,32,256
sphere,2.000000,cartesian,7.9154e-05,0.000156219,0.0,0.0,32,256
sphere,2.000000,cartesian,0.0,0.0,1.277e-05,3.6033e-05,32,256
sphere,2.000000,cartesian,5.5803e-05,0.000120918,0.0,0.0,32,256
sphere,2.000000,cartesian,0.0,0.0,9.234e-06,2.2969e-05,32,256
sphere,2.000000,cartesian,9.0587e-05,0.000150765,0.0,0.0,32,256
sphere,2.000000,cartesian,0.0,0.0,1.3685e-05,4.4134e-05,32,256
sphere,2.000000,cartesian,4.4044e-05,6.6115e-05,0.0,0.0,32,256
sphere,2.000000,cartesian,0.0,0.0,6.886e-06,2.0471e-05,32,256
sphere,2.000000,cartesian,9.8632e-05,0.000129042,0.0,0.0,32,256
sphere,2.000000,cartesian,0.0,0.0,1.5505e-05,4.6947e-05,32,256
sphere,2.000000,cartesian,6.7267e-05,9.4026e-05,0.0,0.0,32,256
sphere,2.000000,cartesian,0.0,0.0,1.9121e-05,2.8883e-05,32,256
sphere,2.000000,cartesian,0.000116751,0.000188448,0.0,0.0,32,256
sphere,2.000000,cartesian,0.0,0.0,1.7929e-05,5.6762e-05,32,256
sphere,2.000000,cartesian,0.000117842,0.00018852,0.0,0.0,32,256
sphere,2.000000,cartesian,0.0,0.0,1.8577e-05,5.5788e-05,32,256
sphere,2.000000,cartesian,8.0487e-05,0.00014755,0.0,0.0,32,256
sphere,2.000000,cartesian,0.0,0.0,1.3844e-05,3.4249e-05,32,256
sphere,2.000000,cartesian,0.000102852,0.000170296,0.0,0.0,32,256
sphere,2.000000,cartesian,0.0,0.0,1.3699e-05,5.6144e-05,32,256
sphere,2.000000,cartesian,7.1546e-05,0.000114734,0.0,0.0,32,256
sphere,2.000000,cartesian,0.0,0.0,1.1769e-05,3.2725e-05,32,256
sphere,2.000000,cartesian,3.984e-05,4.4388e-05,0.0,0.0,32,256
sphere,2.000000,cartesian,0.0,0.0,3.753e-06,2.5273e-05,32,256
sphere,2.000000,cartesian,7.6985e-05,0.000136669,0.0,0.0,32,256
sphere,2.000000,cartesian,0.0,0.0,1.2538e-05,3.4582e-05,32,256
sphere,2.000000,cartesian,8.614e-05,0.000146615,0.0,0.0,32,256
sphere,2.000000,cartesian,0.0,0.0,1.5396e-05,3.5873e-05,32,256
sphere,2.000000,cartesian,5.5823e-05,6.4292e-05,0.0,0.0,32,256
sphere,2.000000,cartesian,0.0,0.0,6.447e-06,3.1941e-05,32,256
sphere,2.000000,cartesian,8.5974e-05,0.000157562,0.0,0.0,32,256
sphere,2.000000,cartesian,0.0,0.0,1.3919e-05,3.9327e-05,32,256
sphere,2.000000,cartesian,7.526e-05,0.000131292,0.0,0.0,32,256
sphere,2.000000,cartesian,0.0,0.0,1.2629e-05,3.2696e-05,32,256
sphere,2.000000,cartesian,0.000101409,0.00023135,0.0,0.0,32,256
sphere,2.000000,cartesian,0.0,0.0,1.4512e-05,5.1556e-05,32,256
sphere,2.000000,cartesian,0.000114465,0.000280771,0.0,0.0,32,256
sphere,2.000000,cartesian,0.0,0.0,1.7305e-05,5.479e-05,32,256
sphere,2.000000,cartesian,5.359e-05,9.8808e-05,0.0,0.0,32,256
sphere,2.000000,cartesian,0.0,0.0,8.384e-06,2.5465e-05,32,256
sphere,2.000000,cartesian,7.5632e-05,0.000142222,0.0,0.0,32,256
sphere,2.000000,cartesian,0.0,0.0,1.4055e-05,2.9311e-05,32,256
sphere,2.000000,cartesian,7.1197e-05,0.000126891,0.0,0.0,32,256
sphere,2.000000,cartesian,0.0,0.0,1.2061e-05,3.0733e-05,32,256
sphere,2.000000,cartesian,8.9821e-05,0.000153098,0.0,0.0,32,256
sphere,2.000000,cartesian,0.0,0.0,1.5321e-05,3.9231e-05,32,256
sphere,2.000000,cartesian,8.9505e-05,0.000163742,0.0,0.0,32,256
sphere,2.000000,cartesian,0.0,0.0,1.5187e-05,3.8788e-05,32,256
sphere,2.000000,cartesian,7.0801e-05,5.1289e-05,0.0,0.0,32,256
sphere,2.000000,cartesian,0.0,0.0,5.184e-06,5.0048e-05,32,256
sphere,2.000000,cartesian,6.7851e-05,0.000105826,0.0,0.0,32,256
sphere,2.000000,cartesian,0.0,0.0,1.0865e-05,3.1433e-05,32,256
sphere,2.000000,cartesian,4.3551e-05,6.0805e-05,0.0,0.0,32,256
sphere,2.000000,cartesian,0.0,0.0,6.371e-06,2.2353e-05,32,256
sphere,2.000000,cartesian,7.246e-05,0.000161101,0.0,0.0,32,256
sphere,2.000000,cartesian,0.0,0.0,1.1874e-05,3.215e-05,32,256
sphere,2.000000,cartesian,7.0964e-05,0.000134992,0.0,0.0,32,256
sphere,2.000000,cartesian,0.0,0.0,1.2785e-05,2.9227e-05,32,256
sphere,2.000000,cartesian,0.000117293,0.00018512,0.0,0.0,32,256
sphere,2.000000,cartesian,0.0,0.0,3.389e-05,4.437e-05,32,256
sphere,2.000000,cartesian,5.5736e-05,0.000100712,0.0,0.0,32,256
sphere,2.000000,cartesian,0.0,0.0,1.0098e-05,2.348e-05,32,256
sphere,2.000000,cartesian,8.6807e-05,0.000162223,0.0,0.0,32,256
sphere,2.000000,cartesian,0.0,0.0,1.5512e-05,3.5454e-05,32,256
sphere,2.000000,cartesian,6.7838e-05,0.000113367,0.0,0.0,32,256
sphere,2.000000,cartesian,0.0,0.0,1.1054e-05,3e-05,32,256
sphere,2.000000,cartesian,7.7378e-05,0.000144647,0.0,0.0,32,256
sphere,2.000000,cartesian,0.0,0.0,1.4306e-05,3.0656e-05,32,256
sphere,2.000000,cartesian,5.3024e-05,9.5984e-05,0.0,0.0,32,256
sphere,2.000000,cartesian,0.0,0.0,7.406e-06,2.7379e-05,32,256
sphere,2.000000,cartesian,9.9602e-05,0.000174862,0.0,0.0,32,256
sphere,2.000000,cartesian,0.0,0.0,1.4929e-05,4.9345e-05,32,256
sphere,2.000000,cartesian,7.5417e-05,0.000133067,0.0,0.0,32,256
sphere,2.000000,cartesian,0.0,0.0,1.1426e-05,3.6404e-05,32,256
sphere,2.000000,cartesian,5.3566e-05,8.7074e-05,0.0,0.0,32,256
sphere,2.000000,cartesian,0.0,0.0,8.357e-06,2.4599e-05,32,256
sphere,2.000000,cartesian,3.2024e-05,3.5741e-05,0.0,0.0,32,256
sphere,2.000000,cartesian,0.0,0.0,3.536e-06,1.8997e-05,32,256
sphere,2.000000,cartesian,7.2443e-05,0.000127495,0.0,0.0,32,256
sphere,2.000000,cartesian,0.0,0.0,1.0498e-05,2.829e-05,32,256
sphere,2.000000,cartesian,0.000116022,0.000195609,0.0,0.0,32,256
sphere,2.000000,cartesian,0.0,0.0,1.8296e-05,5.4241e-05,32,256
sphere,2.000000,cartesian,5.5476e-05,8.526e-05,0.0,0.0,32,256
sphere,2.000000,cartesian,0.0,0.0,7.447e-06,2.9562e-05,32,256
sphere,2.000000,cartesian,8.3323e-05,0.000131425,0.0,0.0,32,256
sphere,2.000000,cartesian,0.0,0.0,1.4654e-05,3.5103e-05,32,256
sphere,2.000000,cartesian,7.9317e-05,0.000155894,0.0,0.0,32,256
sphere,2.000000,cartesian,0.0,0.0,1.3898e-05,2.2615e-05,32,256
sphere,2.000000,cartesian,8.9224e-05,0.00014264,0.0,0.0,32,256
sphere,2.000000,cartesian,0.0,0.0,1.4678e-05,4.041e-05,32,256
sphere,2.000000,cartesian,8.4838e-05,0.000158549,0.0,0.0,32,256
sphere,2.000000,cartesian,0.0,0.0,1.3432e-05,3.9162e-05,32,256
sphere,2.000000,cartesian,0.000100768,0.00017544,0.0,0.0,32,256
sphere,2.000000,cartesian,0.0,0.0,1.5934e-05,4.7322e-05,32,256
sphere,2.000000,cartesian,7.8502e-05,0.000106714,0.0,0.0,32,256
sphere,2.000000,cartesian,0.0,0.0,1.0433e-05,4.1999e-05,32,256
sphere,2.000000,cartesian,8.1223e-05,0.000151655,0.0,0.0,32,256
sphere,2.000000,cartesian,0.0,0.0,1.3114e-05,3.7172e-05,32,256
sphere,2.000000,cartesian,8.9732e-05,0.000154063,0.0,0.0,32,256
sphere,2.000000,cartesian,0.0,0.0,1.5162e-05,4.0098e-05,32,256
sphere,2.000000,cartesian,1.823e-05,1.1029e-05,0.0,0.0,32,256
sphere,2.000000,cartesian,0.0,0.0,1.252e-06,1.2953e-05,32,256
sphere,2.000000,cartesian,8.8668e-05,0.000173497,0.0,0.0,32,256
sphere,2.000000,cartesian,0.0,0.0,1.6108e-05,3.6261e-05,32,256
sphere,2.000000,cartesian,9.3867e-05,0.000116724,0.0,0.0,32,256
sphere,2.000000,cartesian,0.0,0.0,1.2047e-05,5.3402e-05,32,256
sphere,2.000000,cartesian,4.575e-05,7.5128e-05,0.0,0.0,32,256
sphere,2.000000,cartesian,0.0,0.0,7.2e-06,2.1168e-05,32,256
sphere,2.000000,cartesian,8.0315e-05,0.000144804,0.0,0.0,32,256
sphere,2.000000,cartesian,0.0,0.0,1.3446e-05,3.5667e-05,32,256
sphere,2.000000,cartesian,6.0557e-05,0.000140369,0.0,0.0,32,256
sphere,2.000000,cartesian,0.0,0.0,1.4416e-05,1.5744e-05,32,256
sphere,2.000000,cartesian,0.000130845,0.000211079,0.0,0.0,32,256
sphere,2.000000,cartesian,0.0,0.0,2.0398e-05,6.2443e-05,32,256
sphere,2.000000,cartesian,8.867e-05,0.000183228,0.0,0.0,32,256
sphere,2.000000,cartesian,0.0,0.0,1.5732e-05,3.6996e-05,32,256
sphere,2.000000,cartesian,7.8927e-05,0.000128181,0.0,0.0,32,256
sphere,2.000000,cartesian,0.0,0.0,1.175e-05,3.9412e-05,32,256
sphere,2.000000,cartesian,9.3519e-05,0.000189343,0.0,0.0,32,256
sphere,2.000000,cartesian,0.0,0.0,1.6015e-05,4.0286e-05,32,256
sphere,2.000000,cartesian,8.8751e-05,0.000169975,0.0,0.0,32,256
sphere,2.000000,cartesian,0.0,0.0,1.5538e-05,3.767e-05,32,256
sphere,2.000000,cartesian,9.0768e-05,0.000202306,0.0,0.0,32,256
sphere,2.000000,cartesian,0.0,0.0,1.4772e-05,3.4726e-05,32,256
sphere,2.000000,cartesian,6.2047e-05,6.0293e-05,0.0,0.0,32,256
sphere,2.000000,cartesian,0.0,0.0,6.158e-06,3.8182e-05,32,256
sphere,2.000000,cartesian,9.0978e-05,0.000157124,0.0,0.0,32,256
sphere,2.000000,cartesian,0.0,0.0,1.4632e-05,4.2927e-05,32,256
sphere,2.000000,cartesian,6.5819e-05,9.5675e-05,0.0,0.0,32,256
sphere,2.000000,cartesian,0.0,0.0,9.032e-06,3.4386e-05,32,256
sphere,2.000000,cartesian,0.000107702,0.000174283,0.0,0.0,32,256
sphere,2.000000,cartesian,0.0,0.0,1.7355e-05,4.8443e-05,32,256
sphere,2.000000,cartesian,8.1758e-05,0.000138227,0.0,0.0,32,256
sphere,2.000000,cartesian,0.0,0.0,1.3936e-05,3.5124e-05,32,256
sphere,2.000000,cartesian,8.9579e-05,0.000126103,0.0,0.0,32,256
sphere,2.000000,cartesian,0.0,0.0,1.2345e-05,4.6588e-05,32,256
sphere,2.000000,cartesian,9.0543e-05,0.000148953,0.0,0.0,32,256
sphere,2.000000,cartesian,0.0,0.0,1.6524e-05,3.6925e-05,32,256
sphere,2.000000,cartesian,7.7864e-05,0.000142061,0.0,0.0,32,256
sphere,2.000000,cartesian,0.0,0.0,1.5915e-05,2.7901e-05,32,256
sphere,2.000000,cartesian,8.8507e-05,0.000142852,0.0,0.0,32,256
sphere,2.000000,cartesian,0.0,0.0,1.3052e-05,4.3037e-05,32,256
sphere,2.000000,cartesian,8.3272e-05,0.000141097,0.0,0.0,32,256
sphere,2.000000,cartesian,0.0,0.0,1.2214e-05,4.149e-05,32,256
sphere,2.000000,cartesian,4.3221e-05,3.7642e-05,0.0,0.0,32,256
sphere,2.000000,cartesian,0.0,0.0,4.884e-06,2.4869e-05,32,256
sphere,2.000000,cartesian,0.000107899,0.00018123,0.0,0.0,32,256
sphere,2.000000,cartesian,0.0,0.0,1.9152e-05,4.6105e-05,32,256
sphere,2.000000,cartesian,8.8839e-05,0.000149272,0.0,0.0,32,256
sphere,2.000000,cartesian,0.0,0.0,1.4849e-05,3.9093e-05,32,256
sphere,2.000000,cartesian,8.8909e-05,0.000154593,0.0,0.0,32,256
sphere,2.000000,cartesian,0.0,0.0,1.5341e-05,3.753e-05,32,256
sphere,2.000000,cartesian,6.0714e-05,0.000119302,0.0,0.0,32,256
sphere,2.000000,cartesian,0.0,0.0,1.1893e-05,2.3093e-05,32,256
sphere,2.000000,cartesian,8.2595e-05,0.000105522,0.0,0.0,32,256
sphere,2.000000,cartesian,0.0,0.0,1.0892e-05,4.3535e-05,32,256
sphere,2.000000,cartesian,5.3377e-05,0.000101915,0.0,0.0,32,256
sphere,2.000000,cartesian,0.0,0.0,8.928e-06,2.4178e-05,32,256
sphere,2.000000,cartesian,8.0355e-05,0.000148679,0.0,0.0,32,256
sphere,2.000000,cartesian,0.0,0.0,1.3415e-05,3.6218e-05,32,256
sphere,2.000000,cartesian,8.6513e-05,0.000254149,0.0,0.0,32,256
sphere,2.000000,cartesian,0.0,0.0,1.4776e-05,3.6916e-05,32,256
sphere,2.000000,cartesian,5.9379e-05,0.000103793,0.0,0.0,32,256
sphere,2.000000,cartesian,0.0,0.0,9.669e-06,2.8256e-05,32,256
sphere,2.000000,cartesian,7.7591e-05,0.000104479,0.0,0.0,32,256
sphere,2.000000,cartesian,0.0,0.0,9.474e-06,4.4886e-05,32,256
sphere,2.000000,cartesian,8.4084e-05,0.000195738,0.0,0.0,32,256
sphere,2.000000,cartesian,0.0,0.0,1.4927e-05,3.5486e-05,32,256
sphere,2.000000,cartesian,1.3795e-05,1.7485e-05,0.0,0.0,32,256
sphere,2.000000,cartesian,0.0,0.0,1.228e-06,8.801e-06,32,256
sphere,2.000000,cartesian,0.000100366,0.000180247,0.0,0.0,32,256
sphere,2.000000,cartesian,0.0,0.0,1.5917e-05,4.678e-05,32,256
sphere,2.000000,cartesian,6.7746e-05,0.000105831,0.0,0.0,32,256
sphere,2.000000,cartesian,0.0,0.0,1.0201e-05,3.3215e-05,32,256
sphere,2.000000,cartesian,6.802e-05,0.000110857,0.0,0.0,32,256
sphere,2.000000,cartesian,0.0,0.0,1.0045e-05,3.4041e-05,32,256
sphere,2.000000,cartesian,6.9878e-05,0.000132091,0.0,0.0,32,256
sphere,2.000000,cartesian,0.0,0.0,1.3066e-05,2.8004e-05,32,256
sphere,2.000000,cartesian,5.7415e-05,0.000116129,0.0,0.0,32,256
sphere,2.000000,cartesian,0.0,0.0,1.0715e-05,2.283e-05,32,256
sphere,2.000000,cartesian,9.79e-05,0.000151752,0.0,0.0,32,256
sphere,2.000000,cartesian,0.0,0.0,1.5765e-05,4.4357e-05,32,256
sphere,2.000000,cartesian,0.000106791,0.000133368,0.0,0.0,32,256
sphere,2.000000,cartesian,0.0,0.0,1.4365e-05,5.7327e-05,32,256
sphere,2.000000,cartesian,6.6409e-05,0.0001158,0.0,0.0,32,256
sphere,2.000000,cartesian,0.0,0.0,1.1319e-05,2.961e-05,32,256
sphere,2.000000,cartesian,8.2986e-05,0.00013367,0.0,0.0,32,256
sphere,2.000000,cartesian,0.0,0.0,1.288e-05,4.0443e-05,32,256
sphere,2.000000,cartesian,9.298e-05,0.00018362,0.0,0.0,32,256
sphere,2.000000,cartesian,0.0,0.0,1.4726e-05,4.357e-05,32,256
sphere,2.000000,cartesian,4.2277e-05,5.5915e-05,0.0,0.0,32,256
sphere,2.000000,cartesian,0.0,0.0,4.908e-06,2.3982e-05,32,256
sphere,2.000000,cartesian,0.000120702,0.000246407,0.0,0.0,32,256
sphere,2.000000,cartesian,0.0,0.0,2.0092e-05,5.4616e-05,32,256
sphere,2.000000,cartesian,0.000110113,0.000203625,0.0,0.0,32,256
sphere,2.000000,cartesian,0.0,0.0,2.0187e-05,4.2933e-05,32,256
sphere,2.000000,cartesian,7.1528e-05,0.000103281,0.0,0.0,32,256
sphere,2.000000,cartesian,0.0,0.0,9.951e-06,3.7862e-05,32,256
sphere,2.000000,cartesian,7.2992e-05,0.000140259,0.0,0.0,32,256
sphere,2.000000,cartesian,0.0,0.0,1.3163e-05,2.9751e-05,32,256
sphere,2.000000,cartesian,8.5664e-05,0.000129681,0.0,0.0,32,256
sphere,2.000000,cartesian,0.0,0.0,1.1985e-05,4.445e-05,32,256
sphere,2.000000,cartesian,6.0532e-05,9.5801e-05,0.0,0.0,32,256
sphere,2.000000,cartesian,0.0,0.0,9.322e-06,2.9419e-05,32,256
sphere,2.000000,cartesian,8.058e-05,0.000142857,0.0,0.0,32,256
sphere,2.000000,cartesian,0.0,0.0,1.2232e-05,3.9038e-05,32,256
sphere,2.000000,cartesian,8.2905e-05,0.000128059,0.0,0.0,32,256
sphere,2.000000,cartesian,0.0,0.0,1.382e-05,3.5313e-05,32,256
sphere,2.000000,cartesian,8.0044e-05,0.000122354,0.0,0.0,32,256
sphere,2.000000,cartesian,0.0,0.0,1.4008e-05,3.448e-05,32,256
sphere,2.000000,cartesian,7.6653e-05,0.000134628,0.0,0.0,32,256
sphere,2.000000,cartesian,0.0,0.0,1.2875e-05,3.3919e-05,32,256
sphere,2.000000,cartesian,9.5107e-05,0.000129834,0.0,0.0,32,256
sphere,2.000000,cartesian,0.0,0.0,1.2894e-05,5.3169e-05,32,256
sphere,2.000000,cartesian,5.308e-05,0.000140324,0.0,0.0,32,256
sphere,2.000000,cartesian,0.0,0.0,8.615e-06,2.4273e-05,32,256
sphere,2.000000,cartesian,9.104e-05,0.000160032,0.0,0.0,32,256
sphere,2.000000,cartesian,0.0,0.0,1.5906e-05,3.9279e-05,32,256
sphere,2.000000,cartesian,0.000102037,0.000156868,0.0,0.0,32,256
sphere,2.000000,cartesian,0.0,0.0,1.6335e-05,4.6745e-05,32,256
sphere,2.000000,cartesian,7.742e-05,9.2035e-05,0.0,0.0,32,256
sphere,2.000000,cartesian,0.0,0.0,1.0565e-05,3.9918e-05,32,256
sphere,2.000000,cartesian,0.000109093,0.000189892,0.0,0.0,32,256
sphere,2.000000,cartesian,0.0,0.0,1.8446e-05,4.739e-05,32,256
sphere,2.000000,cartesian,7.9669e-05,0.000132879,0.0,0.0,32,256
sphere,2.000000,cartesian,0.0,0.0,1.3243e-05,3.5322e-05,32,256
sphere,2.000000,cartesian,7.2651e-05,0.000135064,0.0,0.0,32,256
sphere,2.000000,cartesian,0.0,0.0,1.1737e-05,3.2635e-05,32,256
sphere,2.000000,cartesian,9.6466e-05,0.000172934,0.0,0.0,32,256
sphere,2.000000,cartesian,0.0,0.0,1.7175e-05,3.9921e-05,32,256
sphere,2.000000,cartesian,0.0001156,0.000172031,0.0,0.0,32,256
sphere,2.000000,cartesian,0.0,0.0,1.6537e-05,4.8633e-05,32,256
sphere,2.000000,cartesian,6.8369e-05,0.000126799,0.0,0.0,32,256
sphere,2.000000,cartesian,0.0,0.0,1.1479e-05,3.0523e-05,32,256
sphere,2.000000,cartesian,7.2554e-05,0.000136626,0.0,0.0,32,256
sphere,2.000000,cartesian,0.0,0.0,1.0814e-05,3.5997e-05,32,256
sphere,2.000000,cartesian,6.3016e-05,7.5627e-05,0.0,0.0,32,256
sphere,2.000000,cartesian,0.0,0.0,8.393e-06,3.3056e-05,32,256
sphere,2.000000,cartesian,3.9575e-05,0.000107265,0.0,0.0,32,256
sphere,2.000000,cartesian,0.0,0.0,1.0164e-05,7.698e-06,32,256
sphere,2.000000,cartesian,7.8687e-05,0.000118519,0.0,0.0,32,256
sphere,2.000000,cartesian,0.0,0.0,1.086e-05,4.0031e-05,32,256
sphere,2.000000,cartesian,0.000113572,0.000205304,0.0,0.0,32,256
sphere,2.000000,cartesian,0.0,0.0,2.0622e-05,4.7256e-05,32,256
sphere,2.000000,cartesian,7.5117e-05,0.000116667,0.0,0.0,32,256
sphere,2.000000,cartesian,0.0,0.0,1.0919e-05,3.7567e-05,32,256
sphere,2.000000,cartesian,8.1573e-05,0.000149797,0.0,0.0,32,256
sphere,2.000000,cartesian,0.0,0.0,1.4718e-05,3.3335e-05,32,256
sphere,2.000000,cartesian,7.2385e-05,0.000142616,0.0,0.0,32,256
sphere,2.000000,cartesian,0.0,0.0,1.249e-05,3.1259e-05,32,256
sphere,2.000000,cartesian,8.8876e-05,0.000152359,0.0,0.0,32,256
sphere,2.000000,cartesian,0.0,0.0,1.6245e-05,3.6595e-05,32,256
sphere,2.000000,cartesian,9.6678e-05,0.000180971,0.0,0.0,32,256
sphere,2.000000,cartesian,0.0,0.0,1.5713e-05,4.451e-05,32,256
sphere,2.000000,cartesian,5.0707e-05,5.4415e-05,0.0,0.0,32,256
sphere,2.000000,cartesian,0.0,0.0,5.278e-06,3.1961e-05,32,256
sphere,2.000000,cartesian,0.00011605,0.000162938,0.0,0.0,32,256
sphere,2.000000,cartesian,0.0,0.0,1.8741e-05,5.3835e-05,32,256
sphere,2.000000,cartesian,6.256e-05,0.000105159,0.0,0.0,32,256
sphere,2.000000,cartesian,0.0,0.0,8.27e-06,3.328e-05,32,256
sphere,2.000000,cartesian,6.8792e-05,0.000124567,0.0,0.0,32,256
sphere,2.000000,cartesian,0.0,0.0,1.0974e-05,3.2301e-05,32,256
sphere,2.000000,cartesian,7.3295e-05,0.000155761,0.0,0.0,32,256
sphere,2.000000,cartesian,0.0,0.0,1.264e-05,3.2396e-05,32,256
sphere,2.000000,cartesian,8.0829e-05,0.000131492,0.0,0.0,32,256
sphere,2.000000,cartesian,0.0,0.0,1.3285e-05,3.64e-05,32,256
sphere,2.000000,cartesian,6.9537e-05,0.000111488,0.0,0.0,32,256
sphere,2.000000,cartesian,0.0,0.0,8.603e-06,3.8508e-05,32,256
sphere,2.000000,cartesian,2.0387e-05,2.1612e-05,0.0,0.0,32,256
sphere,2.000000,cartesian,0.0,0.0,1.947e-06,1.2852e-05,32,256
sphere,2.000000,cartesian,7.6223e-05,0.000150316,0.0,0.0,32,256
sphere,2.000000,cartesian,0.0,0.0,1.3432e-05,3.1355e-05,32,256
sphere,2.000000,cartesian,7.7218e-05,8.7735e-05,0.0,0.0,32,256
sphere,2.000000,cartesian,0.0,0.0,1.079e-05,4.0145e-05,32,256
sphere,2.000000,cartesian,8.0267e-05,0.000173336,0.0,0.0,32,256
sphere,2.000000,cartesian,0.0,0.0,1.5361e-05,3.1144e-05,32,256
sphere,2.000000,cartesian,9.9718e-05,0.000177303,0.0,0.0,32,256
sphere,2.000000,cartesian,0.0,0.0,1.7827e-05,4.1528e-05,32,256
sphere,2.000000,cartesian,9.9007e-05,0.00015568,0.0,0.0,32,256
sphere,2.000000,cartesian,0.0,0.0,1.5403e-05,3.8869e-05,32,256
sphere,2.000000,cartesian,6.8675e-05,0.000149863,0.0,0.0,32,256
sphere,2.000000,cartesian,0.0,0.0,9.996e-06,3.4855e-05,32,256
sphere,2.000000,cartesian,9.9021e-05,0.000148873,0.0,0.0,32,256
sphere,2.000000,cartesian,0.0,0.0,1.2845e-05,5.4457e-05,32,256
sphere,2.000000,cartesian,9.5148e-05,0.000172473,0.0,0.0,32,256
sphere,2.000000,cartesian,0.0,0.0,1.6398e-05,4.1159e-05,32,256
sphere,2.000000,cartesian,7.5053e-05,0.000118193,0.0,0.0,32,256
sphere,2.000000,cartesian,0.0,0.0,1.2001e-05,3.4508e-05,32,256
sphere,2.000000,cartesian,0.000115213,0.000199164,0.0,0.0,32,256
sphere,2.000000,cartesian,0.0,0.0,1.9651e-05,5.0217e-05,32,256
sphere,2.000000,cartesian,7.6944e-05,0.000151775,0.0,0.0,32,256
sphere,2.000000,cartesian,0.0,0.0,1.2793e-05,3.4208e-05,32,256
sphere,2.000000,cartesian,5.9512e-05,0.000130194,0.0,0.0,32,256
sphere,2.000000,cartesian,0.0,0.0,9.417e-06,2.7635e-05,32,256
sphere,2.000000,cartesian,8.1989e-05,0.000142553,0.0,0.0,32,256
sphere,2.000000,cartesian,0.0,0.0,1.0935e-05,4.3196e-05,32,256
sphere,2.000000,cartesian,6.2803e-05,0.00012275,0.0,0.0,32,256
sphere,2.000000,cartesian,0.0,0.0,1.0986e-05,2.6493e-05,32,256
sphere,2.000000,cartesian,8.0842e-05,0.000109747,0.0,0.0,32,256
sphere,2.000000,cartesian,0.0,0.0,1.3943e-05,3.5768e-05,32,256
sphere,2.000000,cartesian,8.2541e-05,0.000146802,0.0,0.0,32,256
sphere,2.000000,cartesian,0.0,0.0,1.3278e-05,3.7379e-05,32,256
sphere,2.000000,cartesian,8.5276e-05,0.000175318,0.0,0.0,32,256
sphere,2.000000,cartesian,0.0,0.0,1.1428e-05,4.6293e-05,32,256
sphere,2.000000,cartesian,8.5096e-05,0.000134335,0.0,0.0,32,256
sphere,2.000000,cartesian,0.0,0.0,1.3108e-05,3.9797e-05,32,256
sphere,2.000000,cartesian,9.1968e-05,0.00010661,0.0,0.0,32,256
sphere,2.000000,cartesian,0.0,0.0,1.2657e-05,4.7888e-05,32,256
sphere,2.000000,cartesian,6.3617e-05,0.000103286,0.0,0.0,32,256
sphere,2.000000,cartesian,0.0,0.0,9.534e-06,3.1575e-05,32,256
sphere,2.000000,cartesian,4.6031e-05,6.866e-05,0.0,0.0,32,256
sphere,2.000000,cartesian,0.0,0.0,6.302e-06,2.5083e-05,32,256
sphere,2.000000,cartesian,7.3483e-05,0.000144866,0.0,0.0,32,256
sphere,2.000000,cartesian,0.0,0.0,1.4376e-05,2.7059e-05,32,256
sphere,2.000000,cartesian,7.2603e-05,0.000152555,0.0,0.0,32,256
sphere,2.000000,cartesian,0.0,0.0,1.3992e-05,2.8326e-05,32,256
sphere,2.000000,cartesian,5.0026e-05,6.3419e-05,0.0,0.0,32,256
sphere,2.000000,cartesian,0.0,0.0,5.9e-06,2.8382e-05,32,256
sphere,2.000000,cartesian,0.000108452,0.00016404,0.0,0.0,32,256
sphere,2.000000,cartesian,0.0,0.0,1.6448e-05,5.3392e-05,32,256
sphere,2.000000,cartesian,7.1187e-05,0.000128506,0.0,0.0,32,256
sphere,2.000000,cartesian,0.0,0.0,1.2368e-05,3.0631e-05,32,256
sphere,2.000000,cartesian,4.4708e-05,8.1393e-05,0.0,0.0,32,256
sphere,2.000000,cartesian,0.0,0.0,7.205e-06,1.9958e-05,32,256
sphere,2.000000,cartesian,6.1275e-05,9.1368e-05,0.0,0.0,32,256
sphere,2.000000,cartesian,0.0,0.0,9.754e-06,2.9061e-05,32,256
sphere,2.000000,cartesian,0.000112389,0.000181483,0.0,0.0,32,256
sphere,2.000000,cartesian,0.0,0.0,1.852e-05,5.1307e-05,32,256
sphere,2.000000,cartesian,6.762e-05,9.5666e-05,0.0,0.0,32,256
sphere,2.000000,cartesian,0.0,0.0,8.333e-06,3.6813e-05,32,256
sphere,2.000000,cartesian,7.9039e-05,0.000142565,0.0,0.0,32,256
sphere,2.000000,cartesian,0.0,0.0,1.3557e-05,3.4518e-05,32,256
sphere,2.000000,cartesian,9.3585e-05,0.000150955,0.0,0.0,32,256
sphere,2.000000,cartesian,0.0,0.0,1.5666e-05,4.1958e-05,32,256
sphere,2.000000,cartesian,7.8314e-05,0.000152064,0.0,0.0,32,256
sphere,2.000000,cartesian,0.0,0.0,1.3098e-05,3.4141e-05,32,256
sphere,2.000000,cartesian,8.7301e-05,0.000144965,0.0,0.0,32,256
sphere,2.000000,cartesian,0.0,0.0,1.5748e-05,3.5281e-05,32,256
sphere,2.000000,cartesian,8.3097e-05,0.000126485,0.0,0.0,32,256
sphere,2.000000,cartesian,0.0,0.0,1.3025e-05,3.9464e-05,32,256
sphere,2.000000,cartesian,6.2366e-05,0.000110805,0.0,0.0,32,256
sphere,2.000000,cartesian,0.0,0.0,9.944e-06,2.8289e-05,32,256
sphere,2.000000,cartesian,9.1256e-05,0.000124043,0.0,0.0,32,256
sphere,2.000000,cartesian,0.0,0.0,1.2931e-05,4.673e-05,32,256
sphere,2.000000,cartesian,5.17e-05,8.6207e-05,0.0,0.0,32,256
sphere,2.000000,cartesian,0.0,0.0,7.744e-06,2.4988e-05,32,256
sphere,2.000000,cartesian,8.6867e-05,0.00015945,0.0,0.0,32,256
sphere,2.000000,cartesian,0.0,0.0,1.5451e-05,3.6495e-05,32,256
sphere,2.000000,cartesian,7.22e-05,0.000145928,0.0,0.0,32,256
sphere,2.000000,cartesian,0.0,0.0,1.1925e-05,3.1391e-05,32,256
sphere,2.000000,cartesian,6.7132e-05,9.396e-05,0.0,0.0,32,256
sphere,2.000000,cartesian,0.0,0.0,1.0417e-05,3.2759e-05,32,256
sphere,2.000000,cartesian,8.1375e-05,0.00013143,0.0,0.0,32,256
sphere,2.000000,cartesian,0.0,0.0,1.485e-05,3.3482e-05,32,256
sphere,2.000000,cartesian,9.1912e-05,0.000166924,0.0,0.0,32,256
sphere,2.000000,cartesian,0.0,0.0,1.4411e-05,4.355e-05,32,256
sphere,2.000000,cartesian,3.9461e-05,2.9736e-05,0.0,0.0,32,256
sphere,2.000000,cartesian,0.0,0.0,3.648e-06,2.5512e-05,32,256
sphere,2.000000,cartesian,8.4645e-05,0.000204074,0.0,0.0,32,256
sphere,2.000000,cartesian,0.0,0.0,1.2652e-05,4.0606e-05,32,256
sphere,2.000000,cartesian,8.8549e-05,0.000189375,0.0,0.0,32,256
sphere,2.000000,cartesian,0.0,0.0,1.6476e-05,3.44e-05,32,256
sphere,2.000000,cartesian,8.9207e-05,0.000124926,0.0,0.0,32,256
sphere,2.000000,cartesian,0.0,0.0,1.2618e-05,4.5099e-05,32,256
sphere,2.000000,cartesian,7.535e-05,0.000132311,0.0,0.0,32,256
sphere,2.000000,cartesian,0.0,0.0,1.259e-05,3.3297e-05,32,256
sphere,2.000000,cartesian,8.8542e-05,0.000123873,0.0,0.0,32,256
sphere,2.000000,cartesian,0.0,0.0,1.4051e-05,4.1511e-05,32,256
sphere,2.000000,cartesian,0.000128052,0.00022823,0.0,0.0,32,256
sphere,2.000000,cartesian,0.0,0.0,2.1265e-05,5.8036e-05,32,256
sphere,2.000000,cartesian,8.623e-05,0.00015041,0.0,0.0,32,256
sphere,2.000000,cartesian,0.0,0.0,1.4087e-05,3.8918e-05,32,256
sphere,2.000000,cartesian,9.8878e-05,0.000153328,0.0,0.0,32,256
sphere,2.000000,cartesian,0.0,0.0,1.3481e-05,3.5372e-05,32,256
sphere,2.000000,cartesian,8.5412e-05,0.000167158,0.0,0.0,32,256
sphere,2.000000,cartesian,0.0,0.0,1.5015e-05,3.6384e-05,32,256
sphere,2.000000,cartesian,0.000111938,0.000185762,0.0,0.0,32,256
sphere,2.000000,cartesian,0.0,0.0,1.7861e-05,5.037e-05,32,256
sphere,2.000000,cartesian,0.000107687,0.000175826,0.0,0.0,32,256
sphere,2.000000,cartesian,0.0,0.0,1.7112e-05,4.9286e-05,32,256
sphere,2.000000,cartesian,8.4006e-05,0.000185965,0.0,0.0,32,256
sphere,2.000000,cartesian,0.0,0.0,1.4905e-05,3.5428e-05,32,256
sphere,2.000000,cartesian,7.3484e-05,0.000137681,0.0,0.0,32,256
sphere,2.000000,cartesian,0.0,0.0,1.2228e-05,3.3119e-05,32,256
sphere,2.000000,cartesian,0.000102691,0.000182856,0.0,0.0,32,256
sphere,2.000000,cartesian,0.0,0.0,1.6614e-05,4.7165e-05,32,256
sphere,2.000000,cartesian,7.2874e-05,0.000115914,0.0,0.0,32,256
sphere,2.000000,cartesian,0.0,0.0,1.1171e-05,3.4816e-05,32,256
sphere,2.000000,cartesian,0.000122232,0.000226107,0.0,0.0,32,256
sphere,2.000000,cartesian,0.0,0.0,2.3196e-05,4.8376e-05,32,256
sphere,2.000000,cartesian,0.000102456,0.000231186,0.0,0.0,32,256
sphere,2.000000,cartesian,0.0,0.0,1.7808e-05,4.3642e-05,32,256
sphere,2.000000,cartesian,5.5744e-05,8.4532e-05,0.0,0.0,32,256
sphere,2.000000,cartesian,0.0,0.0,7.774e-06,2.7939e-05,32,256
sphere,2.000000,cartesian,0.000100613,0.000158549,0.0,0.0,32,256
sphere,2.000000,cartesian,0.0,0.0,1.5255e-05,4.8639e-05,32,256
sphere,2.000000,cartesian,3.6246e-05,3.5049e-05,0.0,0.0,32,256
sphere,2.000000,cartesian,0.0,0.0,3.924e-06,2.1545e-05,32,256
sphere,2.000000,cartesian,7.6308e-05,0.000141097,0.0,0.0,32,256
sphere,2.000000,cartesian,0.0,0.0,1.2926e-05,3.431e-05,32,256
sphere,2.000000,cartesian,6.7971e-05,0.000115717,0.0,0.0,32,256
sphere,2.000000,cartesian,0.0,0.0,1.2456e-05,2.7431e-05,32,256
sphere,2.000000,cartesian,3.9922e-05,7.0592e-05,0.0,0.0,32,256
sphere,2.000000,cartesian,0.0,0.0,5.979e-06,1.893e-05,32,256
sphere,2.000000,cartesian,9.4376e-05,0.000183192,0.0,0.0,32,256
sphere,2.000000,cartesian,0.0,0.0,1.6299e-05,4.074e-05,32,256
sphere,2.000000,cartesian,8.9126e-05,9.4007e-05,0.0,0.0,32,256
sphere,2.000000,cartesian,0.0,0.0,1.1265e-05,4.9139e-05,32,256
sphere,2.000000,cartesian,9.1839e-05,0.000153357,0.0,0.0,32,256
sphere,2.000000,cartesian,0.0,0.0,1.5971e-05,3.832e-05,32,256
sphere,2.000000,cartesian,8.7897e-05,0.000185993,0.0,0.0,32,256
sphere,2.000000,cartesian,0.0,0.0,1.5168e-05,3.7525e-05,32,256
sphere,2.000000,cartesian,8.1099e-05,0.000134243,0.0,0.0,32,256
sphere,2.000000,cartesian,0.0,0.0,1.2346e-05,3.8335e-05,32,256
sphere,2.000000,cartesian,9.5494e-05,0.000206371,0.0,0.0,32,256
sphere,2.000000,cartesian,0.0,0.0,1.7628e-05,3.9924e-05,32,256
sphere,2.000000,cartesian,6.6669e-05,7.1846e-05,0.0,0.0,32,256
sphere,2.000000,cartesian,0.0,0.0,7.276e-06,4.0172e-05,32,256
sphere,2.000000,cartesian,8.1198e-05,0.000177743,0.0,0.0,32,256
sphere,2.000000,cartesian,0.0,0.0,1.5799e-05,3.094e-05,32,256
sphere,2.000000,cartesian,9.3034e-05,0.000152088,0.0,0.0,32,256
sphere,2.000000,cartesian,0.0,0.0,1.5223e-05,4.0559e-05,32,256
sphere,2.000000,cartesian,8.8299e-05,0.000152953,0.0,0.0,32,256
sphere,2.000000,cartesian,0.0,0.0,1.4475e-05,4.0109e-05,32,256
sphere,2.000000,cartesian,9.7711e-05,0.000171652,0.0,0.0,32,256
sphere,2.000000,cartesian,0.0,0.0,1.7934e-05,4.0429e-05,32,256
sphere,2.000000,cartesian,7.8099e-05,0.000138022,0.0,0.0,32,256
sphere,2.000000,cartesian,0.0,0.0,1.2788e-05,3.4981e-05,32,256
sphere,2.000000,cartesian,7.6377e-05,0.000147563,0.0,0.0,32,256
sphere,2.000000,cartesian,0.0,0.0,1.3346e-05,3.1695e-05,32,256
sphere,2.000000,cartesian,7.3541e-05,7.9936e-05,0.0,0.0,32,256
sphere,2.000000,cartesian,0.0,0.0,8.998e-06,4.1681e-05,32,256
sphere,2.000000,cartesian,6.1133e-05,0.000107749,0.0,0.0,32,256
sphere,2.000000,cartesian,0.0,0.0,9.924e-06,2.8111e-05,32,256
sphere,2.000000,cartesian,0.000120852,0.000272081,0.0,0.0,32,256
sphere,2.000000,cartesian,0.0,0.0,2.3287e-05,4.0212e-05,32,256
sphere,2.000000,cartesian,9.9678e-05,0.000157111,0.0,0.0,32,256
sphere,2.000000,cartesian,0.0,0.0,1.578e-05,4.5848e-05,32,256
sphere,2.000000,cartesian,9.6203e-05,0.000147398,0.0,0.0,32,256
sphere,2.000000,cartesian,0.0,0.0,1.3873e-05,5.1207e-05,32,256
sphere,2.000000,cartesian,0.000104117,0.000177121,0.0,0.0,32,256
sphere,2.000000,cartesian,0.0,0.0,1.7054e-05,4.8265e-05,32,256
sphere,2.000000,cartesian,0.000106121,0.000176863,0.0,0.0,32,256
sphere,2.000000,cartesian,0.0,0.0,1.7725e-05,4.6166e-05,32,256
sphere,2.000000,cartesian,4.86e-05,8.5276e-05,0.0,0.0,32,256
sphere,2.000000,cartesian,0.0,0.0,7.018e-06,2.4014e-05,32,256
sphere,2.000000,cartesian,6.8849e-05,0.000135869,0.0,0.0,32,256
sphere,2.000000,cartesian,0.0,0.0,1.2604e-05,2.7153e-05,32,256
sphere,2.000000,cartesian,7.6842e-05,0.000151767,0.0,0.0,32,256
sphere,2.000000,cartesian,0.0,0.0,1.2754e-05,3.4294e-05,32,256
sphere,2.000000,cartesian,9.7778e-05,0.000186733,0.0,0.0,32,256
sphere,2.000000,cartesian,0.0,0.0,1.5239e-05,4.0837e-05,32,256
sphere,2.000000,cartesian,5.9437e-05,9.8667e-05,0.0,0.0,32,256
sphere,2.000000,cartesian,0.0,0.0,8.968e-06,2.9734e-05,32,256
sphere,2.000000,cartesian,8.4963e-05,0.000152903,0.0,0.0,32,256
sphere,2.000000,cartesian,0.0,0.0,1.4522e-05,3.7656e-05,32,256
sphere,2.000000,cartesian,6.4965e-05,0.000149067,0.0,0.0,32,256
sphere,2.000000,cartesian,0.0,0.0,1.23e-05,2.5066e-05,32,256
sphere,2.000000,cartesian,7.4349e-05,0.000143473,0.0,0.0,32,256
sphere,2.000000,cartesian,0.0,0.0,1.2778e-05,3.2333e-05,32,256
sphere,2.000000,cartesian,7.344e-05,7.793e-05,0.0,0.0,32,256
sphere,2.000000,cartesian,0.0,0.0,8.192e-06,4.3625e-05,32,256
sphere,2.000000,cartesian,8.9683e-05,0.000156288,0.0,0.0,32,256
sphere,2.000000,cartesian,0.0,0.0,1.5925e-05,3.7139e-05,32,256
sphere,2.000000,cartesian,7.407e-05,0.000142687,0.0,0.0,32,256
sphere,2.000000,cartesian,0.0,0.0,1.2374e-05,3.2789e-05,32,256
sphere,2.000000,cartesian,8.4306e-05,0.000121821,0.0,0.0,32,256
sphere,2.000000,cartesian,0.0,0.0,1.16e-05,3.1665e-05,32,256
sphere,2.000000,cartesian,3.6891e-05,2.9879e-05,0.0,0.0,32,256
sphere,2.000000,cartesian,0.0,0.0,2.967e-06,2.4018e-05,32,256
sphere,2.000000,cartesian,7.2639e-05,0.000128663,0.0,0.0,32,256
sphere,2.000000,cartesian,0.0,0.0,1.1794e-05,3.328e-05,32,256
sphere,2.000000,cartesian,5.242e-05,6.2675e-05,0.0,0.0,32,256
sphere,2.000000,cartesian,0.0,0.0,5.87e-06,3.0665e-05,32,256
sphere,2.000000,cartesian,5.9106e-05,6.8421e-05,0.0,0.0,32,256
sphere,2.000000,cartesian,0.0,0.0,6.726e-06,3.4409e-05,32,256
sphere,2.000000,cartesian,8.3575e-05,0.000151914,0.0,0.0,32,256
sphere,2.000000,cartesian,0.0,0.0,1.4885e-05,3.5189e-05,32,256
sphere,2.000000,cartesian,4.3321e-05,5.4259e-05,0.0,0.0,32,256
sphere,2.000000,cartesian,0.0,0.0,5.572e-06,2.3048e-05,32,256
sphere,2.000000,cartesian,7.8544e-05,0.000138135,0.0,0.0,32,256
sphere,2.000000,cartesian,0.0,0.0,1.2667e-05,3.7052e-05,32,256
sphere,2.000000,cartesian,7.3636e-05,0.00014368,0.0,0.0,32,256
sphere,2.000000,cartesian,0.0,0.0,1.2797e-05,3.2218e-05,32,256
sphere,2.000000,cartesian,8.2598e-05,0.000163989,0.0,0.0,32,256
sphere,2.000000,cartesian,0.0,0.0,1.416e-05,3.6158e-05,32,256
sphere,2.000000,cartesian,7.5657e-05,0.000131938,0.0,0.0,32,256
sphere,2.000000,cartesian,0.0,0.0,1.3364e-05,3.1183e-05,32,256
sphere,2.000000,cartesian,8.515e-05,0.000147652,0.0,0.0,32,256
sphere,2.000000,cartesian,0.0,0.0,1.3254e-05,4.154e-05,32,256
sphere,2.000000,cartesian,5.4049e-05,8.9064e-05,0.0,0.0,32,256
sphere,2.000000,cartesian,0.0,0.0,8.023e-06,2.6609e-05,32,256
sphere,2.000000,cartesian,5.5882e-05,0.000109172,0.0,0.0,32,256
sphere,2.000000,cartesian,0.0,0.0,9.4e-06,2.4793e-05,32,256
sphere,2.000000,cartesian,9.524e-05,0.000128345,0.0,0.0,32,256
sphere,2.000000,cartesian,0.0,0.0,2.891e-05,3.7688e-05,32,256
sphere,2.000000,cartesian,0.000105206,0.000164127,0.0,0.0,32,256
sphere,2.000000,cartesian,0.0,0.0,1.8499e-05,4.3431e-05,32,256
sphere,2.000000,cartesian,6.2978e-05,9.7438e-05,0.0,0.0,32,256
sphere,2.000000,cartesian,0.0,0.0,9.188e-06,3.1097e-05,32,256
sphere,2.000000,cartesian,9.6449e-05,0.00016827,0.0,0.0,32,256
sphere,2.000000,cartesian,0.0,0.0,1.6609e-05,4.1814e-05,32,256
sphere,2.000000,cartesian,5.2805e-05,9.457e-05,0.0,0.0,32,256
sphere,2.000000,cartesian,0.0,0.0,7.899e-06,2.5896e-05,32,256
sphere,2.000000,cartesian,7.7618e-05,0.000132594,0.0,0.0,32,256
sphere,2.000000,cartesian,0.0,0.0,1.3619e-05,3.3254e-05,32,256
sphere,2.000000,cartesian,0.000105962,0.000167879,0.0,0.0,32,256
sphere,2.000000,cartesian,0.0,0.0,1.6569e-05,5.0594e-05,32,256
sphere,2.000000,cartesian,7.052e-05,0.000140218,0.0,0.0,32,256
sphere,2.000000,cartesian,0.0,0.0,1.2753e-05,2.8999e-05,32,256
sphere,2.000000,cartesian,8.8557e-05,0.000218053,0.0,0.0,32,256
sphere,2.000000,cartesian,0.0,0.0,1.5103e-05,3.8567e-05,32,256
sphere,2.000000,cartesian,8.0196e-05,0.000112594,0.0,0.0,32,256
sphere,2.000000,cartesian,0.0,0.0,1.132e-05,4.1467e-05,32,256
sphere,2.000000,cartesian,0.000110213,0.000206377,0.0,0.0,32,256
sphere,2.000000,cartesian,0.0,0.0,2.0322e-05,4.4292e-05,32,256
sphere,2.000000,cartesian,8.6502e-05,0.000155331,0.0,0.0,32,256
sphere,2.000000,cartesian,0.0,0.0,1.4904e-05,3.7321e-05,32,256
sphere,2.000000,cartesian,8.4934e-05,0.000182865,0.0,0.0,32,256
sphere,2.000000,cartesian,0.0,0.0,1.4722e-05,3.5962e-05,32,256
sphere,2.000000,cartesian,7.3084e-05,0.000152267,0.0,0.0,32,256
sphere,2.000000,cartesian,0.0,0.0,1.0637e-05,3.7708e-05,32,256
sphere,2.000000,cartesian,7.4439e-05,0.000105681,0.0,0.0,32,256
sphere,2.000000,cartesian,0.0,0.0,1.0071e-05,3.9535e-05,32,256
sphere,2.000000,cartesian,5.971e-05,8.5707e-05,0.0,0.0,32,256
sphere,2.000000,cartesian,0.0,0.0,8.756e-06,3.0129e-05,32,256
sphere,2.000000,cartesian,7.6015e-05,0.000140127,0.0,0.0,32,256
sphere,2.000000,cartesian,0.0,0.0,1.3663e-05,3.0987e-05,32,256
sphere,2.000000,cartesian,7.7366e-05,0.000125152,0.0,0.0,32,256
sphere,2.000000,cartesian,0.0,0.0,1.1863e-05,3.7139e-05,32,256
sphere,2.000000,cartesian,0.000101906,0.000166055,0.0,0.0,32,256
sphere,2.000000,cartesian,0.0,0.0,1.8005e-05,4.3528e-05,32,256
sphere,2.000000,cartesian,7.7104e-05,0.000140702,0.0,0.0,32,256
sphere,2.000000,cartesian,0.0,0.0,1.548e-05,2.8446e-05,32,256
sphere,2.000000,cartesian,7.9874e-05,0.000135895,0.0,0.0,32,256
sphere,2.000000,cartesian,0.0,0.0,1.2453e-05,3.7709e-05,32,256
sphere,2.000000,cartesian,8.3409e-05,0.000123912,0.0,0.0,32,256
sphere,2.000000,cartesian,0.0,0.0,1.272e-05,4.0961e-05,32,256
sphere,2.000000,cartesian,0.000119365,0.000194433,0.0,0.0,32,256
sphere,2.000000,cartesian,0.0,0.0,1.8744e-05,5.6171e-05,32,256
sphere,2.000000,cartesian,5.9575e-05,8.7051e-05,0.0,0.0,32,256
sphere,2.000000,cartesian,0.0,0.0,6.23e-06,3.712e-05,32,256
sphere,2.000000,cartesian,0.000107344,0.000135021,0.0,0.0,32,256
sphere,2.000000,cartesian,0.0,0.0,1.5488e-05,5.2925e-05,32,256
sphere,2.000000,cartesian,5.382e-06,3.796e-06,0.0,0.0,32,256
sphere,2.000000,cartesian,0.0,0.0,3.43e-07,3.857e-06,32,256
sphere,2.000000,cartesian,6.0823e-05,9.7193e-05,0.0,0.0,32,256
sphere,2.000000,cartesian,0.0,0.0,9.315e-06,2.91e-05,32,256
sphere,2.000000,cartesian,1.3056e-05,2.0354e-05,0.0,0.0,32,256
sphere,2.000000,cartesian,0.0,0.0,1.487e-06,7.278e-06,32,256
sphere,2.000000,cartesian,4.7316e-05,0.000107179,0.0,0.0,32,256
sphere,2.000000,cartesian,0.0,0.0,1.0573e-05,1.4598e-05,32,256
sphere,2.000000,cartesian,6.1091e-05,8.2853e-05,0.0,0.0,32,256
sphere,2.000000,cartesian,0.0,0.0,7.63e-06,3.3619e-05,32,256
sphere,2.000000,cartesian,7.1681e-05,0.000121227,0.0,0.0,32,256
sphere,2.000000,cartesian,0.0,0.0,1.7413e-05,2.0095e-05,32,256
sphere,2.000000,cartesian,9.7572e-05,0.000182423,0.0,0.0,32,256
sphere,2.000000,cartesian,0.0,0.0,1.7014e-05,4.1964e-05,32,256
sphere,2.000000,cartesian,9.3506e-05,0.000166319,0.0,0.0,32,256
sphere,2.000000,cartesian,0.0,0.0,1.4357e-05,4.4025e-05,32,256
sphere,2.000000,cartesian,5.2484e-05,5.1091e-05,0.0,0.0,32,256
sphere,2.000000,cartesian,0.0,0.0,5.373e-06,3.2973e-05,32,256
sphere,2.000000,cartesian,0.000114959,0.000154687,0.0,0.0,32,256
sphere,2.000000,cartesian,0.0,0.0,1.6587e-05,5.7373e-05,32,256
sphere,2.000000,cartesian,7.6194e-05,0.000145513,0.0,0.0,32,256
sphere,2.000000,cartesian,0.0,0.0,1.4807e-05,2.9461e-05,32,256
sphere,2.000000,cartesian,8.9176e-05,0.000164816,0.0,0.0,32,256
sphere,2.000000,cartesian,0.0,0.0,1.5359e-05,3.8825e-05,32,256
sphere,2.000000,cartesian,9.1425e-05,0.000161045,0.0,0.0,32,256
sphere,2.000000,cartesian,0.0,0.0,1.6731e-05,3.7975e-05,32,256
sphere,2.000000,cartesian,6.6599e-05,0.00019615,0.0,0.0,32,256
sphere,2.000000,cartesian,0.0,0.0,1.0838e-05,2.9382e-05,32,256
sphere,2.000000,cartesian,6.6183e-05,0.000115724,0.0,0.0,32,256
sphere,2.000000,cartesian,0.0,0.0,1.1157e-05,2.9226e-05,32,256
sphere,2.000000,cartesian,6.7134e-05,0.000124436,0.0,0.0,32,256
sphere,2.000000,cartesian,0.0,0.0,1.078e-05,3.142e-05,32,256
sphere,2.000000,cartesian,6.9968e-05,9.378e-05,0.0,0.0,32,256
sphere,2.000000,cartesian,0.0,0.0,1.0144e-05,3.5651e-05,32,256
sphere,2.000000,cartesian,6.7944e-05,0.000145489,0.0,0.0,32,256
sphere,2.000000,cartesian,0.0,0.0,1.3842e-05,2.3997e-05,32,256
sphere,2.000000,cartesian,8.1412e-05,0.000116001,0.0,0.0,32,256
sphere,2.000000,cartesian,0.0,0.0,1.2325e-05,3.9277e-05,32,256
sphere,2.000000,cartesian,8.5607e-05,0.000140126,0.0,0.0,32,256
sphere,2.000000,cartesian,0.0,0.0,1.3117e-05,4.1945e-05,32,256
sphere,2.000000,cartesian,5.2476e-05,0.000101906,0.0,0.0,32,256
sphere,2.000000,cartesian,0.0,0.0,7.834e-06,2.5588e-05,32,256
sphere,2.000000,cartesian,7.0912e-05,0.000128412,0.0,0.0,32,256
sphere,2.000000,cartesian,0.0,0.0,1.1605e-05,3.2302e-05,32,256
sphere,2.000000,cartesian,6.8232e-05,6.8092e-05,0.0,0.0,32,256
sphere,2.000000,cartesian,0.0,0.0,7.266e-06,4.1263e-05,32,256
sphere,2.000000,cartesian,8.8501e-05,0.000152174,0.0,0.0,32,256
sphere,2.000000,cartesian,0.0,0.0,1.5059e-05,3.9605e-05,32,256
sphere,2.000000,cartesian,5.8502e-05,9.9322e-05,0.0,0.0,32,256
sphere,2.000000,cartesian,0.0,0.0,9.141e-06,2.7036e-05,32,256
sphere,2.000000,cartesian,9.3668e-05,0.000168795,0.0,0.0,32,256
sphere,2.000000,cartesian,0.0,0.0,1.5567e-05,4.1656e-05,32,256
sphere,2.000000,cartesian,0.000107448,0.000192011,0.0,0.0,32,256
sphere,2.000000,cartesian,0.0,0.0,2.0622e-05,4.0617e-05,32,256
sphere,2.000000,cartesian,8.6471e-05,0.000170477,0.0,0.0,32,256
sphere,2.000000,cartesian,0.0,0.0,1.6201e-05,3.4015e-05,32,256
sphere,2.000000,cartesian,0.00010504,0.000129242,0.0,0.0,32,256
sphere,2.000000,cartesian,0.0,0.0,1.1067e-05,6.6405e-05,32,256
sphere,2.000000,cartesian,9.5154e-05,0.00014198,0.0,0.0,32,256
sphere,2.000000,cartesian,0.0,0.0,1.3572e-05,5.0513e-05,32,256
sphere,2.000000,cartesian,9.9103e-05,0.000159611,0.0,0.0,32,256
sphere,2.000000,cartesian,0.0,0.0,1.6352e-05,4.4242e-05,32,256
sphere,2.000000,cartesian,8.7341e-05,0.000177489,0.0,0.0,32,256
sphere,2.000000,cartesian,0.0,0.0,1.5955e-05,3.5036e-05,32,256
sphere,2.000000,cartesian,0.000101653,0.000186496,0.0,0.0,32,256
sphere,2.000000,cartesian,0.0,0.0,1.8961e-05,3.9822e-05,32,256
sphere,2.000000,cartesian,5.8266e-05,0.000110915,0.0,0.0,32,256
sphere,2.000000,cartesian,0.0,0.0,1.0555e-05,2.38e-05,32,256
sphere,2.000000,cartesian,0.000126242,0.000176242,0.0,0.0,32,256
sphere,2.000000,cartesian,0.0,0.0,1.737e-05,7.0197e-05,32,256
sphere,2.000000,cartesian,8.5386e-05,0.000160772,0.0,0.0,32,256
sphere,2.000000,cartesian,0.0,0.0,1.645e-05,3.3676e-05,32,256
sphere,2.000000,cartesian,7.2251e-05,0.000131675,0.0,0.0,32,256
sphere,2.000000,cartesian,0.0,0.0,1.236e-05,3.14e-05,32,256
sphere,2.000000,cartesian,7.4359e-05,0.00013781,0.0,0.0,32,256
sphere,2.000000,cartesian,0.0,0.0,1.2232e-05,3.3673e-05,32,256
sphere,2.000000,cartesian,7.7647e-05,0.000159816,0.0,0.0,32,256
sphere,2.000000,cartesian,0.0,0.0,1.2923e-05,3.4575e-05,32,256
sphere,2.000000,cartesian,7.6049e-05,0.000110487,0.0,0.0,32,256
sphere,2.000000,cartesian,0.0,0.0,1.1514e-05,3.6195e-05,32,256
sphere,2.000000,cartesian,8.2935e-05,0.000153605,0.0,0.0,32,256
sphere,2.000000,cartesian,0.0,0.0,1.403e-05,3.6712e-05,32,256
sphere,2.000000,cartesian,8.2566e-05,0.000153878,0.0,0.0,32,256
sphere,2.000000,cartesian,0.0,0.0,1.3256e-05,3.7682e-05,32,256
sphere,2.000000,cartesian,0.000123072,0.00019626,0.0,0.0,32,256
sphere,2.000000,cartesian,0.0,0.0,1.8913e-05,6.0601e-05,32,256
sphere,2.000000,cartesian,4.0517e-05,6.1908e-05,0.0,0.0,32,256
sphere,2.000000,cartesian,0.0,0.0,6.107e-06,1.9607e-05,32,256
sphere,2.000000,cartesian,7.5261e-05,0.000144396,0.0,0.0,32,256
sphere,2.000000,cartesian,0.0,0.0,1.256e-05,3.3705e-05,32,256
sphere,2.000000,cartesian,7.4702e-05,0.000145716,0.0,0.0,32,256
sphere,2.000000,cartesian,0.0,0.0,1.32e-05,3.0936e-05,32,256
sphere,2.000000,cartesian,7.7601e-05,8.7929e-05,0.0,0.0,32,256
sphere,2.000000,cartesian,0.0,0.0,1.0057e-05,4.2708e-05,32,256
sphere,2.000000,cartesian,9.5441e-05,0.000173827,0.0,0.0,32,256
sphere,2.000000,cartesian,0.0,0.0,1.6203e-05,4.2953e-05,32,256
sphere,2.000000,cartesian,0.000106853,0.000146804,0.0,0.0,32,256
sphere,2.000000,cartesian,0.0,0.0,1.6509e-05,5.1243e-05,32,256
sphere,2.000000,cartesian,7.3096e-05,0.000151146,0.0,0.0,32,256
sphere,2.000000,cartesian,0.0,0.0,1.281e-05,3.1197e-05,32,256
sphere,2.000000,cartesian,8.879e-05,0.000171086,0.0,0.0,32,256
sphere,2.000000,cartesian,0.0,0.0,1.5357e-05,3.8175e-05,32,256
sphere,2.000000,cartesian,0.00010875,0.000187447,0.0,0.0,32,256
sphere,2.000000,cartesian,0.0,0.0,2.0261e-05,4.2169e-05,32,256
sphere,2.000000,cartesian,8.8626e-05,0.000181754,0.0,0.0,32,256
sphere,2.000000,cartesian,0.0,0.0,1.5085e-05,3.9161e-05,32,256
sphere,2.000000,cartesian,5.0696e-05,8.6587e-05,0.0,0.0,32,256
sphere,2.000000,cartesian,0.0,0.0,7.458e-06,2.4761e-05,32,256
sphere,2.000000,cartesian,0.000100789,0.000149527,0.0,0.0,32,256
sphere,2.000000,cartesian,0.0,0.0,1.6337e-05,3.8734e-05,32,256
sphere,2.000000,cartesian,0.000109207,0.000143371,0.0,0.0,32,256
sphere,2.000000,cartesian,0.0,0.0,1.3623e-05,6.3703e-05,32,256
sphere,2.000000,cartesian,8.3203e-05,0.000113079,0.0,0.0,32,256
sphere,2.000000,cartesian,0.0,0.0,1.3447e-05,3.7692e-05,32,256
sphere,2.000000,cartesian,8.653e-05,0.00010445,0.0,0.0,32,256
sphere,2.000000,cartesian,0.0,0.0,9.961e-06,5.0174e-05,32,256
sphere,2.000000,cartesian,9.3318e-05,0.000168711,0.0,0.0,32,256
sphere,2.000000,cartesian,0.0,0.0,1.6142e-05,4.0566e-05,32,256
sphere,2.000000,cartesian,7.1302e-05,0.000139096,0.0,0.0,32,256
sphere,2.000000,cartesian,0.0,0.0,1.2262e-05,3.0532e-05,32,256
sphere,2.000000,cartesian,5.6211e-05,0.000101243,0.0,0.0,32,256
sphere,2.000000,cartesian,0.0,0.0,9.098e-06,2.5129e-05,32,256
sphere,2.000000,cartesian,7.809e-05,0.000142806,0.0,0.0,32,256
sphere,2.000000,cartesian,0.0,0.0,1.3127e-05,3.44e-05,32,256
sphere,2.000000,cartesian,8.9679e-05,0.00015949,0.0,0.0,32,256
sphere,2.000000,cartesian,0.0,0.0,1.5635e-05,3.7255e-05,32,256
sphere,2.000000,cartesian,4.8478e-05,0.000122898,0.0,0.0,32,256
sphere,2.000000,cartesian,0.0,0.0,9.599e-06,1.6772e-05,32,256
sphere,2.000000,cartesian,9.5831e-05,0.000144284,0.0,0.0,32,256
sphere,2.000000,cartesian,0.0,0.0,1.6728e-05,4.0387e-05,32,256
sphere,2.000000,cartesian,3.7534e-05,3.2248e-05,0.0,0.0,32,256
sphere,2.000000,cartesian,0.0,0.0,3.852e-06,2.2746e-05,32,256
sphere,2.000000,cartesian,0.000103269,0.000197905,0.0,0.0,32,256
sphere,2.000000,cartesian,0.0,0.0,1.8439e-05,4.2603e-05,32,256
sphere,2.000000,cartesian,7.6837e-05,0.000123016,0.0,0.0,32,256
sphere,2.000000,cartesian,0.0,0.0,1.088e-05,2.5392e-05,32,256
sphere,2.000000,cartesian,2.5282e-05,2.4083e-05,0.0,0.0,32,256
sphere,2.000000,cartesian,0.0,0.0,2.86e-06,1.5272e-05,32,256
sphere,2.000000,cartesian,0.000115753,0.000173094,0.0,0.0,32,256
sphere,2.000000,cartesian,0.0,0.0,1.5285e-05,6.4034e-05,32,256
sphere,2.000000,cartesian,8.5631e-05,0.000175061,0.0,0.0,32,256
sphere,2.000000,cartesian,0.0,0.0,1.5523e-05,3.5262e-05,32,256
sphere,2.000000,cartesian,8.9219e-05,0.000150792,0.0,0.0,32,256
sphere,2.000000,cartesian,0.0,0.0,1.4124e-05,4.0799e-05,32,256
sphere,2.000000,cartesian,3.0766e-05,3.9089e-05,0.0,0.0,32,256
sphere,2.000000,cartesian,0.0,0.0,3.734e-06,1.7367e-05,32,256
sphere,2.000000,cartesian,8.9362e-05,0.000160777,0.0,0.0,32,256
sphere,2.000000,cartesian,0.0,0.0,1.5453e-05,3.8036e-05,32,256
sphere,2.000000,cartesian,9.0867e-05,0.000159896,0.0,0.0,32,256
sphere,2.000000,cartesian,0.0,0.0,1.4993e-05,4.0544e-05,32,256
sphere,2.000000,cartesian,8.2707e-05,0.000134824,0.0,0.0,32,256
sphere,2.000000,cartesian,0.0,0.0,1.2513e-05,4.0017e-05,32,256
sphere,2.000000,cartesian,7.6039e-05,0.00011762,0.0,0.0,32,256
sphere,2.000000,cartesian,0.0,0.0,1.1966e-05,3.5605e-05,32,256
sphere,2.000000,cartesian,8.9502e-05,0.000161636,0.0,0.0,32,256
sphere,2.000000,cartesian,0.0,0.0,1.6392e-05,3.5847e-05,32,256
sphere,2.000000,cartesian,0.00010325,0.000204795,0.0,0.0,32,256
sphere,2.000000,cartesian,0.0,0.0,1.6901e-05,4.8686e-05,32,256
sphere,2.000000,cartesian,6.8498e-05,0.000147335,0.0,0.0,32,256
sphere,2.000000,cartesian,0.0,0.0,1.201e-05,2.8555e-05,32,256
sphere,2.000000,cartesian,5.879e-05,8.6878e-05,0.0,0.0,32,256
sphere,2.000000,cartesian,0.0,0.0,8.205e-06,3.043e-05,32,256
sphere,2.000000,cartesian,9.7065e-05,0.000172021,0.0,0.0,32,256
sphere,2.000000,cartesian,0.0,0.0,1.5436e-05,4.5066e-05,32,256
sphere,2.000000,cartesian,6.2194e-05,9.4711e-05,0.0,0.0,32,256
sphere,2.000000,cartesian,0.0,0.0,8.374e-06,3.2131e-05,32,256
sphere,2.000000,cartesian,5.5878e-05,6.7577e-05,0.0,0.0,32,256
sphere,2.000000,cartesian,0.0,0.0,6.73e-06,3.1355e-05,32,256
sphere,2.000000,cartesian,0.000103013,0.000191104,0.0,0.0,32,256
sphere,2.000000,cartesian,0.0,0.0,1.8027e-05,4.2801e-05,32,256
sphere,2.000000,cartesian,7.4039e-05,0.000139581,0.0,0.0,32,256
sphere,2.000000,cartesian,0.0,0.0,1.1225e-05,3.5424e-05,32,256
sphere,2.000000,cartesian,3.4048e-05,4.1143e-05,0.0,0.0,32,256
sphere,2.000000,cartesian,0.0,0.0,4.069e-06,1.9358e-05,32,256
sphere,2.000000,cartesian,0.000114379,0.000206476,0.0,0.0,32,256
sphere,2.000000,cartesian,0.0,0.0,2.1315e-05,4.6271e-05,32,256
sphere,2.000000,cartesian,9.8046e-05,0.00015536,0.0,0.0,32,256
sphere,2.000000,cartesian,0.0,0.0,1.3261e-05,5.4038e-05,32,256
sphere,2.000000,cartesian,8.1082e-05,0.000165032,0.0,0.0,32,256
sphere,2.000000,cartesian,0.0,0.0,1.4342e-05,3.3417e-05,32,256
sphere,2.000000,cartesian,6.8244e-05,0.000120129,0.0,0.0,32,256
sphere,2.000000,cartesian,0.0,0.0,1.0938e-05,3.1003e-05,32,256
sphere,2.000000,cartesian,4.7897e-05,3.5967e-05,0.0,0.0,32,256
sphere,2.000000,cartesian,0.0,0.0,4.143e-06,3.1263e-05,32,256
sphere,2.000000,cartesian,0.000100487,0.000183662,0.0,0.0,32,256
sphere,2.000000,cartesian,0.0,0.0,1.8489e-05,3.9409e-05,32,256
sphere,2.000000,cartesian,7.6338e-05,0.000129176,0.0,0.0,32,256
sphere,2.000000,cartesian,0.0,0.0,1.0994e-05,3.8666e-05,32,256
sphere,2.000000,cartesian,2.5564e-05,3.2523e-05,0.0,0.0,32,256
sphere,2.000000,cartesian,0.0,0.0,2.419e-06,1.6321e-05,32,256
sphere,2.000000,cartesian,0.000101512,0.000136027,0.0,0.0,32,256
sphere,2.000000,cartesian,0.0,0.0,1.5539e-05,4.9206e-05,32,256
sphere,2.000000,cartesian,6.0511e-05,8.3753e-05,0.0,0.0,32,256
sphere,2.000000,cartesian,0.0,0.0,8.168e-06,3.1185e-05,32,256
sphere,2.000000,cartesian,3.6899e-05,3.4274e-05,0.0,0.0,32,256
sphere,2.000000,cartesian,0.0,0.0,3.427e-06,2.3351e-05,32,256
sphere,2.000000,cartesian,7.4578e-05,0.000124367,0.0,0.0,32,256
sphere,2.000000,cartesian,0.0,0.0,1.2358e-05,3.3427e-05,32,256
sphere,2.000000,cartesian,8.2638e-05,0.000153255,0.0,0.0,32,256
sphere,2.000000,cartesian,0.0,0.0,1.3835e-05,3.7142e-05,32,256
sphere,2.000000,cartesian,2.0129e-05,2.1732e-05,0.0,0.0,32,256
sphere,2.000000,cartesian,0.0,0.0,1.874e-06,1.2731e-05,32,256
sphere,2.000000,cartesian,5.9151e-05,8.4448e-05,0.0,0.0,32,256
sphere,2.000000,cartesian,0.0,0.0,1.0071e-05,2.6384e-05,32,256
sphere,2.000000,cartesian,7.3696e-05,9.8567e-05,0.0,0.0,32,256
sphere,2.000000,cartesian,0.0,0.0,9.175e-06,4.0579e-05,32,256
sphere,2.000000,cartesian,8.1882e-05,0.000124608,0.0,0.0,32,256
sphere,2.000000,cartesian,0.0,0.0,1.2336e-05,4.1105e-05,32,256
sphere,2.000000,cartesian,0.000136704,0.000180617,0.0,0.0,32,256
sphere,2.000000,cartesian,0.0,0.0,1.7651e-05,4.0155e-05,32,256
sphere,2.000000,cartesian,0.000100589,0.000150738,0.0,0.0,32,256
sphere,2.000000,cartesian,0.0,0.0,1.5984e-05,4.752e-05,32,256
sphere,2.000000,cartesian,9.9005e-05,0.000192737,0.0,0.0,32,256
sphere,2.000000,cartesian,0.0,0.0,1.6941e-05,4.2939e-05,32,256
sphere,2.000000,cartesian,7.2412e-05,0.000125746,0.0,0.0,32,256
sphere,2.000000,cartesian,0.0,0.0,1.2535e-05,3.1949e-05,32,256
sphere,2.000000,cartesian,6.8385e-05,9.5572e-05,0.0,0.0,32,256
sphere,2.000000,cartesian,0.0,0.0,1.1636e-05,3.0296e-05,32,256
sphere,2.000000,cartesian,8.7825e-05,0.000140222,0.0,0.0,32,256
sphere,2.000000,cartesian,0.0,0.0,1.4348e-05,4.1262e-05,32,256
sphere,2.000000,cartesian,6.0012e-05,0.000104301,0.0,0.0,32,256
sphere,2.000000,cartesian,0.0,0.0,1.0351e-05,2.6153e-05,32,256
cube,2.000000,cartesian,3.5896e-05,2.8402e-05,0.0,0.0,32,256
cube,2.000000,cartesian,0.0,0.0,2.856e-06,2.3166e-05,32,256
cube,2.000000,cartesian,0.000110978,0.000116324,0.0,0.0,32,256
cube,2.000000,cartesian,0.0,0.0,1.165e-05,6.4843e-05,32,256
cube,2.000000,cartesian,7.8503e-05,5.2588e-05,0.0,0.0,32,256
cube,2.000000,cartesian,0.0,0.0,7.879e-06,4.5517e-05,32,256
cube,2.000000,cartesian,9.0328e-05,0.000115684,0.0,0.0,32,256
cube,2.000000,cartesian,0.0,0.0,1.0016e-05,4.5274e-05,32,256
cube,2.000000,cartesian,0.000124436,0.000180718,0.0,0.0,32,256
cube,2.000000,cartesian,0.0,0.0,1.5242e-05,6.7807e-05,32,256
cube,2.000000,cartesian,0.000101183,0.000112946,0.0,0.0,32,256
cube,2.000000,cartesian,0.0,0.0,9.1e-06,6.4863e-05,32,256
cube,2.000000,cartesian,0.000102008,0.000125087,0.0,0.0,32,256
cube,2.000000,cartesian,0.0,0.0,1.1378e-05,5.941e-05,32,256
cube,2.000000,cartesian,9.9506e-05,0.000100172,0.0,0.0,32,256
cube,2.000000,cartesian,0.0,0.0,1.2396e-05,5.2387e-05,32,256
cube,2.000000,cartesian,0.000102542,0.000133288,0.0,0.0,32,256
cube,2.000000,cartesian,0.0,0.0,1.1817e-05,5.7996e-05,32,256
cube,2.000000,cartesian,0.000103686,0.000116536,0.0,0.0,32,256
cube,2.000000,cartesian,0.0,0.0,1.239e-05,5.7542e-05,32,256
cube,2.000000,cartesian,9.1321e-05,0.000110002,0.0,0.0,32,256
cube,2.000000,cartesian,0.0,0.0,1.1302e-05,4.8726e-05,32,256
cube,2.000000,cartesian,0.000100836,0.000121153,0.0,0.0,32,256
cube,2.000000,cartesian,0.0,0.0,9.823e-06,6.005e-05,32,256
cube,2.000000,cartesian,8.2987e-05,0.000104369,0.0,0.0,32,256
cube,2.000000,cartesian,0.0,0.0,9.413e-06,4.768e-05,32,256
cube,2.000000,cartesian,0.000101741,0.000104505,0.0,0.0,32,256
cube,2.000000,cartesian,0.0,0.0,1.0471e-05,5.949e-05,32,256
cube,2.000000,cartesian,0.000164929,0.000135299,0.0,0.0,32,256
cube,2.000000,cartesian,0.0,0.0,1.2258e-05,6.8309e-05,32,256
cube,2.000000,cartesian,9.2473e-05,9.9795e-05,0.0,0.0,32,256
cube,2.000000,cartesian,0.0,0.0,9.739e-06,5.4709e-05,32,256
cube,2.000000,cartesian,0.000118121,0.000132784,0.0,0.0,32,256
cube,2.000000,cartesian,0.0,0.0,1.2499e-05,6.9643e-05,32,256
cube,2.000000,cartesian,9.9851e-05,0.000118801,0.0,0.0,32,256
cube,2.000000,cartesian,0.0,0.0,1.02e-05,5.7899e-05,32,256
cube,2.000000,cartesian,9.9416e-05,0.0001278,0.0,0.0,32,256
cube,2.000000,cartesian,0.0,0.0,1.116e-05,5.6314e-05,32,256
cube,2.000000,cartesian,0.000146242,0.00016563,0.0,0.0,32,256
cube,2.000000,cartesian,0.0,0.0,1.5449e-05,8.4481e-05,32,256
cube,2.000000,cartesian,9.7564e-05,0.000139488,0.0,0.0,32,256
cube,2.000000,cartesian,0.0,0.0,1.2061e-05,5.3498e-05,32,256
cube,2.000000,cartesian,0.000149519,0.00013955,0.0,0.0,32,256
cube,2.000000,cartesian,0.0,0.0,1.0456e-05,0.000107532,32,256
cube,2.000000,cartesian,5.4313e-05,3.8606e-05,0.0,0.0,32,256
cube,2.000000,cartesian,0.0,0.0,3.617e-06,3.6065e-05,32,256
cube,2.000000,cartesian,0.00013693,0.000211702,0.0,0.0,32,256
cube,2.000000,cartesian,0.0,0.0,1.5529e-05,7.8355e-05,32,256
cube,2.000000,cartesian,0.000100684,7.9424e-05,0.0,0.0,32,256
cube,2.000000,cartesian,0.0,0.0,1.0297e-05,5.8666e-05,32,256
cube,2.000000,cartesian,1.473e-05,1.3701e-05,0.0,0.0,32,256
cube,2.000000,cartesian,0.0,0.0,9.91e-07,1.0055e-05,32,256
cube,2.000000,cartesian,6.0496e-05,6.8459e-05,0.0,0.0,32,256
cube,2.000000,cartesian,0.0,0.0,5.865e-06,3.5566e-05,32,256
cube,2.000000,cartesian,1.9116e-05,1.6249e-05,0.0,0.0,32,256
cube,2.000000,cartesian,0.0,0.0,1.333e-06,1.2856e-05,32,256
cube,2.000000,cartesian,8.5007e-05,0.000101624,0.0,0.0,32,256
cube,2.000000,cartesian,0.0,0.0,1.0232e-05,4.6491e-05,32,256
cube,2.000000,cartesian,9.9745e-05,0.000123321,0.0,0.0,32,256
cube,2.000000,cartesian,0.0,0.0,1.0472e-05,5.7238e-05,32,256
cube,2.000000,cartesian,7.195e-05,0.000109278,0.0,0.0,32,256
cube,2.000000,cartesian,0.0,0.0,8.984e-06,3.8351e-05,32,256
cube,2.000000,cartesian,0.000111245,0.000113633,0.0,0.0,32,256
cube,2.000000,cartesian,0.0,0.0,9.774e-06,6.8182e-05,32,256
cube,2.000000,cartesian,0.000137133,0.000155506,0.0,0.0,32,256
cube,2.000000,cartesian,0.0,0.0,1.6152e-05,7.6552e-05,32,256
cube,2.000000,cartesian,0.000105055,0.000142923,0.0,0.0,32,256
cube,2.000000,cartesian,0.0,0.0,1.089e-05,6.0937e-05,32,256
cube,2.000000,cartesian,6.6134e-05,8.9355e-05,0.0,0.0,32,256
cube,2.000000,cartesian,0.0,0.0,7.91e-06,3.6284e-05,32,256
cube,2.000000,cartesian,0.000104796,0.000161707,0.0,0.0,32,256
cube,2.000000,cartesian,0.0,0.0,1.2126e-05,5.9131e-05,32,256
cube,2.000000,cartesian,0.000103675,0.000122217,0.0,0.0,32,256
cube,2.000000,cartesian,0.0,0.0,1.1594e-05,5.3457e-05,32,256
cube,2.000000,cartesian,0.000148042,0.000148138,0.0,0.0,32,256
cube,2.000000,cartesian,0.0,0.0,1.3728e-05,9.6033e-05,32,256
cube,2.000000,cartesian,8.6469e-05,6.8999e-05,0.0,0.0,32,256
cube,2.000000,cartesian,0.0,0.0,8.589e-06,5.066e-05,32,256
cube,2.000000,cartesian,6.5055e-05,8.5054e-05,0.0,0.0,32,256
cube,2.000000,cartesian,0.0,0.0,8.119e-06,3.5226e-05,32,256
cube,2.000000,cartesian,8.55e-05,7.1112e-05,0.0,0.0,32,256
cube,2.000000,cartesian,0.0,0.0,8.672e-06,5.0365e-05,32,256
cube,2.000000,cartesian,7.3903e-05,7.0522e-05,0.0,0.0,32,256
cube,2.000000,cartesian,0.0,0.0,5.776e-06,4.9429e-05,32,256
cube,2.000000,cartesian,0.000115062,0.00013173,0.0,0.0,32,256
cube,2.000000,cartesian,0.0,0.0,9.873e-06,7.3923e-05,32,256
cube,2.000000,cartesian,0.000115317,0.000107911,0.0,0.0,32,256
cube,2.000000,cartesian,0.0,0.0,1.1457e-05,6.8999e-05,32,256
cube,2.000000,cartesian,4.279e-05,4.6682e-05,0.0,0.0,32,256
cube,2.000000,cartesian,0.0,0.0,4.67e-06,2.4882e-05,32,256
cube,2.000000,cartesian,0.000106196,0.000146672,0.0,0.0,32,256
cube,2.000000,cartesian,0.0,0.0,1.0143e-05,6.4542e-05,32,256
cube,2.000000,cartesian,0.000102308,0.000113586,0.0,0.0,32,256
cube,2.000000,cartesian,0.0,0.0,1.0254e-05,6.0098e-05,32,256
cube,2.000000,cartesian,0.000100385,0.000150273,0.0,0.0,32,256
cube,2.000000,cartesian,0.0,0.0,1.1584e-05,5.6557e-05,32,256
cube,2.000000,cartesian,0.000153229,0.000179361,0.0,0.0,32,256
cube,2.000000,cartesian,0.0,0.0,1.7613e-05,8.7063e-05,32,256
cube,2.000000,cartesian,0.000100441,0.000136571,0.0,0.0,32,256
cube,2.000000,cartesian,0.0,0.0,1.2349e-05,5.3889e-05,32,256
cube,2.000000,cartesian,7.7911e-05,8.0765e-05,0.0,0.0,32,256
cube,2.000000,cartesian,0.0,0.0,7.286e-06,4.7013e-05,32,256
cube,2.000000,cartesian,8.645e-05,8.5803e-05,0.0,0.0,32,256
cube,2.000000,cartesian,0.0,0.0,9.136e-06,4.9562e-05,32,256
cube,2.000000,cartesian,8.3846e-05,7.4199e-05,0.0,0.0,32,256
cube,2.000000,cartesian,0.0,0.0,6.181e-06,5.3641e-05,32,256
cube,2.000000,cartesian,9.9509e-05,7.6728e-05,0.0,0.0,32,256
cube,2.000000,cartesian,0.0,0.0,8.439e-06,6.377e-05,32,256
cube,2.000000,cartesian,0.000123343,0.000136176,0.0,0.0,32,256
cube,2.000000,cartesian,0.0,0.0,1.0935e-05,7.5936e-05,32,256
cube,2.000000,cartesian,0.000107016,0.000103302,0.0,0.0,32,256
cube,2.000000,cartesian,0.0,0.0,1.1749e-05,6.2145e-05,32,256
cube,2.000000,cartesian,0.000152726,0.000171843,0.0,0.0,32,256
cube,2.000000,cartesian,0.0,0.0,1.5324e-05,9.0793e-05,32,256
cube,2.000000,cartesian,0.000132848,0.000200455,0.0,0.0,32,256
cube,2.000000,cartesian,0.0,0.0,1.277e-05,8.1457e-05,32,256
cube,2.000000,cartesian,0.000112543,0.000137312,0.0,0.0,32,256
cube,2.000000,cartesian,0.0,0.0,1.0258e-05,6.433e-05,32,256
cube,2.000000,cartesian,0.000128779,0.000141473,0.0,0.0,32,256
cube,2.000000,cartesian,0.0,0.0,1.1858e-05,7.7318e-05,32,256
cube,2.000000,cartesian,9.8163e-05,0.00010037,0.0,0.0,32,256
cube,2.000000,cartesian,0.0,0.0,9.093e-06,5.9134e-05,32,256
cube,2.000000,cartesian,0.000106303,8.1356e-05,0.0,0.0,32,256
cube,2.000000,cartesian,0.0,0.0,9.432e-06,6.552e-05,32,256
cube,2.000000,cartesian,0.000107182,0.000100266,0.0,0.0,32,256
cube,2.000000,cartesian,0.0,0.0,9.477e-06,6.6199e-05,32,256
cube,2.000000,cartesian,0.000105547,7.8323e-05,0.0,0.0,32,256
cube,2.000000,cartesian,0.0,0.0,9.466e-06,6.1867e-05,32,256
cube,2.000000,cartesian,9.2071e-05,0.000107871,0.0,0.0,32,256
cube,2.000000,cartesian,0.0,0.0,9.083e-06,5.4751e-05,32,256
cube,2.000000,cartesian,0.000103299,0.00010862,0.0,0.0,32,256
cube,2.000000,cartesian,0.0,0.0,9.848e-06,6.1897e-05,32,256
cube,2.000000,cartesian,5.2023e-05,3.8557e-05,0.0,0.0,32,256
cube,2.000000,cartesian,0.0,0.0,4.776e-06,3.1934e-05,32,256
cube,2.000000,cartesian,9.4964e-05,0.000110712,0.0,0.0,32,256
cube,2.000000,cartesian,0.0,0.0,1.1239e-05,5.3108e-05,32,256
cube,2.000000,cartesian,0.000100064,0.000105854,0.0,0.0,32,256
cube,2.000000,cartesian,0.0,0.0,1.0447e-05,6.125e-05,32,256
cube,2.000000,cartesian,0.000105696,0.000132682,0.0,0.0,32,256
cube,2.000000,cartesian,0.0,0.0,1.0936e-05,6.094e-05,32,256
cube,2.000000,cartesian,0.000121047,0.000129015,0.0,0.0,32,256
cube,2.000000,cartesian,0.0,0.0,1.1627e-05,7.2992e-05,32,256
cube,2.000000,cartesian,0.000104165,8.5777e-05,0.0,0.0,32,256
cube,2.000000,cartesian,0.0,0.0,7.669e-06,6.694e-05,32,256
cube,2.000000,cartesian,0.000208391,0.000179552,0.0,0.0,32,256
cube,2.000000,cartesian,0.0,0.0,1.4586e-05,0.000151996,32,256
cube,2.000000,cartesian,0.000119013,0.000277051,0.0,0.0,32,256
cube,2.000000,cartesian,0.0,0.0,1.273e-05,6.9023e-05,32,256
cube,2.000000,cartesian,0.000103734,0.000130102,0.0,0.0,32,256
cube,2.000000,cartesian,0.0,0.0,9.79e-06,6.311e-05,32,256
cube,2.000000,cartesian,8.2846e-05,0.000104095,0.0,0.0,32,256
cube,2.000000,cartesian,0.0,0.0,7.319e-06,5.1187e-05,32,256
cube,2.000000,cartesian,0.000112423,0.000121694,0.0,0.0,32,256
cube,2.000000,cartesian,0.0,0.0,1.1083e-05,6.856e-05,32,256
cube,2.000000,cartesian,9.3403e-05,0.000113223,0.0,0.0,32,256
cube,2.000000,cartesian,0.0,0.0,9.041e-06,5.514e-05,32,256
cube,2.000000,cartesian,0.00012192,0.000144681,0.0,0.0,32,256
cube,2.000000,cartesian,0.0,0.0,1.5867e-05,6.4495e-05,32,256
cube,2.000000,cartesian,0.000115086,0.000150503,0.0,0.0,32,256
cube,2.000000,cartesian,0.0,0.0,1.3766e-05,6.4057e-05,32,256
cube,2.000000,cartesian,9.4225e-05,0.00011765,0.0,0.0,32,256
cube,2.000000,cartesian,0.0,0.0,9.507e-06,5.6217e-05,32,256
cube,2.000000,cartesian,8.5966e-05,9.9791e-05,0.0,0.0,32,256
cube,2.000000,cartesian,0.0,0.0,9.272e-06,4.9469e-05,32,256
cube,2.000000,cartesian,0.000129256,0.000151021,0.0,0.0,32,256
cube,2.000000,cartesian,0.0,0.0,1.2851e-05,7.595e-05,32,256
cube,2.000000,cartesian,0.000105642,0.000131365,0.0,0.0,32,256
cube,2.000000,cartesian,0.0,0.0,1.0012e-05,6.4852e-05,32,256
cube,2.000000,cartesian,0.000100426,0.0001008,0.0,0.0,32,256
cube,2.000000,cartesian,0.0,0.0,9.777e-06,6.0295e-05,32,256
cube,2.000000,cartesian,9.6791e-05,9.9487e-05,0.0,0.0,32,256
cube,2.000000,cartesian,0.0,0.0,1.7187e-05,5.2428e-05,32,256
cube,2.000000,cartesian,0.000152796,0.000154622,0.0,0.0,32,256
cube,2.000000,cartesian,0.0,0.0,3.2731e-05,7.6018e-05,32,256
cube,2.000000,cartesian,5.126e-05,5.0289e-05,0.0,0.0,32,256
cube,2.000000,cartesian,0.0,0.0,2.477e-06,3.8466e-05,32,256
cube,2.000000,cartesian,5.8244e-05,6.8842e-05,0.0,0.0,32,256
cube,2.000000,cartesian,0.0,0.0,6.706e-06,3.3422e-05,32,256
cube,2.000000,cartesian,7.5484e-05,7.3656e-05,0.0,0.0,32,256
cube,2.000000,cartesian,0.0,0.0,6.726e-06,4.4779e-05,32,256
cube,2.000000,cartesian,0.00011752,0.00011916,0.0,0.0,32,256
cube,2.000000,cartesian,0.0,0.0,1.1081e-05,7.088e-05,32,256
cube,2.000000,cartesian,0.00014711,0.000171008,0.0,0.0,32,256
cube,2.000000,cartesian,0.0,0.0,1.6787e-05,8.3563e-05,32,256
cube,2.000000,cartesian,0.000153402,0.000170845,0.0,0.0,32,256
cube,2.000000,cartesian,0.0,0.0,1.7611e-05,8.6233e-05,32,256
cube,2.000000,cartesian,7.7054e-05,8.8893e-05,0.0,0.0,32,256
cube,2.000000,cartesian,0.0,0.0,7.827e-06,4.5718e-05,32,256
cube,2.000000,cartesian,7.7647e-05,8.3401e-05,0.0,0.0,32,256
cube,2.000000,cartesian,0.0,0.0,6.666e-06,4.8021e-05,32,256
cube,2.000000,cartesian,5.4324e-05,5.2285e-05,0.0,0.0,32,256
cube,2.000000,cartesian,0.0,0.0,5.235e-06,3.2148e-05,32,256
cube,2.000000,cartesian,0.000139324,0.000145589,0.0,0.0,32,256
cube,2.000000,cartesian,0.0,0.0,1.2687e-05,8.5169e-05,32,256
cube,2.000000,cartesian,8.951e-05,7.3302e-05,0.0,0.0,32,256
cube,2.000000,cartesian,0.0,0.0,7.503e-06,5.5282e-05,32,256
cube,2.000000,cartesian,0.000126758,0.000108288,0.0,0.0,32,256
cube,2.000000,cartesian,0.0,0.0,1.0332e-05,4.7792e-05,32,256
cube,2.000000,cartesian,0.000108491,9.6273e-05,0.0,0.0,32,256
cube,2.000000,cartesian,0.0,0.0,1.0297e-05,6.4111e-05,32,256
cube,2.000000,cartesian,9.3946e-05,9.5515e-05,0.0,0.0,32,256
cube,2.000000,cartesian,0.0,0.0,9.513e-06,5.613e-05,32,256
cube,2.000000,cartesian,0.000120818,0.000145936,0.0,0.0,32,256
cube,2.000000,cartesian,0.0,0.0,1.1104e-05,7.2094e-05,32,256
cube,2.000000,cartesian,0.000147553,0.000150792,0.0,0.0,32,256
cube,2.000000,cartesian,0.0,0.0,1.6002e-05,8.4703e-05,32,256
cube,2.000000,cartesian,0.000138328,0.0002027,0.0,0.0,32,256
cube,2.000000,cartesian,0.0,0.0,1.4552e-05,8.2944e-05,32,256
cube,2.000000,cartesian,8.2405e-05,7.9161e-05,0.0,0.0,32,256
cube,2.000000,cartesian,0.0,0.0,6.747e-06,5.4937e-05,32,256
cube,2.000000,cartesian,3.8818e-05,3.7032e-05,0.0,0.0,32,256
cube,2.000000,cartesian,0.0,0.0,3.659e-06,2.4756e-05,32,256
cube,2.000000,cartesian,0.000158985,0.000214234,0.0,0.0,32,256
cube,2.000000,cartesian,0.0,0.0,2.2855e-05,7.4848e-05,32,256
cube,2.000000,cartesian,7.4237e-05,8.6166e-05,0.0,0.0,32,256
cube,2.000000,cartesian,0.0,0.0,8.198e-06,4.2525e-05,32,256
cube,2.000000,cartesian,0.000102418,0.000132074,0.0,0.0,32,256
cube,2.000000,cartesian,0.0,0.0,1.2222e-05,5.7291e-05,32,256
cube,2.000000,cartesian,0.000104579,0.000132685,0.0,0.0,32,256
cube,2.000000,cartesian,0.0,0.0,1.2418e-05,5.7963e-05,32,256
cube,2.000000,cartesian,0.000104779,0.000139958,0.0,0.0,32,256
cube,2.000000,cartesian,0.0,0.0,1.2092e-05,5.8471e-05,32,256
cube,2.000000,cartesian,9.7251e-05,9.8707e-05,0.0,0.0,32,256
cube,2.000000,cartesian,0.0,0.0,8.572e-06,6.1118e-05,32,256
cube,2.000000,cartesian,9.8084e-05,0.000120304,0.0,0.0,32,256
cube,2.000000,cartesian,0.0,0.0,8.362e-06,6.117e-05,32,256
cube,2.000000,cartesian,0.000115139,0.000143662,0.0,0.0,32,256
cube,2.000000,cartesian,0.0,0.0,1.1661e-05,6.6194e-05,32,256
cube,2.000000,cartesian,0.000103763,0.000124383,0.0,0.0,32,256
cube,2.000000,cartesian,0.0,0.0,1.0121e-05,6.3116e-05,32,256
cube,2.000000,cartesian,0.000105365,0.000118548,0.0,0.0,32,256
cube,2.000000,cartesian,0.0,0.0,1.2048e-05,5.9352e-05,32,256
cube,2.000000,cartesian,0.000102087,0.000125673,0.0,0.0,32,256
cube,2.000000,cartesian,0.0,0.0,1.1312e-05,5.7793e-05,32,256
cube,2.000000,cartesian,0.000128258,6.181e-05,0.0,0.0,32,256
cube,2.000000,cartesian,0.0,0.0,5.164e-05,4.7301e-05,32,256
cube,2.000000,cartesian,0.00014954,0.00014754,0.0,0.0,32,256
cube,2.000000,cartesian,0.0,0.0,1.4194e-05,8.9245e-05,32,256
cube,2.000000,cartesian,0.000118705,0.000142943,0.0,0.0,32,256
cube,2.000000,cartesian,0.0,0.0,1.2679e-05,6.986e-05,32,256
cube,2.000000,cartesian,5.8356e-05,5.9239e-05,0.0,0.0,32,256
cube,2.000000,cartesian,0.0,0.0,6.562e-06,3.1818e-05,32,256
cube,2.000000,cartesian,0.000102277,0.000109757,0.0,0.0,32,256
cube,2.000000,cartesian,0.0,0.0,1.2425e-05,5.5795e-05,32,256
cube,2.000000,cartesian,6.887e-05,8.5431e-05,0.0,0.0,32,256
cube,2.000000,cartesian,0.0,0.0,7.371e-06,4.0623e-05,32,256
cube,2.000000,cartesian,0.000128086,0.000140685,0.0,0.0,32,256
cube,2.000000,cartesian,0.0,0.0,1.4122e-05,7.2791e-05,32,256
cube,2.000000,cartesian,0.000118187,0.000158744,0.0,0.0,32,256
cube,2.000000,cartesian,0.0,0.0,1.4667e-05,6.4237e-05,32,256
cube,2.000000,cartesian,0.000111462,0.000124592,0.0,0.0,32,256
cube,2.000000,cartesian,0.0,0.0,1.2386e-05,6.3837e-05,32,256
cube,2.000000,cartesian,0.000104085,0.000125267,0.0,0.0,32,256
cube,2.000000,cartesian,0.0,0.0,1.0653e-05,6.0857e-05,32,256
cube,2.000000,cartesian,7.649e-05,0.000139037,0.0,0.0,32,256
cube,2.000000,cartesian,0.0,0.0,9.313e-06,4.2049e-05,32,256
cube,2.000000,cartesian,4.4048e-05,4.9232e-05,0.0,0.0,32,256
cube,2.000000,cartesian,0.0,0.0,4.158e-06,2.7688e-05,32,256
cube,2.000000,cartesian,0.0001072,0.000132389,0.0,0.0,32,256
cube,2.000000,cartesian,0.0,0.0,1.162e-05,6.1271e-05,32,256
cube,2.000000,cartesian,0.00010336,9.8856e-05,0.0,0.0,32,256
cube,2.000000,cartesian,0.0,0.0,9.342e-06,6.1806e-05,32,256
cube,2.000000,cartesian,5.5272e-05,5.9579e-05,0.0,0.0,32,256
cube,2.000000,cartesian,0.0,0.0,5.406e-06,3.3358e-05,32,256
cube,2.000000,cartesian,9.7705e-05,0.000116687,0.0,0.0,32,256
cube,2.000000,cartesian,0.0,0.0,1.0459e-05,5.6231e-05,32,256
cube,2.000000,cartesian,0.000126077,8.0449e-05,0.0,0.0,32,256
cube,2.000000,cartesian,0.0,0.0,1.1793e-05,7.5886e-05,32,256
cube,2.000000,cartesian,0.000122148,0.000109081,0.0,0.0,32,256
cube,2.000000,cartesian,0.0,0.0,1.0527e-05,7.4179e-05,32,256
cube,2.000000,cartesian,0.000110601,0.000116794,0.0,0.0,32,256
cube,2.000000,cartesian,0.0,0.0,1.1275e-05,6.4495e-05,32,256
cube,2.000000,cartesian,8.7788e-05,0.000154304,0.0,0.0,32,256
cube,2.000000,cartesian,0.0,0.0,8.98e-06,5.3446e-05,32,256
cube,2.000000,cartesian,0.000106597,0.000121274,0.0,0.0,32,256
cube,2.000000,cartesian,0.0,0.0,1.2298e-05,5.9145e-05,32,256
cube,2.000000,cartesian,9.1523e-05,0.000106964,0.0,0.0,32,256
cube,2.000000,cartesian,0.0,0.0,9.367e-06,5.2733e-05,32,256
cube,2.000000,cartesian,0.00010552,9.635e-05,0.0,0.0,32,256
cube,2.000000,cartesian,0.0,0.0,1.0267e-05,6.2194e-05,32,256
cube,2.000000,cartesian,0.000119762,9.1548e-05,0.0,0.0,32,256
cube,2.000000,cartesian,0.0,0.0,1.1411e-05,7.2633e-05,32,256
cube,2.000000,cartesian,7.1838e-05,6.2853e-05,0.0,0.0,32,256
cube,2.000000,cartesian,0.0,0.0,6.094e-06,4.6273e-05,32,256
cube,2.000000,cartesian,0.000100744,0.000139803,0.0,0.0,32,256
cube,2.000000,cartesian,0.0,0.0,1.0628e-05,5.8153e-05,32,256
cube,2.000000,cartesian,4.9305e-05,7.4738e-05,0.0,0.0,32,256
cube,2.000000,cartesian,0.0,0.0,5.391e-06,2.8917e-05,32,256
cube,2.000000,cartesian,9.6862e-05,0.000134685,0.0,0.0,32,256
cube,2.000000,cartesian,0.0,0.0,9.318e-06,5.6579e-05,32,256
cube,2.000000,cartesian,9.853e-05,0.000113846,0.0,0.0,32,256
cube,2.000000,cartesian,0.0,0.0,1.061e-05,5.5023e-05,32,256
cube,2.000000,cartesian,0.000134208,0.000152885,0.0,0.0,32,256
cube,2.000000,cartesian,0.0,0.0,1.2413e-05,7.6114e-05,32,256
cube,2.000000,cartesian,9.3072e-05,0.000110146,0.0,0.0,32,256
cube,2.000000,cartesian,0.0,0.0,9.69e-06,5.4243e-05,32,256
cube,2.000000,cartesian,0.000100238,8.5387e-05,0.0,0.0,32,256
cube,2.000000,cartesian,0.0,0.0,9.334e-06,5.3004e-05,32,256
cube,2.000000,cartesian,8.2556e-05,9.7649e-05,0.0,0.0,32,256
cube,2.000000,cartesian,0.0,0.0,8.599e-06,4.8719e-05,32,256
cube,2.000000,cartesian,0.0001083,0.000122605,0.0,0.0,32,256
cube,2.000000,cartesian,0.0,0.0,1.2572e-05,6.1065e-05,32,256
cube,2.000000,cartesian,6.3218e-05,0.000102829,0.0,0.0,32,256
cube,2.000000,cartesian,0.0,0.0,6.908e-06,3.6301e-05,32,256
cube,2.000000,cartesian,0.000132507,0.000190724,0.0,0.0,32,256
cube,2.000000,cartesian,0.0,0.0,1.4315e-05,7.6717e-05,32,256
cube,2.000000,cartesian,0.000102886,0.000123127,0.0,0.0,32,256
cube,2.000000,cartesian,0.0,0.0,9.278e-06,6.3507e-05,32,256
cube,2.000000,cartesian,8.1652e-05,9.4102e-05,0.0,0.0,32,256
cube,2.000000,cartesian,0.0,0.0,7.863e-06,4.9736e-05,32,256
cube,2.000000,cartesian,3.9417e-05,3.6591e-05,0.0,0.0,32,256
cube,2.000000,cartesian,0.0,0.0,3.744e-06,2.4172e-05,32,256
cube,2.000000,cartesian,8.1927e-05,0.000117666,0.0,0.0,32,256
cube,2.000000,cartesian,0.0,0.0,8.896e-06,4.7511e-05,32,256
cube,2.000000,cartesian,0.000149153,0.000173656,0.0,0.0,32,256
cube,2.000000,cartesian,0.0,0.0,1.4628e-05,8.9663e-05,32,256
cube,2.000000,cartesian,6.6097e-05,7.1143e-05,0.0,0.0,32,256
cube,2.000000,cartesian,0.0,0.0,5.561e-06,4.2017e-05,32,256
cube,2.000000,cartesian,0.000127198,0.000104791,0.0,0.0,32,256
cube,2.000000,cartesian,0.0,0.0,1.2788e-05,6.843e-05,32,256
cube,2.000000,cartesian,0.000104415,0.000161419,0.0,0.0,32,256
cube,2.000000,cartesian,0.0,0.0,1.0906e-05,6.2049e-05,32,256
cube,2.000000,cartesian,0.00011531,0.00014877,0.0,0.0,32,256
cube,2.000000,cartesian,0.0,0.0,1.2641e-05,6.5644e-05,32,256
cube,2.000000,cartesian,9.335e-05,8.5828e-05,0.0,0.0,32,256
cube,2.000000,cartesian,0.0,0.0,8.042e-06,5.8098e-05,32,256
cube,2.000000,cartesian,0.000135424,0.000141782,0.0,0.0,32,256
cube,2.000000,cartesian,0.0,0.0,1.6011e-05,7.4935e-05,32,256
cube,2.000000,cartesian,8.6338e-05,8.627e-05,0.0,0.0,32,256
cube,2.000000,cartesian,0.0,0.0,8.1e-06,5.3506e-05,32,256
cube,2.000000,cartesian,0.000106718,0.000119287,0.0,0.0,32,256
cube,2.000000,cartesian,0.0,0.0,1.1178e-05,6.2581e-05,32,256
cube,2.000000,cartesian,0.00010273,0.0001001,0.0,0.0,32,256
cube,2.000000,cartesian,0.0,0.0,8.978e-06,6.2949e-05,32,256
cube,2.000000,cartesian,2.4968e-05,2.1832e-05,0.0,0.0,32,256
cube,2.000000,cartesian,0.0,0.0,1.803e-06,1.654e-05,32,256
cube,2.000000,cartesian,0.000120104,0.000104518,0.0,0.0,32,256
cube,2.000000,cartesian,0.0,0.0,1.1161e-05,7.2778e-05,32,256
cube,2.000000,cartesian,9.1229e-05,0.000110641,0.0,0.0,32,256
cube,2.000000,cartesian,0.0,0.0,1.0895e-05,5.0658e-05,32,256
cube,2.000000,cartesian,8.28e-05,0.00010511,0.0,0.0,32,256
cube,2.000000,cartesian,0.0,0.0,6.432e-06,5.4543e-05,32,256
cube,2.000000,cartesian,0.000108601,0.000141691,0.0,0.0,32,256
cube,2.000000,cartesian,0.0,0.0,1.1175e-05,6.5432e-05,32,256
cube,2.000000,cartesian,0.000103104,0.000121128,0.0,0.0,32,256
cube,2.000000,cartesian,0.0,0.0,1.1126e-05,5.9803e-05,32,256
cube,2.000000,cartesian,0.000149648,0.000190183,0.0,0.0,32,256
cube,2.000000,cartesian,0.0,0.0,1.6752e-05,8.4001e-05,32,256
cube,2.000000,cartesian,0.000132514,0.000138267,0.0,0.0,32,256
cube,2.000000,cartesian,0.0,0.0,1.2864e-05,8.3454e-05,32,256
cube,2.000000,cartesian,8.9651e-05,7.5728e-05,0.0,0.0,32,256
cube,2.000000,cartesian,0.0,0.0,7.118e-06,5.9192e-05,32,256
cube,2.000000,cartesian,0.000122103,0.000120627,0.0,0.0,32,256
cube,2.000000,cartesian,0.0,0.0,1.1096e-05,7.7641e-05,32,256
cube,2.000000,cartesian,0.000110632,0.000120205,0.0,0.0,32,256
cube,2.000000,cartesian,0.0,0.0,1.2375e-05,6.2114e-05,32,256
cube,2.000000,cartesian,9.5203e-05,7.1477e-05,0.0,0.0,32,256
cube,2.000000,cartesian,0.0,0.0,8.545e-06,5.6778e-05,32,256
cube,2.000000,cartesian,7.5704e-05,6.9519e-05,0.0,0.0,32,256
cube,2.000000,cartesian,0.0,0.0,7.042e-06,4.7749e-05,32,256
cube,2.000000,cartesian,0.00010459,0.000150885,0.0,0.0,32,256
cube,2.000000,cartesian,0.0,0.0,1.1495e-05,6.0284e-05,32,256
cube,2.000000,cartesian,0.000127747,0.000101827,0.0,0.0,32,256
cube,2.000000,cartesian,0.0,0.0,8.689e-06,7.3527e-05,32,256
cube,2.000000,cartesian,0.000109623,0.000149055,0.0,0.0,32,256
cube,2.000000,cartesian,0.0,0.0,1.2831e-05,6.08e-05,32,256
cube,2.000000,cartesian,0.000126495,0.000112427,0.0,0.0,32,256
cube,2.000000,cartesian,0.0,0.0,1.2614e-05,7.474e-05,32,256
cube,2.000000,cartesian,0.000115791,0.000104435,0.0,0.0,32,256
cube,2.000000,cartesian,0.0,0.0,1.336e-05,6.5613e-05,32,256
cube,2.000000,cartesian,0.000150767,0.000138774,0.0,0.0,32,256
cube,2.000000,cartesian,0.0,0.0,1.424e-05,9.2504e-05,32,256
cube,2.000000,cartesian,0.000120838,0.000124647,0.0,0.0,32,256
cube,2.000000,cartesian,0.0,0.0,1.2601e-05,6.9707e-05,32,256
cube,2.000000,cartesian,9.4241e-05,8.8941e-05,0.0,0.0,32,256
cube,2.000000,cartesian,0.0,0.0,8.014e-06,5.8358e-05,32,256
cube,2.000000,cartesian,0.000114751,0.000147425,0.0,0.0,32,256
cube,2.000000,cartesian,0.0,0.0,1.4047e-05,6.2737e-05,32,256
cube,2.000000,cartesian,4.0237e-05,2.642e-05,0.0,0.0,32,256
cube,2.000000,cartesian,0.0,0.0,3.055e-06,2.6087e-05,32,256
cube,2.000000,cartesian,0.000140377,0.000164036,0.0,0.0,32,256
cube,2.000000,cartesian,0.0,0.0,1.5091e-05,8.0714e-05,32,256
cube,2.000000,cartesian,0.000107347,0.000101592,0.0,0.0,32,256
cube,2.000000,cartesian,0.0,0.0,9.649e-06,6.648e-05,32,256
cube,2.000000,cartesian,0.000109414,0.000139213,0.0,0.0,32,256
cube,2.000000,cartesian,0.0,0.0,1.3075e-05,6.0529e-05,32,256
cube,2.000000,cartesian,9.3835e-05,0.000118284,0.0,0.0,32,256
cube,2.000000,cartesian,0.0,0.0,1.1537e-05,4.964e-05,32,256
cube,2.000000,cartesian,9.761e-05,9.8377e-05,0.0,0.0,32,256
cube,2.000000,cartesian,0.0,0.0,8.97e-06,5.7782e-05,32,256
cube,2.000000,cartesian,7.2465e-05,9.9604e-05,0.0,0.0,32,256
cube,2.000000,cartesian,0.0,0.0,8.577e-06,4.0861e-05,32,256
cube,2.000000,cartesian,9.5833e-05,0.000134067,0.0,0.0,32,256
cube,2.000000,cartesian,0.0,0.0,1.1133e-05,5.3643e-05,32,256
cube,2.000000,cartesian,0.000102526,0.000124667,0.0,0.0,32,256
cube,2.000000,cartesian,0.0,0.0,1.1684e-05,5.9314e-05,32,256
cube,2.000000,cartesian,7.7414e-05,8.0423e-05,0.0,0.0,32,256
cube,2.000000,cartesian,0.0,0.0,7.523e-06,4.6258e-05,32,256
cube,2.000000,cartesian,8.1036e-05,9.2653e-05,0.0,0.0,32,256
cube,2.000000,cartesian,0.0,0.0,8.852e-06,4.5973e-05,32,256
cube,2.000000,cartesian,0.000102197,0.000130663,0.0,0.0,32,256
cube,2.000000,cartesian,0.0,0.0,1.1025e-05,5.7168e-05,32,256
cube,2.000000,cartesian,2.9159e-05,3.5251e-05,0.0,0.0,32,256
cube,2.000000,cartesian,0.0,0.0,2.867e-06,1.8077e-05,32,256
cube,2.000000,cartesian,0.000151785,0.000156565,0.0,0.0,32,256
cube,2.000000,cartesian,0.0,0.0,1.2206e-05,8.4355e-05,32,256
cube,2.000000,cartesian,0.000102838,0.000124806,0.0,0.0,32,256
cube,2.000000,cartesian,0.0,0.0,1.125e-05,6.0055e-05,32,256
cube,2.000000,cartesian,8.4886e-05,0.000105876,0.0,0.0,32,256
cube,2.000000,cartesian,0.0,0.0,9.044e-06,4.9678e-05,32,256
cube,2.000000,cartesian,9.6414e-05,0.000120131,0.0,0.0,32,256
cube,2.000000,cartesian,0.0,0.0,9.92e-06,5.5786e-05,32,256
cube,2.000000,cartesian,9.081e-05,0.000124513,0.0,0.0,32,256
cube,2.000000,cartesian,0.0,0.0,1.0711e-05,4.9791e-05,32,256
cube,2.000000,cartesian,0.000151746,0.00012477,0.0,0.0,32,256
cube,2.000000,cartesian,0.0,0.0,1.7641e-05,8.4591e-05,32,256
cube,2.000000,cartesian,9.7159e-05,8.1654e-05,0.0,0.0,32,256
cube,2.000000,cartesian,0.0,0.0,9.061e-06,5.9215e-05,32,256
cube,2.000000,cartesian,9.3696e-05,0.000114817,0.0,0.0,32,256
cube,2.000000,cartesian,0.0,0.0,1.0245e-05,5.7254e-05,32,256
cube,2.000000,cartesian,9.1964e-05,9.9707e-05,0.0,0.0,32,256
cube,2.000000,cartesian,0.0,0.0,8.93e-06,5.4754e-05,32,256
cube,2.000000,cartesian,9.9256e-05,0.000108985,0.0,0.0,32,256
cube,2.000000,cartesian,0.0,0.0,9.977e-06,5.7775e-05,32,256
cube,2.000000,cartesian,4.1609e-05,4.8886e-05,0.0,0.0,32,256
cube,2.000000,cartesian,0.0,0.0,3.915e-06,2.5955e-05,32,256
cube,2.000000,cartesian,0.000127723,0.000115257,0.0,0.0,32,256
cube,2.000000,cartesian,0.0,0.0,1.1521e-05,7.7864e-05,32,256
cube,2.000000,cartesian,9.1119e-05,6.7031e-05,0.0,0.0,32,256
cube,2.000000,cartesian,0.0,0.0,9.403e-06,5.2339e-05,32,256
cube,2.000000,cartesian,8.7861e-05,8.8026e-05,0.0,0.0,32,256
cube,2.000000,cartesian,0.0,0.0,7.731e-06,5.7272e-05,32,256
cube,2.000000,cartesian,0.000101931,0.000131899,0.0,0.0,32,256
cube,2.000000,cartesian,0.0,0.0,1.3242e-05,5.4675e-05,32,256
cube,2.000000,cartesian,9.8836e-05,9.9652e-05,0.0,0.0,32,256
cube,2.000000,cartesian,0.0,0.0,9.551e-06,5.975e-05,32,256
cube,2.000000,cartesian,0.000100107,8.7409e-05,0.0,0.0,32,256
cube,2.000000,cartesian,0.0,0.0,9.584e-06,5.9707e-05,32,256
cube,2.000000,cartesian,0.000102395,0.000130923,0.0,0.0,32,256
cube,2.000000,cartesian,0.0,0.0,1.1436e-05,5.845e-05,32,256
cube,2.000000,cartesian,0.000111905,0.000127646,0.0,0.0,32,256
cube,2.000000,cartesian,0.0,0.0,9.772e-06,6.7591e-05,32,256
cube,2.000000,cartesian,0.000147379,0.000249582,0.0,0.0,32,256
cube,2.000000,cartesian,0.0,0.0,3.683e-05,7.0864e-05,32,256
cube,2.000000,cartesian,9.8313e-05,0.000145102,0.0,0.0,32,256
cube,2.000000,cartesian,0.0,0.0,1.2186e-05,5.2882e-05,32,256
cube,2.000000,cartesian,8.2138e-05,8.3496e-05,0.0,0.0,32,256
cube,2.000000,cartesian,0.0,0.0,8.468e-06,4.8499e-05,32,256
cube,2.000000,cartesian,5.6552e-05,4.5614e-05,0.0,0.0,32,256
cube,2.000000,cartesian,0.0,0.0,5.475e-06,3.3688e-05,32,256
cube,2.000000,cartesian,0.000116929,0.000150013,0.0,0.0,32,256
cube,2.000000,cartesian,0.0,0.0,1.3359e-05,6.6239e-05,32,256
cube,2.000000,cartesian,0.000119669,0.000113148,0.0,0.0,32,256
cube,2.000000,cartesian,0.0,0.0,1.0589e-05,7.2058e-05,32,256
cube,2.000000,cartesian,7.4928e-05,8.6518e-05,0.0,0.0,32,256
cube,2.000000,cartesian,0.0,0.0,7.681e-06,4.3858e-05,32,256
cube,2.000000,cartesian,0.00013478,0.000134749,0.0,0.0,32,256
cube,2.000000,cartesian,0.0,0.0,1.2923e-05,7.8872e-05,32,256
cube,2.000000,cartesian,0.000110752,8.7652e-05,0.0,0.0,32,256
cube,2.000000,cartesian,0.0,0.0,9.755e-06,7.0622e-05,32,256
cube,2.000000,cartesian,9.017e-05,0.00012592,0.0,0.0,32,256
cube,2.000000,cartesian,0.0,0.0,9.083e-06,5.4091e-05,32,256
cube,2.000000,cartesian,0.00011474,0.000131927,0.0,0.0,32,256
cube,2.000000,cartesian,0.0,0.0,1.2757e-05,6.495e-05,32,256
cube,2.000000,cartesian,0.000159058,0.000189233,0.0,0.0,32,256
cube,2.000000,cartesian,0.0,0.0,1.782e-05,9.0188e-05,32,256
cube,2.000000,cartesian,8.5384e-05,0.00012496,0.0,0.0,32,256
cube,2.000000,cartesian,0.0,0.0,1.0573e-05,4.6677e-05,32,256
cube,2.000000,cartesian,8.9837e-05,0.000153258,0.0,0.0,32,256
cube,2.000000,cartesian,0.0,0.0,8.207e-06,5.6289e-05,32,256
cube,2.000000,cartesian,6.3006e-05,6.1805e-05,0.0,0.0,32,256
cube,2.000000,cartesian,0.0,0.0,6.783e-06,3.6774e-05,32,256
cube,2.000000,cartesian,0.000115547,0.000123232,0.0,0.0,32,256
cube,2.000000,cartesian,0.0,0.0,9.507e-06,7.6403e-05,32,256
cube,2.000000,cartesian,9.9957e-05,0.000123445,0.0,0.0,32,256
cube,2.000000,cartesian,0.0,0.0,1.0977e-05,5.7039e-05,32,256
cube,2.000000,cartesian,0.000132582,0.000189737,0.0,0.0,32,256
cube,2.000000,cartesian,0.0,0.0,1.6621e-05,7.1543e-05,32,256
cube,2.000000,cartesian,0.000100418,6.8094e-05,0.0,0.0,32,256
cube,2.000000,cartesian,0.0,0.0,9.049e-06,6.1895e-05,32,256
cube,2.000000,cartesian,0.000113359,0.000154912,0.0,0.0,32,256
cube,2.000000,cartesian,0.0,0.0,1.197e-05,6.6019e-05,32,256
cube,2.000000,cartesian,9.6274e-05,0.000142986,0.0,0.0,32,256
cube,2.000000,cartesian,0.0,0.0,1.1826e-05,5.3129e-05,32,256
cube,2.000000,cartesian,0.000115031,0.000136883,0.0,0.0,32,256
cube,2.000000,cartesian,0.0,0.0,1.4562e-05,6.158e-05,32,256
cube,2.000000,cartesian,0.000139241,0.000162637,0.0,0.0,32,256
cube,2.000000,cartesian,0.0,0.0,1.442e-05,7.7678e-05,32,256
cube,2.000000,cartesian,4.347e-05,5.2454e-05,0.0,0.0,32,256
cube,2.000000,cartesian,0.0,0.0,4.308e-06,2.6368e-05,32,256
cube,2.000000,cartesian,0.000126284,0.00013323,0.0,0.0,32,256
cube,2.000000,cartesian,0.0,0.0,1.1906e-05,7.5153e-05,32,256
cube,2.000000,cartesian,6.8931e-05,6.071e-05,0.0,0.0,32,256
cube,2.000000,cartesian,0.0,0.0,5.837e-06,4.2672e-05,32,256
cube,2.000000,cartesian,7.852e-05,9.3986e-05,0.0,0.0,32,256
cube,2.000000,cartesian,0.0,0.0,8.084e-06,4.5238e-05,32,256
cube,2.000000,cartesian,9.2833e-05,0.000147747,0.0,0.0,32,256
cube,2.000000,cartesian,0.0,0.0,1.0514e-05,5.3687e-05,32,256
cube,2.000000,cartesian,9.8e-05,7.8814e-05,0.0,0.0,32,256
cube,2.000000,cartesian,0.0,0.0,9.209e-06,5.9575e-05,32,256
cube,2.000000,cartesian,7.3612e-05,8.7877e-05,0.0,0.0,32,256
cube,2.000000,cartesian,0.0,0.0,6.915e-06,4.5085e-05,32,256
cube,2.000000,cartesian,1.9503e-05,1.4765e-05,0.0,0.0,32,256
cube,2.000000,cartesian,0.0,0.0,1.577e-06,1.225e-05,32,256
cube,2.000000,cartesian,0.000109042,0.0001088,0.0,0.0,32,256
cube,2.000000,cartesian,0.0,0.0,1.1057e-05,6.3681e-05,32,256
cube,2.000000,cartesian,0.000109406,9.1267e-05,0.0,0.0,32,256
cube,2.000000,cartesian,0.0,0.0,1.0235e-05,6.6736e-05,32,256
cube,2.000000,cartesian,0.000130876,0.000177644,0.0,0.0,32,256
cube,2.000000,cartesian,0.0,0.0,1.4176e-05,7.8167e-05,32,256
cube,2.000000,cartesian,0.000134547,0.000179498,0.0,0.0,32,256
cube,2.000000,cartesian,0.0,0.0,1.5155e-05,7.7124e-05,32,256
cube,2.000000,cartesian,0.000108007,0.000142276,0.0,0.0,32,256
cube,2.000000,cartesian,0.0,0.0,9.845e-06,6.5992e-05,32,256
cube,2.000000,cartesian,0.000106521,0.00011102,0.0,0.0,32,256
cube,2.000000,cartesian,0.0,0.0,1.0983e-05,6.244e-05,32,256
cube,2.000000,cartesian,0.000121174,0.000123115,0.0,0.0,32,256
cube,2.000000,cartesian,0.0,0.0,1.1113e-05,6.3445e-05,32,256
cube,2.000000,cartesian,0.00013701,0.000155999,0.0,0.0,32,256
cube,2.000000,cartesian,0.0,0.0,1.3768e-05,7.6223e-05,32,256
cube,2.000000,cartesian,8.3728e-05,0.000111242,0.0,0.0,32,256
cube,2.000000,cartesian,0.0,0.0,9.752e-06,4.6073e-05,32,256
cube,2.000000,cartesian,0.000176125,0.000185436,0.0,0.0,32,256
cube,2.000000,cartesian,0.0,0.0,3.6001e-05,8.8724e-05,32,256
cube,2.000000,cartesian,9.0889e-05,8.2834e-05,0.0,0.0,32,256
cube,2.000000,cartesian,0.0,0.0,8.255e-06,5.5113e-05,32,256
cube,2.000000,cartesian,8.1104e-05,7.9698e-05,0.0,0.0,32,256
cube,2.000000,cartesian,0.0,0.0,8.626e-06,4.6229e-05,32,256
cube,2.000000,cartesian,0.00010173,0.000107801,0.0,0.0,32,256
cube,2.000000,cartesian,0.0,0.0,8.944e-06,6.259e-05,32,256
cube,2.000000,cartesian,9.1278e-05,0.000112368,0.0,0.0,32,256
cube,2.000000,cartesian,0.0,0.0,9.695e-06,5.4531e-05,32,256
cube,2.000000,cartesian,9.6263e-05,6.4979e-05,0.0,0.0,32,256
cube,2.000000,cartesian,0.0,0.0,8.677e-06,5.8803e-05,32,256
cube,2.000000,cartesian,0.000100124,0.000109703,0.0,0.0,32,256
cube,2.000000,cartesian,0.0,0.0,1.0356e-05,5.8458e-05,32,256
cube,2.000000,cartesian,0.000100903,0.000112582,0.0,0.0,32,256
cube,2.000000,cartesian,0.0,0.0,1.067e-05,5.9333e-05,32,256
cube,2.000000,cartesian,0.000126354,0.00015447,0.0,0.0,32,256
cube,2.000000,cartesian,0.0,0.0,1.2505e-05,7.7002e-05,32,256
cube,2.000000,cartesian,0.000114539,0.00012514,0.0,0.0,32,256
cube,2.000000,cartesian,0.0,0.0,1.1332e-05,6.9906e-05,32,256
cube,2.000000,cartesian,6.8783e-05,7.4143e-05,0.0,0.0,32,256
cube,2.000000,cartesian,0.0,0.0,5.7e-06,4.3737e-05,32,256
cube,2.000000,cartesian,6.4212e-05,6.8335e-05,0.0,0.0,32,256
cube,2.000000,cartesian,0.0,0.0,6.453e-06,3.9215e-05,32,256
cube,2.000000,cartesian,0.000108135,0.000143986,0.0,0.0,32,256
cube,2.000000,cartesian,0.0,0.0,1.3548e-05,5.8849e-05,32,256
cube,2.000000,cartesian,9.5741e-05,9.673e-05,0.0,0.0,32,256
cube,2.000000,cartesian,0.0,0.0,9.067e-06,5.7325e-05,32,256
cube,2.000000,cartesian,5.519e-05,3.6212e-05,0.0,0.0,32,256
cube,2.000000,cartesian,0.0,0.0,4.916e-06,3.4418e-05,32,256
cube,2.000000,cartesian,0.000103894,0.000120537,0.0,0.0,32,256
cube,2.000000,cartesian,0.0,0.0,1.1635e-05,5.8984e-05,32,256
cube,2.000000,cartesian,0.000113641,0.000104456,0.0,0.0,32,256
cube,2.000000,cartesian,0.0,0.0,1.0018e-05,7.4121e-05,32,256
cube,2.000000,cartesian,6.5437e-05,7.5588e-05,0.0,0.0,32,256
cube,2.000000,cartesian,0.0,0.0,6.704e-06,3.8447e-05,32,256
cube,2.000000,cartesian,7.5443e-05,9.8441e-05,0.0,0.0,32,256
cube,2.000000,cartesian,0.0,0.0,9.073e-06,4.2509e-05,32,256
cube,2.000000,cartesian,0.000102511,5.2146e-05,0.0,0.0,32,256
cube,2.000000,cartesian,0.0,0.0,1.0063e-05,6.0671e-05,32,256
cube,2.000000,cartesian,0.000104714,0.000101504,0.0,0.0,32,256
cube,2.000000,cartesian,0.0,0.0,1.0955e-05,6.1351e-05,32,256
cube,2.000000,cartesian,9.6557e-05,0.000115014,0.0,0.0,32,256
cube,2.000000,cartesian,0.0,0.0,1.0276e-05,5.6556e-05,32,256
cube,2.000000,cartesian,0.000121365,0.000121736,0.0,0.0,32,256
cube,2.000000,cartesian,0.0,0.0,1.5045e-05,6.5907e-05,32,256
cube,2.000000,cartesian,0.00010819,0.000121082,0.0,0.0,32,256
cube,2.000000,cartesian,0.0,0.0,1.1455e-05,6.2945e-05,32,256
cube,2.000000,cartesian,0.000121396,0.00013593,0.0,0.0,32,256
cube,2.000000,cartesian,0.0,0.0,1.5588e-05,6.4386e-05,32,256
cube,2.000000,cartesian,0.000124385,0.000133025,0.0,0.0,32,256
cube,2.000000,cartesian,0.0,0.0,1.2701e-05,7.2722e-05,32,256
cube,2.000000,cartesian,0.000103164,9.6556e-05,0.0,0.0,32,256
cube,2.000000,cartesian,0.0,0.0,6.007e-06,6.1577e-05,32,256
cube,2.000000,cartesian,0.000104179,9.7505e-05,0.0,0.0,32,256
cube,2.000000,cartesian,0.0,0.0,1.0035e-05,5.66e-05,32,256
cube,2.000000,cartesian,6.7014e-05,6.2547e-05,0.0,0.0,32,256
cube,2.000000,cartesian,0.0,0.0,5.734e-06,4.1056e-05,32,256
cube,2.000000,cartesian,0.000116767,0.000143293,0.0,0.0,32,256
cube,2.000000,cartesian,0.0,0.0,1.1231e-05,7.0304e-05,32,256
cube,2.000000,cartesian,9.5115e-05,0.000109377,0.0,0.0,32,256
cube,2.000000,cartesian,0.0,0.0,9.637e-06,5.6438e-05,32,256
cube,2.000000,cartesian,0.000107545,0.000107107,0.0,0.0,32,256
cube,2.000000,cartesian,0.0,0.0,1.0422e-05,6.8138e-05,32,256
cube,2.000000,cartesian,0.000106584,0.000113447,0.0,0.0,32,256
cube,2.000000,cartesian,0.0,0.0,1.2696e-05,5.8435e-05,32,256
cube,2.000000,cartesian,0.000101298,0.000162007,0.0,0.0,32,256
cube,2.000000,cartesian,0.0,0.0,1.2642e-05,5.5023e-05,32,256
cube,2.000000,cartesian,6.6885e-05,3.727e-05,0.0,0.0,32,256
cube,2.000000,cartesian,0.0,0.0,5.219e-06,4.3842e-05,32,256
cube,2.000000,cartesian,0.000127054,0.000127983,0.0,0.0,32,256
cube,2.000000,cartesian,0.0,0.0,1.1642e-05,7.736e-05,32,256
cube,2.000000,cartesian,0.000128119,0.000128607,0.0,0.0,32,256
cube,2.000000,cartesian,0.0,0.0,1.346e-05,7.6974e-05,32,256
cube,2.000000,cartesian,0.000105801,0.000119025,0.0,0.0,32,256
cube,2.000000,cartesian,0.0,0.0,1.0387e-05,6.3766e-05,32,256
cube,2.000000,cartesian,0.000146732,7.8971e-05,0.0,0.0,32,256
cube,2.000000,cartesian,0.0,0.0,1.1155e-05,8.6721e-05,32,256
cube,2.000000,cartesian,0.000152201,0.000109877,0.0,0.0,32,256
cube,2.000000,cartesian,0.0,0.0,1.3524e-05,0.000103355,32,256
cube,2.000000,cartesian,0.000130654,0.000148926,0.0,0.0,32,256
cube,2.000000,cartesian,0.0,0.0,1.3979e-05,7.5644e-05,32,256
cube,2.000000,cartesian,0.000117842,0.000110791,0.0,0.0,32,256
cube,2.000000,cartesian,0.0,0.0,1.195e-05,6.7901e-05,32,256
cube,2.000000,cartesian,0.000141795,0.000120446,0.0,0.0,32,256
cube,2.000000,cartesian,0.0,0.0,1.3972e-05,6.8363e-05,32,256
cube,2.000000,cartesian,0.000113251,0.000146892,0.0,0.0,32,256
cube,2.000000,cartesian,0.0,0.0,1.0419e-05,7.038e-05,32,256
cube,2.000000,cartesian,0.000130035,0.000163007,0.0,0.0,32,256
cube,2.000000,cartesian,0.0,0.0,1.4497e-05,7.3606e-05,32,256
cube,2.000000,cartesian,0.000124493,0.000141215,0.0,0.0,32,256
cube,2.000000,cartesian,0.0,0.0,1.368e-05,7.1803e-05,32,256
cube,2.000000,cartesian,0.000129594,8.551e-05,0.0,0.0,32,256
cube,2.000000,cartesian,0.0,0.0,1.3065e-05,7.4148e-05,32,256
cube,2.000000,cartesian,9.3156e-05,8.8142e-05,0.0,0.0,32,256
cube,2.000000,cartesian,0.0,0.0,8.686e-06,5.6074e-05,32,256
cube,2.000000,cartesian,0.000178193,0.000156713,0.0,0.0,32,256
cube,2.000000,cartesian,0.0,0.0,3.1625e-05,9.8333e-05,32,256
cube,2.000000,cartesian,9.5266e-05,9.1103e-05,0.0,0.0,32,256
cube,2.000000,cartesian,0.0,0.0,9e-06,5.6275e-05,32,256
cube,2.000000,cartesian,0.0001538,0.000177387,0.0,0.0,32,256
cube,2.000000,cartesian,0.0,0.0,1.6631e-05,8.8106e-05,32,256
cube,2.000000,cartesian,0.000127559,0.00015269,0.0,0.0,32,256
cube,2.000000,cartesian,0.0,0.0,1.3574e-05,7.4541e-05,32,256
cube,2.000000,cartesian,6.418e-05,7.1209e-05,0.0,0.0,32,256
cube,2.000000,cartesian,0.0,0.0,6.103e-06,3.8316e-05,32,256
cube,2.000000,cartesian,0.000127516,0.000137867,0.0,0.0,32,256
cube,2.000000,cartesian,0.0,0.0,1.5039e-05,7.1565e-05,32,256
cube,2.000000,cartesian,3.9041e-05,2.5871e-05,0.0,0.0,32,256
cube,2.000000,cartesian,0.0,0.0,2.922e-06,2.5585e-05,32,256
cube,2.000000,cartesian,9.4656e-05,0.000130032,0.0,0.0,32,256
cube,2.000000,cartesian,0.0,0.0,1.0767e-05,5.3871e-05,32,256
cube,2.000000,cartesian,9.5961e-05,8.0232e-05,0.0,0.0,32,256
cube,2.000000,cartesian,0.0,0.0,8.269e-06,5.8606e-05,32,256
cube,2.000000,cartesian,0.000118973,0.000109341,0.0,0.0,32,256
cube,2.000000,cartesian,0.0,0.0,1.0281e-05,7.4462e-05,32,256
cube,2.000000,cartesian,0.000131555,0.000194766,0.0,0.0,32,256
cube,2.000000,cartesian,0.0,0.0,1.4376e-05,7.6813e-05,32,256
cube,2.000000,cartesian,0.000118993,0.000112644,0.0,0.0,32,256
cube,2.000000,cartesian,0.0,0.0,1.1328e-05,7.3287e-05,32,256
cube,2.000000,cartesian,0.000116876,0.000125538,0.0,0.0,32,256
cube,2.000000,cartesian,0.0,0.0,1.0714e-05,7.0703e-05,32,256
cube,2.000000,cartesian,0.000107976,0.00011447,0.0,0.0,32,256
cube,2.000000,cartesian,0.0,0.0,1.1582e-05,6.1799e-05,32,256
cube,2.000000,cartesian,9.2653e-05,8.0873e-05,0.0,0.0,32,256
cube,2.000000,cartesian,0.0,0.0,7.287e-06,5.7733e-05,32,256
cube,2.000000,cartesian,0.000135533,0.000171395,0.0,0.0,32,256
cube,2.000000,cartesian,0.0,0.0,1.5568e-05,6.8452e-05,32,256
cube,2.000000,cartesian,7.0458e-05,7.6308e-05,0.0,0.0,32,256
cube,2.000000,cartesian,0.0,0.0,6.988e-06,4.3807e-05,32,256
cube,2.000000,cartesian,0.000128788,0.000149822,0.0,0.0,32,256
cube,2.000000,cartesian,0.0,0.0,1.4414e-05,7.3107e-05,32,256
cube,2.000000,cartesian,0.000113568,0.000159997,0.0,0.0,32,256
cube,2.000000,cartesian,0.0,0.0,1.2769e-05,6.3765e-05,32,256
cube,2.000000,cartesian,0.000104061,0.000110551,0.0,0.0,32,256
cube,2.000000,cartesian,0.0,0.0,1.1067e-05,6.014e-05,32,256
cube,2.000000,cartesian,0.000113273,0.000147602,0.0,0.0,32,256
cube,2.000000,cartesian,0.0,0.0,1.0852e-05,6.8243e-05,32,256
cube,2.000000,cartesian,0.000113589,0.000117271,0.0,0.0,32,256
cube,2.000000,cartesian,0.0,0.0,1.2119e-05,6.6122e-05,32,256
cube,2.000000,cartesian,0.000105928,0.000100197,0.0,0.0,32,256
cube,2.000000,cartesian,0.0,0.0,1.0424e-05,6.2834e-05,32,256
cube,2.000000,cartesian,8.3023e-05,6.1457e-05,0.0,0.0,32,256
cube,2.000000,cartesian,0.0,0.0,7.746e-06,5.1207e-05,32,256
cube,2.000000,cartesian,8.1863e-05,8.3718e-05,0.0,0.0,32,256
cube,2.000000,cartesian,0.0,0.0,9.148e-06,4.585e-05,32,256
cube,2.000000,cartesian,8.3709e-05,0.000116369,0.0,0.0,32,256
cube,2.000000,cartesian,0.0,0.0,8.228e-06,4.9544e-05,32,256
cube,2.000000,cartesian,0.000153752,0.000481396,0.0,0.0,32,256
cube,2.000000,cartesian,0.0,0.0,1.9581e-05,7.9997e-05,32,256
cube,2.000000,cartesian,9.6979e-05,0.000111731,0.0,0.0,32,256
cube,2.000000,cartesian,0.0,0.0,1.0152e-05,5.6446e-05,32,256
cube,2.000000,cartesian,0.000141815,0.000169164,0.0,0.0,32,256
cube,2.000000,cartesian,0.0,0.0,1.5547e-05,8.4099e-05,32,256
cube,2.000000,cartesian,0.000156219,0.000202202,0.0,0.0,32,256
cube,2.000000,cartesian,0.0,0.0,1.485e-05,9.5763e-05,32,256
cube,2.000000,cartesian,9.5004e-05,7.0259e-05,0.0,0.0,32,256
cube,2.000000,cartesian,0.0,0.0,8.533e-06,5.8935e-05,32,256
cube,2.000000,cartesian,9.5062e-05,0.000126447,0.0,0.0,32,256
cube,2.000000,cartesian,0.0,0.0,1.1236e-05,5.3215e-05,32,256
cube,2.000000,cartesian,9.2384e-05,0.000105896,0.0,0.0,32,256
cube,2.000000,cartesian,0.0,0.0,9.895e-06,5.3391e-05,32,256
cube,2.000000,cartesian,0.000110078,0.000104591,0.0,0.0,32,256
cube,2.000000,cartesian,0.0,0.0,1.1229e-05,6.3181e-05,32,256
cube,2.000000,cartesian,7.9582e-05,0.000103851,0.0,0.0,32,256
cube,2.000000,cartesian,0.0,0.0,9.565e-06,4.3969e-05,32,256
cube,2.000000,cartesian,0.000111073,0.000121526,0.0,0.0,32,256
cube,2.000000,cartesian,0.0,0.0,1.1188e-05,6.6642e-05,32,256
cube,2.000000,cartesian,0.000110492,0.000105403,0.0,0.0,32,256
cube,2.000000,cartesian,0.0,0.0,1.1716e-05,6.387e-05,32,256
cube,2.000000,cartesian,9.0117e-05,8.8272e-05,0.0,0.0,32,256
cube,2.000000,cartesian,0.0,0.0,8.446e-06,5.3343e-05,32,256
cube,2.000000,cartesian,8.2314e-05,8.3754e-05,0.0,0.0,32,256
cube,2.000000,cartesian,0.0,0.0,7.036e-06,5.1844e-05,32,256
cube,2.000000,cartesian,0.000126469,0.000116539,0.0,0.0,32,256
cube,2.000000,cartesian,0.0,0.0,1.0944e-05,8.1534e-05,32,256
cube,2.000000,cartesian,0.000115235,0.000142137,0.0,0.0,32,256
cube,2.000000,cartesian,0.0,0.0,1.1101e-05,7.0565e-05,32,256
cube,2.000000,cartesian,9.3316e-05,0.000107145,0.0,0.0,32,256
cube,2.000000,cartesian,0.0,0.0,1.0495e-05,5.2934e-05,32,256
cube,2.000000,cartesian,4.4814e-05,2.7953e-05,0.0,0.0,32,256
cube,2.000000,cartesian,0.0,0.0,3.671e-06,2.9002e-05,32,256
cube,2.000000,cartesian,0.000118833,0.000151674,0.0,0.0,32,256
cube,2.000000,cartesian,0.0,0.0,1.3684e-05,6.7346e-05,32,256
cube,2.000000,cartesian,6.244e-05,7.0596e-05,0.0,0.0,32,256
cube,2.000000,cartesian,0.0,0.0,6.055e-06,3.8097e-05,32,256
cube,2.000000,cartesian,6.5559e-05,6.2695e-05,0.0,0.0,32,256
cube,2.000000,cartesian,0.0,0.0,6.23e-06,4.0896e-05,32,256
cube,2.000000,cartesian,0.000102398,0.000129561,0.0,0.0,32,256
cube,2.000000,cartesian,0.0,0.0,1.282e-05,5.5553e-05,32,256
cube,2.000000,cartesian,5.5597e-05,6.5163e-05,0.0,0.0,32,256
cube,2.000000,cartesian,0.0,0.0,5.699e-06,3.2815e-05,32,256
cube,2.000000,cartesian,0.000104501,0.00013844,0.0,0.0,32,256
cube,2.000000,cartesian,0.0,0.0,1.1958e-05,5.9339e-05,32,256
cube,2.000000,cartesian,9.6281e-05,0.000104727,0.0,0.0,32,256
cube,2.000000,cartesian,0.0,0.0,9.857e-06,5.7037e-05,32,256
cube,2.000000,cartesian,0.000108749,0.000145443,0.0,0.0,32,256
cube,2.000000,cartesian,0.0,0.0,1.3455e-05,6.0288e-05,32,256
cube,2.000000,cartesian,9.2797e-05,0.000142929,0.0,0.0,32,256
cube,2.000000,cartesian,0.0,0.0,9.018e-06,5.4712e-05,32,256
cube,2.000000,cartesian,0.00011041,0.000137423,0.0,0.0,32,256
cube,2.000000,cartesian,0.0,0.0,1.2225e-05,6.29e-05,32,256
cube,2.000000,cartesian,6.1699e-05,6.2436e-05,0.0,0.0,32,256
cube,2.000000,cartesian,0.0,0.0,6.031e-06,3.7086e-05,32,256
cube,2.000000,cartesian,8.3784e-05,8.4058e-05,0.0,0.0,32,256
cube,2.000000,cartesian,0.0,0.0,8.812e-06,4.8668e-05,32,256
cube,2.000000,cartesian,9.9704e-05,0.000111951,0.0,0.0,32,256
cube,2.000000,cartesian,0.0,0.0,1.1032e-05,5.726e-05,32,256
cube,2.000000,cartesian,0.000141802,0.000156815,0.0,0.0,32,256
cube,2.000000,cartesian,0.0,0.0,1.64e-05,7.9911e-05,32,256
cube,2.000000,cartesian,0.000102838,0.000102749,0.0,0.0,32,256
cube,2.000000,cartesian,0.0,0.0,1.0019e-05,6.3333e-05,32,256
cube,2.000000,cartesian,0.000141961,0.000147812,0.0,0.0,32,256
cube,2.000000,cartesian,0.0,0.0,1.7571e-05,7.8579e-05,32,256
cube,2.000000,cartesian,6.9128e-05,7.0078e-05,0.0,0.0,32,256
cube,2.000000,cartesian,0.0,0.0,6.69e-06,4.2622e-05,32,256
cube,2.000000,cartesian,9.339e-05,0.000103255,0.0,0.0,32,256
cube,2.000000,cartesian,0.0,0.0,1.0476e-05,5.2695e-05,32,256
cube,2.000000,cartesian,0.000145091,0.000189581,0.0,0.0,32,256
cube,2.000000,cartesian,0.0,0.0,1.7143e-05,8.102e-05,32,256
cube,2.000000,cartesian,0.00011415,0.000110464,0.0,0.0,32,256
cube,2.000000,cartesian,0.0,0.0,2.5147e-05,5.5933e-05,32,256
cube,2.000000,cartesian,0.000108907,0.000110229,0.0,0.0,32,256
cube,2.000000,cartesian,0.0,0.0,1.0779e-05,6.4104e-05,32,256
cube,2.000000,cartesian,8.8478e-05,0.000100494,0.0,0.0,32,256
cube,2.000000,cartesian,0.0,0.0,9.52e-06,5.2332e-05,32,256
cube,2.000000,cartesian,0.000164044,0.000148372,0.0,0.0,32,256
cube,2.000000,cartesian,0.0,0.0,1.7323e-05,9.4332e-05,32,256
cube,2.000000,cartesian,0.000103372,0.000122517,0.0,0.0,32,256
cube,2.000000,cartesian,0.0,0.0,1.1816e-05,5.7026e-05,32,256
cube,2.000000,cartesian,0.000106238,0.000139383,0.0,0.0,32,256
cube,2.000000,cartesian,0.0,0.0,1.2368e-05,5.8922e-05,32,256
cube,2.000000,cartesian,7.7672e-05,8.3049e-05,0.0,0.0,32,256
cube,2.000000,cartesian,0.0,0.0,7.591e-06,4.5975e-05,32,256
cube,2.000000,cartesian,8.6313e-05,7.9545e-05,0.0,0.0,32,256
cube,2.000000,cartesian,0.0,0.0,7.905e-06,5.2544e-05,32,256
cube,2.000000,cartesian,6.3568e-05,7.3731e-05,0.0,0.0,32,256
cube,2.000000,cartesian,0.0,0.0,6.978e-06,3.6643e-05,32,256
cube,2.000000,cartesian,0.00011205,0.000102354,0.0,0.0,32,256
cube,2.000000,cartesian,0.0,0.0,2.0889e-05,5.9313e-05,32,256
cube,2.000000,cartesian,0.000105207,0.000140414,0.0,0.0,32,256
cube,2.000000,cartesian,0.0,0.0,1.2407e-05,5.9418e-05,32,256
cube,2.000000,cartesian,0.00012865,9.2029e-05,0.0,0.0,32,256
cube,2.000000,cartesian,0.0,0.0,1.1656e-05,7.8714e-05,32,256
cube,2.000000,cartesian,0.000108958,0.000134954,0.0,0.0,32,256
cube,2.000000,cartesian,0.0,0.0,1.3741e-05,5.9734e-05,32,256
cube,2.000000,cartesian,0.000106382,0.000105301,0.0,0.0,32,256
cube,2.000000,cartesian,0.0,0.0,1.0628e-05,6.306e-05,32,256
cube,2.000000,cartesian,0.000102111,0.000106497,0.0,0.0,32,256
cube,2.000000,cartesian,0.0,0.0,1.1459e-05,5.9236e-05,32,256
cube,2.000000,cartesian,0.000142831,0.000176358,0.0,0.0,32,256
cube,2.000000,cartesian,0.0,0.0,1.4816e-05,8.2583e-05,32,256
cube,2.000000,cartesian,5.9023e-05,6.899e-05,0.0,0.0,32,256
cube,2.000000,cartesian,0.0,0.0,4.868e-06,3.7741e-05,32,256
cube,2.000000,cartesian,0.000129035,0.000105639,0.0,0.0,32,256
cube,2.000000,cartesian,0.0,0.0,1.2059e-05,7.598e-05,32,256
cube,2.000000,cartesian,5.113e-06,3.923e-06,0.0,0.0,32,256
cube,2.000000,cartesian,0.0,0.0,3.34e-07,3.625e-06,32,256
cube,2.000000,cartesian,8.0122e-05,9.3844e-05,0.0,0.0,32,256
cube,2.000000,cartesian,0.0,0.0,9.701e-06,4.3606e-05,32,256
cube,2.000000,cartesian,3.2964e-05,9.07e-06,0.0,0.0,32,256
cube,2.000000,cartesian,0.0,0.0,2.135e-06,2.1227e-05,32,256
cube,2.000000,cartesian,9.5391e-05,0.000106431,0.0,0.0,32,256
cube,2.000000,cartesian,0.0,0.0,9.161e-06,4.6124e-05,32,256
cube,2.000000,cartesian,6.0899e-05,5.9376e-05,0.0,0.0,32,256
cube,2.000000,cartesian,0.0,0.0,5.192e-06,3.832e-05,32,256
cube,2.000000,cartesian,0.00010314,0.000130267,0.0,0.0,32,256
cube,2.000000,cartesian,0.0,0.0,1.5349e-05,4.8608e-05,32,256
cube,2.000000,cartesian,0.000154286,0.000158551,0.0,0.0,32,256
cube,2.000000,cartesian,0.0,0.0,1.6385e-05,9.0057e-05,32,256
cube,2.000000,cartesian,0.000119933,0.00015375,0.0,0.0,32,256
cube,2.000000,cartesian,0.0,0.0,1.2471e-05,6.985e-05,32,256
cube,2.000000,cartesian,5.1261e-05,6.5525e-05,0.0,0.0,32,256
cube,2.000000,cartesian,0.0,0.0,5.328e-06,3.1205e-05,32,256
cube,2.000000,cartesian,0.000133996,0.000118178,0.0,0.0,32,256
cube,2.000000,cartesian,0.0,0.0,1.2602e-05,8.0365e-05,32,256
cube,2.000000,cartesian,0.000126504,0.000104639,0.0,0.0,32,256
cube,2.000000,cartesian,0.0,0.0,1.3824e-05,7.1479e-05,32,256
cube,2.000000,cartesian,0.000101339,0.000140227,0.0,0.0,32,256
cube,2.000000,cartesian,0.0,0.0,1.0514e-05,5.8442e-05,32,256
cube,2.000000,cartesian,0.000162576,0.000116472,0.0,0.0,32,256
cube,2.000000,cartesian,0.0,0.0,1.2284e-05,0.000106506,32,256
cube,2.000000,cartesian,8.1548e-05,0.000128557,0.0,0.0,32,256
cube,2.000000,cartesian,0.0,0.0,9.306e-06,4.6057e-05,32,256
cube,2.000000,cartesian,8.133e-05,8.2939e-05,0.0,0.0,32,256
cube,2.000000,cartesian,0.0,0.0,9.25e-06,4.5076e-05,32,256
cube,2.000000,cartesian,8.9132e-05,0.000120736,0.0,0.0,32,256
cube,2.000000,cartesian,0.0,0.0,9.602e-06,5.2697e-05,32,256
cube,2.000000,cartesian,8.2837e-05,9.2597e-05,0.0,0.0,32,256
cube,2.000000,cartesian,0.0,0.0,9.745e-06,4.6716e-05,32,256
cube,2.000000,cartesian,8.2545e-05,8.6401e-05,0.0,0.0,32,256
cube,2.000000,cartesian,0.0,0.0,8.04e-06,4.9146e-05,32,256
cube,2.000000,cartesian,9.7432e-05,0.000105127,0.0,0.0,32,256
cube,2.000000,cartesian,0.0,0.0,1.0214e-05,5.638e-05,32,256
cube,2.000000,cartesian,9.0323e-05,0.000103906,0.0,0.0,32,256
cube,2.000000,cartesian,0.0,0.0,8.388e-06,5.3959e-05,32,256
cube,2.000000,cartesian,6.5926e-05,7.5042e-05,0.0,0.0,32,256
cube,2.000000,cartesian,0.0,0.0,6.278e-06,3.9696e-05,32,256
cube,2.000000,cartesian,0.000100679,0.00012832,0.0,0.0,32,256
cube,2.000000,cartesian,0.0,0.0,1.0904e-05,5.8284e-05,32,256
cube,2.000000,cartesian,7.5723e-05,7.248e-05,0.0,0.0,32,256
cube,2.000000,cartesian,0.0,0.0,6.499e-06,4.0992e-05,32,256
cube,2.000000,cartesian,0.000137287,0.00016028,0.0,0.0,32,256
cube,2.000000,cartesian,0.0,0.0,1.4088e-05,8.3925e-05,32,256
cube,2.000000,cartesian,8.6436e-05,7.9416e-05,0.0,0.0,32,256
cube,2.000000,cartesian,0.0,0.0,9.526e-06,4.9893e-05,32,256
cube,2.000000,cartesian,0.000119507,0.000108177,0.0,0.0,32,256
cube,2.000000,cartesian,0.0,0.0,1.2621e-05,6.8884e-05,32,256
cube,2.000000,cartesian,8.2595e-05,6.9751e-05,0.0,0.0,32,256
cube,2.000000,cartesian,0.0,0.0,7.768e-06,4.9827e-05,32,256
cube,2.000000,cartesian,0.000112892,0.000134116,0.0,0.0,32,256
cube,2.000000,cartesian,0.0,0.0,1.1996e-05,6.4453e-05,32,256
cube,2.000000,cartesian,0.000123898,0.000146997,0.0,0.0,32,256
cube,2.000000,cartesian,0.0,0.0,1.3822e-05,7.1578e-05,32,256
cube,2.000000,cartesian,9.5748e-05,0.000128584,0.0,0.0,32,256
cube,2.000000,cartesian,0.0,0.0,9.76e-06,5.6391e-05,32,256
cube,2.000000,cartesian,0.000128282,0.000145381,0.0,0.0,32,256
cube,2.000000,cartesian,0.0,0.0,1.3271e-05,7.6028e-05,32,256
cube,2.000000,cartesian,0.000114099,0.000142881,0.0,0.0,32,256
cube,2.000000,cartesian,0.0,0.0,1.2874e-05,6.4705e-05,32,256
cube,2.000000,cartesian,0.000128226,0.000146017,0.0,0.0,32,256
cube,2.000000,cartesian,0.0,0.0,1.3836e-05,7.3416e-05,32,256
cube,2.000000,cartesian,6.7486e-05,9.1766e-05,0.0,0.0,32,256
cube,2.000000,cartesian,0.0,0.0,6.668e-06,3.8917e-05,32,256
cube,2.000000,cartesian,0.000120269,0.000121158,0.0,0.0,32,256
cube,2.000000,cartesian,0.0,0.0,1.2731e-05,7.0122e-05,32,256
cube,2.000000,cartesian,9.259e-05,0.000138679,0.0,0.0,32,256
cube,2.000000,cartesian,0.0,0.0,1.2156e-05,4.9971e-05,32,256
cube,2.000000,cartesian,9.8772e-05,0.000106264,0.0,0.0,32,256
cube,2.000000,cartesian,0.0,0.0,1.1793e-05,5.484e-05,32,256
cube,2.000000,cartesian,8.8251e-05,6.9919e-05,0.0,0.0,32,256
cube,2.000000,cartesian,0.0,0.0,7.661e-06,5.2975e-05,32,256
cube,2.000000,cartesian,9.0716e-05,9.6245e-05,0.0,0.0,32,256
cube,2.000000,cartesian,0.0,0.0,8.849e-06,5.2684e-05,32,256
cube,2.000000,cartesian,7.8058e-05,7.5327e-05,0.0,0.0,32,256
cube,2.000000,cartesian,0.0,0.0,8.238e-06,4.484e-05,32,256
cube,2.000000,cartesian,0.000109403,0.000126782,0.0,0.0,32,256
cube,2.000000,cartesian,0.0,0.0,1.0468e-05,6.6213e-05,32,256
cube,2.000000,cartesian,9.1873e-05,0.000115908,0.0,0.0,32,256
cube,2.000000,cartesian,0.0,0.0,8.364e-06,5.5632e-05,32,256
cube,2.000000,cartesian,0.000135007,0.000152433,0.0,0.0,32,256
cube,2.000000,cartesian,0.0,0.0,1.4701e-05,7.6491e-05,32,256
cube,2.000000,cartesian,0.000174354,0.000159645,0.0,0.0,32,256
cube,2.000000,cartesian,0.0,0.0,1.5353e-05,0.000106142,32,256
cube,2.000000,cartesian,9.3182e-05,0.000129616,0.0,0.0,32,256
cube,2.000000,cartesian,0.0,0.0,9.378e-06,5.5214e-05,32,256
cube,2.000000,cartesian,0.000104555,9.7206e-05,0.0,0.0,32,256
cube,2.000000,cartesian,0.0,0.0,9.499e-06,5.1908e-05,32,256
cube,2.000000,cartesian,8.482e-05,7.6662e-05,0.0,0.0,32,256
cube,2.000000,cartesian,0.0,0.0,7.591e-06,5.2806e-05,32,256
cube,2.000000,cartesian,0.000122,0.000161856,0.0,0.0,32,256
cube,2.000000,cartesian,0.0,0.0,1.4023e-05,6.8939e-05,32,256
cube,2.000000,cartesian,0.000110225,0.000119716,0.0,0.0,32,256
cube,2.000000,cartesian,0.0,0.0,1.3018e-05,6.0741e-05,32,256
cube,2.000000,cartesian,0.000101302,0.000101263,0.0,0.0,32,256
cube,2.000000,cartesian,0.0,0.0,1.0704e-05,5.8431e-05,32,256
cube,2.000000,cartesian,0.000108573,0.000142489,0.0,0.0,32,256
cube,2.000000,cartesian,0.0,0.0,1.1343e-05,6.4804e-05,32,256
cube,2.000000,cartesian,0.000136322,0.000122768,0.0,0.0,32,256
cube,2.000000,cartesian,0.0,0.0,1.3089e-05,8.0334e-05,32,256
cube,2.000000,cartesian,0.000121805,0.000137381,0.0,0.0,32,256
cube,2.000000,cartesian,0.0,0.0,1.2437e-05,6.6604e-05,32,256
cube,2.000000,cartesian,8.1821e-05,0.000139977,0.0,0.0,32,256
cube,2.000000,cartesian,0.0,0.0,8.831e-06,4.9444e-05,32,256
cube,2.000000,cartesian,0.000147747,0.000127636,0.0,0.0,32,256
cube,2.000000,cartesian,0.0,0.0,1.4345e-05,7.4585e-05,32,256
cube,2.000000,cartesian,8.8847e-05,0.000140558,0.0,0.0,32,256
cube,2.000000,cartesian,0.0,0.0,8.588e-06,5.1599e-05,32,256
cube,2.000000,cartesian,0.000111723,5.802e-05,0.0,0.0,32,256
cube,2.000000,cartesian,0.0,0.0,1.0518e-05,6.7233e-05,32,256
cube,2.000000,cartesian,0.000110711,9.9802e-05,0.0,0.0,32,256
cube,2.000000,cartesian,0.0,0.0,1.103e-05,6.6358e-05,32,256
cube,2.000000,cartesian,0.000115093,0.000147221,0.0,0.0,32,256
cube,2.000000,cartesian,0.0,0.0,1.2821e-05,6.6061e-05,32,256
cube,2.000000,cartesian,9.4294e-05,0.000116473,0.0,0.0,32,256
cube,2.000000,cartesian,0.0,0.0,1.0105e-05,5.4819e-05,32,256
cube,2.000000,cartesian,7.2392e-05,7.789e-05,0.0,0.0,32,256
cube,2.000000,cartesian,0.0,0.0,8.298e-06,4.051e-05,32,256
cube,2.000000,cartesian,9.0644e-05,0.000134577,0.0,0.0,32,256
cube,2.000000,cartesian,0.0,0.0,1.0034e-05,5.1214e-05,32,256
cube,2.000000,cartesian,0.000104896,0.000135598,0.0,0.0,32,256
cube,2.000000,cartesian,0.0,0.0,1.1848e-05,5.8853e-05,32,256
cube,2.000000,cartesian,5.957e-05,8.7834e-05,0.0,0.0,32,256
cube,2.000000,cartesian,0.0,0.0,6.044e-06,3.4456e-05,32,256
cube,2.000000,cartesian,0.000115052,0.000111593,0.0,0.0,32,256
cube,2.000000,cartesian,0.0,0.0,1.3298e-05,6.3964e-05,32,256
cube,2.000000,cartesian,4.1471e-05,3.5046e-05,0.0,0.0,32,256
cube,2.000000,cartesian,0.0,0.0,4.299e-06,2.4399e-05,32,256
cube,2.000000,cartesian,0.000129334,0.000174618,0.0,0.0,32,256
cube,2.000000,cartesian,0.0,0.0,1.6553e-05,6.8535e-05,32,256
cube,2.000000,cartesian,0.000101212,0.000124443,0.0,0.0,32,256
cube,2.000000,cartesian,0.0,0.0,1.1932e-05,5.6755e-05,32,256
cube,2.000000,cartesian,2.6773e-05,2.394e-05,0.0,0.0,32,256
cube,2.000000,cartesian,0.0,0.0,3.019e-06,1.6073e-05,32,256
cube,2.000000,cartesian,0.00016239,0.000149362,0.0,0.0,32,256
cube,2.000000,cartesian,0.0,0.0,1.4912e-05,0.000102084,32,256
cube,2.000000,cartesian,0.000110848,0.000144179,0.0,0.0,32,256
cube,2.000000,cartesian,0.0,0.0,1.3974e-05,5.9462e-05,32,256
cube,2.000000,cartesian,0.000110003,0.00015078,0.0,0.0,32,256
cube,2.000000,cartesian,0.0,0.0,1.3072e-05,6.0808e-05,32,256
cube,2.000000,cartesian,3.8437e-05,3.503e-05,0.0,0.0,32,256
cube,2.000000,cartesian,0.0,0.0,3.597e-06,2.4006e-05,32,256
cube,2.000000,cartesian,0.000112984,0.000105479,0.0,0.0,32,256
cube,2.000000,cartesian,0.0,0.0,1.1118e-05,6.6463e-05,32,256
cube,2.000000,cartesian,0.000112228,0.000156972,0.0,0.0,32,256
cube,2.000000,cartesian,0.0,0.0,1.3028e-05,6.1644e-05,32,256
cube,2.000000,cartesian,9.9475e-05,9.6485e-05,0.0,0.0,32,256
cube,2.000000,cartesian,0.0,0.0,8.353e-06,6.2088e-05,32,256
cube,2.000000,cartesian,9.3625e-05,0.000108818,0.0,0.0,32,256
cube,2.000000,cartesian,0.0,0.0,1.007e-05,5.294e-05,32,256
cube,2.000000,cartesian,0.000128669,0.000143165,0.0,0.0,32,256
cube,2.000000,cartesian,0.0,0.0,1.2676e-05,7.5054e-05,32,256
cube,2.000000,cartesian,9.5716e-05,8.0131e-05,0.0,0.0,32,256
cube,2.000000,cartesian,0.0,0.0,8.348e-06,5.8409e-05,32,256
cube,2.000000,cartesian,9.5119e-05,0.000125373,0.0,0.0,32,256
cube,2.000000,cartesian,0.0,0.0,1.08e-05,5.2938e-05,32,256
cube,2.000000,cartesian,7.3192e-05,7.326e-05,0.0,0.0,32,256
cube,2.000000,cartesian,0.0,0.0,6.398e-06,4.6264e-05,32,256
cube,2.000000,cartesian,0.000104419,0.000129324,0.0,0.0,32,256
cube,2.000000,cartesian,0.0,0.0,1.2414e-05,5.8113e-05,32,256
cube,2.000000,cartesian,8.5802e-05,8.7067e-05,0.0,0.0,32,256
cube,2.000000,cartesian,0.0,0.0,8.408e-06,5.1459e-05,32,256
cube,2.000000,cartesian,7.069e-05,5.7316e-05,0.0,0.0,32,256
cube,2.000000,cartesian,0.0,0.0,6.064e-06,4.6987e-05,32,256
cube,2.000000,cartesian,0.00013012,0.000129558,0.0,0.0,32,256
cube,2.000000,cartesian,0.0,0.0,1.2717e-05,8.0253e-05,32,256
cube,2.000000,cartesian,0.000147386,0.0001488,0.0,0.0,32,256
cube,2.000000,cartesian,0.0,0.0,1.4529e-05,8.9645e-05,32,256
cube,2.000000,cartesian,4.9375e-05,4.5899e-05,0.0,0.0,32,256
cube,2.000000,cartesian,0.0,0.0,4.547e-06,3.0735e-05,32,256
cube,2.000000,cartesian,0.000129481,0.000163356,0.0,0.0,32,256
cube,2.000000,cartesian,0.0,0.0,1.4624e-05,7.2409e-05,32,256
cube,2.000000,cartesian,0.000103493,0.000123854,0.0,0.0,32,256
cube,2.000000,cartesian,0.0,0.0,1.0661e-05,6.1003e-05,32,256
cube,2.000000,cartesian,0.000103171,0.000115782,0.0,0.0,32,256
cube,2.000000,cartesian,0.0,0.0,1.1538e-05,5.8418e-05,32,256
cube,2.000000,cartesian,9.5432e-05,0.000101225,0.0,0.0,32,256
cube,2.000000,cartesian,0.0,0.0,1.0404e-05,5.4631e-05,32,256
cube,2.000000,cartesian,4.6948e-05,3.9707e-05,0.0,0.0,32,256
cube,2.000000,cartesian,0.0,0.0,3.911e-06,3.0714e-05,32,256
cube,2.000000,cartesian,0.000124936,0.00018369,0.0,0.0,32,256
cube,2.000000,cartesian,0.0,0.0,1.74e-05,6.3007e-05,32,256
cube,2.000000,cartesian,0.000153714,0.000155794,0.0,0.0,32,256
cube,2.000000,cartesian,0.0,0.0,1.5407e-05,5.8173e-05,32,256
cube,2.000000,cartesian,3.0789e-05,5.4486e-05,0.0,0.0,32,256
cube,2.000000,cartesian,0.0,0.0,4.036e-06,1.532e-05,32,256
cube,2.000000,cartesian,0.000158357,0.000309759,0.0,0.0,32,256
cube,2.000000,cartesian,0.0,0.0,1.8661e-05,8.6836e-05,32,256
cube,2.000000,cartesian,8.2187e-05,0.000114503,0.0,0.0,32,256
cube,2.000000,cartesian,0.0,0.0,9.508e-06,4.4789e-05,32,256
cube,2.000000,cartesian,4.8316e-05,7.0674e-05,0.0,0.0,32,256
cube,2.000000,cartesian,0.0,0.0,4.154e-06,3.0379e-05,32,256
cube,2.000000,cartesian,0.000107303,0.000215326,0.0,0.0,32,256
cube,2.000000,cartesian,0.0,0.0,1.2934e-05,5.7895e-05,32,256
cube,2.000000,cartesian,0.000113064,0.000159961,0.0,0.0,32,256
cube,2.000000,cartesian,0.0,0.0,1.3014e-05,6.0504e-05,32,256
cube,2.000000,cartesian,2.2352e-05,2.0095e-05,0.0,0.0,32,256
cube,2.000000,cartesian,0.0,0.0,2.118e-06,1.3957e-05,32,256
cube,2.000000,cartesian,6.0845e-05,5.1477e-05,0.0,0.0,32,256
cube,2.000000,cartesian,0.0,0.0,6.107e-06,3.5002e-05,32,256
cube,2.000000,cartesian,0.000113719,8.3577e-05,0.0,0.0,32,256
cube,2.000000,cartesian,0.0,0.0,1.015e-05,6.931e-05,32,256
cube,2.000000,cartesian,9.0698e-05,0.000110117,0.0,0.0,32,256
cube,2.000000,cartesian,0.0,0.0,1.0779e-05,5.0867e-05,32,256
cube,2.000000,cartesian,0.000166242,0.000171128,0.0,0.0,32,256
cube,2.000000,cartesian,0.0,0.0,1.5154e-05,8.3892e-05,32,256
cube,2.000000,cartesian,0.000148726,0.000133157,0.0,0.0,32,256
cube,2.000000,cartesian,0.0,0.0,1.4881e-05,9.3389e-05,32,256
cube,2.000000,cartesian,0.000134184,0.000115896,0.0,0.0,32,256
cube,2.000000,cartesian,0.0,0.0,9.586e-06,9.1375e-05,32,256
cube,2.000000,cartesian,8.8365e-05,9.4593e-05,0.0,0.0,32,256
cube,2.000000,cartesian,0.0,0.0,1.1589e-05,4.6724e-05,32,256
cube,2.000000,cartesian,7.0812e-05,4.6903e-05,0.0,0.0,32,256
cube,2.000000,cartesian,0.0,0.0,6.878e-06,4.2321e-05,32,256
cube,2.000000,cartesian,0.000100227,0.000113678,0.0,0.0,32,256
cube,2.000000,cartesian,0.0,0.0,1.0916e-05,5.7807e-05,32,256
cube,2.000000,cartesian,9.4492e-05,0.000160659,0.0,0.0,32,256
cube,2.000000,cartesian,0.0,0.0,9.875e-06,5.7091e-05,32,256
cube,2.000000,cartesian,3.607e-05,2.7596e-05,0.0,0.0,32,256
cube,2.000000,cartesian,0.0,0.0,2.918e-06,2.3814e-05,32,256
cube,2.000000,cartesian,0.0001141,0.000120698,0.0,0.0,32,256
cube,2.000000,cartesian,0.0,0.0,1.1625e-05,6.8265e-05,32,256
cube,2.000000,cartesian,7.4739e-05,5.0856e-05,0.0,0.0,32,256
cube,2.000000,cartesian,0.0,0.0,7.756e-06,4.2061e-05,32,256
cube,2.000000,cartesian,8.2551e-05,0.000117009,0.0,0.0,32,256
cube,2.000000,cartesian,0.0,0.0,1.0035e-05,4.5661e-05,32,256
cube,2.000000,cartesian,0.000125348,0.000149011,0.0,0.0,32,256
cube,2.000000,cartesian,0.0,0.0,1.5418e-05,6.8406e-05,32,256
cube,2.000000,cartesian,8.5345e-05,0.000120142,0.0,0.0,32,256
cube,2.000000,cartesian,0.0,0.0,9.18e-06,4.921e-05,32,256
cube,2.000000,cartesian,0.000104406,0.000157394,0.0,0.0,32,256
cube,2.000000,cartesian,0.0,0.0,1.1633e-05,5.9634e-05,32,256
cube,2.000000,cartesian,9.2431e-05,9.4546e-05,0.0,0.0,32,256
cube,2.000000,cartesian,0.0,0.0,1.2807e-05,4.5701e-05,32,256
cube,2.000000,cartesian,0.000104874,0.000134709,0.0,0.0,32,256
cube,2.000000,cartesian,0.0,0.0,1.1984e-05,5.9087e-05,32,256
cube,2.000000,cartesian,0.000105114,0.000123093,0.0,0.0,32,256
cube,2.000000,cartesian,0.0,0.0,1.2683e-05,5.7499e-05,32,256
cube,2.000000,cartesian,8.5778e-05,8.6558e-05,0.0,0.0,32,256
cube,2.000000,cartesian,0.0,0.0,1.1519e-05,4.3747e-05,32,256
cube,2.000000,cartesian,0.000102812,0.00012273,0.0,0.0,32,256
cube,2.000000,cartesian,0.0,0.0,9.93e-06,6.1338e-05,32,256
cube,2.000000,cartesian,8.3767e-05,0.000106738,0.0,0.0,32,256
cube,2.000000,cartesian,0.0,0.0,9.632e-06,4.7594e-05,32,256
cube,2.000000,cartesian,0.000103341,0.000106145,0.0,0.0,32,256
cube,2.000000,cartesian,0.0,0.0,1.0617e-05,6.0839e-05,32,256
cube,2.000000,cartesian,0.00012401,0.000149382,0.0,0.0,32,256
cube,2.000000,cartesian,0.0,0.0,1.2552e-05,7.2783e-05,32,256
cube,2.000000,cartesian,9.4415e-05,0.000106819,0.0,0.0,32,256
cube,2.000000,cartesian,0.0,0.0,1.0284e-05,5.4574e-05,32,256
cube,2.000000,cartesian,0.000135672,0.000161385,0.0,0.0,32,256
cube,2.000000,cartesian,0.0,0.0,1.29e-05,8.5287e-05,32,256
cube,2.000000,cartesian,9.8146e-05,0.000126339,0.0,0.0,32,256
cube,2.000000,cartesian,0.0,0.0,1.0681e-05,5.5024e-05,32,256
cube,2.000000,cartesian,0.000103157,0.00013493,0.0,0.0,32,256
cube,2.000000,cartesian,0.0,0.0,1.1581e-05,5.7546e-05,32,256
cube,2.000000,cartesian,0.000148917,0.000174316,0.0,0.0,32,256
cube,2.000000,cartesian,0.0,0.0,1.616e-05,8.5365e-05,32,256
cube,2.000000,cartesian,0.000100495,0.000159256,0.0,0.0,32,256
cube,2.000000,cartesian,0.0,0.0,1.2523e-05,5.3638e-05,32,256
cube,2.000000,cartesian,0.00010055,0.000132656,0.0,0.0,32,256
cube,2.000000,cartesian,0.0,0.0,1.0909e-05,5.7706e-05,32,256
cube,2.000000,cartesian,5.5117e-05,4.2332e-05,0.0,0.0,32,256
cube,2.000000,cartesian,0.0,0.0,4.03e-06,3.5254e-05,32,256
cube,2.000000,cartesian,0.000131581,0.000181094,0.0,0.0,32,256
cube,2.000000,cartesian,0.0,0.0,1.5966e-05,7.1839e-05,32,256
cube,2.000000,cartesian,0.0001071,8.2211e-05,0.0,0.0,32,256
cube,2.000000,cartesian,0.0,0.0,1.0487e-05,6.3714e-05,32,256
cube,2.000000,cartesian,1.4852e-05,1.3274e-05,0.0,0.0,32,256
cube,2.000000,cartesian,0.0,0.0,9.9e-07,1.0252e-05,32,256
cube,2.000000,cartesian,6.4663e-05,8.9405e-05,0.0,0.0,32,256
cube,2.000000,cartesian,0.0,0.0,6.532e-06,3.7558e-05,32,256
cube,2.000000,cartesian,1.9989e-05,2.2574e-05,0.0,0.0,32,256
cube,2.000000,cartesian,0.0,0.0,1.596e-06,1.2744e-05,32,256
cube,2.000000,cartesian,9.4709e-05,0.000189595,0.0,0.0,32,256
cube,2.000000,cartesian,0.0,0.0,1.1446e-05,4.9905e-05,32,256
cube,2.000000,cartesian,0.000102574,0.000127297,0.0,0.0,32,256
cube,2.000000,cartesian,0.0,0.0,1.0936e-05,5.8753e-05,32,256
cube,2.000000,cartesian,7.0307e-05,9.107e-05,0.0,0.0,32,256
cube,2.000000,cartesian,0.0,0.0,9.177e-06,3.6806e-05,32,256
cube,2.000000,cartesian,0.000109683,0.000112168,0.0,0.0,32,256
cube,2.000000,cartesian,0.0,0.0,9.944e-06,6.6431e-05,32,256
cube,2.000000,cartesian,0.000158417,0.000263274,0.0,0.0,32,256
cube,2.000000,cartesian,0.0,0.0,1.7418e-05,9.0711e-05,32,256
cube,2.000000,cartesian,0.000103735,0.000162155,0.0,0.0,32,256
cube,2.000000,cartesian,0.0,0.0,1.1245e-05,5.8006e-05,32,256
cube,2.000000,cartesian,7.3624e-05,0.000405984,0.0,0.0,32,256
cube,2.000000,cartesian,0.0,0.0,9.496e-06,3.8338e-05,32,256
cube,2.000000,cartesian,0.000117078,0.000246509,0.0,0.0,32,256
cube,2.000000,cartesian,0.0,0.0,1.4179e-05,6.4243e-05,32,256
cube,2.000000,cartesian,0.00010162,0.000123099,0.0,0.0,32,256
cube,2.000000,cartesian,0.0,0.0,1.1881e-05,5.5639e-05,32,256
cube,2.000000,cartesian,0.000120971,0.000147705,0.0,0.0,32,256
cube,2.000000,cartesian,0.0,0.0,1.3911e-05,6.8854e-05,32,256
cube,2.000000,cartesian,8.9479e-05,8.4954e-05,0.0,0.0,32,256
cube,2.000000,cartesian,0.0,0.0,8.701e-06,5.2463e-05,32,256
cube,2.000000,cartesian,6.6467e-05,8.6024e-05,0.0,0.0,32,256
cube,2.000000,cartesian,0.0,0.0,8.179e-06,3.6042e-05,32,256
cube,2.000000,cartesian,8.6366e-05,7.3028e-05,0.0,0.0,32,256
cube,2.000000,cartesian,0.0,0.0,8.665e-06,5.1122e-05,32,256
cube,2.000000,cartesian,6.0666e-05,5.693e-05,0.0,0.0,32,256
cube,2.000000,cartesian,0.0,0.0,5.505e-06,3.7539e-05,32,256
cube,2.000000,cartesian,8.9419e-05,8.505e-05,0.0,0.0,32,256
cube,2.000000,cartesian,0.0,0.0,9.282e-06,5.1855e-05,32,256
cube,2.000000,cartesian,0.000115352,0.000104847,0.0,0.0,32,256
cube,2.000000,cartesian,0.0,0.0,1.1415e-05,6.9232e-05,32,256
cube,2.000000,cartesian,4.0203e-05,4.8243e-05,0.0,0.0,32,256
cube,2.000000,cartesian,0.0,0.0,4.862e-06,2.2367e-05,32,256
cube,2.000000,cartesian,9.6697e-05,0.000122403,0.0,0.0,32,256
cube,2.000000,cartesian,0.0,0.0,9.958e-06,5.7177e-05,32,256
cube,2.000000,cartesian,0.000100532,0.000108846,0.0,0.0,32,256
cube,2.000000,cartesian,0.0,0.0,1.0095e-05,6.0857e-05,32,256
cube,2.000000,cartesian,0.000146014,0.000173801,0.0,0.0,32,256
cube,2.000000,cartesian,0.0,0.0,1.1894e-05,0.000100219,32,256
cube,2.000000,cartesian,0.000155267,0.000178286,0.0,0.0,32,256
cube,2.000000,cartesian,0.0,0.0,1.8029e-05,8.6962e-05,32,256
cube,2.000000,cartesian,0.000105145,0.000157841,0.0,0.0,32,256
cube,2.000000,cartesian,0.0,0.0,1.2491e-05,5.829e-05,32,256
cube,2.000000,cartesian,8.0696e-05,8.0226e-05,0.0,0.0,32,256
cube,2.000000,cartesian,0.0,0.0,7.428e-06,4.9274e-05,32,256
cube,2.000000,cartesian,8.6309e-05,8.7992e-05,0.0,0.0,32,256
cube,2.000000,cartesian,0.0,0.0,9.364e-06,4.9592e-05,32,256
cube,2.000000,cartesian,8.3946e-05,7.7488e-05,0.0,0.0,32,256
cube,2.000000,cartesian,0.0,0.0,6.29e-06,5.3723e-05,32,256
cube,2.000000,cartesian,0.000102005,7.765e-05,0.0,0.0,32,256
cube,2.000000,cartesian,0.0,0.0,8.545e-06,6.5705e-05,32,256
cube,2.000000,cartesian,0.000125835,0.000135259,0.0,0.0,32,256
cube,2.000000,cartesian,0.0,0.0,1.1078e-05,7.7754e-05,32,256
cube,2.000000,cartesian,0.000110208,0.000111768,0.0,0.0,32,256
cube,2.000000,cartesian,0.0,0.0,1.2105e-05,6.3651e-05,32,256
cube,2.000000,cartesian,0.000657025,0.000279064,0.0,0.0,32,256
cube,2.000000,cartesian,0.0,0.0,1.8979e-05,0.000580605,32,256
cube,2.000000,cartesian,0.000112314,0.000152241,0.0,0.0,32,256
cube,2.000000,cartesian,0.0,0.0,1.2404e-05,6.3222e-05,32,256
cube,2.000000,cartesian,0.000107778,0.00015562,0.0,0.0,32,256
cube,2.000000,cartesian,0.0,0.0,1.0482e-05,6.3171e-05,32,256
cube,2.000000,cartesian,0.000131309,0.000157247,0.0,0.0,32,256
cube,2.000000,cartesian,0.0,0.0,1.2354e-05,7.7611e-05,32,256
cube,2.000000,cartesian,0.000115991,0.00012924,0.0,0.0,32,256
cube,2.000000,cartesian,0.0,0.0,9.361e-06,7.5151e-05,32,256
cube,2.000000,cartesian,0.000115094,8.7109e-05,0.0,0.0,32,256
cube,2.000000,cartesian,0.0,0.0,9.397e-06,7.4161e-05,32,256
cube,2.000000,cartesian,0.000113524,0.000123954,0.0,0.0,32,256
cube,2.000000,cartesian,0.0,0.0,9.454e-06,7.1232e-05,32,256
cube,2.000000,cartesian,0.000158967,6.5902e-05,0.0,0.0,32,256
cube,2.000000,cartesian,0.0,0.0,9.613e-06,0.000107868,32,256
cube,2.000000,cartesian,9.2543e-05,0.000121555,0.0,0.0,32,256
cube,2.000000,cartesian,0.0,0.0,9.137e-06,5.4796e-05,32,256
cube,2.000000,cartesian,0.000101779,0.000110375,0.0,0.0,32,256
cube,2.000000,cartesian,0.0,0.0,9.919e-06,5.9989e-05,32,256
cube,2.000000,cartesian,5.1454e-05,3.8844e-05,0.0,0.0,32,256
cube,2.000000,cartesian,0.0,0.0,4.978e-06,3.1021e-05,32,256
cube,2.000000,cartesian,9.6904e-05,0.000118072,0.0,0.0,32,256
cube,2.000000,cartesian,0.0,0.0,1.1354e-05,5.4638e-05,32,256
cube,2.000000,cartesian,8.6743e-05,0.000105282,0.0,0.0,32,256
cube,2.000000,cartesian,0.0,0.0,1.0193e-05,4.8631e-05,32,256
cube,2.000000,cartesian,0.000108049,0.000126507,0.0,0.0,32,256
cube,2.000000,cartesian,0.0,0.0,1.0902e-05,6.3265e-05,32,256
cube,2.000000,cartesian,0.000139287,0.000127718,0.0,0.0,32,256
cube,2.000000,cartesian,0.0,0.0,1.1487e-05,9.1361e-05,32,256
cube,2.000000,cartesian,9.6625e-05,6.8745e-05,0.0,0.0,32,256
cube,2.000000,cartesian,0.0,0.0,7.165e-06,6.3325e-05,32,256
cube,2.000000,cartesian,0.000136146,0.000161049,0.0,0.0,32,256
cube,2.000000,cartesian,0.0,0.0,1.4364e-05,8.1893e-05,32,256
cube,2.000000,cartesian,0.000113484,0.000162637,0.0,0.0,32,256
cube,2.000000,cartesian,0.0,0.0,1.2815e-05,6.5478e-05,32,256
cube,2.000000,cartesian,0.000109626,0.000116818,0.0,0.0,32,256
cube,2.000000,cartesian,0.0,0.0,1.0355e-05,6.7464e-05,32,256
cube,2.000000,cartesian,8.5713e-05,0.000108391,0.0,0.0,32,256
cube,2.000000,cartesian,0.0,0.0,7.394e-06,5.3858e-05,32,256
cube,2.000000,cartesian,0.000128249,0.00016101,0.0,0.0,32,256
cube,2.000000,cartesian,0.0,0.0,1.098e-05,8.2916e-05,32,256
cube,2.000000,cartesian,0.00011979,0.00012343,0.0,0.0,32,256
cube,2.000000,cartesian,0.0,0.0,9.122e-06,8.1639e-05,32,256
cube,2.000000,cartesian,0.000124276,0.000142607,0.0,0.0,32,256
cube,2.000000,cartesian,0.0,0.0,1.5874e-05,6.6659e-05,32,256
cube,2.000000,cartesian,0.000114874,0.000151136,0.0,0.0,32,256
cube,2.000000,cartesian,0.0,0.0,1.3821e-05,6.3421e-05,32,256
cube,2.000000,cartesian,9.5526e-05,0.000116691,0.0,0.0,32,256
cube,2.000000,cartesian,0.0,0.0,9.492e-06,5.7499e-05,32,256
cube,2.000000,cartesian,0.000102031,9.6852e-05,0.0,0.0,32,256
cube,2.000000,cartesian,0.0,0.0,9.164e-06,5.2033e-05,32,256
cube,2.000000,cartesian,0.000127015,0.000158844,0.0,0.0,32,256
cube,2.000000,cartesian,0.0,0.0,1.2946e-05,7.4084e-05,32,256
cube,2.000000,cartesian,9.782e-05,0.000200329,0.0,0.0,32,256
cube,2.000000,cartesian,0.0,0.0,1.0217e-05,5.7529e-05,32,256
cube,2.000000,cartesian,9.9407e-05,0.000107791,0.0,0.0,32,256
cube,2.000000,cartesian,0.0,0.0,9.846e-06,5.9213e-05,32,256
cube,2.000000,cartesian,8.6242e-05,0.000132895,0.0,0.0,32,256
cube,2.000000,cartesian,0.0,0.0,9.228e-06,4.9889e-05,32,256
cube,2.000000,cartesian,0.000136108,0.000158626,0.0,0.0,32,256
cube,2.000000,cartesian,0.0,0.0,1.5576e-05,7.6569e-05,32,256
cube,2.000000,cartesian,3.5208e-05,2.8375e-05,0.0,0.0,32,256
cube,2.000000,cartesian,0.0,0.0,2.464e-06,2.4192e-05,32,256
cube,2.000000,cartesian,5.9736e-05,7.0264e-05,0.0,0.0,32,256
cube,2.000000,cartesian,0.0,0.0,6.585e-06,3.4501e-05,32,256
cube,2.000000,cartesian,7.5579e-05,0.000111939,0.0,0.0,32,256
cube,2.000000,cartesian,0.0,0.0,7.124e-06,4.2921e-05,32,256
cube,2.000000,cartesian,0.000148034,0.000147106,0.0,0.0,32,256
cube,2.000000,cartesian,0.0,0.0,1.111e-05,8.6325e-05,32,256
cube,2.000000,cartesian,0.000148828,0.00018542,0.0,0.0,32,256
cube,2.000000,cartesian,0.0,0.0,1.6621e-05,8.6187e-05,32,256
cube,2.000000,cartesian,0.000174777,0.00025563,0.0,0.0,32,256
cube,2.000000,cartesian,0.0,0.0,3.4877e-05,8.8494e-05,32,256
cube,2.000000,cartesian,7.7302e-05,9.1773e-05,0.0,0.0,32,256
cube,2.000000,cartesian,0.0,0.0,7.809e-06,4.5989e-05,32,256
cube,2.000000,cartesian,9.3178e-05,8.504e-05,0.0,0.0,32,256
cube,2.000000,cartesian,0.0,0.0,6.733e-06,6.2806e-05,32,256
cube,2.000000,cartesian,5.4808e-05,5.4452e-05,0.0,0.0,32,256
cube,2.000000,cartesian,0.0,0.0,5.315e-06,3.1791e-05,32,256
cube,2.000000,cartesian,0.000147815,0.000149345,0.0,0.0,32,256
cube,2.000000,cartesian,0.0,0.0,1.2721e-05,8.4242e-05,32,256
cube,2.000000,cartesian,8.9875e-05,7.1708e-05,0.0,0.0,32,256
cube,2.000000,cartesian,0.0,0.0,7.487e-06,5.5765e-05,32,256
cube,2.000000,cartesian,9.1946e-05,0.000109384,0.0,0.0,32,256
cube,2.000000,cartesian,0.0,0.0,1.0187e-05,5.1264e-05,32,256
cube,2.000000,cartesian,0.00010509,0.00010897,0.0,0.0,32,256
cube,2.000000,cartesian,0.0,0.0,1.0223e-05,6.0911e-05,32,256
cube,2.000000,cartesian,9.4831e-05,9.7725e-05,0.0,0.0,32,256
cube,2.000000,cartesian,0.0,0.0,9.726e-06,5.6137e-05,32,256
cube,2.000000,cartesian,0.000134767,0.000152098,0.0,0.0,32,256
cube,2.000000,cartesian,0.0,0.0,1.1385e-05,7.4199e-05,32,256
cube,2.000000,cartesian,0.000185237,0.000158647,0.0,0.0,32,256
cube,2.000000,cartesian,0.0,0.0,1.6129e-05,0.000122001,32,256
cube,2.000000,cartesian,0.000123846,0.000204051,0.0,0.0,32,256
cube,2.000000,cartesian,0.0,0.0,1.4533e-05,6.8777e-05,32,256
cube,2.000000,cartesian,7.0382e-05,6.8798e-05,0.0,0.0,32,256
cube,2.000000,cartesian,0.0,0.0,6.727e-06,4.3323e-05,32,256
cube,2.000000,cartesian,4.1099e-05,3.7286e-05,0.0,0.0,32,256
cube,2.000000,cartesian,0.0,0.0,3.886e-06,2.6095e-05,32,256
cube,2.000000,cartesian,0.000138962,0.000184228,0.0,0.0,32,256
cube,2.000000,cartesian,0.0,0.0,1.4123e-05,8.4362e-05,32,256
cube,2.000000,cartesian,5.6779e-05,7.2476e-05,0.0,0.0,32,256
cube,2.000000,cartesian,0.0,0.0,4.942e-06,3.6408e-05,32,256
cube,2.000000,cartesian,0.000102476,0.000136429,0.0,0.0,32,256
cube,2.000000,cartesian,0.0,0.0,1.2208e-05,5.7656e-05,32,256
cube,2.000000,cartesian,0.0001058,0.000146267,0.0,0.0,32,256
cube,2.000000,cartesian,0.0,0.0,1.2273e-05,6.0035e-05,32,256
cube,2.000000,cartesian,0.000103744,0.00013885,0.0,0.0,32,256
cube,2.000000,cartesian,0.0,0.0,1.2061e-05,5.8022e-05,32,256
cube,2.000000,cartesian,9.6306e-05,9.6906e-05,0.0,0.0,32,256
cube,2.000000,cartesian,0.0,0.0,8.497e-06,6.0752e-05,32,256
cube,2.000000,cartesian,0.00012734,0.000111691,0.0,0.0,32,256
cube,2.000000,cartesian,0.0,0.0,8.491e-06,6.89e-05,32,256
cube,2.000000,cartesian,0.000155611,0.000132639,0.0,0.0,32,256
cube,2.000000,cartesian,0.0,0.0,1.1701e-05,8.8163e-05,32,256
cube,2.000000,cartesian,0.000105401,0.000124492,0.0,0.0,32,256
cube,2.000000,cartesian,0.0,0.0,1.0233e-05,6.4052e-05,32,256
cube,2.000000,cartesian,0.000108236,0.000123249,0.0,0.0,32,256
cube,2.000000,cartesian,0.0,0.0,1.2037e-05,6.1562e-05,32,256
cube,2.000000,cartesian,0.000107114,0.000126809,0.0,0.0,32,256
cube,2.000000,cartesian,0.0,0.0,1.1338e-05,6.2659e-05,32,256
cube,2.000000,cartesian,9.1391e-05,6.3618e-05,0.0,0.0,32,256
cube,2.000000,cartesian,0.0,0.0,9.112e-06,5.3449e-05,32,256
cube,2.000000,cartesian,0.000171536,0.000132997,0.0,0.0,32,256
cube,2.000000,cartesian,0.0,0.0,1.412e-05,0.000112116,32,256
cube,2.000000,cartesian,0.000114264,0.000123339,0.0,0.0,32,256
cube,2.000000,cartesian,0.0,0.0,1.2541e-05,6.5471e-05,32,256
cube,2.000000,cartesian,6.0155e-05,5.7988e-05,0.0,0.0,32,256
cube,2.000000,cartesian,0.0,0.0,6.447e-06,3.3958e-05,32,256
cube,2.000000,cartesian,0.000104272,0.000111764,0.0,0.0,32,256
cube,2.000000,cartesian,0.0,0.0,1.2425e-05,5.802e-05,32,256
cube,2.000000,cartesian,6.9994e-05,8.6603e-05,0.0,0.0,32,256
cube,2.000000,cartesian,0.0,0.0,7.359e-06,4.1365e-05,32,256
cube,2.000000,cartesian,0.000285779,0.000196058,0.0,0.0,32,256
cube,2.000000,cartesian,0.0,0.0,1.4377e-05,9.3761e-05,32,256
cube,2.000000,cartesian,0.000118409,0.000167672,0.0,0.0,32,256
cube,2.000000,cartesian,0.0,0.0,1.5258e-05,6.3351e-05,32,256
cube,2.000000,cartesian,0.00011008,0.00012575,0.0,0.0,32,256
cube,2.000000,cartesian,0.0,0.0,1.237e-05,6.2761e-05,32,256
cube,2.000000,cartesian,0.000106052,0.000130315,0.0,0.0,32,256
cube,2.000000,cartesian,0.0,0.0,1.0793e-05,6.1937e-05,32,256
cube,2.000000,cartesian,7.5608e-05,0.000100568,0.0,0.0,32,256
cube,2.000000,cartesian,0.0,0.0,9.331e-06,4.1548e-05,32,256
cube,2.000000,cartesian,4.3876e-05,4.7961e-05,0.0,0.0,32,256
cube,2.000000,cartesian,0.0,0.0,4.109e-06,2.7478e-05,32,256
cube,2.000000,cartesian,0.000111186,0.000133709,0.0,0.0,32,256
cube,2.000000,cartesian,0.0,0.0,1.1678e-05,6.5066e-05,32,256
cube,2.000000,cartesian,0.000116616,9.8261e-05,0.0,0.0,32,256
cube,2.000000,cartesian,0.0,0.0,9.265e-06,6.2257e-05,32,256
cube,2.000000,cartesian,5.5721e-05,6.0025e-05,0.0,0.0,32,256
cube,2.000000,cartesian,0.0,0.0,5.337e-06,3.3729e-05,32,256
cube,2.000000,cartesian,9.8341e-05,0.000114812,0.0,0.0,32,256
cube,2.000000,cartesian,0.0,0.0,1.047e-05,5.6902e-05,32,256
cube,2.000000,cartesian,0.000133889,6.764e-05,0.0,0.0,32,256
cube,2.000000,cartesian,0.0,0.0,1.1871e-05,8.3792e-05,32,256
cube,2.000000,cartesian,0.000186501,0.000124302,0.0,0.0,32,256
cube,2.000000,cartesian,0.0,0.0,6.5855e-05,8.3071e-05,32,256
cube,2.000000,cartesian,0.00012456,0.000121182,0.0,0.0,32,256
cube,2.000000,cartesian,0.0,0.0,1.1278e-05,7.7925e-05,32,256
cube,2.000000,cartesian,7.0366e-05,8.7129e-05,0.0,0.0,32,256
cube,2.000000,cartesian,0.0,0.0,8.261e-06,4.007e-05,32,256
cube,2.000000,cartesian,0.000105636,0.000120071,0.0,0.0,32,256
cube,2.000000,cartesian,0.0,0.0,1.2314e-05,5.8866e-05,32,256
cube,2.000000,cartesian,9.2647e-05,8.8848e-05,0.0,0.0,32,256
cube,2.000000,cartesian,0.0,0.0,9.326e-06,5.4025e-05,32,256
cube,2.000000,cartesian,0.000122347,0.000122598,0.0,0.0,32,256
cube,2.000000,cartesian,0.0,0.0,1.0249e-05,7.78e-05,32,256
cube,2.000000,cartesian,0.00012284,9.3023e-05,0.0,0.0,32,256
cube,2.000000,cartesian,0.0,0.0,1.145e-05,7.516e-05,32,256
cube,2.000000,cartesian,7.6264e-05,6.3809e-05,0.0,0.0,32,256
cube,2.000000,cartesian,0.0,0.0,5.978e-06,5.039e-05,32,256
cube,2.000000,cartesian,9.9779e-05,0.000132751,0.0,0.0,32,256
cube,2.000000,cartesian,0.0,0.0,1.051e-05,5.8416e-05,32,256
cube,2.000000,cartesian,4.9052e-05,5.977e-05,0.0,0.0,32,256
cube,2.000000,cartesian,0.0,0.0,4.88e-06,3.0275e-05,32,256
cube,2.000000,cartesian,8.2911e-05,9.9696e-05,0.0,0.0,32,256
cube,2.000000,cartesian,0.0,0.0,8.484e-06,4.6362e-05,32,256
cube,2.000000,cartesian,9.1514e-05,9.7442e-05,0.0,0.0,32,256
cube,2.000000,cartesian,0.0,0.0,1.0152e-05,5.1676e-05,32,256
cube,2.000000,cartesian,0.0001318,0.000135919,0.0,0.0,32,256
cube,2.000000,cartesian,0.0,0.0,1.2376e-05,8.0793e-05,32,256
cube,2.000000,cartesian,9.0849e-05,0.000106465,0.0,0.0,32,256
cube,2.000000,cartesian,0.0,0.0,9.696e-06,5.25e-05,32,256
cube,2.000000,cartesian,9.2613e-05,8.56e-05,0.0,0.0,32,256
cube,2.000000,cartesian,0.0,0.0,9.284e-06,5.4219e-05,32,256
cube,2.000000,cartesian,8.3916e-05,9.1449e-05,0.0,0.0,32,256
cube,2.000000,cartesian,0.0,0.0,8.679e-06,4.9847e-05,32,256
cube,2.000000,cartesian,0.000114488,0.000124084,0.0,0.0,32,256
cube,2.000000,cartesian,0.0,0.0,1.2567e-05,6.581e-05,32,256
cube,2.000000,cartesian,7.7194e-05,8.7131e-05,0.0,0.0,32,256
cube,2.000000,cartesian,0.0,0.0,7.05e-06,5.038e-05,32,256
cube,2.000000,cartesian,0.000125555,0.00014373,0.0,0.0,32,256
cube,2.000000,cartesian,0.0,0.0,1.3998e-05,7.2175e-05,32,256
cube,2.000000,cartesian,9.853e-05,0.000113541,0.0,0.0,32,256
cube,2.000000,cartesian,0.0,0.0,9.283e-06,5.8305e-05,32,256
cube,2.000000,cartesian,7.9484e-05,8.6243e-05,0.0,0.0,32,256
cube,2.000000,cartesian,0.0,0.0,7.791e-06,4.8089e-05,32,256
cube,2.000000,cartesian,4.2658e-05,4.2152e-05,0.0,0.0,32,256
cube,2.000000,cartesian,0.0,0.0,3.991e-06,2.624e-05,32,256
cube,2.000000,cartesian,7.8684e-05,0.000125975,0.0,0.0,32,256
cube,2.000000,cartesian,0.0,0.0,8.777e-06,4.4136e-05,32,256
cube,2.000000,cartesian,0.000180365,0.000198075,0.0,0.0,32,256
cube,2.000000,cartesian,0.0,0.0,1.4811e-05,0.000118583,32,256
cube,2.000000,cartesian,6.4067e-05,7.1994e-05,0.0,0.0,32,256
cube,2.000000,cartesian,0.0,0.0,5.602e-06,4.0215e-05,32,256
cube,2.000000,cartesian,0.000114881,0.000105732,0.0,0.0,32,256
cube,2.000000,cartesian,0.0,0.0,1.2877e-05,6.5492e-05,32,256
cube,2.000000,cartesian,0.000104453,0.000108017,0.0,0.0,32,256
cube,2.000000,cartesian,0.0,0.0,1.0615e-05,6.2676e-05,32,256
cube,2.000000,cartesian,0.000117045,0.000145082,0.0,0.0,32,256
cube,2.000000,cartesian,0.0,0.0,1.2715e-05,6.7578e-05,32,256
cube,2.000000,cartesian,9.2449e-05,8.6623e-05,0.0,0.0,32,256
cube,2.000000,cartesian,0.0,0.0,8.052e-06,5.7056e-05,32,256
cube,2.000000,cartesian,0.000147074,0.000154248,0.0,0.0,32,256
cube,2.000000,cartesian,0.0,0.0,1.6202e-05,8.3806e-05,32,256
cube,2.000000,cartesian,8.6701e-05,8.8077e-05,0.0,0.0,32,256
cube,2.000000,cartesian,0.0,0.0,8.147e-06,5.3518e-05,32,256
cube,2.000000,cartesian,0.000106319,0.000119869,0.0,0.0,32,256
cube,2.000000,cartesian,0.0,0.0,1.1185e-05,6.1254e-05,32,256
cube,2.000000,cartesian,0.000124091,0.000100249,0.0,0.0,32,256
cube,2.000000,cartesian,0.0,0.0,9.025e-06,7.6036e-05,32,256
cube,2.000000,cartesian,2.5662e-05,2.1783e-05,0.0,0.0,32,256
cube,2.000000,cartesian,0.0,0.0,1.811e-06,1.723e-05,32,256
cube,2.000000,cartesian,0.000123623,0.000150917,0.0,0.0,32,256
cube,2.000000,cartesian,0.0,0.0,1.1201e-05,7.6375e-05,32,256
cube,2.000000,cartesian,9.3468e-05,0.000116756,0.0,0.0,32,256
cube,2.000000,cartesian,0.0,0.0,1.0808e-05,5.2174e-05,32,256
cube,2.000000,cartesian,5.9259e-05,6.5409e-05,0.0,0.0,32,256
cube,2.000000,cartesian,0.0,0.0,6.431e-06,3.4133e-05,32,256
cube,2.000000,cartesian,0.000105041,0.00012606,0.0,0.0,32,256
cube,2.000000,cartesian,0.0,0.0,1.105e-05,6.1926e-05,32,256
cube,2.000000,cartesian,0.000107862,0.00012646,0.0,0.0,32,256
cube,2.000000,cartesian,0.0,0.0,1.1133e-05,6.3983e-05,32,256
cube,2.000000,cartesian,0.000148876,0.000193138,0.0,0.0,32,256
cube,2.000000,cartesian,0.0,0.0,1.6681e-05,8.3145e-05,32,256
cube,2.000000,cartesian,0.000121711,0.000168361,0.0,0.0,32,256
cube,2.000000,cartesian,0.0,0.0,1.2812e-05,7.2957e-05,32,256
cube,2.000000,cartesian,8.0776e-05,7.5538e-05,0.0,0.0,32,256
cube,2.000000,cartesian,0.0,0.0,7.078e-06,4.9846e-05,32,256
cube,2.000000,cartesian,0.000109359,0.000123566,0.0,0.0,32,256
cube,2.000000,cartesian,0.0,0.0,1.1196e-05,6.4546e-05,32,256
cube,2.000000,cartesian,0.000110878,0.000127722,0.0,0.0,32,256
cube,2.000000,cartesian,0.0,0.0,1.2541e-05,6.2437e-05,32,256
cube,2.000000,cartesian,0.000102223,7.0828e-05,0.0,0.0,32,256
cube,2.000000,cartesian,0.0,0.0,8.69e-06,6.3761e-05,32,256
cube,2.000000,cartesian,7.3809e-05,7.0219e-05,0.0,0.0,32,256
cube,2.000000,cartesian,0.0,0.0,6.998e-06,4.5709e-05,32,256
cube,2.000000,cartesian,0.000106916,0.000142273,0.0,0.0,32,256
cube,2.000000,cartesian,0.0,0.0,1.1479e-05,6.2443e-05,32,256
cube,2.000000,cartesian,8.1874e-05,8.6378e-05,0.0,0.0,32,256
cube,2.000000,cartesian,0.0,0.0,7.921e-06,4.8803e-05,32,256
cube,2.000000,cartesian,0.000109723,0.00014857,0.0,0.0,32,256
cube,2.000000,cartesian,0.0,0.0,1.2667e-05,6.1695e-05,32,256
cube,2.000000,cartesian,0.000123792,0.000107918,0.0,0.0,32,256
cube,2.000000,cartesian,0.0,0.0,1.2511e-05,7.2618e-05,32,256
cube,2.000000,cartesian,0.000117655,0.000107928,0.0,0.0,32,256
cube,2.000000,cartesian,0.0,0.0,1.3334e-05,6.6436e-05,32,256
cube,2.000000,cartesian,0.000140891,0.00011269,0.0,0.0,32,256
cube,2.000000,cartesian,0.0,0.0,1.4229e-05,8.4738e-05,32,256
cube,2.000000,cartesian,0.000100437,9.8797e-05,0.0,0.0,32,256
cube,2.000000,cartesian,0.0,0.0,1.266e-05,5.1663e-05,32,256
cube,2.000000,cartesian,9.5199e-05,8.2185e-05,0.0,0.0,32,256
cube,2.000000,cartesian,0.0,0.0,8.034e-06,5.8361e-05,32,256
cube,2.000000,cartesian,0.00013034,0.000160371,0.0,0.0,32,256
cube,2.000000,cartesian,0.0,0.0,2.1485e-05,7.0088e-05,32,256
cube,2.000000,cartesian,7.6463e-05,2.7544e-05,0.0,0.0,32,256
cube,2.000000,cartesian,0.0,0.0,3.002e-06,6.2194e-05,32,256
cube,2.000000,cartesian,0.000151169,0.00019126,0.0,0.0,32,256
cube,2.000000,cartesian,0.0,0.0,1.4976e-05,9.1211e-05,32,256
cube,2.000000,cartesian,0.000112555,0.000121579,0.0,0.0,32,256
cube,2.000000,cartesian,0.0,0.0,9.674e-06,7.0767e-05,32,256
cube,2.000000,cartesian,0.000108985,0.000136181,0.0,0.0,32,256
cube,2.000000,cartesian,0.0,0.0,1.3157e-05,5.9675e-05,32,256
cube,2.000000,cartesian,8.9016e-05,0.000116598,0.0,0.0,32,256
cube,2.000000,cartesian,0.0,0.0,1.1515e-05,4.6863e-05,32,256
cube,2.000000,cartesian,0.000104478,9.7108e-05,0.0,0.0,32,256
cube,2.000000,cartesian,0.0,0.0,8.952e-06,6.3873e-05,32,256
cube,2.000000,cartesian,7.6022e-05,0.000101748,0.0,0.0,32,256
cube,2.000000,cartesian,0.0,0.0,8.584e-06,4.4239e-05,32,256
cube,2.000000,cartesian,9.7033e-05,0.000131744,0.0,0.0,32,256
cube,2.000000,cartesian,0.0,0.0,1.1056e-05,5.4742e-05,32,256
cube,2.000000,cartesian,9.5302e-05,0.000125367,0.0,0.0,32,256
cube,2.000000,cartesian,0.0,0.0,1.1574e-05,5.2626e-05,32,256
cube,2.000000,cartesian,6.866e-05,7.3577e-05,0.0,0.0,32,256
cube,2.000000,cartesian,0.0,0.0,7.449e-06,3.9489e-05,32,256
cube,2.000000,cartesian,8.2639e-05,9.3999e-05,0.0,0.0,32,256
cube,2.000000,cartesian,0.0,0.0,8.918e-06,4.7416e-05,32,256
cube,2.000000,cartesian,0.0001016,0.00015892,0.0,0.0,32,256
cube,2.000000,cartesian,0.0,0.0,1.0994e-05,5.7271e-05,32,256
cube,2.000000,cartesian,3.1904e-05,7.1443e-05,0.0,0.0,32,256
cube,2.000000,cartesian,0.0,0.0,3.36e-06,1.8776e-05,32,256
cube,2.000000,cartesian,0.000130813,0.000155975,0.0,0.0,32,256
cube,2.000000,cartesian,0.0,0.0,1.3337e-05,7.4786e-05,32,256
cube,2.000000,cartesian,0.0001015,0.000114099,0.0,0.0,32,256
cube,2.000000,cartesian,0.0,0.0,1.1296e-05,5.8644e-05,32,256
cube,2.000000,cartesian,8.5041e-05,9.4169e-05,0.0,0.0,32,256
cube,2.000000,cartesian,0.0,0.0,9.073e-06,4.9447e-05,32,256
cube,2.000000,cartesian,9.1591e-05,0.000115656,0.0,0.0,32,256
cube,2.000000,cartesian,0.0,0.0,1.0016e-05,5.2148e-05,32,256
cube,2.000000,cartesian,9.0851e-05,0.000125147,0.0,0.0,32,256
cube,2.000000,cartesian,0.0,0.0,1.0808e-05,4.968e-05,32,256
cube,2.000000,cartesian,0.000173505,0.000158483,0.0,0.0,32,256
cube,2.000000,cartesian,0.0,0.0,1.7488e-05,0.000105429,32,256
cube,2.000000,cartesian,0.000105835,9.4983e-05,0.0,0.0,32,256
cube,2.000000,cartesian,0.0,0.0,8.993e-06,6.732e-05,32,256
cube,2.000000,cartesian,8.3531e-05,0.00013244,0.0,0.0,32,256
cube,2.000000,cartesian,0.0,0.0,1.0227e-05,4.6676e-05,32,256
cube,2.000000,cartesian,9.1405e-05,0.000136965,0.0,0.0,32,256
cube,2.000000,cartesian,0.0,0.0,8.927e-06,5.403e-05,32,256
cube,2.000000,cartesian,9.6877e-05,0.000106227,0.0,0.0,32,256
cube,2.000000,cartesian,0.0,0.0,1.0017e-05,5.5596e-05,32,256
cube,2.000000,cartesian,4.3328e-05,4.9579e-05,0.0,0.0,32,256
cube,2.000000,cartesian,0.0,0.0,3.906e-06,2.7752e-05,32,256
cube,2.000000,cartesian,0.000127702,0.000119731,0.0,0.0,32,256
cube,2.000000,cartesian,0.0,0.0,1.1485e-05,7.718e-05,32,256
cube,2.000000,cartesian,9.0017e-05,6.693e-05,0.0,0.0,32,256
cube,2.000000,cartesian,0.0,0.0,9.258e-06,5.0909e-05,32,256
cube,2.000000,cartesian,8.7845e-05,8.9957e-05,0.0,0.0,32,256
cube,2.000000,cartesian,0.0,0.0,7.803e-06,5.7572e-05,32,256
cube,2.000000,cartesian,0.000100772,0.000134006,0.0,0.0,32,256
cube,2.000000,cartesian,0.0,0.0,1.343e-05,5.3447e-05,32,256
cube,2.000000,cartesian,9.8827e-05,0.000101309,0.0,0.0,32,256
cube,2.000000,cartesian,0.0,0.0,9.566e-06,5.9643e-05,32,256
cube,2.000000,cartesian,9.596e-05,8.6012e-05,0.0,0.0,32,256
cube,2.000000,cartesian,0.0,0.0,9.924e-06,5.66e-05,32,256
cube,2.000000,cartesian,0.000104817,0.000129869,0.0,0.0,32,256
cube,2.000000,cartesian,0.0,0.0,1.1426e-05,6.0918e-05,32,256
cube,2.000000,cartesian,0.000108632,7.261e-05,0.0,0.0,32,256
cube,2.000000,cartesian,0.0,0.0,9.263e-06,5.4388e-05,32,256
cube,2.000000,cartesian,0.000116021,0.000123358,0.0,0.0,32,256
cube,2.000000,cartesian,0.0,0.0,1.2133e-05,6.9681e-05,32,256
cube,2.000000,cartesian,9.8608e-05,0.00015731,0.0,0.0,32,256
cube,2.000000,cartesian,0.0,0.0,1.2257e-05,5.3499e-05,32,256
cube,2.000000,cartesian,8.4772e-05,8.187e-05,0.0,0.0,32,256
cube,2.000000,cartesian,0.0,0.0,8.363e-06,5.0755e-05,32,256
cube,2.000000,cartesian,5.8972e-05,4.4994e-05,0.0,0.0,32,256
cube,2.000000,cartesian,0.0,0.0,5.447e-06,3.543e-05,32,256
cube,2.000000,cartesian,0.000147761,0.000187833,0.0,0.0,32,256
cube,2.000000,cartesian,0.0,0.0,1.3425e-05,9.5127e-05,32,256
cube,2.000000,cartesian,0.000130389,0.000122418,0.0,0.0,32,256
cube,2.000000,cartesian,0.0,0.0,1.0573e-05,8.129e-05,32,256
cube,2.000000,cartesian,7.5609e-05,8.3454e-05,0.0,0.0,32,256
cube,2.000000,cartesian,0.0,0.0,7.827e-06,4.4906e-05,32,256
cube,2.000000,cartesian,0.000134632,0.000130714,0.0,0.0,32,256
cube,2.000000,cartesian,0.0,0.0,1.3024e-05,7.9349e-05,32,256
cube,2.000000,cartesian,9.5802e-05,8.8315e-05,0.0,0.0,32,256
cube,2.000000,cartesian,0.0,0.0,9.742e-06,5.552e-05,32,256
cube,2.000000,cartesian,9.0294e-05,0.000108749,0.0,0.0,32,256
cube,2.000000,cartesian,0.0,0.0,9.033e-06,5.3886e-05,32,256
cube,2.000000,cartesian,0.00011656,0.00014061,0.0,0.0,32,256
cube,2.000000,cartesian,0.0,0.0,1.2843e-05,6.706e-05,32,256
cube,2.000000,cartesian,0.000199861,0.000190486,0.0,0.0,32,256
cube,2.000000,cartesian,0.0,0.0,1.7913e-05,0.000129847,32,256
cube,2.000000,cartesian,0.000101529,0.00011936,0.0,0.0,32,256
cube,2.000000,cartesian,0.0,0.0,1.0533e-05,6.2109e-05,32,256
cube,2.000000,cartesian,8.3087e-05,9.835e-05,0.0,0.0,32,256
cube,2.000000,cartesian,0.0,0.0,8.078e-06,5.028e-05,32,256
cube,2.000000,cartesian,6.5473e-05,6.5644e-05,0.0,0.0,32,256
cube,2.000000,cartesian,0.0,0.0,6.804e-06,3.8591e-05,32,256
cube,2.000000,cartesian,9.7178e-05,9.3964e-05,0.0,0.0,32,256
cube,2.000000,cartesian,0.0,0.0,9.592e-06,5.8629e-05,32,256
cube,2.000000,cartesian,9.6549e-05,0.000114227,0.0,0.0,32,256
cube,2.000000,cartesian,0.0,0.0,1.0941e-05,5.4176e-05,32,256
cube,2.000000,cartesian,0.000130099,0.000179979,0.0,0.0,32,256
cube,2.000000,cartesian,0.0,0.0,1.6695e-05,6.9138e-05,32,256
cube,2.000000,cartesian,0.000100043,7.913e-05,0.0,0.0,32,256
cube,2.000000,cartesian,0.0,0.0,9.48e-06,5.9278e-05,32,256
cube,2.000000,cartesian,0.000131621,0.000238231,0.0,0.0,32,256
cube,2.000000,cartesian,0.0,0.0,1.3281e-05,7.708e-05,32,256
cube,2.000000,cartesian,0.000102663,0.000221144,0.0,0.0,32,256
cube,2.000000,cartesian,0.0,0.0,1.3186e-05,5.3877e-05,32,256
cube,2.000000,cartesian,0.000116073,0.000153007,0.0,0.0,32,256
cube,2.000000,cartesian,0.0,0.0,1.5242e-05,6.0195e-05,32,256
cube,2.000000,cartesian,0.000122073,0.000148914,0.0,0.0,32,256
cube,2.000000,cartesian,0.0,0.0,1.4393e-05,6.8278e-05,32,256
cube,2.000000,cartesian,4.3734e-05,5.2408e-05,0.0,0.0,32,256
cube,2.000000,cartesian,0.0,0.0,4.354e-06,2.6437e-05,32,256
cube,2.000000,cartesian,0.000121032,0.000114285,0.0,0.0,32,256
cube,2.000000,cartesian,0.0,0.0,1.1966e-05,7.1157e-05,32,256
cube,2.000000,cartesian,6.9551e-05,6.138e-05,0.0,0.0,32,256
cube,2.000000,cartesian,0.0,0.0,5.745e-06,4.3208e-05,32,256
cube,2.000000,cartesian,8.2059e-05,0.000108891,0.0,0.0,32,256
cube,2.000000,cartesian,0.0,0.0,8.075e-06,4.7813e-05,32,256
cube,2.000000,cartesian,8.9269e-05,0.00012703,0.0,0.0,32,256
cube,2.000000,cartesian,0.0,0.0,1.0474e-05,5.0093e-05,32,256
cube,2.000000,cartesian,0.000113547,0.00012836,0.0,0.0,32,256
cube,2.000000,cartesian,0.0,0.0,9.241e-06,5.9885e-05,32,256
cube,2.000000,cartesian,7.3075e-05,8.7903e-05,0.0,0.0,32,256
cube,2.000000,cartesian,0.0,0.0,6.921e-06,4.4891e-05,32,256
cube,2.000000,cartesian,1.9811e-05,1.6483e-05,0.0,0.0,32,256
cube,2.000000,cartesian,0.0,0.0,1.632e-06,1.2417e-05,32,256
cube,2.000000,cartesian,0.000108991,0.000109062,0.0,0.0,32,256
cube,2.000000,cartesian,0.0,0.0,1.0961e-05,6.4699e-05,32,256
cube,2.000000,cartesian,0.000159306,8.9163e-05,0.0,0.0,32,256
cube,2.000000,cartesian,0.0,0.0,1.018e-05,7.9357e-05,32,256
cube,2.000000,cartesian,0.000107824,0.000130095,0.0,0.0,32,256
cube,2.000000,cartesian,0.0,0.0,1.3955e-05,5.8043e-05,32,256
cube,2.000000,cartesian,0.000129809,0.000161606,0.0,0.0,32,256
cube,2.000000,cartesian,0.0,0.0,1.5125e-05,7.2602e-05,32,256
cube,2.000000,cartesian,0.000104244,0.000107391,0.0,0.0,32,256
cube,2.000000,cartesian,0.0,0.0,9.786e-06,6.2594e-05,32,256
cube,2.000000,cartesian,0.000127729,0.000136513,0.0,0.0,32,256
cube,2.000000,cartesian,0.0,0.0,1.0846e-05,8.2262e-05,32,256
cube,2.000000,cartesian,0.000107458,0.000126267,0.0,0.0,32,256
cube,2.000000,cartesian,0.0,0.0,1.1041e-05,6.3532e-05,32,256
cube,2.000000,cartesian,0.000130703,0.000122204,0.0,0.0,32,256
cube,2.000000,cartesian,0.0,0.0,1.3069e-05,7.6063e-05,32,256
cube,2.000000,cartesian,7.9479e-05,8.6131e-05,0.0,0.0,32,256
cube,2.000000,cartesian,0.0,0.0,8.789e-06,4.5218e-05,32,256
cube,2.000000,cartesian,0.00017315,0.000184119,0.0,0.0,32,256
cube,2.000000,cartesian,0.0,0.0,2.8617e-05,9.4442e-05,32,256
cube,2.000000,cartesian,9.315e-05,8.9577e-05,0.0,0.0,32,256
cube,2.000000,cartesian,0.0,0.0,8.159e-06,5.7442e-05,32,256
cube,2.000000,cartesian,8.0344e-05,8.1303e-05,0.0,0.0,32,256
cube,2.000000,cartesian,0.0,0.0,8.6e-06,4.5417e-05,32,256
cube,2.000000,cartesian,0.000101818,0.000107384,0.0,0.0,32,256
cube,2.000000,cartesian,0.0,0.0,9.006e-06,6.253e-05,32,256
cube,2.000000,cartesian,8.1109e-05,0.000110778,0.0,0.0,32,256
cube,2.000000,cartesian,0.0,0.0,9.699e-06,4.4473e-05,32,256
cube,2.000000,cartesian,9.8963e-05,4.9077e-05,0.0,0.0,32,256
cube,2.000000,cartesian,0.0,0.0,8.655e-06,6.0809e-05,32,256
cube,2.000000,cartesian,0.000103062,0.000123445,0.0,0.0,32,256
cube,2.000000,cartesian,0.0,0.0,1.0314e-05,6.1306e-05,32,256
cube,2.000000,cartesian,0.000102581,0.000112656,0.0,0.0,32,256
cube,2.000000,cartesian,0.0,0.0,1.0588e-05,6.0623e-05,32,256
cube,2.000000,cartesian,0.000105235,0.000130723,0.0,0.0,32,256
cube,2.000000,cartesian,0.0,0.0,1.2319e-05,5.8494e-05,32,256
cube,2.000000,cartesian,0.000107385,0.000109498,0.0,0.0,32,256
cube,2.000000,cartesian,0.0,0.0,1.1366e-05,6.3485e-05,32,256
cube,2.000000,cartesian,6.5362e-05,7.0009e-05,0.0,0.0,32,256
cube,2.000000,cartesian,0.0,0.0,5.706e-06,4.031e-05,32,256
cube,2.000000,cartesian,5.9622e-05,7.9438e-05,0.0,0.0,32,256
cube,2.000000,cartesian,0.0,0.0,6.382e-06,3.5119e-05,32,256
cube,2.000000,cartesian,0.000105995,0.000143141,0.0,0.0,32,256
cube,2.000000,cartesian,0.0,0.0,1.3629e-05,5.7419e-05,32,256
cube,2.000000,cartesian,0.000110525,0.000125207,0.0,0.0,32,256
cube,2.000000,cartesian,0.0,0.0,9.133e-06,7.2805e-05,32,256
cube,2.000000,cartesian,5.8404e-05,3.7872e-05,0.0,0.0,32,256
cube,2.000000,cartesian,0.0,0.0,4.951e-06,3.7371e-05,32,256
cube,2.000000,cartesian,0.000112376,0.000141093,0.0,0.0,32,256
cube,2.000000,cartesian,0.0,0.0,1.1733e-05,6.7082e-05,32,256
cube,2.000000,cartesian,9.2373e-05,0.000104484,0.0,0.0,32,256
cube,2.000000,cartesian,0.0,0.0,1.0043e-05,5.3538e-05,32,256
cube,2.000000,cartesian,6.6383e-05,7.6685e-05,0.0,0.0,32,256
cube,2.000000,cartesian,0.0,0.0,6.721e-06,3.9283e-05,32,256
cube,2.000000,cartesian,7.2922e-05,9.0959e-05,0.0,0.0,32,256
cube,2.000000,cartesian,0.0,0.0,9.01e-06,4.0189e-05,32,256
cube,2.000000,cartesian,0.000104056,5.2283e-05,0.0,0.0,32,256
cube,2.000000,cartesian,0.0,0.0,1.0003e-05,6.1336e-05,32,256
cube,2.000000,cartesian,0.00010501,0.000102225,0.0,0.0,32,256
cube,2.000000,cartesian,0.0,0.0,1.0896e-05,6.2643e-05,32,256
cube,2.000000,cartesian,9.0787e-05,0.000107895,0.0,0.0,32,256
cube,2.000000,cartesian,0.0,0.0,1.0253e-05,5.0921e-05,32,256
cube,2.000000,cartesian,0.000117323,0.000133297,0.0,0.0,32,256
cube,2.000000,cartesian,0.0,0.0,1.4912e-05,6.2431e-05,32,256
cube,2.000000,cartesian,0.000109967,0.00011995,0.0,0.0,32,256
cube,2.000000,cartesian,0.0,0.0,1.1556e-05,6.4302e-05,32,256
cube,2.000000,cartesian,0.000130117,0.00013731,0.0,0.0,32,256
cube,2.000000,cartesian,0.0,0.0,1.553e-05,6.5434e-05,32,256
cube,2.000000,cartesian,0.00012091,0.000151966,0.0,0.0,32,256
cube,2.000000,cartesian,0.0,0.0,1.2555e-05,7.1396e-05,32,256
cube,2.000000,cartesian,7.3362e-05,7.4668e-05,0.0,0.0,32,256
cube,2.000000,cartesian,0.0,0.0,5.866e-06,4.5879e-05,32,256
cube,2.000000,cartesian,0.000104476,8.226e-05,0.0,0.0,32,256
cube,2.000000,cartesian,0.0,0.0,1.0003e-05,5.1054e-05,32,256
cube,2.000000,cartesian,6.3994e-05,5.5016e-05,0.0,0.0,32,256
cube,2.000000,cartesian,0.0,0.0,5.792e-06,3.8713e-05,32,256
cube,2.000000,cartesian,0.000106683,0.000129023,0.0,0.0,32,256
cube,2.000000,cartesian,0.0,0.0,1.1372e-05,6.2042e-05,32,256
cube,2.000000,cartesian,9.4102e-05,0.000108027,0.0,0.0,32,256
cube,2.000000,cartesian,0.0,0.0,9.629e-06,5.474e-05,32,256
cube,2.000000,cartesian,0.000106974,0.000141067,0.0,0.0,32,256
cube,2.000000,cartesian,0.0,0.0,1.0347e-05,6.7954e-05,32,256
cube,2.000000,cartesian,0.000112107,0.000125933,0.0,0.0,32,256
cube,2.000000,cartesian,0.0,0.0,1.2733e-05,6.3293e-05,32,256
cube,2.000000,cartesian,0.000112418,0.000164158,0.0,0.0,32,256
cube,2.000000,cartesian,0.0,0.0,2.4045e-05,5.4192e-05,32,256
cube,2.000000,cartesian,6.6048e-05,3.5672e-05,0.0,0.0,32,256
cube,2.000000,cartesian,0.0,0.0,5.247e-06,4.2738e-05,32,256
cube,2.000000,cartesian,0.000125506,0.000125643,0.0,0.0,32,256
cube,2.000000,cartesian,0.0,0.0,1.1596e-05,7.6272e-05,32,256
cube,2.000000,cartesian,0.0001139,0.000129504,0.0,0.0,32,256
cube,2.000000,cartesian,0.0,0.0,1.3609e-05,6.3722e-05,32,256
cube,2.000000,cartesian,0.00010506,0.000127688,0.0,0.0,32,256
cube,2.000000,cartesian,0.0,0.0,1.0219e-05,6.2703e-05,32,256
cube,2.000000,cartesian,9.375e-05,7.355e-05,0.0,0.0,32,256
cube,2.000000,cartesian,0.0,0.0,1.0478e-05,5.2179e-05,32,256
cube,2.000000,cartesian,0.000108052,0.000103812,0.0,0.0,32,256
cube,2.000000,cartesian,0.0,0.0,1.3303e-05,5.8521e-05,32,256
cube,2.000000,cartesian,0.000133537,0.000149872,0.0,0.0,32,256
cube,2.000000,cartesian,0.0,0.0,1.3885e-05,7.8474e-05,32,256
cube,2.000000,cartesian,0.000118333,0.000111983,0.0,0.0,32,256
cube,2.000000,cartesian,0.0,0.0,1.2016e-05,6.8553e-05,32,256
cube,2.000000,cartesian,0.000112814,0.00011183,0.0,0.0,32,256
cube,2.000000,cartesian,0.0,0.0,1.4133e-05,6.0997e-05,32,256
cube,2.000000,cartesian,0.000101321,0.000124803,0.0,0.0,32,256
cube,2.000000,cartesian,0.0,0.0,1.0558e-05,5.9228e-05,32,256
cube,2.000000,cartesian,0.000130646,0.000167106,0.0,0.0,32,256
cube,2.000000,cartesian,0.0,0.0,1.4528e-05,7.388e-05,32,256
cube,2.000000,cartesian,0.00013908,0.000141202,0.0,0.0,32,256
cube,2.000000,cartesian,0.0,0.0,1.3673e-05,8.5522e-05,32,256
cube,2.000000,cartesian,0.000137274,0.000105975,0.0,0.0,32,256
cube,2.000000,cartesian,0.0,0.0,1.2996e-05,8.1604e-05,32,256
cube,2.000000,cartesian,9.2395e-05,8.8508e-05,0.0,0.0,32,256
cube,2.000000,cartesian,0.0,0.0,8.619e-06,5.5005e-05,32,256
cube,2.000000,cartesian,0.000168434,0.000163227,0.0,0.0,32,256
cube,2.000000,cartesian,0.0,0.0,1.5135e-05,0.000101846,32,256
cube,2.000000,cartesian,8.5228e-05,8.5582e-05,0.0,0.0,32,256
cube,2.000000,cartesian,0.0,0.0,9.062e-06,4.7724e-05,32,256
cube,2.000000,cartesian,0.000152084,0.000153583,0.0,0.0,32,256
cube,2.000000,cartesian,0.0,0.0,1.6607e-05,8.6629e-05,32,256
cube,2.000000,cartesian,0.000129227,0.000151996,0.0,0.0,32,256
cube,2.000000,cartesian,0.0,0.0,1.3522e-05,7.6087e-05,32,256
cube,2.000000,cartesian,6.4204e-05,7.0968e-05,0.0,0.0,32,256
cube,2.000000,cartesian,0.0,0.0,6.184e-06,3.836e-05,32,256
cube,2.000000,cartesian,0.000136337,0.000171341,0.0,0.0,32,256
cube,2.000000,cartesian,0.0,0.0,1.5437e-05,7.7453e-05,32,256
cube,2.000000,cartesian,3.7825e-05,2.8174e-05,0.0,0.0,32,256
cube,2.000000,cartesian,0.0,0.0,3.005e-06,2.4199e-05,32,256
cube,2.000000,cartesian,9.0615e-05,0.00012946,0.0,0.0,32,256
cube,2.000000,cartesian,0.0,0.0,1.0749e-05,4.972e-05,32,256
cube,2.000000,cartesian,8.6988e-05,0.000119515,0.0,0.0,32,256
cube,2.000000,cartesian,0.0,0.0,8.33e-06,5.1749e-05,32,256
cube,2.000000,cartesian,0.000118887,0.000109773,0.0,0.0,32,256
cube,2.000000,cartesian,0.0,0.0,1.025e-05,7.4082e-05,32,256
cube,2.000000,cartesian,0.000123673,0.000156685,0.0,0.0,32,256
cube,2.000000,cartesian,0.0,0.0,1.4369e-05,7.0284e-05,32,256
cube,2.000000,cartesian,0.00013566,9.982e-05,0.0,0.0,32,256
cube,2.000000,cartesian,0.0,0.0,1.1528e-05,7.5477e-05,32,256
cube,2.000000,cartesian,0.000112997,0.000118409,0.0,0.0,32,256
cube,2.000000,cartesian,0.0,0.0,1.0823e-05,6.7342e-05,32,256
cube,2.000000,cartesian,0.000112289,0.00011537,0.0,0.0,32,256
cube,2.000000,cartesian,0.0,0.0,1.1643e-05,6.5158e-05,32,256
cube,2.000000,cartesian,9.3125e-05,8.0168e-05,0.0,0.0,32,256
cube,2.000000,cartesian,0.0,0.0,7.357e-06,5.823e-05,32,256
cube,2.000000,cartesian,0.000137363,0.000169016,0.0,0.0,32,256
cube,2.000000,cartesian,0.0,0.0,1.5533e-05,6.887e-05,32,256
cube,2.000000,cartesian,7.1214e-05,7.9356e-05,0.0,0.0,32,256
cube,2.000000,cartesian,0.0,0.0,7.013e-06,4.4336e-05,32,256
cube,2.000000,cartesian,0.000128597,0.000162154,0.0,0.0,32,256
cube,2.000000,cartesian,0.0,0.0,1.431e-05,7.3759e-05,32,256
cube,2.000000,cartesian,0.000119145,0.000169834,0.0,0.0,32,256
cube,2.000000,cartesian,0.0,0.0,1.284e-05,6.8664e-05,32,256
cube,2.000000,cartesian,0.000104944,0.000123954,0.0,0.0,32,256
cube,2.000000,cartesian,0.0,0.0,1.1086e-05,6.1459e-05,32,256
cube,2.000000,cartesian,0.00010693,0.000140317,0.0,0.0,32,256
cube,2.000000,cartesian,0.0,0.0,1.0809e-05,6.3295e-05,32,256
cube,2.000000,cartesian,0.000106841,0.000110512,0.0,0.0,32,256
cube,2.000000,cartesian,0.0,0.0,1.2187e-05,6.023e-05,32,256
cube,2.000000,cartesian,0.00010604,9.9285e-05,0.0,0.0,32,256
cube,2.000000,cartesian,0.0,0.0,1.0444e-05,6.2339e-05,32,256
cube,2.000000,cartesian,8.49e-05,6.2078e-05,0.0,0.0,32,256
cube,2.000000,cartesian,0.0,0.0,7.926e-06,5.2391e-05,32,256
cube,2.000000,cartesian,9.7182e-05,8.4446e-05,0.0,0.0,32,256
cube,2.000000,cartesian,0.0,0.0,9.154e-06,4.8386e-05,32,256
cube,2.000000,cartesian,8.5374e-05,9.6791e-05,0.0,0.0,32,256
cube,2.000000,cartesian,0.0,0.0,8.316e-06,5.1409e-05,32,256
cube,2.000000,cartesian,0.000120774,0.000121645,0.0,0.0,32,256
cube,2.000000,cartesian,0.0,0.0,1.4104e-05,6.7321e-05,32,256
cube,2.000000,cartesian,0.000101293,0.000121717,0.0,0.0,32,256
cube,2.000000,cartesian,0.0,0.0,1.0244e-05,5.924e-05,32,256
cube,2.000000,cartesian,0.000145193,0.000203684,0.0,0.0,32,256
cube,2.000000,cartesian,0.0,0.0,1.5662e-05,7.9609e-05,32,256
cube,2.000000,cartesian,0.000145008,0.000167633,0.0,0.0,32,256
cube,2.000000,cartesian,0.0,0.0,1.4852e-05,8.3839e-05,32,256
cube,2.000000,cartesian,9.3477e-05,7.0984e-05,0.0,0.0,32,256
cube,2.000000,cartesian,0.0,0.0,8.419e-06,5.7087e-05,32,256
cube,2.000000,cartesian,9.6953e-05,0.000124571,0.0,0.0,32,256
cube,2.000000,cartesian,0.0,0.0,1.1311e-05,5.4293e-05,32,256
cube,2.000000,cartesian,9.4888e-05,0.00010945,0.0,0.0,32,256
cube,2.000000,cartesian,0.0,0.0,9.983e-06,5.5957e-05,32,256
cube,2.000000,cartesian,0.000113469,0.000107144,0.0,0.0,32,256
cube,2.000000,cartesian,0.0,0.0,1.123e-05,6.555e-05,32,256
cube,2.000000,cartesian,8.0525e-05,9.1953e-05,0.0,0.0,32,256
cube,2.000000,cartesian,0.0,0.0,9.674e-06,4.454e-05,32,256
cube,2.000000,cartesian,0.000113134,0.000123229,0.0,0.0,32,256
cube,2.000000,cartesian,0.0,0.0,1.1383e-05,6.7566e-05,32,256
cube,2.000000,cartesian,0.000108336,0.000103652,0.0,0.0,32,256
cube,2.000000,cartesian,0.0,0.0,1.1655e-05,6.1611e-05,32,256
cube,2.000000,cartesian,9.7148e-05,8.9453e-05,0.0,0.0,32,256
cube,2.000000,cartesian,0.0,0.0,8.39e-06,6.0136e-05,32,256
cube,2.000000,cartesian,0.000102517,8.3161e-05,0.0,0.0,32,256
cube,2.000000,cartesian,0.0,0.0,7.134e-06,7.1017e-05,32,256
cube,2.000000,cartesian,0.000108985,0.000105958,0.0,0.0,32,256
cube,2.000000,cartesian,0.0,0.0,1.0921e-05,6.3882e-05,32,256
cube,2.000000,cartesian,0.000102179,0.000123236,0.0,0.0,32,256
cube,2.000000,cartesian,0.0,0.0,1.1254e-05,5.739e-05,32,256
cube,2.000000,cartesian,0.000249968,0.000227059,0.0,0.0,32,256
cube,2.000000,cartesian,0.0,0.0,1.2277e-05,0.00020153,32,256
cube,2.000000,cartesian,4.6537e-05,3.4773e-05,0.0,0.0,32,256
cube,2.000000,cartesian,0.0,0.0,4.129e-06,2.8388e-05,32,256
cube,2.000000,cartesian,0.000123469,0.000173173,0.0,0.0,32,256
cube,2.000000,cartesian,0.0,0.0,1.4446e-05,6.8463e-05,32,256
cube,2.000000,cartesian,6.2047e-05,7.2348e-05,0.0,0.0,32,256
cube,2.000000,cartesian,0.0,0.0,6.16e-06,3.7769e-05,32,256
cube,2.000000,cartesian,6.478e-05,6.2525e-05,0.0,0.0,32,256
cube,2.000000,cartesian,0.0,0.0,6.306e-06,3.9934e-05,32,256
cube,2.000000,cartesian,0.000103098,0.000132563,0.0,0.0,32,256
cube,2.000000,cartesian,0.0,0.0,1.304e-05,5.6058e-05,32,256
cube,2.000000,cartesian,5.7361e-05,6.4756e-05,0.0,0.0,32,256
cube,2.000000,cartesian,0.0,0.0,5.737e-06,3.4662e-05,32,256
cube,2.000000,cartesian,0.000103882,0.000137596,0.0,0.0,32,256
cube,2.000000,cartesian,0.0,0.0,1.1947e-05,5.7868e-05,32,256
cube,2.000000,cartesian,9.7524e-05,0.000104879,0.0,0.0,32,256
cube,2.000000,cartesian,0.0,0.0,9.884e-06,5.7659e-05,32,256
cube,2.000000,cartesian,0.000107091,0.000145441,0.0,0.0,32,256
cube,2.000000,cartesian,0.0,0.0,1.3514e-05,5.8852e-05,32,256
cube,2.000000,cartesian,9.2331e-05,0.000101872,0.0,0.0,32,256
cube,2.000000,cartesian,0.0,0.0,9.041e-06,5.4209e-05,32,256
cube,2.000000,cartesian,0.000110708,0.000121564,0.0,0.0,32,256
cube,2.000000,cartesian,0.0,0.0,1.2414e-05,6.3199e-05,32,256
cube,2.000000,cartesian,6.3932e-05,6.1041e-05,0.0,0.0,32,256
cube,2.000000,cartesian,0.0,0.0,6.022e-06,3.9474e-05,32,256
cube,2.000000,cartesian,8.3877e-05,8.4964e-05,0.0,0.0,32,256
cube,2.000000,cartesian,0.0,0.0,8.671e-06,4.9059e-05,32,256
cube,2.000000,cartesian,9.9614e-05,0.000126256,0.0,0.0,32,256
cube,2.000000,cartesian,0.0,0.0,1.1173e-05,5.7198e-05,32,256
cube,2.000000,cartesian,0.000145565,0.000158186,0.0,0.0,32,256
cube,2.000000,cartesian,0.0,0.0,1.6432e-05,8.2286e-05,32,256
cube,2.000000,cartesian,8.8941e-05,9.5377e-05,0.0,0.0,32,256
cube,2.000000,cartesian,0.0,0.0,1.0005e-05,4.9957e-05,32,256
cube,2.000000,cartesian,0.000145989,0.000153768,0.0,0.0,32,256
cube,2.000000,cartesian,0.0,0.0,1.7572e-05,8.1662e-05,32,256
cube,2.000000,cartesian,6.8841e-05,7.0322e-05,0.0,0.0,32,256
cube,2.000000,cartesian,0.0,0.0,6.746e-06,4.1815e-05,32,256
cube,2.000000,cartesian,9.4485e-05,0.000107562,0.0,0.0,32,256
cube,2.000000,cartesian,0.0,0.0,1.0409e-05,5.4111e-05,32,256
cube,2.000000,cartesian,0.000155102,0.000192215,0.0,0.0,32,256
cube,2.000000,cartesian,0.0,0.0,1.7141e-05,8.969e-05,32,256
cube,2.000000,cartesian,9.771e-05,0.000103396,0.0,0.0,32,256
cube,2.000000,cartesian,0.0,0.0,1.096e-05,5.5172e-05,32,256
cube,2.000000,cartesian,0.000109378,0.000109924,0.0,0.0,32,256
cube,2.000000,cartesian,0.0,0.0,1.0724e-05,6.4591e-05,32,256
cube,2.000000,cartesian,8.886e-05,0.000101382,0.0,0.0,32,256
cube,2.000000,cartesian,0.0,0.0,9.421e-06,5.2702e-05,32,256
cube,2.000000,cartesian,0.000159958,0.000146296,0.0,0.0,32,256
cube,2.000000,cartesian,0.0,0.0,1.7323e-05,9.1057e-05,32,256
cube,2.000000,cartesian,9.9816e-05,0.000119339,0.0,0.0,32,256
cube,2.000000,cartesian,0.0,0.0,1.1842e-05,5.4159e-05,32,256
cube,2.000000,cartesian,0.000104204,0.000138325,0.0,0.0,32,256
cube,2.000000,cartesian,0.0,0.0,1.2491e-05,5.6851e-05,32,256
cube,2.000000,cartesian,7.6494e-05,8.9874e-05,0.0,0.0,32,256
cube,2.000000,cartesian,0.0,0.0,7.656e-06,4.4876e-05,32,256
cube,2.000000,cartesian,8.3074e-05,7.8734e-05,0.0,0.0,32,256
cube,2.000000,cartesian,0.0,0.0,7.869e-06,4.9933e-05,32,256
cube,2.000000,cartesian,6.4765e-05,8.1837e-05,0.0,0.0,32,256
cube,2.000000,cartesian,0.0,0.0,7.124e-06,3.7524e-05,32,256
cube,2.000000,cartesian,0.000103265,0.000101964,0.0,0.0,32,256
cube,2.000000,cartesian,0.0,0.0,1.1063e-05,6.0657e-05,32,256
cube,2.000000,cartesian,0.000102133,0.000129006,0.0,0.0,32,256
cube,2.000000,cartesian,0.0,0.0,1.2356e-05,5.6084e-05,32,256
cube,2.000000,cartesian,0.000127621,9.0235e-05,0.0,0.0,32,256
cube,2.000000,cartesian,0.0,0.0,1.1478e-05,7.8529e-05,32,256
cube,2.000000,cartesian,0.000108631,0.000150393,0.0,0.0,32,256
cube,2.000000,cartesian,0.0,0.0,1.3764e-05,5.8765e-05,32,256
cube,2.000000,cartesian,0.000107264,0.000109464,0.0,0.0,32,256
cube,2.000000,cartesian,0.0,0.0,1.0729e-05,6.4092e-05,32,256
cube,2.000000,cartesian,9.8725e-05,0.000105803,0.0,0.0,32,256
cube,2.000000,cartesian,0.0,0.0,1.1575e-05,5.5212e-05,32,256
cube,2.000000,cartesian,0.000141511,0.000174678,0.0,0.0,32,256
cube,2.000000,cartesian,0.0,0.0,1.4746e-05,8.2032e-05,32,256
cube,2.000000,cartesian,5.8459e-05,6.8358e-05,0.0,0.0,32,256
cube,2.000000,cartesian,0.0,0.0,4.943e-06,3.6932e-05,32,256
cube,2.000000,cartesian,0.000129391,0.000326626,0.0,0.0,32,256
cube,2.000000,cartesian,0.0,0.0,1.3339e-05,7.6454e-05,32,256
cube,2.000000,cartesian,4.823e-06,5.014e-06,0.0,0.0,32,256
cube,2.000000,cartesian,0.0,0.0,3.43e-07,3.382e-06,32,256
cube,2.000000,cartesian,8.6217e-05,0.000131475,0.0,0.0,32,256
cube,2.000000,cartesian,0.0,0.0,1.121e-05,4.4395e-05,32,256
cube,2.000000,cartesian,3.5044e-05,1.1609e-05,0.0,0.0,32,256
cube,2.000000,cartesian,0.0,0.0,2.339e-06,2.1334e-05,32,256
cube,2.000000,cartesian,9.3624e-05,0.000157215,0.0,0.0,32,256
cube,2.000000,cartesian,0.0,0.0,1.0399e-05,5.0448e-05,32,256
cube,2.000000,cartesian,6.1239e-05,7.6861e-05,0.0,0.0,32,256
cube,2.000000,cartesian,0.0,0.0,6.208e-06,3.4757e-05,32,256
cube,2.000000,cartesian,0.000122569,0.000215743,0.0,0.0,32,256
cube,2.000000,cartesian,0.0,0.0,1.7365e-05,5.9192e-05,32,256
cube,2.000000,cartesian,0.000173303,0.000214692,0.0,0.0,32,256
cube,2.000000,cartesian,0.0,0.0,1.8666e-05,9.0287e-05,32,256
cube,2.000000,cartesian,0.000124887,0.000216653,0.0,0.0,32,256
cube,2.000000,cartesian,0.0,0.0,1.4218e-05,6.8304e-05,32,256
cube,2.000000,cartesian,5.7194e-05,7.7421e-05,0.0,0.0,32,256
cube,2.000000,cartesian,0.0,0.0,6.019e-06,3.4018e-05,32,256
cube,2.000000,cartesian,0.000140781,0.000163857,0.0,0.0,32,256
cube,2.000000,cartesian,0.0,0.0,1.3674e-05,8.1658e-05,32,256
cube,2.000000,cartesian,0.000127555,0.000104122,0.0,0.0,32,256
cube,2.000000,cartesian,0.0,0.0,1.4065e-05,7.218e-05,32,256
cube,2.000000,cartesian,0.00010314,0.000125936,0.0,0.0,32,256
cube,2.000000,cartesian,0.0,0.0,1.0809e-05,6.0042e-05,32,256
cube,2.000000,cartesian,0.000117177,0.000116963,0.0,0.0,32,256
cube,2.000000,cartesian,0.0,0.0,1.2386e-05,6.7432e-05,32,256
cube,2.000000,cartesian,9.7737e-05,0.000115606,0.0,0.0,32,256
cube,2.000000,cartesian,0.0,0.0,9.387e-06,6.082e-05,32,256
cube,2.000000,cartesian,9.0465e-05,8.5258e-05,0.0,0.0,32,256
cube,2.000000,cartesian,0.0,0.0,9.351e-06,4.5189e-05,32,256
cube,2.000000,cartesian,9.1209e-05,0.000119663,0.0,0.0,32,256
cube,2.000000,cartesian,0.0,0.0,9.739e-06,5.4443e-05,32,256
cube,2.000000,cartesian,8.6352e-05,0.000110596,0.0,0.0,32,256
cube,2.000000,cartesian,0.0,0.0,1.0457e-05,4.8251e-05,32,256
cube,2.000000,cartesian,9.1598e-05,0.000118444,0.0,0.0,32,256
cube,2.000000,cartesian,0.0,0.0,9.174e-06,5.2421e-05,32,256
cube,2.000000,cartesian,0.000108638,0.00014641,0.0,0.0,32,256
cube,2.000000,cartesian,0.0,0.0,1.0914e-05,6.2386e-05,32,256
cube,2.000000,cartesian,0.000101523,0.00019746,0.0,0.0,32,256
cube,2.000000,cartesian,0.0,0.0,9.178e-06,5.9934e-05,32,256
cube,2.000000,cartesian,6.6673e-05,7.5189e-05,0.0,0.0,32,256
cube,2.000000,cartesian,0.0,0.0,6.293e-06,4.0486e-05,32,256
cube,2.000000,cartesian,9.9714e-05,0.00012919,0.0,0.0,32,256
cube,2.000000,cartesian,0.0,0.0,1.09e-05,5.7283e-05,32,256
cube,2.000000,cartesian,6.8912e-05,7.2073e-05,0.0,0.0,32,256
cube,2.000000,cartesian,0.0,0.0,6.628e-06,4.2855e-05,32,256
cube,2.000000,cartesian,0.000121475,0.000148343,0.0,0.0,32,256
cube,2.000000,cartesian,0.0,0.0,1.4044e-05,6.8495e-05,32,256
cube,2.000000,cartesian,8.7372e-05,7.9425e-05,0.0,0.0,32,256
cube,2.000000,cartesian,0.0,0.0,9.614e-06,5.0356e-05,32,256
cube,2.000000,cartesian,0.000118537,0.000106885,0.0,0.0,32,256
cube,2.000000,cartesian,0.0,0.0,1.2639e-05,6.8386e-05,32,256
cube,2.000000,cartesian,9.2027e-05,6.9986e-05,0.0,0.0,32,256
cube,2.000000,cartesian,0.0,0.0,8.323e-06,5.8361e-05,32,256
cube,2.000000,cartesian,0.000119542,0.000166902,0.0,0.0,32,256
cube,2.000000,cartesian,0.0,0.0,1.2046e-05,6.9437e-05,32,256
cube,2.000000,cartesian,0.000124935,0.000144793,0.0,0.0,32,256
cube,2.000000,cartesian,0.0,0.0,1.3896e-05,7.2784e-05,32,256
cube,2.000000,cartesian,9.4444e-05,0.00012291,0.0,0.0,32,256
cube,2.000000,cartesian,0.0,0.0,9.913e-06,5.3618e-05,32,256
cube,2.000000,cartesian,0.000118061,0.000145355,0.0,0.0,32,256
cube,2.000000,cartesian,0.0,0.0,1.3428e-05,6.6296e-05,32,256
cube,2.000000,cartesian,0.000127181,0.000154898,0.0,0.0,32,256
cube,2.000000,cartesian,0.0,0.0,1.2883e-05,7.729e-05,32,256
cube,2.000000,cartesian,0.000132023,0.000145555,0.0,0.0,32,256
cube,2.000000,cartesian,0.0,0.0,1.3908e-05,7.663e-05,32,256
cube,2.000000,cartesian,6.8655e-05,5.3591e-05,0.0,0.0,32,256
cube,2.000000,cartesian,0.0,0.0,6.598e-06,4.008e-05,32,256
cube,2.000000,cartesian,0.000120434,0.000125627,0.0,0.0,32,256
cube,2.000000,cartesian,0.0,0.0,1.2715e-05,6.9854e-05,32,256
cube,2.000000,cartesian,9.3487e-05,0.000137804,0.0,0.0,32,256
cube,2.000000,cartesian,0.0,0.0,1.2029e-05,5.0189e-05,32,256
cube,2.000000,cartesian,9.8399e-05,0.000113866,0.0,0.0,32,256
cube,2.000000,cartesian,0.0,0.0,1.1654e-05,5.5072e-05,32,256
cube,2.000000,cartesian,9.0881e-05,7.2707e-05,0.0,0.0,32,256
cube,2.000000,cartesian,0.0,0.0,7.869e-06,5.422e-05,32,256
cube,2.000000,cartesian,9.0949e-05,9.9008e-05,0.0,0.0,32,256
cube,2.000000,cartesian,0.0,0.0,9.049e-06,5.2721e-05,32,256
cube,2.000000,cartesian,7.8375e-05,7.6882e-05,0.0,0.0,32,256
cube,2.000000,cartesian,0.0,0.0,8.362e-06,4.4618e-05,32,256
cube,2.000000,cartesian,0.000108334,0.000127427,0.0,0.0,32,256
cube,2.000000,cartesian,0.0,0.0,1.0431e-05,6.4771e-05,32,256
cube,2.000000,cartesian,0.000106812,0.000103013,0.0,0.0,32,256
cube,2.000000,cartesian,0.0,0.0,8.375e-06,5.5458e-05,32,256
cube,2.000000,cartesian,0.000133517,0.000152418,0.0,0.0,32,256
cube,2.000000,cartesian,0.0,0.0,1.4678e-05,7.5804e-05,32,256
cube,2.000000,cartesian,0.00017154,0.00014962,0.0,0.0,32,256
cube,2.000000,cartesian,0.0,0.0,1.4863e-05,0.000104584,32,256
cube,2.000000,cartesian,9.3586e-05,0.00013037,0.0,0.0,32,256
cube,2.000000,cartesian,0.0,0.0,9.385e-06,5.5449e-05,32,256
cube,2.000000,cartesian,9.7331e-05,9.7418e-05,0.0,0.0,32,256
cube,2.000000,cartesian,0.0,0.0,9.193e-06,4.931e-05,32,256
cube,2.000000,cartesian,8.6135e-05,8.2582e-05,0.0,0.0,32,256
cube,2.000000,cartesian,0.0,0.0,8.178e-06,5.2558e-05,32,256
cube,2.000000,cartesian,0.000122814,0.000237161,0.0,0.0,32,256
cube,2.000000,cartesian,0.0,0.0,1.4297e-05,6.8409e-05,32,256
cube,2.000000,cartesian,0.00010851,0.000120588,0.0,0.0,32,256
cube,2.000000,cartesian,0.0,0.0,1.3081e-05,5.9745e-05,32,256
cube,2.000000,cartesian,0.000102528,0.000121088,0.0,0.0,32,256
cube,2.000000,cartesian,0.0,0.0,1.0894e-05,5.9384e-05,32,256
cube,2.000000,cartesian,9.426e-05,0.000141503,0.0,0.0,32,256
cube,2.000000,cartesian,0.0,0.0,1.1455e-05,5.1084e-05,32,256
cube,2.000000,cartesian,0.000135847,0.00011968,0.0,0.0,32,256
cube,2.000000,cartesian,0.0,0.0,1.3104e-05,8.0669e-05,32,256
cube,2.000000,cartesian,0.000112382,0.000137125,0.0,0.0,32,256
cube,2.000000,cartesian,0.0,0.0,1.2314e-05,6.6336e-05,32,256
cube,2.000000,cartesian,7.7274e-05,9.8731e-05,0.0,0.0,32,256
cube,2.000000,cartesian,0.0,0.0,8.866e-06,4.4193e-05,32,256
cube,2.000000,cartesian,0.000125652,0.00011619,0.0,0.0,32,256
cube,2.000000,cartesian,0.0,0.0,1.2312e-05,7.4498e-05,32,256
cube,2.000000,cartesian,9.9136e-05,0.000123239,0.0,0.0,32,256
cube,2.000000,cartesian,0.0,0.0,8.943e-06,5.2785e-05,32,256
cube,2.000000,cartesian,0.000118803,5.6444e-05,0.0,0.0,32,256
cube,2.000000,cartesian,0.0,0.0,1.0421e-05,6.5975e-05,32,256
cube,2.000000,cartesian,0.000109541,9.769e-05,0.0,0.0,32,256
cube,2.000000,cartesian,0.0,0.0,1.1098e-05,6.5629e-05,32,256
cube,2.000000,cartesian,0.000112235,0.000159554,0.0,0.0,32,256
cube,2.000000,cartesian,0.0,0.0,1.2737e-05,6.4426e-05,32,256
cube,2.000000,cartesian,0.000105824,0.000115416,0.0,0.0,32,256
cube,2.000000,cartesian,0.0,0.0,1.0073e-05,6.6938e-05,32,256
cube,2.000000,cartesian,7.3123e-05,7.9483e-05,0.0,0.0,32,256
cube,2.000000,cartesian,0.0,0.0,8.324e-06,4.1435e-05,32,256
cube,2.000000,cartesian,8.9237e-05,0.000142104,0.0,0.0,32,256
cube,2.000000,cartesian,0.0,0.0,9.879e-06,4.9521e-05,32,256
cube,2.000000,cartesian,0.00010384,0.000137885,0.0,0.0,32,256
cube,2.000000,cartesian,0.0,0.0,1.1733e-05,5.8682e-05,32,256
cube,2.000000,cartesian,6.0389e-05,6.2373e-05,0.0,0.0,32,256
cube,2.000000,cartesian,0.0,0.0,6.017e-06,3.5669e-05,32,256
cube,2.000000,cartesian,0.000115534,0.000112395,0.0,0.0,32,256
cube,2.000000,cartesian,0.0,0.0,1.2777e-05,6.5389e-05,32,256
cube,2.000000,cartesian,4.142e-05,3.3892e-05,0.0,0.0,32,256
cube,2.000000,cartesian,0.0,0.0,4.254e-06,2.4624e-05,32,256
cube,2.000000,cartesian,0.000127153,0.000182496,0.0,0.0,32,256
cube,2.000000,cartesian,0.0,0.0,1.6343e-05,6.6672e-05,32,256
cube,2.000000,cartesian,0.000100132,0.000120308,0.0,0.0,32,256
cube,2.000000,cartesian,0.0,0.0,1.1738e-05,5.5971e-05,32,256
cube,2.000000,cartesian,7.062e-05,3.2964e-05,0.0,0.0,32,256
cube,2.000000,cartesian,0.0,0.0,3.2e-06,1.5996e-05,32,256
cube,2.000000,cartesian,0.000148989,0.000146158,0.0,0.0,32,256
cube,2.000000,cartesian,0.0,0.0,1.4488e-05,9.0624e-05,32,256
cube,2.000000,cartesian,0.000111102,0.000141451,0.0,0.0,32,256
cube,2.000000,cartesian,0.0,0.0,1.3731e-05,6.0223e-05,32,256
cube,2.000000,cartesian,0.000107266,0.000133014,0.0,0.0,32,256
cube,2.000000,cartesian,0.0,0.0,1.2552e-05,5.947e-05,32,256
cube,2.000000,cartesian,3.777e-05,3.4326e-05,0.0,0.0,32,256
cube,2.000000,cartesian,0.0,0.0,3.505e-06,2.3566e-05,32,256
cube,2.000000,cartesian,0.000110681,0.000104038,0.0,0.0,32,256
cube,2.000000,cartesian,0.0,0.0,1.0755e-05,6.566e-05,32,256
cube,2.000000,cartesian,0.0001138,0.000144513,0.0,0.0,32,256
cube,2.000000,cartesian,0.0,0.0,1.2721e-05,6.3621e-05,32,256
cube,2.000000,cartesian,9.7897e-05,9.4365e-05,0.0,0.0,32,256
cube,2.000000,cartesian,0.0,0.0,8.18e-06,6.1762e-05,32,256
cube,2.000000,cartesian,9.3887e-05,0.000108633,0.0,0.0,32,256
cube,2.000000,cartesian,0.0,0.0,9.953e-06,5.5059e-05,32,256
cube,2.000000,cartesian,0.000127127,0.000138614,0.0,0.0,32,256
cube,2.000000,cartesian,0.0,0.0,1.2463e-05,7.5203e-05,32,256
cube,2.000000,cartesian,0.000104785,8.4936e-05,0.0,0.0,32,256
cube,2.000000,cartesian,0.0,0.0,8.405e-06,6.0308e-05,32,256
cube,2.000000,cartesian,9.3719e-05,0.000128621,0.0,0.0,32,256
cube,2.000000,cartesian,0.0,0.0,1.0792e-05,5.256e-05,32,256
cube,2.000000,cartesian,7.031e-05,7.4223e-05,0.0,0.0,32,256
cube,2.000000,cartesian,0.0,0.0,6.344e-06,4.3802e-05,32,256
cube,2.000000,cartesian,0.000101931,0.000130633,0.0,0.0,32,256
cube,2.000000,cartesian,0.0,0.0,1.2249e-05,5.6074e-05,32,256
cube,2.000000,cartesian,8.3187e-05,8.7483e-05,0.0,0.0,32,256
cube,2.000000,cartesian,0.0,0.0,8.313e-06,4.9284e-05,32,256
cube,2.000000,cartesian,5.724e-05,5.651e-05,0.0,0.0,32,256
cube,2.000000,cartesian,0.0,0.0,5.879e-06,3.4266e-05,32,256
cube,2.000000,cartesian,0.000133819,0.000122829,0.0,0.0,32,256
cube,2.000000,cartesian,0.0,0.0,1.2434e-05,8.4394e-05,32,256
cube,2.000000,cartesian,0.000137093,0.000123669,0.0,0.0,32,256
cube,2.000000,cartesian,0.0,0.0,1.392e-05,8.1243e-05,32,256
cube,2.000000,cartesian,4.9123e-05,4.4401e-05,0.0,0.0,32,256
cube,2.000000,cartesian,0.0,0.0,4.498e-06,3.0508e-05,32,256
cube,2.000000,cartesian,0.000127231,0.000163359,0.0,0.0,32,256
cube,2.000000,cartesian,0.0,0.0,1.4565e-05,7.1165e-05,32,256
cube,2.000000,cartesian,0.000103806,0.000118534,0.0,0.0,32,256
cube,2.000000,cartesian,0.0,0.0,1.0664e-05,6.1005e-05,32,256
cube,2.000000,cartesian,0.000104268,0.000134454,0.0,0.0,32,256
cube,2.000000,cartesian,0.0,0.0,1.1515e-05,5.8778e-05,32,256
cube,2.000000,cartesian,0.00015029,0.000102233,0.0,0.0,32,256
cube,2.000000,cartesian,0.0,0.0,1.0361e-05,0.000109668,32,256
cube,2.000000,cartesian,4.7927e-05,4.0049e-05,0.0,0.0,32,256
cube,2.000000,cartesian,0.0,0.0,3.965e-06,3.1657e-05,32,256
cube,2.000000,cartesian,0.00012391,0.000197262,0.0,0.0,32,256
cube,2.000000,cartesian,0.0,0.0,1.7131e-05,6.2439e-05,32,256
cube,2.000000,cartesian,9.0651e-05,0.000101026,0.0,0.0,32,256
cube,2.000000,cartesian,0.0,0.0,1.0384e-05,5.1032e-05,32,256
cube,2.000000,cartesian,2.2719e-05,2.8531e-05,0.0,0.0,32,256
cube,2.000000,cartesian,0.0,0.0,2.434e-06,1.3608e-05,32,256
cube,2.000000,cartesian,0.000116939,0.000124231,0.0,0.0,32,256
cube,2.000000,cartesian,0.0,0.0,1.2229e-05,6.9889e-05,32,256
cube,2.000000,cartesian,7.5924e-05,8.0357e-05,0.0,0.0,32,256
cube,2.000000,cartesian,0.0,0.0,8.34e-06,4.3879e-05,32,256
cube,2.000000,cartesian,4.3756e-05,3.8232e-05,0.0,0.0,32,256
cube,2.000000,cartesian,0.0,0.0,3.675e-06,2.8211e-05,32,256
cube,2.000000,cartesian,9.5391e-05,0.000121404,0.0,0.0,32,256
cube,2.000000,cartesian,0.0,0.0,1.1318e-05,5.2759e-05,32,256
cube,2.000000,cartesian,0.000103338,0.000118415,0.0,0.0,32,256
cube,2.000000,cartesian,0.0,0.0,1.1648e-05,5.7914e-05,32,256
cube,2.000000,cartesian,1.9625e-05,1.5051e-05,0.0,0.0,32,256
cube,2.000000,cartesian,0.0,0.0,1.722e-06,1.246e-05,32,256
cube,2.000000,cartesian,6.9584e-05,3.9236e-05,0.0,0.0,32,256
cube,2.000000,cartesian,0.0,0.0,5.375e-06,4.6996e-05,32,256
cube,2.000000,cartesian,0.000111709,7.9661e-05,0.0,0.0,32,256
cube,2.000000,cartesian,0.0,0.0,9.828e-06,6.9122e-05,32,256
cube,2.000000,cartesian,9.0759e-05,0.000125091,0.0,0.0,32,256
cube,2.000000,cartesian,0.0,0.0,1.0839e-05,5.0323e-05,32,256
cube,2.000000,cartesian,0.000141748,0.000147904,0.0,0.0,32,256
cube,2.000000,cartesian,0.0,0.0,1.5002e-05,8.1422e-05,32,256
cube,2.000000,cartesian,0.000114581,0.000129364,0.0,0.0,32,256
cube,2.000000,cartesian,0.0,0.0,1.4604e-05,6.0597e-05,32,256
cube,2.000000,cartesian,0.000147468,0.000131364,0.0,0.0,32,256
cube,2.000000,cartesian,0.0,0.0,9.88e-06,0.000102654,32,256
cube,2.000000,cartesian,0.000104737,9.3364e-05,0.0,0.0,32,256
cube,2.000000,cartesian,0.0,0.0,1.1536e-05,6.2507e-05,32,256
cube,2.000000,cartesian,7.0773e-05,4.7663e-05,0.0,0.0,32,256
cube,2.000000,cartesian,0.0,0.0,6.91e-06,4.2453e-05,32,256
cube,2.000000,cartesian,0.000100408,0.000115738,0.0,0.0,32,256
cube,2.000000,cartesian,0.0,0.0,1.0816e-05,5.8361e-05,32,256
cube,2.000000,cartesian,8.5364e-05,9.8127e-05,0.0,0.0,32,256
cube,2.000000,cartesian,0.0,0.0,9.79e-06,4.8989e-05,32,256
