kernel,radius,mode,get_range_time,loop_time,projectionTime,binarySearchTime,threshold,maxPointsLeaf
sphere,2.000000,none,0,3.7248e-05,0.0,0.0,32,256
sphere,2.000000,none,0,0.000146637,0.0,0.0,32,256
sphere,2.000000,none,0,9.5371e-05,0.0,0.0,32,256
sphere,2.000000,none,0,9.8758e-05,0.0,0.0,32,256
sphere,2.000000,none,0,0.000212041,0.0,0.0,32,256
sphere,2.000000,none,0,0.000101698,0.0,0.0,32,256
sphere,2.000000,none,0,0.000145278,0.0,0.0,32,256
sphere,2.000000,none,0,0.000142363,0.0,0.0,32,256
sphere,2.000000,none,0,0.000121419,0.0,0.0,32,256
sphere,2.000000,none,0,0.000107428,0.0,0.0,32,256
sphere,2.000000,none,0,0.000138962,0.0,0.0,32,256
sphere,2.000000,none,0,0.000149318,0.0,0.0,32,256
sphere,2.000000,none,0,9.9626e-05,0.0,0.0,32,256
sphere,2.000000,none,0,0.000143501,0.0,0.0,32,256
sphere,2.000000,none,0,0.00014637,0.0,0.0,32,256
sphere,2.000000,none,0,9.8839e-05,0.0,0.0,32,256
sphere,2.000000,none,0,0.000143512,0.0,0.0,32,256
sphere,2.000000,none,0,0.000124783,0.0,0.0,32,256
sphere,2.000000,none,0,0.000123624,0.0,0.0,32,256
sphere,2.000000,none,0,0.000177506,0.0,0.0,32,256
sphere,2.000000,none,0,0.000128304,0.0,0.0,32,256
sphere,2.000000,none,0,0.000132931,0.0,0.0,32,256
sphere,2.000000,none,0,5.9317e-05,0.0,0.0,32,256
sphere,2.000000,none,0,0.000144038,0.0,0.0,32,256
sphere,2.000000,none,0,0.000118133,0.0,0.0,32,256
sphere,2.000000,none,0,1.7005e-05,0.0,0.0,32,256
sphere,2.000000,none,0,8.0823e-05,0.0,0.0,32,256
sphere,2.000000,none,0,1.7928e-05,0.0,0.0,32,256
sphere,2.000000,none,0,0.000118201,0.0,0.0,32,256
sphere,2.000000,none,0,0.000127122,0.0,0.0,32,256
sphere,2.000000,none,0,9.364e-05,0.0,0.0,32,256
sphere,2.000000,none,0,0.000205209,0.0,0.0,32,256
sphere,2.000000,none,0,0.000185077,0.0,0.0,32,256
sphere,2.000000,none,0,0.000113047,0.0,0.0,32,256
sphere,2.000000,none,0,9.7885e-05,0.0,0.0,32,256
sphere,2.000000,none,0,0.000127849,0.0,0.0,32,256
sphere,2.000000,none,0,0.000123284,0.0,0.0,32,256
sphere,2.000000,none,0,0.000127522,0.0,0.0,32,256
sphere,2.000000,none,0,9.2865e-05,0.0,0.0,32,256
sphere,2.000000,none,0,9.1199e-05,0.0,0.0,32,256
sphere,2.000000,none,0,8.0518e-05,0.0,0.0,32,256
sphere,2.000000,none,0,5.3956e-05,0.0,0.0,32,256
sphere,2.000000,none,0,0.000112838,0.0,0.0,32,256
sphere,2.000000,none,0,0.000117954,0.0,0.0,32,256
sphere,2.000000,none,0,4.1316e-05,0.0,0.0,32,256
sphere,2.000000,none,0,0.000112563,0.0,0.0,32,256
sphere,2.000000,none,0,8.3371e-05,0.0,0.0,32,256
sphere,2.000000,none,0,0.000146638,0.0,0.0,32,256
sphere,2.000000,none,0,0.000136535,0.0,0.0,32,256
sphere,2.000000,none,0,0.000125905,0.0,0.0,32,256
sphere,2.000000,none,0,8.9004e-05,0.0,0.0,32,256
sphere,2.000000,none,0,8.772e-05,0.0,0.0,32,256
sphere,2.000000,none,0,9.3577e-05,0.0,0.0,32,256
sphere,2.000000,none,0,6.9229e-05,0.0,0.0,32,256
sphere,2.000000,none,0,0.000167316,0.0,0.0,32,256
sphere,2.000000,none,0,0.000114578,0.0,0.0,32,256
sphere,2.000000,none,0,0.000252558,0.0,0.0,32,256
sphere,2.000000,none,0,0.000141153,0.0,0.0,32,256
sphere,2.000000,none,0,0.000127711,0.0,0.0,32,256
sphere,2.000000,none,0,0.00016649,0.0,0.0,32,256
sphere,2.000000,none,0,0.000140805,0.0,0.0,32,256
sphere,2.000000,none,0,7.9181e-05,0.0,0.0,32,256
sphere,2.000000,none,0,9.1794e-05,0.0,0.0,32,256
sphere,2.000000,none,0,0.00013825,0.0,0.0,32,256
sphere,2.000000,none,0,0.000122569,0.0,0.0,32,256
sphere,2.000000,none,0,0.00012484,0.0,0.0,32,256
sphere,2.000000,none,0,5.771e-05,0.0,0.0,32,256
sphere,2.000000,none,0,0.000106408,0.0,0.0,32,256
sphere,2.000000,none,0,0.000118177,0.0,0.0,32,256
sphere,2.000000,none,0,0.000113268,0.0,0.0,32,256
sphere,2.000000,none,0,0.000148795,0.0,0.0,32,256
sphere,2.000000,none,0,6.4804e-05,0.0,0.0,32,256
sphere,2.000000,none,0,0.000140328,0.0,0.0,32,256
sphere,2.000000,none,0,0.000128246,0.0,0.0,32,256
sphere,2.000000,none,0,0.000137458,0.0,0.0,32,256
sphere,2.000000,none,0,9.7312e-05,0.0,0.0,32,256
sphere,2.000000,none,0,0.000138047,0.0,0.0,32,256
sphere,2.000000,none,0,0.000114614,0.0,0.0,32,256
sphere,2.000000,none,0,0.000131782,0.0,0.0,32,256
sphere,2.000000,none,0,0.000117407,0.0,0.0,32,256
sphere,2.000000,none,0,0.000121662,0.0,0.0,32,256
sphere,2.000000,none,0,0.000104623,0.0,0.0,32,256
sphere,2.000000,none,0,0.000204251,0.0,0.0,32,256
sphere,2.000000,none,0,0.000141243,0.0,0.0,32,256
sphere,2.000000,none,0,0.000121152,0.0,0.0,32,256
sphere,2.000000,none,0,0.000115882,0.0,0.0,32,256
sphere,2.000000,none,0,0.000250267,0.0,0.0,32,256
sphere,2.000000,none,0,2.8544e-05,0.0,0.0,32,256
sphere,2.000000,none,0,7.5837e-05,0.0,0.0,32,256
sphere,2.000000,none,0,9.7815e-05,0.0,0.0,32,256
sphere,2.000000,none,0,0.000152121,0.0,0.0,32,256
sphere,2.000000,none,0,0.000128117,0.0,0.0,32,256
sphere,2.000000,none,0,0.000152122,0.0,0.0,32,256
sphere,2.000000,none,0,8.357e-05,0.0,0.0,32,256
sphere,2.000000,none,0,8.9556e-05,0.0,0.0,32,256
sphere,2.000000,none,0,7.8914e-05,0.0,0.0,32,256
sphere,2.000000,none,0,0.00017501,0.0,0.0,32,256
sphere,2.000000,none,0,0.00011203,0.0,0.0,32,256
sphere,2.000000,none,0,0.000138252,0.0,0.0,32,256
sphere,2.000000,none,0,0.000158426,0.0,0.0,32,256
sphere,2.000000,none,0,0.000115998,0.0,0.0,32,256
sphere,2.000000,none,0,0.000167572,0.0,0.0,32,256
sphere,2.000000,none,0,0.00014902,0.0,0.0,32,256
sphere,2.000000,none,0,0.000155078,0.0,0.0,32,256
sphere,2.000000,none,0,5.6816e-05,0.0,0.0,32,256
sphere,2.000000,none,0,2.6944e-05,0.0,0.0,32,256
sphere,2.000000,none,0,0.000128737,0.0,0.0,32,256
sphere,2.000000,none,0,5.3319e-05,0.0,0.0,32,256
sphere,2.000000,none,0,0.000142859,0.0,0.0,32,256
sphere,2.000000,none,0,0.000123074,0.0,0.0,32,256
sphere,2.000000,none,0,0.000121291,0.0,0.0,32,256
sphere,2.000000,none,0,0.000105277,0.0,0.0,32,256
sphere,2.000000,none,0,0.000133422,0.0,0.0,32,256
sphere,2.000000,none,0,0.000151257,0.0,0.0,32,256
sphere,2.000000,none,0,0.000171435,0.0,0.0,32,256
sphere,2.000000,none,0,0.000109496,0.0,0.0,32,256
sphere,2.000000,none,0,0.000134253,0.0,0.0,32,256
sphere,2.000000,none,0,0.000116653,0.0,0.0,32,256
sphere,2.000000,none,0,9.846e-05,0.0,0.0,32,256
sphere,2.000000,none,0,0.000131058,0.0,0.0,32,256
sphere,2.000000,none,0,5.3482e-05,0.0,0.0,32,256
sphere,2.000000,none,0,0.000111921,0.0,0.0,32,256
sphere,2.000000,none,0,8.4123e-05,0.0,0.0,32,256
sphere,2.000000,none,0,0.00016019,0.0,0.0,32,256
sphere,2.000000,none,0,0.000153023,0.0,0.0,32,256
sphere,2.000000,none,0,0.000127544,0.0,0.0,32,256
sphere,2.000000,none,0,0.000141215,0.0,0.0,32,256
sphere,2.000000,none,0,9.0534e-05,0.0,0.0,32,256
sphere,2.000000,none,0,3.7318e-05,0.0,0.0,32,256
sphere,2.000000,none,0,0.000114703,0.0,0.0,32,256
sphere,2.000000,none,0,0.000141241,0.0,0.0,32,256
sphere,2.000000,none,0,6.2141e-05,0.0,0.0,32,256
sphere,2.000000,none,0,0.000135099,0.0,0.0,32,256
sphere,2.000000,none,0,0.000103942,0.0,0.0,32,256
sphere,2.000000,none,0,0.000137447,0.0,0.0,32,256
sphere,2.000000,none,0,0.000131731,0.0,0.0,32,256
sphere,2.000000,none,0,8.0921e-05,0.0,0.0,32,256
sphere,2.000000,none,0,0.000125552,0.0,0.0,32,256
sphere,2.000000,none,0,0.000110442,0.0,0.0,32,256
sphere,2.000000,none,0,0.000120585,0.0,0.0,32,256
sphere,2.000000,none,0,0.000132324,0.0,0.0,32,256
sphere,2.000000,none,0,5.1936e-05,0.0,0.0,32,256
sphere,2.000000,none,0,9.4662e-05,0.0,0.0,32,256
sphere,2.000000,none,0,0.000108338,0.0,0.0,32,256
sphere,2.000000,none,0,0.000191303,0.0,0.0,32,256
sphere,2.000000,none,0,0.000139515,0.0,0.0,32,256
sphere,2.000000,none,0,0.000140897,0.0,0.0,32,256
sphere,2.000000,none,0,9.2088e-05,0.0,0.0,32,256
sphere,2.000000,none,0,0.000144537,0.0,0.0,32,256
sphere,2.000000,none,0,0.000112642,0.0,0.0,32,256
sphere,2.000000,none,0,0.000122076,0.0,0.0,32,256
sphere,2.000000,none,0,8.3956e-05,0.0,0.0,32,256
sphere,2.000000,none,0,0.000135185,0.0,0.0,32,256
sphere,2.000000,none,0,0.000115234,0.0,0.0,32,256
sphere,2.000000,none,0,7.5008e-05,0.0,0.0,32,256
sphere,2.000000,none,0,3.2629e-05,0.0,0.0,32,256
sphere,2.000000,none,0,9.9268e-05,0.0,0.0,32,256
sphere,2.000000,none,0,0.000163968,0.0,0.0,32,256
sphere,2.000000,none,0,7.4202e-05,0.0,0.0,32,256
sphere,2.000000,none,0,0.000114159,0.0,0.0,32,256
sphere,2.000000,none,0,0.000121151,0.0,0.0,32,256
sphere,2.000000,none,0,0.000116565,0.0,0.0,32,256
sphere,2.000000,none,0,0.000142706,0.0,0.0,32,256
sphere,2.000000,none,0,0.000161313,0.0,0.0,32,256
sphere,2.000000,none,0,8.9857e-05,0.0,0.0,32,256
sphere,2.000000,none,0,0.000123962,0.0,0.0,32,256
sphere,2.000000,none,0,0.000141669,0.0,0.0,32,256
sphere,2.000000,none,0,1.4383e-05,0.0,0.0,32,256
sphere,2.000000,none,0,0.000140613,0.0,0.0,32,256
sphere,2.000000,none,0,9.9876e-05,0.0,0.0,32,256
sphere,2.000000,none,0,6.7143e-05,0.0,0.0,32,256
sphere,2.000000,none,0,0.000158794,0.0,0.0,32,256
sphere,2.000000,none,0,0.00012982,0.0,0.0,32,256
sphere,2.000000,none,0,0.000189936,0.0,0.0,32,256
sphere,2.000000,none,0,0.000121533,0.0,0.0,32,256
sphere,2.000000,none,0,0.000111058,0.0,0.0,32,256
sphere,2.000000,none,0,0.000139113,0.0,0.0,32,256
sphere,2.000000,none,0,0.000145843,0.0,0.0,32,256
sphere,2.000000,none,0,0.000135674,0.0,0.0,32,256
sphere,2.000000,none,0,5.3601e-05,0.0,0.0,32,256
sphere,2.000000,none,0,0.000128015,0.0,0.0,32,256
sphere,2.000000,none,0,8.4385e-05,0.0,0.0,32,256
sphere,2.000000,none,0,0.000141776,0.0,0.0,32,256
sphere,2.000000,none,0,0.00012537,0.0,0.0,32,256
sphere,2.000000,none,0,0.000102673,0.0,0.0,32,256
sphere,2.000000,none,0,0.000158139,0.0,0.0,32,256
sphere,2.000000,none,0,0.000145953,0.0,0.0,32,256
sphere,2.000000,none,0,0.000125479,0.0,0.0,32,256
sphere,2.000000,none,0,0.000118045,0.0,0.0,32,256
sphere,2.000000,none,0,4.6169e-05,0.0,0.0,32,256
sphere,2.000000,none,0,0.000156725,0.0,0.0,32,256
sphere,2.000000,none,0,0.000136644,0.0,0.0,32,256
sphere,2.000000,none,0,0.000131026,0.0,0.0,32,256
sphere,2.000000,none,0,0.000106145,0.0,0.0,32,256
sphere,2.000000,none,0,0.000110088,0.0,0.0,32,256
sphere,2.000000,none,0,9.2232e-05,0.0,0.0,32,256
sphere,2.000000,none,0,0.000130307,0.0,0.0,32,256
sphere,2.000000,none,0,0.00012641,0.0,0.0,32,256
sphere,2.000000,none,0,0.000152001,0.0,0.0,32,256
sphere,2.000000,none,0,8.7662e-05,0.0,0.0,32,256
sphere,2.000000,none,0,0.000149958,0.0,0.0,32,256
sphere,2.000000,none,0,1.5021e-05,0.0,0.0,32,256
sphere,2.000000,none,0,0.00018898,0.0,0.0,32,256
sphere,2.000000,none,0,0.000103153,0.0,0.0,32,256
sphere,2.000000,none,0,9.0123e-05,0.0,0.0,32,256
sphere,2.000000,none,0,0.000137294,0.0,0.0,32,256
sphere,2.000000,none,0,0.000108569,0.0,0.0,32,256
sphere,2.000000,none,0,0.000136941,0.0,0.0,32,256
sphere,2.000000,none,0,0.000109681,0.0,0.0,32,256
sphere,2.000000,none,0,9.6644e-05,0.0,0.0,32,256
sphere,2.000000,none,0,0.000111764,0.0,0.0,32,256
sphere,2.000000,none,0,0.000149739,0.0,0.0,32,256
sphere,2.000000,none,0,4.405e-05,0.0,0.0,32,256
sphere,2.000000,none,0,0.000225752,0.0,0.0,32,256
sphere,2.000000,none,0,0.000157528,0.0,0.0,32,256
sphere,2.000000,none,0,8.3189e-05,0.0,0.0,32,256
sphere,2.000000,none,0,0.000111518,0.0,0.0,32,256
sphere,2.000000,none,0,0.000104801,0.0,0.0,32,256
sphere,2.000000,none,0,9.0186e-05,0.0,0.0,32,256
sphere,2.000000,none,0,0.000134683,0.0,0.0,32,256
sphere,2.000000,none,0,0.000147817,0.0,0.0,32,256
sphere,2.000000,none,0,0.000105757,0.0,0.0,32,256
sphere,2.000000,none,0,0.000132273,0.0,0.0,32,256
sphere,2.000000,none,0,0.000105081,0.0,0.0,32,256
sphere,2.000000,none,0,6.7378e-05,0.0,0.0,32,256
sphere,2.000000,none,0,0.000135657,0.0,0.0,32,256
sphere,2.000000,none,0,0.000195345,0.0,0.0,32,256
sphere,2.000000,none,0,8.5498e-05,0.0,0.0,32,256
sphere,2.000000,none,0,0.000161023,0.0,0.0,32,256
sphere,2.000000,none,0,0.00012036,0.0,0.0,32,256
sphere,2.000000,none,0,0.000120912,0.0,0.0,32,256
sphere,2.000000,none,0,0.000152897,0.0,0.0,32,256
sphere,2.000000,none,0,0.000154125,0.0,0.0,32,256
sphere,2.000000,none,0,0.000106376,0.0,0.0,32,256
sphere,2.000000,none,0,0.000128095,0.0,0.0,32,256
sphere,2.000000,none,0,6.143e-05,0.0,0.0,32,256
sphere,2.000000,none,0,9.6667e-05,0.0,0.0,32,256
sphere,2.000000,none,0,0.000127357,0.0,0.0,32,256
sphere,2.000000,none,0,0.000167571,0.0,0.0,32,256
sphere,2.000000,none,0,9.4936e-05,0.0,0.0,32,256
sphere,2.000000,none,0,0.000128964,0.0,0.0,32,256
sphere,2.000000,none,0,0.000117143,0.0,0.0,32,256
sphere,2.000000,none,0,0.000123699,0.0,0.0,32,256
sphere,2.000000,none,0,0.000137633,0.0,0.0,32,256
sphere,2.000000,none,0,4.3667e-05,0.0,0.0,32,256
sphere,2.000000,none,0,0.000146458,0.0,0.0,32,256
sphere,2.000000,none,0,9.0324e-05,0.0,0.0,32,256
sphere,2.000000,none,0,0.0001098,0.0,0.0,32,256
sphere,2.000000,none,0,0.000114696,0.0,0.0,32,256
sphere,2.000000,none,0,0.000108643,0.0,0.0,32,256
sphere,2.000000,none,0,9.5827e-05,0.0,0.0,32,256
sphere,2.000000,none,0,2.1635e-05,0.0,0.0,32,256
sphere,2.000000,none,0,0.000133214,0.0,0.0,32,256
sphere,2.000000,none,0,9.6605e-05,0.0,0.0,32,256
sphere,2.000000,none,0,0.000168203,0.0,0.0,32,256
sphere,2.000000,none,0,0.000160297,0.0,0.0,32,256
sphere,2.000000,none,0,0.000136667,0.0,0.0,32,256
sphere,2.000000,none,0,0.0001011,0.0,0.0,32,256
sphere,2.000000,none,0,0.000126534,0.0,0.0,32,256
sphere,2.000000,none,0,0.00015507,0.0,0.0,32,256
sphere,2.000000,none,0,9.9119e-05,0.0,0.0,32,256
sphere,2.000000,none,0,0.000174646,0.0,0.0,32,256
sphere,2.000000,none,0,0.00014193,0.0,0.0,32,256
sphere,2.000000,none,0,0.00012576,0.0,0.0,32,256
sphere,2.000000,none,0,0.000142623,0.0,0.0,32,256
sphere,2.000000,none,0,0.000106714,0.0,0.0,32,256
sphere,2.000000,none,0,9.2113e-05,0.0,0.0,32,256
sphere,2.000000,none,0,0.000140593,0.0,0.0,32,256
sphere,2.000000,none,0,0.000114985,0.0,0.0,32,256
sphere,2.000000,none,0,0.000106168,0.0,0.0,32,256
sphere,2.000000,none,0,0.000105748,0.0,0.0,32,256
sphere,2.000000,none,0,0.000103395,0.0,0.0,32,256
sphere,2.000000,none,0,6.2726e-05,0.0,0.0,32,256
sphere,2.000000,none,0,0.00014454,0.0,0.0,32,256
sphere,2.000000,none,0,0.000121093,0.0,0.0,32,256
sphere,2.000000,none,0,0.000289423,0.0,0.0,32,256
sphere,2.000000,none,0,0.000264408,0.0,0.0,32,256
sphere,2.000000,none,0,0.000174261,0.0,0.0,32,256
sphere,2.000000,none,0,8.0722e-05,0.0,0.0,32,256
sphere,2.000000,none,0,0.000100259,0.0,0.0,32,256
sphere,2.000000,none,0,0.000164325,0.0,0.0,32,256
sphere,2.000000,none,0,9.0714e-05,0.0,0.0,32,256
sphere,2.000000,none,0,0.000139282,0.0,0.0,32,256
sphere,2.000000,none,0,0.000147594,0.0,0.0,32,256
sphere,2.000000,none,0,0.000142395,0.0,0.0,32,256
sphere,2.000000,none,0,0.000164364,0.0,0.0,32,256
sphere,2.000000,none,0,0.000106812,0.0,0.0,32,256
sphere,2.000000,none,0,9.7463e-05,0.0,0.0,32,256
sphere,2.000000,none,0,0.000110241,0.0,0.0,32,256
sphere,2.000000,none,0,7.5874e-05,0.0,0.0,32,256
sphere,2.000000,none,0,0.000132383,0.0,0.0,32,256
sphere,2.000000,none,0,0.000144232,0.0,0.0,32,256
sphere,2.000000,none,0,8.4971e-05,0.0,0.0,32,256
sphere,2.000000,none,0,0.000108914,0.0,0.0,32,256
sphere,2.000000,none,0,0.000140932,0.0,0.0,32,256
sphere,2.000000,none,0,2.988e-05,0.0,0.0,32,256
sphere,2.000000,none,0,0.000122136,0.0,0.0,32,256
sphere,2.000000,none,0,0.000132994,0.0,0.0,32,256
sphere,2.000000,none,0,0.00011424,0.0,0.0,32,256
sphere,2.000000,none,0,0.000122053,0.0,0.0,32,256
sphere,2.000000,none,0,9.8955e-05,0.0,0.0,32,256
sphere,2.000000,none,0,0.000208467,0.0,0.0,32,256
sphere,2.000000,none,0,0.000158904,0.0,0.0,32,256
sphere,2.000000,none,0,0.00012798,0.0,0.0,32,256
sphere,2.000000,none,0,0.000192001,0.0,0.0,32,256
sphere,2.000000,none,0,0.000193785,0.0,0.0,32,256
sphere,2.000000,none,0,0.00013952,0.0,0.0,32,256
sphere,2.000000,none,0,0.000150314,0.0,0.0,32,256
sphere,2.000000,none,0,0.000126885,0.0,0.0,32,256
sphere,2.000000,none,0,0.00015859,0.0,0.0,32,256
sphere,2.000000,none,0,0.000114253,0.0,0.0,32,256
sphere,2.000000,none,0,0.000208837,0.0,0.0,32,256
sphere,2.000000,none,0,0.00017312,0.0,0.0,32,256
sphere,2.000000,none,0,7.5215e-05,0.0,0.0,32,256
sphere,2.000000,none,0,0.000129714,0.0,0.0,32,256
sphere,2.000000,none,0,3.1145e-05,0.0,0.0,32,256
sphere,2.000000,none,0,0.00012106,0.0,0.0,32,256
sphere,2.000000,none,0,0.000138311,0.0,0.0,32,256
sphere,2.000000,none,0,6.2023e-05,0.0,0.0,32,256
sphere,2.000000,none,0,0.000155078,0.0,0.0,32,256
sphere,2.000000,none,0,9.193e-05,0.0,0.0,32,256
sphere,2.000000,none,0,0.000131593,0.0,0.0,32,256
sphere,2.000000,none,0,0.000137226,0.0,0.0,32,256
sphere,2.000000,none,0,0.000127734,0.0,0.0,32,256
sphere,2.000000,none,0,0.000164753,0.0,0.0,32,256
sphere,2.000000,none,0,5.5874e-05,0.0,0.0,32,256
sphere,2.000000,none,0,0.000163516,0.0,0.0,32,256
sphere,2.000000,none,0,0.000145226,0.0,0.0,32,256
sphere,2.000000,none,0,0.000189669,0.0,0.0,32,256
sphere,2.000000,none,0,0.000158934,0.0,0.0,32,256
sphere,2.000000,none,0,0.000152218,0.0,0.0,32,256
sphere,2.000000,none,0,0.000129604,0.0,0.0,32,256
sphere,2.000000,none,0,0.000105674,0.0,0.0,32,256
sphere,2.000000,none,0,0.000126966,0.0,0.0,32,256
sphere,2.000000,none,0,0.000144278,0.0,0.0,32,256
sphere,2.000000,none,0,0.000133145,0.0,0.0,32,256
sphere,2.000000,none,0,0.000143623,0.0,0.0,32,256
sphere,2.000000,none,0,0.000148811,0.0,0.0,32,256
sphere,2.000000,none,0,0.000163573,0.0,0.0,32,256
sphere,2.000000,none,0,6.8652e-05,0.0,0.0,32,256
sphere,2.000000,none,0,0.000118324,0.0,0.0,32,256
sphere,2.000000,none,0,0.000145295,0.0,0.0,32,256
sphere,2.000000,none,0,0.000152179,0.0,0.0,32,256
sphere,2.000000,none,0,9.3264e-05,0.0,0.0,32,256
sphere,2.000000,none,0,0.000141852,0.0,0.0,32,256
sphere,2.000000,none,0,0.000117093,0.0,0.0,32,256
sphere,2.000000,none,0,0.000125741,0.0,0.0,32,256
sphere,2.000000,none,0,8.2423e-05,0.0,0.0,32,256
sphere,2.000000,none,0,0.000174966,0.0,0.0,32,256
sphere,2.000000,none,0,0.000116968,0.0,0.0,32,256
sphere,2.000000,none,0,0.000108322,0.0,0.0,32,256
sphere,2.000000,none,0,2.8177e-05,0.0,0.0,32,256
sphere,2.000000,none,0,0.000110603,0.0,0.0,32,256
sphere,2.000000,none,0,5.1233e-05,0.0,0.0,32,256
sphere,2.000000,none,0,7.1804e-05,0.0,0.0,32,256
sphere,2.000000,none,0,0.000182169,0.0,0.0,32,256
sphere,2.000000,none,0,5.8965e-05,0.0,0.0,32,256
sphere,2.000000,none,0,0.000111767,0.0,0.0,32,256
sphere,2.000000,none,0,0.000122161,0.0,0.0,32,256
sphere,2.000000,none,0,0.000139246,0.0,0.0,32,256
sphere,2.000000,none,0,0.000110452,0.0,0.0,32,256
sphere,2.000000,none,0,0.000124588,0.0,0.0,32,256
sphere,2.000000,none,0,8.2818e-05,0.0,0.0,32,256
sphere,2.000000,none,0,8.6934e-05,0.0,0.0,32,256
sphere,2.000000,none,0,0.000104423,0.0,0.0,32,256
sphere,2.000000,none,0,0.000169011,0.0,0.0,32,256
sphere,2.000000,none,0,9.8709e-05,0.0,0.0,32,256
sphere,2.000000,none,0,0.000123157,0.0,0.0,32,256
sphere,2.000000,none,0,7.2421e-05,0.0,0.0,32,256
sphere,2.000000,none,0,0.00011386,0.0,0.0,32,256
sphere,2.000000,none,0,0.000158641,0.0,0.0,32,256
sphere,2.000000,none,0,0.000122929,0.0,0.0,32,256
sphere,2.000000,none,0,0.000152676,0.0,0.0,32,256
sphere,2.000000,none,0,0.000117275,0.0,0.0,32,256
sphere,2.000000,none,0,0.000178086,0.0,0.0,32,256
sphere,2.000000,none,0,0.000136579,0.0,0.0,32,256
sphere,2.000000,none,0,0.000142601,0.0,0.0,32,256
sphere,2.000000,none,0,0.000101008,0.0,0.0,32,256
sphere,2.000000,none,0,0.00010287,0.0,0.0,32,256
sphere,2.000000,none,0,7.9258e-05,0.0,0.0,32,256
sphere,2.000000,none,0,0.000122028,0.0,0.0,32,256
sphere,2.000000,none,0,0.000154506,0.0,0.0,32,256
sphere,2.000000,none,0,0.000144955,0.0,0.0,32,256
sphere,2.000000,none,0,0.000148471,0.0,0.0,32,256
sphere,2.000000,none,0,0.000114584,0.0,0.0,32,256
sphere,2.000000,none,0,0.000102038,0.0,0.0,32,256
sphere,2.000000,none,0,0.000167409,0.0,0.0,32,256
sphere,2.000000,none,0,8.0583e-05,0.0,0.0,32,256
sphere,2.000000,none,0,0.00012425,0.0,0.0,32,256
sphere,2.000000,none,0,4.041e-06,0.0,0.0,32,256
sphere,2.000000,none,0,8.658e-05,0.0,0.0,32,256
sphere,2.000000,none,0,1.6609e-05,0.0,0.0,32,256
sphere,2.000000,none,0,9.3359e-05,0.0,0.0,32,256
sphere,2.000000,none,0,8.2396e-05,0.0,0.0,32,256
sphere,2.000000,none,0,0.000129991,0.0,0.0,32,256
sphere,2.000000,none,0,0.000156091,0.0,0.0,32,256
sphere,2.000000,none,0,0.00014081,0.0,0.0,32,256
sphere,2.000000,none,0,4.4375e-05,0.0,0.0,32,256
sphere,2.000000,none,0,0.000152462,0.0,0.0,32,256
sphere,2.000000,none,0,0.00013246,0.0,0.0,32,256
sphere,2.000000,none,0,0.000139702,0.0,0.0,32,256
sphere,2.000000,none,0,0.000155472,0.0,0.0,32,256
sphere,2.000000,none,0,0.000110946,0.0,0.0,32,256
sphere,2.000000,none,0,9.2846e-05,0.0,0.0,32,256
sphere,2.000000,none,0,0.000110016,0.0,0.0,32,256
sphere,2.000000,none,0,9.2628e-05,0.0,0.0,32,256
sphere,2.000000,none,0,0.000120135,0.0,0.0,32,256
sphere,2.000000,none,0,0.000105398,0.0,0.0,32,256
sphere,2.000000,none,0,0.000128641,0.0,0.0,32,256
sphere,2.000000,none,0,8.5275e-05,0.0,0.0,32,256
sphere,2.000000,none,0,0.000109506,0.0,0.0,32,256
sphere,2.000000,none,0,8.9359e-05,0.0,0.0,32,256
sphere,2.000000,none,0,0.000163354,0.0,0.0,32,256
sphere,2.000000,none,0,9.3446e-05,0.0,0.0,32,256
sphere,2.000000,none,0,0.000146982,0.0,0.0,32,256
sphere,2.000000,none,0,0.000117447,0.0,0.0,32,256
sphere,2.000000,none,0,0.000111866,0.0,0.0,32,256
sphere,2.000000,none,0,0.000114803,0.0,0.0,32,256
sphere,2.000000,none,0,0.000127666,0.0,0.0,32,256
sphere,2.000000,none,0,0.000136224,0.0,0.0,32,256
sphere,2.000000,none,0,0.000197941,0.0,0.0,32,256
sphere,2.000000,none,0,0.000169055,0.0,0.0,32,256
sphere,2.000000,none,0,9.0349e-05,0.0,0.0,32,256
sphere,2.000000,none,0,0.000158906,0.0,0.0,32,256
sphere,2.000000,none,0,0.000140322,0.0,0.0,32,256
sphere,2.000000,none,0,0.000109773,0.0,0.0,32,256
sphere,2.000000,none,0,0.000118847,0.0,0.0,32,256
sphere,2.000000,none,0,0.000127559,0.0,0.0,32,256
sphere,2.000000,none,0,0.000105222,0.0,0.0,32,256
sphere,2.000000,none,0,0.00013077,0.0,0.0,32,256
sphere,2.000000,none,0,0.000136279,0.0,0.0,32,256
sphere,2.000000,none,0,0.000174512,0.0,0.0,32,256
sphere,2.000000,none,0,7.0555e-05,0.0,0.0,32,256
sphere,2.000000,none,0,0.000118557,0.0,0.0,32,256
sphere,2.000000,none,0,0.000122461,0.0,0.0,32,256
sphere,2.000000,none,0,7.7192e-05,0.0,0.0,32,256
sphere,2.000000,none,0,0.000232902,0.0,0.0,32,256
sphere,2.000000,none,0,0.00014532,0.0,0.0,32,256
sphere,2.000000,none,0,0.000121334,0.0,0.0,32,256
sphere,2.000000,none,0,0.000151299,0.0,0.0,32,256
sphere,2.000000,none,0,0.000178547,0.0,0.0,32,256
sphere,2.000000,none,0,0.000141177,0.0,0.0,32,256
sphere,2.000000,none,0,7.812e-05,0.0,0.0,32,256
sphere,2.000000,none,0,0.000157588,0.0,0.0,32,256
sphere,2.000000,none,0,0.000135731,0.0,0.0,32,256
sphere,2.000000,none,0,0.000123346,0.0,0.0,32,256
sphere,2.000000,none,0,7.6049e-05,0.0,0.0,32,256
sphere,2.000000,none,0,0.000162746,0.0,0.0,32,256
sphere,2.000000,none,0,0.000122581,0.0,0.0,32,256
sphere,2.000000,none,0,8.2173e-05,0.0,0.0,32,256
sphere,2.000000,none,0,0.000128532,0.0,0.0,32,256
sphere,2.000000,none,0,0.000157479,0.0,0.0,32,256
sphere,2.000000,none,0,7.7285e-05,0.0,0.0,32,256
sphere,2.000000,none,0,0.000150887,0.0,0.0,32,256
sphere,2.000000,none,0,3.4403e-05,0.0,0.0,32,256
sphere,2.000000,none,0,0.000184645,0.0,0.0,32,256
sphere,2.000000,none,0,0.000100829,0.0,0.0,32,256
sphere,2.000000,none,0,1.9909e-05,0.0,0.0,32,256
sphere,2.000000,none,0,0.000143944,0.0,0.0,32,256
sphere,2.000000,none,0,0.000154602,0.0,0.0,32,256
sphere,2.000000,none,0,0.000134023,0.0,0.0,32,256
sphere,2.000000,none,0,3.3722e-05,0.0,0.0,32,256
sphere,2.000000,none,0,0.000143,0.0,0.0,32,256
sphere,2.000000,none,0,0.000189722,0.0,0.0,32,256
sphere,2.000000,none,0,0.0001261,0.0,0.0,32,256
sphere,2.000000,none,0,0.00010598,0.0,0.0,32,256
sphere,2.000000,none,0,0.000144295,0.0,0.0,32,256
sphere,2.000000,none,0,0.000147504,0.0,0.0,32,256
sphere,2.000000,none,0,0.000176677,0.0,0.0,32,256
sphere,2.000000,none,0,8.0439e-05,0.0,0.0,32,256
sphere,2.000000,none,0,0.000139579,0.0,0.0,32,256
sphere,2.000000,none,0,8.7207e-05,0.0,0.0,32,256
sphere,2.000000,none,0,6.0229e-05,0.0,0.0,32,256
sphere,2.000000,none,0,0.000155945,0.0,0.0,32,256
sphere,2.000000,none,0,0.000129329,0.0,0.0,32,256
sphere,2.000000,none,0,4.0897e-05,0.0,0.0,32,256
sphere,2.000000,none,0,0.000275511,0.0,0.0,32,256
sphere,2.000000,none,0,0.000167503,0.0,0.0,32,256
sphere,2.000000,none,0,0.000183492,0.0,0.0,32,256
sphere,2.000000,none,0,0.000166764,0.0,0.0,32,256
sphere,2.000000,none,0,6.8632e-05,0.0,0.0,32,256
sphere,2.000000,none,0,0.000172125,0.0,0.0,32,256
sphere,2.000000,none,0,0.000106257,0.0,0.0,32,256
sphere,2.000000,none,0,1.8973e-05,0.0,0.0,32,256
sphere,2.000000,none,0,0.000116804,0.0,0.0,32,256
sphere,2.000000,none,0,7.7946e-05,0.0,0.0,32,256
sphere,2.000000,none,0,3.4124e-05,0.0,0.0,32,256
sphere,2.000000,none,0,0.000101456,0.0,0.0,32,256
sphere,2.000000,none,0,0.000156801,0.0,0.0,32,256
sphere,2.000000,none,0,3.7148e-05,0.0,0.0,32,256
sphere,2.000000,none,0,0.0001024,0.0,0.0,32,256
sphere,2.000000,none,0,0.000121443,0.0,0.0,32,256
sphere,2.000000,none,0,9.8454e-05,0.0,0.0,32,256
sphere,2.000000,none,0,0.000153265,0.0,0.0,32,256
sphere,2.000000,none,0,0.00011829,0.0,0.0,32,256
sphere,2.000000,none,0,0.000149211,0.0,0.0,32,256
sphere,2.000000,none,0,0.000103553,0.0,0.0,32,256
sphere,2.000000,none,0,7.9273e-05,0.0,0.0,32,256
sphere,2.000000,none,0,0.000137669,0.0,0.0,32,256
sphere,2.000000,none,0,9.8929e-05,0.0,0.0,32,256
sphere,2.000000,none,0,2.6658e-05,0.0,0.0,32,256
sphere,2.000000,none,0,0.000151584,0.0,0.0,32,256
sphere,2.000000,none,0,8.7789e-05,0.0,0.0,32,256
sphere,2.000000,none,0,0.000104334,0.0,0.0,32,256
sphere,2.000000,none,0,0.000150194,0.0,0.0,32,256
sphere,2.000000,none,0,9.4762e-05,0.0,0.0,32,256
sphere,2.000000,none,0,0.000139741,0.0,0.0,32,256
sphere,2.000000,none,0,0.000144696,0.0,0.0,32,256
sphere,2.000000,none,0,0.000122611,0.0,0.0,32,256
sphere,2.000000,none,0,0.000104324,0.0,0.0,32,256
sphere,2.000000,none,0,0.000122479,0.0,0.0,32,256
sphere,2.000000,none,0,0.000135329,0.0,0.0,32,256
sphere,2.000000,none,0,0.000101149,0.0,0.0,32,256
sphere,2.000000,none,0,0.000139049,0.0,0.0,32,256
sphere,2.000000,none,0,0.000153493,0.0,0.0,32,256
sphere,2.000000,none,0,0.000107571,0.0,0.0,32,256
sphere,2.000000,none,0,0.000125531,0.0,0.0,32,256
sphere,2.000000,none,0,0.000122922,0.0,0.0,32,256
sphere,2.000000,none,0,0.000134347,0.0,0.0,32,256
sphere,2.000000,none,0,0.000220837,0.0,0.0,32,256
sphere,2.000000,none,0,0.000126469,0.0,0.0,32,256
sphere,2.000000,none,0,0.000166183,0.0,0.0,32,256
sphere,2.000000,none,0,5.8727e-05,0.0,0.0,32,256
sphere,2.000000,none,0,0.000143253,0.0,0.0,32,256
sphere,2.000000,none,0,0.000109381,0.0,0.0,32,256
sphere,2.000000,none,0,1.6e-05,0.0,0.0,32,256
sphere,2.000000,none,0,8.3968e-05,0.0,0.0,32,256
sphere,2.000000,none,0,1.7751e-05,0.0,0.0,32,256
sphere,2.000000,none,0,0.000108839,0.0,0.0,32,256
sphere,2.000000,none,0,0.000126175,0.0,0.0,32,256
sphere,2.000000,none,0,9.1519e-05,0.0,0.0,32,256
sphere,2.000000,none,0,0.000157074,0.0,0.0,32,256
sphere,2.000000,none,0,0.00013835,0.0,0.0,32,256
sphere,2.000000,none,0,0.000109245,0.0,0.0,32,256
sphere,2.000000,none,0,9.5373e-05,0.0,0.0,32,256
sphere,2.000000,none,0,0.000129597,0.0,0.0,32,256
sphere,2.000000,none,0,0.000134544,0.0,0.0,32,256
sphere,2.000000,none,0,0.000167735,0.0,0.0,32,256
sphere,2.000000,none,0,9.4336e-05,0.0,0.0,32,256
sphere,2.000000,none,0,9.1168e-05,0.0,0.0,32,256
sphere,2.000000,none,0,8.4845e-05,0.0,0.0,32,256
sphere,2.000000,none,0,5.2439e-05,0.0,0.0,32,256
sphere,2.000000,none,0,0.000111148,0.0,0.0,32,256
sphere,2.000000,none,0,0.000123455,0.0,0.0,32,256
sphere,2.000000,none,0,3.9539e-05,0.0,0.0,32,256
sphere,2.000000,none,0,0.000102048,0.0,0.0,32,256
sphere,2.000000,none,0,8.4143e-05,0.0,0.0,32,256
sphere,2.000000,none,0,0.000127658,0.0,0.0,32,256
sphere,2.000000,none,0,0.000152836,0.0,0.0,32,256
sphere,2.000000,none,0,0.00013829,0.0,0.0,32,256
sphere,2.000000,none,0,8.9015e-05,0.0,0.0,32,256
sphere,2.000000,none,0,7.6636e-05,0.0,0.0,32,256
sphere,2.000000,none,0,9.3108e-05,0.0,0.0,32,256
sphere,2.000000,none,0,5.8105e-05,0.0,0.0,32,256
sphere,2.000000,none,0,0.000165794,0.0,0.0,32,256
sphere,2.000000,none,0,0.000120012,0.0,0.0,32,256
sphere,2.000000,none,0,0.000246939,0.0,0.0,32,256
sphere,2.000000,none,0,0.000137922,0.0,0.0,32,256
sphere,2.000000,none,0,0.000126911,0.0,0.0,32,256
sphere,2.000000,none,0,0.000132742,0.0,0.0,32,256
sphere,2.000000,none,0,0.000141443,0.0,0.0,32,256
sphere,2.000000,none,0,7.8141e-05,0.0,0.0,32,256
sphere,2.000000,none,0,9.246e-05,0.0,0.0,32,256
sphere,2.000000,none,0,0.000134807,0.0,0.0,32,256
sphere,2.000000,none,0,0.000143211,0.0,0.0,32,256
sphere,2.000000,none,0,0.000141828,0.0,0.0,32,256
sphere,2.000000,none,0,5.6586e-05,0.0,0.0,32,256
sphere,2.000000,none,0,0.000105385,0.0,0.0,32,256
sphere,2.000000,none,0,0.000122004,0.0,0.0,32,256
sphere,2.000000,none,0,0.000111125,0.0,0.0,32,256
sphere,2.000000,none,0,0.000147101,0.0,0.0,32,256
sphere,2.000000,none,0,6.4959e-05,0.0,0.0,32,256
sphere,2.000000,none,0,0.000150029,0.0,0.0,32,256
sphere,2.000000,none,0,0.00012855,0.0,0.0,32,256
sphere,2.000000,none,0,0.000170566,0.0,0.0,32,256
sphere,2.000000,none,0,9.4117e-05,0.0,0.0,32,256
sphere,2.000000,none,0,0.000137953,0.0,0.0,32,256
sphere,2.000000,none,0,0.00011832,0.0,0.0,32,256
sphere,2.000000,none,0,0.000122692,0.0,0.0,32,256
sphere,2.000000,none,0,0.000113577,0.0,0.0,32,256
sphere,2.000000,none,0,0.0001151,0.0,0.0,32,256
sphere,2.000000,none,0,9.9413e-05,0.0,0.0,32,256
sphere,2.000000,none,0,0.000194255,0.0,0.0,32,256
sphere,2.000000,none,0,0.00013531,0.0,0.0,32,256
sphere,2.000000,none,0,0.000122979,0.0,0.0,32,256
sphere,2.000000,none,0,0.000107115,0.0,0.0,32,256
sphere,2.000000,none,0,0.00013264,0.0,0.0,32,256
sphere,2.000000,none,0,2.1854e-05,0.0,0.0,32,256
sphere,2.000000,none,0,7.2191e-05,0.0,0.0,32,256
sphere,2.000000,none,0,9.5547e-05,0.0,0.0,32,256
sphere,2.000000,none,0,0.000133618,0.0,0.0,32,256
sphere,2.000000,none,0,0.00013324,0.0,0.0,32,256
sphere,2.000000,none,0,0.000149839,0.0,0.0,32,256
sphere,2.000000,none,0,8.0039e-05,0.0,0.0,32,256
sphere,2.000000,none,0,8.7865e-05,0.0,0.0,32,256
sphere,2.000000,none,0,8.8045e-05,0.0,0.0,32,256
sphere,2.000000,none,0,0.000178879,0.0,0.0,32,256
sphere,2.000000,none,0,0.000101,0.0,0.0,32,256
sphere,2.000000,none,0,0.000123914,0.0,0.0,32,256
sphere,2.000000,none,0,0.00015044,0.0,0.0,32,256
sphere,2.000000,none,0,0.000113983,0.0,0.0,32,256
sphere,2.000000,none,0,0.000166503,0.0,0.0,32,256
sphere,2.000000,none,0,0.000147179,0.0,0.0,32,256
sphere,2.000000,none,0,0.000169956,0.0,0.0,32,256
sphere,2.000000,none,0,6.0847e-05,0.0,0.0,32,256
sphere,2.000000,none,0,2.654e-05,0.0,0.0,32,256
sphere,2.000000,none,0,0.000143762,0.0,0.0,32,256
sphere,2.000000,none,0,5.2369e-05,0.0,0.0,32,256
sphere,2.000000,none,0,0.000143001,0.0,0.0,32,256
sphere,2.000000,none,0,0.000163917,0.0,0.0,32,256
sphere,2.000000,none,0,0.000121537,0.0,0.0,32,256
sphere,2.000000,none,0,0.000103731,0.0,0.0,32,256
sphere,2.000000,none,0,0.000132065,0.0,0.0,32,256
sphere,2.000000,none,0,0.000166936,0.0,0.0,32,256
sphere,2.000000,none,0,0.000116883,0.0,0.0,32,256
sphere,2.000000,none,0,0.000104393,0.0,0.0,32,256
sphere,2.000000,none,0,0.000128277,0.0,0.0,32,256
sphere,2.000000,none,0,0.00013459,0.0,0.0,32,256
sphere,2.000000,none,0,9.9534e-05,0.0,0.0,32,256
sphere,2.000000,none,0,0.000127241,0.0,0.0,32,256
sphere,2.000000,none,0,5.2748e-05,0.0,0.0,32,256
sphere,2.000000,none,0,0.000124029,0.0,0.0,32,256
sphere,2.000000,none,0,8.2697e-05,0.0,0.0,32,256
sphere,2.000000,none,0,0.000159233,0.0,0.0,32,256
sphere,2.000000,none,0,0.000152428,0.0,0.0,32,256
sphere,2.000000,none,0,0.000129607,0.0,0.0,32,256
sphere,2.000000,none,0,0.00017906,0.0,0.0,32,256
sphere,2.000000,none,0,9.2027e-05,0.0,0.0,32,256
sphere,2.000000,none,0,3.8427e-05,0.0,0.0,32,256
sphere,2.000000,none,0,0.000115511,0.0,0.0,32,256
sphere,2.000000,none,0,0.000128369,0.0,0.0,32,256
sphere,2.000000,none,0,6.3054e-05,0.0,0.0,32,256
sphere,2.000000,none,0,0.000123954,0.0,0.0,32,256
sphere,2.000000,none,0,0.000107285,0.0,0.0,32,256
sphere,2.000000,none,0,0.000137087,0.0,0.0,32,256
sphere,2.000000,none,0,0.000131395,0.0,0.0,32,256
sphere,2.000000,none,0,8.2348e-05,0.0,0.0,32,256
sphere,2.000000,none,0,0.000137429,0.0,0.0,32,256
sphere,2.000000,none,0,0.000111011,0.0,0.0,32,256
sphere,2.000000,none,0,0.000135825,0.0,0.0,32,256
sphere,2.000000,none,0,0.00013185,0.0,0.0,32,256
sphere,2.000000,none,0,5.4431e-05,0.0,0.0,32,256
sphere,2.000000,none,0,9.2681e-05,0.0,0.0,32,256
sphere,2.000000,none,0,5.5141e-05,0.0,0.0,32,256
sphere,2.000000,none,0,0.00013207,0.0,0.0,32,256
sphere,2.000000,none,0,0.000132441,0.0,0.0,32,256
sphere,2.000000,none,0,0.000151996,0.0,0.0,32,256
sphere,2.000000,none,0,8.8644e-05,0.0,0.0,32,256
sphere,2.000000,none,0,0.000130207,0.0,0.0,32,256
sphere,2.000000,none,0,9.8806e-05,0.0,0.0,32,256
sphere,2.000000,none,0,0.000117974,0.0,0.0,32,256
sphere,2.000000,none,0,8.3106e-05,0.0,0.0,32,256
sphere,2.000000,none,0,0.000132829,0.0,0.0,32,256
sphere,2.000000,none,0,0.000113783,0.0,0.0,32,256
sphere,2.000000,none,0,8.8285e-05,0.0,0.0,32,256
sphere,2.000000,none,0,3.3312e-05,0.0,0.0,32,256
sphere,2.000000,none,0,0.000100835,0.0,0.0,32,256
sphere,2.000000,none,0,0.000158433,0.0,0.0,32,256
sphere,2.000000,none,0,7.3953e-05,0.0,0.0,32,256
sphere,2.000000,none,0,0.000114403,0.0,0.0,32,256
sphere,2.000000,none,0,0.000120753,0.0,0.0,32,256
sphere,2.000000,none,0,0.00013226,0.0,0.0,32,256
sphere,2.000000,none,0,0.000138366,0.0,0.0,32,256
sphere,2.000000,none,0,0.000168303,0.0,0.0,32,256
sphere,2.000000,none,0,8.9945e-05,0.0,0.0,32,256
sphere,2.000000,none,0,0.000129532,0.0,0.0,32,256
sphere,2.000000,none,0,0.000131526,0.0,0.0,32,256
sphere,2.000000,none,0,1.4474e-05,0.0,0.0,32,256
sphere,2.000000,none,0,0.000141323,0.0,0.0,32,256
sphere,2.000000,none,0,0.0001029,0.0,0.0,32,256
sphere,2.000000,none,0,7.1744e-05,0.0,0.0,32,256
sphere,2.000000,none,0,0.000138984,0.0,0.0,32,256
sphere,2.000000,none,0,0.000111267,0.0,0.0,32,256
sphere,2.000000,none,0,0.00018449,0.0,0.0,32,256
sphere,2.000000,none,0,0.000127466,0.0,0.0,32,256
sphere,2.000000,none,0,9.6624e-05,0.0,0.0,32,256
sphere,2.000000,none,0,0.00014539,0.0,0.0,32,256
sphere,2.000000,none,0,0.000144998,0.0,0.0,32,256
sphere,2.000000,none,0,0.000169186,0.0,0.0,32,256
sphere,2.000000,none,0,5.5603e-05,0.0,0.0,32,256
sphere,2.000000,none,0,0.000201859,0.0,0.0,32,256
sphere,2.000000,none,0,8.6121e-05,0.0,0.0,32,256
sphere,2.000000,none,0,0.000144178,0.0,0.0,32,256
sphere,2.000000,none,0,0.000125607,0.0,0.0,32,256
sphere,2.000000,none,0,0.000105115,0.0,0.0,32,256
sphere,2.000000,none,0,0.00013458,0.0,0.0,32,256
sphere,2.000000,none,0,0.000130309,0.0,0.0,32,256
sphere,2.000000,none,0,0.000125398,0.0,0.0,32,256
sphere,2.000000,none,0,0.000111564,0.0,0.0,32,256
sphere,2.000000,none,0,4.4663e-05,0.0,0.0,32,256
sphere,2.000000,none,0,0.000154827,0.0,0.0,32,256
sphere,2.000000,none,0,0.000140626,0.0,0.0,32,256
sphere,2.000000,none,0,0.000130068,0.0,0.0,32,256
sphere,2.000000,none,0,0.000104051,0.0,0.0,32,256
sphere,2.000000,none,0,0.000109549,0.0,0.0,32,256
sphere,2.000000,none,0,9.4883e-05,0.0,0.0,32,256
sphere,2.000000,none,0,0.000141343,0.0,0.0,32,256
sphere,2.000000,none,0,0.000127872,0.0,0.0,32,256
sphere,2.000000,none,0,9.3723e-05,0.0,0.0,32,256
sphere,2.000000,none,0,8.4634e-05,0.0,0.0,32,256
sphere,2.000000,none,0,0.000135435,0.0,0.0,32,256
sphere,2.000000,none,0,1.5011e-05,0.0,0.0,32,256
sphere,2.000000,none,0,0.000154667,0.0,0.0,32,256
sphere,2.000000,none,0,9.2605e-05,0.0,0.0,32,256
sphere,2.000000,none,0,9.1086e-05,0.0,0.0,32,256
sphere,2.000000,none,0,0.000117605,0.0,0.0,32,256
sphere,2.000000,none,0,9.5058e-05,0.0,0.0,32,256
sphere,2.000000,none,0,0.000148591,0.0,0.0,32,256
sphere,2.000000,none,0,0.000457781,0.0,0.0,32,256
sphere,2.000000,none,0,0.000111608,0.0,0.0,32,256
sphere,2.000000,none,0,0.000115654,0.0,0.0,32,256
sphere,2.000000,none,0,0.00014726,0.0,0.0,32,256
sphere,2.000000,none,0,4.4469e-05,0.0,0.0,32,256
sphere,2.000000,none,0,0.000331016,0.0,0.0,32,256
sphere,2.000000,none,0,0.0001405,0.0,0.0,32,256
sphere,2.000000,none,0,8.5117e-05,0.0,0.0,32,256
sphere,2.000000,none,0,0.000114363,0.0,0.0,32,256
sphere,2.000000,none,0,0.000108684,0.0,0.0,32,256
sphere,2.000000,none,0,8.7395e-05,0.0,0.0,32,256
sphere,2.000000,none,0,0.000123796,0.0,0.0,32,256
sphere,2.000000,none,0,0.000123042,0.0,0.0,32,256
sphere,2.000000,none,0,0.000110026,0.0,0.0,32,256
sphere,2.000000,none,0,0.000117953,0.0,0.0,32,256
sphere,2.000000,none,0,0.000105811,0.0,0.0,32,256
sphere,2.000000,none,0,6.5367e-05,0.0,0.0,32,256
sphere,2.000000,none,0,0.00013922,0.0,0.0,32,256
sphere,2.000000,none,0,0.000138919,0.0,0.0,32,256
sphere,2.000000,none,0,8.7552e-05,0.0,0.0,32,256
sphere,2.000000,none,0,0.000188199,0.0,0.0,32,256
sphere,2.000000,none,0,0.000123585,0.0,0.0,32,256
sphere,2.000000,none,0,0.000126768,0.0,0.0,32,256
sphere,2.000000,none,0,0.000142904,0.0,0.0,32,256
sphere,2.000000,none,0,0.000154522,0.0,0.0,32,256
sphere,2.000000,none,0,0.000106637,0.0,0.0,32,256
sphere,2.000000,none,0,0.000114215,0.0,0.0,32,256
sphere,2.000000,none,0,7.623e-05,0.0,0.0,32,256
sphere,2.000000,none,0,8.3272e-05,0.0,0.0,32,256
sphere,2.000000,none,0,0.000115925,0.0,0.0,32,256
sphere,2.000000,none,0,0.000163902,0.0,0.0,32,256
sphere,2.000000,none,0,9.1927e-05,0.0,0.0,32,256
sphere,2.000000,none,0,0.000130907,0.0,0.0,32,256
sphere,2.000000,none,0,0.000113097,0.0,0.0,32,256
sphere,2.000000,none,0,0.000139273,0.0,0.0,32,256
sphere,2.000000,none,0,0.000143767,0.0,0.0,32,256
sphere,2.000000,none,0,4.4417e-05,0.0,0.0,32,256
sphere,2.000000,none,0,0.000151811,0.0,0.0,32,256
sphere,2.000000,none,0,0.000105636,0.0,0.0,32,256
sphere,2.000000,none,0,0.000109318,0.0,0.0,32,256
sphere,2.000000,none,0,0.000111637,0.0,0.0,32,256
sphere,2.000000,none,0,0.000121759,0.0,0.0,32,256
sphere,2.000000,none,0,9.4283e-05,0.0,0.0,32,256
sphere,2.000000,none,0,2.0727e-05,0.0,0.0,32,256
sphere,2.000000,none,0,0.000145339,0.0,0.0,32,256
sphere,2.000000,none,0,0.000110742,0.0,0.0,32,256
sphere,2.000000,none,0,0.000119546,0.0,0.0,32,256
sphere,2.000000,none,0,0.000146002,0.0,0.0,32,256
sphere,2.000000,none,0,0.000134976,0.0,0.0,32,256
sphere,2.000000,none,0,9.9043e-05,0.0,0.0,32,256
sphere,2.000000,none,0,0.000135792,0.0,0.0,32,256
sphere,2.000000,none,0,0.000170213,0.0,0.0,32,256
sphere,2.000000,none,0,0.000105188,0.0,0.0,32,256
sphere,2.000000,none,0,0.000179834,0.0,0.0,32,256
sphere,2.000000,none,0,0.000151446,0.0,0.0,32,256
sphere,2.000000,none,0,0.000100706,0.0,0.0,32,256
sphere,2.000000,none,0,0.000135778,0.0,0.0,32,256
sphere,2.000000,none,0,0.000108794,0.0,0.0,32,256
sphere,2.000000,none,0,0.0001071,0.0,0.0,32,256
sphere,2.000000,none,0,0.00016757,0.0,0.0,32,256
sphere,2.000000,none,0,0.00012304,0.0,0.0,32,256
sphere,2.000000,none,0,0.000114021,0.0,0.0,32,256
sphere,2.000000,none,0,0.000103124,0.0,0.0,32,256
sphere,2.000000,none,0,9.6873e-05,0.0,0.0,32,256
sphere,2.000000,none,0,6.8059e-05,0.0,0.0,32,256
sphere,2.000000,none,0,0.00012765,0.0,0.0,32,256
sphere,2.000000,none,0,0.000143097,0.0,0.0,32,256
sphere,2.000000,none,0,5.8289e-05,0.0,0.0,32,256
sphere,2.000000,none,0,0.000135221,0.0,0.0,32,256
sphere,2.000000,none,0,0.000106502,0.0,0.0,32,256
sphere,2.000000,none,0,7.118e-05,0.0,0.0,32,256
sphere,2.000000,none,0,7.7175e-05,0.0,0.0,32,256
sphere,2.000000,none,0,0.000135406,0.0,0.0,32,256
sphere,2.000000,none,0,8.4371e-05,0.0,0.0,32,256
sphere,2.000000,none,0,0.000137778,0.0,0.0,32,256
sphere,2.000000,none,0,0.000130237,0.0,0.0,32,256
sphere,2.000000,none,0,0.000144359,0.0,0.0,32,256
sphere,2.000000,none,0,0.000129149,0.0,0.0,32,256
sphere,2.000000,none,0,0.000106832,0.0,0.0,32,256
sphere,2.000000,none,0,9.5554e-05,0.0,0.0,32,256
sphere,2.000000,none,0,0.000115615,0.0,0.0,32,256
sphere,2.000000,none,0,7.7754e-05,0.0,0.0,32,256
sphere,2.000000,none,0,0.000137696,0.0,0.0,32,256
sphere,2.000000,none,0,0.000129029,0.0,0.0,32,256
sphere,2.000000,none,0,7.7872e-05,0.0,0.0,32,256
sphere,2.000000,none,0,0.000111497,0.0,0.0,32,256
sphere,2.000000,none,0,0.00012753,0.0,0.0,32,256
sphere,2.000000,none,0,2.8115e-05,0.0,0.0,32,256
sphere,2.000000,none,0,0.000118222,0.0,0.0,32,256
sphere,2.000000,none,0,0.000152528,0.0,0.0,32,256
sphere,2.000000,none,0,0.000139727,0.0,0.0,32,256
sphere,2.000000,none,0,0.000141731,0.0,0.0,32,256
sphere,2.000000,none,0,9.7348e-05,0.0,0.0,32,256
sphere,2.000000,none,0,0.000203144,0.0,0.0,32,256
sphere,2.000000,none,0,0.00013518,0.0,0.0,32,256
sphere,2.000000,none,0,0.000130279,0.0,0.0,32,256
sphere,2.000000,none,0,0.000145286,0.0,0.0,32,256
sphere,2.000000,none,0,0.000163127,0.0,0.0,32,256
sphere,2.000000,none,0,0.000154935,0.0,0.0,32,256
sphere,2.000000,none,0,0.000147471,0.0,0.0,32,256
sphere,2.000000,none,0,0.000140649,0.0,0.0,32,256
sphere,2.000000,none,0,0.000163938,0.0,0.0,32,256
sphere,2.000000,none,0,0.000111818,0.0,0.0,32,256
sphere,2.000000,none,0,0.000216057,0.0,0.0,32,256
sphere,2.000000,none,0,0.000178312,0.0,0.0,32,256
sphere,2.000000,none,0,8.4281e-05,0.0,0.0,32,256
sphere,2.000000,none,0,0.000124728,0.0,0.0,32,256
sphere,2.000000,none,0,2.9733e-05,0.0,0.0,32,256
sphere,2.000000,none,0,0.000135189,0.0,0.0,32,256
sphere,2.000000,none,0,0.000118077,0.0,0.0,32,256
sphere,2.000000,none,0,6.1026e-05,0.0,0.0,32,256
sphere,2.000000,none,0,0.000153108,0.0,0.0,32,256
sphere,2.000000,none,0,9.1522e-05,0.0,0.0,32,256
sphere,2.000000,none,0,0.000139075,0.0,0.0,32,256
sphere,2.000000,none,0,0.000137636,0.0,0.0,32,256
sphere,2.000000,none,0,0.000124167,0.0,0.0,32,256
sphere,2.000000,none,0,0.000161888,0.0,0.0,32,256
sphere,2.000000,none,0,5.9645e-05,0.0,0.0,32,256
sphere,2.000000,none,0,0.000169191,0.0,0.0,32,256
sphere,2.000000,none,0,0.000205938,0.0,0.0,32,256
sphere,2.000000,none,0,0.000148263,0.0,0.0,32,256
sphere,2.000000,none,0,0.000185539,0.0,0.0,32,256
sphere,2.000000,none,0,0.000135263,0.0,0.0,32,256
sphere,2.000000,none,0,0.000122562,0.0,0.0,32,256
sphere,2.000000,none,0,6.9672e-05,0.0,0.0,32,256
sphere,2.000000,none,0,8.9446e-05,0.0,0.0,32,256
sphere,2.000000,none,0,0.000121913,0.0,0.0,32,256
sphere,2.000000,none,0,0.000130563,0.0,0.0,32,256
sphere,2.000000,none,0,0.000129803,0.0,0.0,32,256
sphere,2.000000,none,0,0.000164042,0.0,0.0,32,256
sphere,2.000000,none,0,0.000167717,0.0,0.0,32,256
sphere,2.000000,none,0,6.746e-05,0.0,0.0,32,256
sphere,2.000000,none,0,0.000122223,0.0,0.0,32,256
sphere,2.000000,none,0,0.000152426,0.0,0.0,32,256
sphere,2.000000,none,0,0.000157202,0.0,0.0,32,256
sphere,2.000000,none,0,0.00014893,0.0,0.0,32,256
sphere,2.000000,none,0,0.000140487,0.0,0.0,32,256
sphere,2.000000,none,0,0.000113597,0.0,0.0,32,256
sphere,2.000000,none,0,0.00012557,0.0,0.0,32,256
sphere,2.000000,none,0,7.0939e-05,0.0,0.0,32,256
sphere,2.000000,none,0,0.000156738,0.0,0.0,32,256
sphere,2.000000,none,0,0.000125335,0.0,0.0,32,256
sphere,2.000000,none,0,0.000116342,0.0,0.0,32,256
sphere,2.000000,none,0,2.8467e-05,0.0,0.0,32,256
sphere,2.000000,none,0,0.000114673,0.0,0.0,32,256
sphere,2.000000,none,0,5.2617e-05,0.0,0.0,32,256
sphere,2.000000,none,0,5.9368e-05,0.0,0.0,32,256
sphere,2.000000,none,0,0.000126623,0.0,0.0,32,256
sphere,2.000000,none,0,5.473e-05,0.0,0.0,32,256
sphere,2.000000,none,0,0.000108446,0.0,0.0,32,256
sphere,2.000000,none,0,0.000122122,0.0,0.0,32,256
sphere,2.000000,none,0,0.000141132,0.0,0.0,32,256
sphere,2.000000,none,0,0.000110565,0.0,0.0,32,256
sphere,2.000000,none,0,0.000121671,0.0,0.0,32,256
sphere,2.000000,none,0,8.0141e-05,0.0,0.0,32,256
sphere,2.000000,none,0,8.5823e-05,0.0,0.0,32,256
sphere,2.000000,none,0,0.000103847,0.0,0.0,32,256
sphere,2.000000,none,0,0.000145906,0.0,0.0,32,256
sphere,2.000000,none,0,0.000113418,0.0,0.0,32,256
sphere,2.000000,none,0,0.00012079,0.0,0.0,32,256
sphere,2.000000,none,0,7.2438e-05,0.0,0.0,32,256
sphere,2.000000,none,0,0.000114848,0.0,0.0,32,256
sphere,2.000000,none,0,0.000143448,0.0,0.0,32,256
sphere,2.000000,none,0,0.000114976,0.0,0.0,32,256
sphere,2.000000,none,0,0.00013699,0.0,0.0,32,256
sphere,2.000000,none,0,0.000101459,0.0,0.0,32,256
sphere,2.000000,none,0,0.000186301,0.0,0.0,32,256
sphere,2.000000,none,0,0.000133822,0.0,0.0,32,256
sphere,2.000000,none,0,0.000141584,0.0,0.0,32,256
sphere,2.000000,none,0,0.000108713,0.0,0.0,32,256
sphere,2.000000,none,0,9.8976e-05,0.0,0.0,32,256
sphere,2.000000,none,0,0.000104135,0.0,0.0,32,256
sphere,2.000000,none,0,0.000125207,0.0,0.0,32,256
sphere,2.000000,none,0,0.000124824,0.0,0.0,32,256
sphere,2.000000,none,0,0.000122208,0.0,0.0,32,256
sphere,2.000000,none,0,0.000126301,0.0,0.0,32,256
sphere,2.000000,none,0,0.000123383,0.0,0.0,32,256
sphere,2.000000,none,0,9.7737e-05,0.0,0.0,32,256
sphere,2.000000,none,0,0.000166572,0.0,0.0,32,256
sphere,2.000000,none,0,7.8286e-05,0.0,0.0,32,256
sphere,2.000000,none,0,0.000132724,0.0,0.0,32,256
sphere,2.000000,none,0,4.179e-06,0.0,0.0,32,256
sphere,2.000000,none,0,9.0153e-05,0.0,0.0,32,256
sphere,2.000000,none,0,1.7231e-05,0.0,0.0,32,256
sphere,2.000000,none,0,9.4509e-05,0.0,0.0,32,256
sphere,2.000000,none,0,7.519e-05,0.0,0.0,32,256
sphere,2.000000,none,0,0.000120192,0.0,0.0,32,256
sphere,2.000000,none,0,0.000148875,0.0,0.0,32,256
sphere,2.000000,none,0,0.000140033,0.0,0.0,32,256
sphere,2.000000,none,0,5.2386e-05,0.0,0.0,32,256
sphere,2.000000,none,0,0.000145857,0.0,0.0,32,256
sphere,2.000000,none,0,0.000136466,0.0,0.0,32,256
sphere,2.000000,none,0,0.000135829,0.0,0.0,32,256
sphere,2.000000,none,0,0.000142752,0.0,0.0,32,256
sphere,2.000000,none,0,0.000110339,0.0,0.0,32,256
sphere,2.000000,none,0,9.3305e-05,0.0,0.0,32,256
sphere,2.000000,none,0,0.000110251,0.0,0.0,32,256
sphere,2.000000,none,0,8.5207e-05,0.0,0.0,32,256
sphere,2.000000,none,0,0.000113889,0.0,0.0,32,256
sphere,2.000000,none,0,0.000120148,0.0,0.0,32,256
sphere,2.000000,none,0,0.000125941,0.0,0.0,32,256
sphere,2.000000,none,0,8.9031e-05,0.0,0.0,32,256
sphere,2.000000,none,0,0.00010895,0.0,0.0,32,256
sphere,2.000000,none,0,6.0421e-05,0.0,0.0,32,256
sphere,2.000000,none,0,0.000139253,0.0,0.0,32,256
sphere,2.000000,none,0,9.4078e-05,0.0,0.0,32,256
sphere,2.000000,none,0,0.000142382,0.0,0.0,32,256
sphere,2.000000,none,0,0.000106284,0.0,0.0,32,256
sphere,2.000000,none,0,0.000118934,0.0,0.0,32,256
sphere,2.000000,none,0,0.000112754,0.0,0.0,32,256
sphere,2.000000,none,0,0.000127455,0.0,0.0,32,256
sphere,2.000000,none,0,0.000170908,0.0,0.0,32,256
sphere,2.000000,none,0,0.00016253,0.0,0.0,32,256
sphere,2.000000,none,0,0.000148729,0.0,0.0,32,256
sphere,2.000000,none,0,8.9436e-05,0.0,0.0,32,256
sphere,2.000000,none,0,0.000161224,0.0,0.0,32,256
sphere,2.000000,none,0,0.000142195,0.0,0.0,32,256
sphere,2.000000,none,0,0.000125964,0.0,0.0,32,256
sphere,2.000000,none,0,0.000132486,0.0,0.0,32,256
sphere,2.000000,none,0,0.0001384,0.0,0.0,32,256
sphere,2.000000,none,0,0.000117586,0.0,0.0,32,256
sphere,2.000000,none,0,0.00014968,0.0,0.0,32,256
sphere,2.000000,none,0,0.000135157,0.0,0.0,32,256
sphere,2.000000,none,0,0.000166453,0.0,0.0,32,256
sphere,2.000000,none,0,6.7469e-05,0.0,0.0,32,256
sphere,2.000000,none,0,0.000115122,0.0,0.0,32,256
sphere,2.000000,none,0,0.000127153,0.0,0.0,32,256
sphere,2.000000,none,0,8.2858e-05,0.0,0.0,32,256
sphere,2.000000,none,0,0.000145024,0.0,0.0,32,256
sphere,2.000000,none,0,0.000126788,0.0,0.0,32,256
sphere,2.000000,none,0,0.000123943,0.0,0.0,32,256
sphere,2.000000,none,0,0.000147293,0.0,0.0,32,256
sphere,2.000000,none,0,0.00018776,0.0,0.0,32,256
sphere,2.000000,none,0,0.000140384,0.0,0.0,32,256
sphere,2.000000,none,0,7.8041e-05,0.0,0.0,32,256
sphere,2.000000,none,0,0.000141735,0.0,0.0,32,256
sphere,2.000000,none,0,0.000136682,0.0,0.0,32,256
sphere,2.000000,none,0,0.000105371,0.0,0.0,32,256
sphere,2.000000,none,0,7.9977e-05,0.0,0.0,32,256
sphere,2.000000,none,0,0.000143288,0.0,0.0,32,256
sphere,2.000000,none,0,0.000120232,0.0,0.0,32,256
sphere,2.000000,none,0,8.477e-05,0.0,0.0,32,256
sphere,2.000000,none,0,0.000132023,0.0,0.0,32,256
sphere,2.000000,none,0,0.000128172,0.0,0.0,32,256
sphere,2.000000,none,0,7.7443e-05,0.0,0.0,32,256
sphere,2.000000,none,0,0.000120349,0.0,0.0,32,256
sphere,2.000000,none,0,2.6606e-05,0.0,0.0,32,256
sphere,2.000000,none,0,0.000173598,0.0,0.0,32,256
sphere,2.000000,none,0,0.000106521,0.0,0.0,32,256
sphere,2.000000,none,0,1.8697e-05,0.0,0.0,32,256
sphere,2.000000,none,0,0.000147869,0.0,0.0,32,256
sphere,2.000000,none,0,0.000138628,0.0,0.0,32,256
sphere,2.000000,none,0,0.000126451,0.0,0.0,32,256
sphere,2.000000,none,0,3.279e-05,0.0,0.0,32,256
sphere,2.000000,none,0,0.000175344,0.0,0.0,32,256
sphere,2.000000,none,0,0.00013949,0.0,0.0,32,256
sphere,2.000000,none,0,0.000116865,0.0,0.0,32,256
sphere,2.000000,none,0,0.000107625,0.0,0.0,32,256
sphere,2.000000,none,0,0.000134982,0.0,0.0,32,256
sphere,2.000000,none,0,0.000134675,0.0,0.0,32,256
sphere,2.000000,none,0,0.000132094,0.0,0.0,32,256
sphere,2.000000,none,0,9.1436e-05,0.0,0.0,32,256
sphere,2.000000,none,0,0.000137378,0.0,0.0,32,256
sphere,2.000000,none,0,8.5266e-05,0.0,0.0,32,256
sphere,2.000000,none,0,6.0399e-05,0.0,0.0,32,256
sphere,2.000000,none,0,0.000151317,0.0,0.0,32,256
sphere,2.000000,none,0,0.000125599,0.0,0.0,32,256
sphere,2.000000,none,0,3.794e-05,0.0,0.0,32,256
sphere,2.000000,none,0,0.000194034,0.0,0.0,32,256
sphere,2.000000,none,0,0.000117728,0.0,0.0,32,256
sphere,2.000000,none,0,0.000122045,0.0,0.0,32,256
sphere,2.000000,none,0,0.000102202,0.0,0.0,32,256
sphere,2.000000,none,0,3.6105e-05,0.0,0.0,32,256
sphere,2.000000,none,0,0.00017024,0.0,0.0,32,256
sphere,2.000000,none,0,0.000129036,0.0,0.0,32,256
sphere,2.000000,none,0,1.9718e-05,0.0,0.0,32,256
sphere,2.000000,none,0,0.000122706,0.0,0.0,32,256
sphere,2.000000,none,0,7.8232e-05,0.0,0.0,32,256
sphere,2.000000,none,0,3.4695e-05,0.0,0.0,32,256
sphere,2.000000,none,0,0.000100009,0.0,0.0,32,256
sphere,2.000000,none,0,0.00012705,0.0,0.0,32,256
sphere,2.000000,none,0,1.8071e-05,0.0,0.0,32,256
sphere,2.000000,none,0,6.8992e-05,0.0,0.0,32,256
sphere,2.000000,none,0,8.5067e-05,0.0,0.0,32,256
sphere,2.000000,none,0,9.6378e-05,0.0,0.0,32,256
sphere,2.000000,none,0,0.000162497,0.0,0.0,32,256
sphere,2.000000,none,0,0.000122102,0.0,0.0,32,256
sphere,2.000000,none,0,0.000153996,0.0,0.0,32,256
sphere,2.000000,none,0,0.000104198,0.0,0.0,32,256
sphere,2.000000,none,0,8.9528e-05,0.0,0.0,32,256
sphere,2.000000,none,0,0.000138067,0.0,0.0,32,256
sphere,2.000000,none,0,9.0385e-05,0.0,0.0,32,256
cube,2.000000,none,0,4.5498e-05,0.0,0.0,32,256
cube,2.000000,none,0,0.000169807,0.0,0.0,32,256
cube,2.000000,none,0,0.000111655,0.0,0.0,32,256
cube,2.000000,none,0,0.000129098,0.0,0.0,32,256
cube,2.000000,none,0,0.000181665,0.0,0.0,32,256
cube,2.000000,none,0,0.000131041,0.0,0.0,32,256
cube,2.000000,none,0,0.000160318,0.0,0.0,32,256
cube,2.000000,none,0,0.000142506,0.0,0.0,32,256
cube,2.000000,none,0,0.000153621,0.0,0.0,32,256
cube,2.000000,none,0,0.000121031,0.0,0.0,32,256
cube,2.000000,none,0,0.000118041,0.0,0.0,32,256
cube,2.000000,none,0,0.000134158,0.0,0.0,32,256
cube,2.000000,none,0,0.000100001,0.0,0.0,32,256
cube,2.000000,none,0,0.000173759,0.0,0.0,32,256
cube,2.000000,none,0,0.000176015,0.0,0.0,32,256
cube,2.000000,none,0,0.000143442,0.0,0.0,32,256
cube,2.000000,none,0,0.000146959,0.0,0.0,32,256
cube,2.000000,none,0,0.000134743,0.0,0.0,32,256
cube,2.000000,none,0,0.000137731,0.0,0.0,32,256
cube,2.000000,none,0,0.000188532,0.0,0.0,32,256
cube,2.000000,none,0,0.000133471,0.0,0.0,32,256
cube,2.000000,none,0,0.000137679,0.0,0.0,32,256
cube,2.000000,none,0,6.8816e-05,0.0,0.0,32,256
cube,2.000000,none,0,0.000171164,0.0,0.0,32,256
cube,2.000000,none,0,0.000122607,0.0,0.0,32,256
cube,2.000000,none,0,1.6816e-05,0.0,0.0,32,256
cube,2.000000,none,0,8.8754e-05,0.0,0.0,32,256
cube,2.000000,none,0,1.7866e-05,0.0,0.0,32,256
cube,2.000000,none,0,0.000117663,0.0,0.0,32,256
cube,2.000000,none,0,0.000153395,0.0,0.0,32,256
cube,2.000000,none,0,9.617e-05,0.0,0.0,32,256
cube,2.000000,none,0,0.000175281,0.0,0.0,32,256
cube,2.000000,none,0,0.000203875,0.0,0.0,32,256
cube,2.000000,none,0,0.000135804,0.0,0.0,32,256
cube,2.000000,none,0,0.000102093,0.0,0.0,32,256
cube,2.000000,none,0,0.000163283,0.0,0.0,32,256
cube,2.000000,none,0,0.000140209,0.0,0.0,32,256
cube,2.000000,none,0,0.000162155,0.0,0.0,32,256
cube,2.000000,none,0,9.0788e-05,0.0,0.0,32,256
cube,2.000000,none,0,9.7049e-05,0.0,0.0,32,256
cube,2.000000,none,0,0.000100975,0.0,0.0,32,256
cube,2.000000,none,0,6.6702e-05,0.0,0.0,32,256
cube,2.000000,none,0,0.000105761,0.0,0.0,32,256
cube,2.000000,none,0,0.000143149,0.0,0.0,32,256
cube,2.000000,none,0,4.1807e-05,0.0,0.0,32,256
cube,2.000000,none,0,0.000127817,0.0,0.0,32,256
cube,2.000000,none,0,0.00011403,0.0,0.0,32,256
cube,2.000000,none,0,0.000147277,0.0,0.0,32,256
cube,2.000000,none,0,0.000173685,0.0,0.0,32,256
cube,2.000000,none,0,0.000129155,0.0,0.0,32,256
cube,2.000000,none,0,0.000102769,0.0,0.0,32,256
cube,2.000000,none,0,0.000105222,0.0,0.0,32,256
cube,2.000000,none,0,0.000113828,0.0,0.0,32,256
cube,2.000000,none,0,8.958e-05,0.0,0.0,32,256
cube,2.000000,none,0,0.000188553,0.0,0.0,32,256
cube,2.000000,none,0,0.000126606,0.0,0.0,32,256
cube,2.000000,none,0,0.000192841,0.0,0.0,32,256
cube,2.000000,none,0,0.000157098,0.0,0.0,32,256
cube,2.000000,none,0,0.000230473,0.0,0.0,32,256
cube,2.000000,none,0,0.000202155,0.0,0.0,32,256
cube,2.000000,none,0,0.000160548,0.0,0.0,32,256
cube,2.000000,none,0,0.00012449,0.0,0.0,32,256
cube,2.000000,none,0,0.000145749,0.0,0.0,32,256
cube,2.000000,none,0,0.000149374,0.0,0.0,32,256
cube,2.000000,none,0,0.000121438,0.0,0.0,32,256
cube,2.000000,none,0,0.000153998,0.0,0.0,32,256
cube,2.000000,none,0,8.3816e-05,0.0,0.0,32,256
cube,2.000000,none,0,0.000131191,0.0,0.0,32,256
cube,2.000000,none,0,0.000132302,0.0,0.0,32,256
cube,2.000000,none,0,0.000145872,0.0,0.0,32,256
cube,2.000000,none,0,0.000189549,0.0,0.0,32,256
cube,2.000000,none,0,0.000131463,0.0,0.0,32,256
cube,2.000000,none,0,0.000172212,0.0,0.0,32,256
cube,2.000000,none,0,0.000164169,0.0,0.0,32,256
cube,2.000000,none,0,0.000132224,0.0,0.0,32,256
cube,2.000000,none,0,0.000115104,0.0,0.0,32,256
cube,2.000000,none,0,0.000138434,0.0,0.0,32,256
cube,2.000000,none,0,0.000116841,0.0,0.0,32,256
cube,2.000000,none,0,0.00021638,0.0,0.0,32,256
cube,2.000000,none,0,0.000239071,0.0,0.0,32,256
cube,2.000000,none,0,0.000133284,0.0,0.0,32,256
cube,2.000000,none,0,0.000124002,0.0,0.0,32,256
cube,2.000000,none,0,0.000301424,0.0,0.0,32,256
cube,2.000000,none,0,0.000140353,0.0,0.0,32,256
cube,2.000000,none,0,0.000120155,0.0,0.0,32,256
cube,2.000000,none,0,0.000106038,0.0,0.0,32,256
cube,2.000000,none,0,0.000172702,0.0,0.0,32,256
cube,2.000000,none,0,4.692e-05,0.0,0.0,32,256
cube,2.000000,none,0,8.7181e-05,0.0,0.0,32,256
cube,2.000000,none,0,0.000121843,0.0,0.0,32,256
cube,2.000000,none,0,0.00015617,0.0,0.0,32,256
cube,2.000000,none,0,0.000166546,0.0,0.0,32,256
cube,2.000000,none,0,0.000181667,0.0,0.0,32,256
cube,2.000000,none,0,0.000101833,0.0,0.0,32,256
cube,2.000000,none,0,0.000107631,0.0,0.0,32,256
cube,2.000000,none,0,7.6997e-05,0.0,0.0,32,256
cube,2.000000,none,0,0.000168183,0.0,0.0,32,256
cube,2.000000,none,0,0.000121903,0.0,0.0,32,256
cube,2.000000,none,0,0.000131081,0.0,0.0,32,256
cube,2.000000,none,0,0.000132545,0.0,0.0,32,256
cube,2.000000,none,0,0.000107904,0.0,0.0,32,256
cube,2.000000,none,0,0.000228358,0.0,0.0,32,256
cube,2.000000,none,0,0.000205629,0.0,0.0,32,256
cube,2.000000,none,0,0.000178291,0.0,0.0,32,256
cube,2.000000,none,0,8.1644e-05,0.0,0.0,32,256
cube,2.000000,none,0,3.4089e-05,0.0,0.0,32,256
cube,2.000000,none,0,0.000133001,0.0,0.0,32,256
cube,2.000000,none,0,6.1743e-05,0.0,0.0,32,256
cube,2.000000,none,0,0.000133788,0.0,0.0,32,256
cube,2.000000,none,0,0.000149697,0.0,0.0,32,256
cube,2.000000,none,0,0.000157506,0.0,0.0,32,256
cube,2.000000,none,0,0.000119411,0.0,0.0,32,256
cube,2.000000,none,0,0.000138333,0.0,0.0,32,256
cube,2.000000,none,0,0.000162965,0.0,0.0,32,256
cube,2.000000,none,0,0.000131302,0.0,0.0,32,256
cube,2.000000,none,0,0.000132202,0.0,0.0,32,256
cube,2.000000,none,0,0.000140387,0.0,0.0,32,256
cube,2.000000,none,0,0.000101605,0.0,0.0,32,256
cube,2.000000,none,0,0.00132099,0.0,0.0,32,256
cube,2.000000,none,0,0.000131342,0.0,0.0,32,256
cube,2.000000,none,0,7.7489e-05,0.0,0.0,32,256
cube,2.000000,none,0,0.000142847,0.0,0.0,32,256
cube,2.000000,none,0,8.9257e-05,0.0,0.0,32,256
cube,2.000000,none,0,0.000159592,0.0,0.0,32,256
cube,2.000000,none,0,0.000147376,0.0,0.0,32,256
cube,2.000000,none,0,0.000148707,0.0,0.0,32,256
cube,2.000000,none,0,0.000138946,0.0,0.0,32,256
cube,2.000000,none,0,9.1854e-05,0.0,0.0,32,256
cube,2.000000,none,0,8.4023e-05,0.0,0.0,32,256
cube,2.000000,none,0,0.000130418,0.0,0.0,32,256
cube,2.000000,none,0,0.000135035,0.0,0.0,32,256
cube,2.000000,none,0,8.8414e-05,0.0,0.0,32,256
cube,2.000000,none,0,0.00016343,0.0,0.0,32,256
cube,2.000000,none,0,0.000152738,0.0,0.0,32,256
cube,2.000000,none,0,0.000178882,0.0,0.0,32,256
cube,2.000000,none,0,0.000147502,0.0,0.0,32,256
cube,2.000000,none,0,9.5672e-05,0.0,0.0,32,256
cube,2.000000,none,0,0.000134781,0.0,0.0,32,256
cube,2.000000,none,0,0.000146082,0.0,0.0,32,256
cube,2.000000,none,0,0.000134097,0.0,0.0,32,256
cube,2.000000,none,0,0.000141511,0.0,0.0,32,256
cube,2.000000,none,0,7.6067e-05,0.0,0.0,32,256
cube,2.000000,none,0,0.000141629,0.0,0.0,32,256
cube,2.000000,none,0,5.882e-05,0.0,0.0,32,256
cube,2.000000,none,0,0.0001613,0.0,0.0,32,256
cube,2.000000,none,0,0.000123464,0.0,0.0,32,256
cube,2.000000,none,0,0.000181277,0.0,0.0,32,256
cube,2.000000,none,0,0.000124014,0.0,0.0,32,256
cube,2.000000,none,0,0.000125405,0.0,0.0,32,256
cube,2.000000,none,0,0.000107371,0.0,0.0,32,256
cube,2.000000,none,0,0.000137223,0.0,0.0,32,256
cube,2.000000,none,0,9.1408e-05,0.0,0.0,32,256
cube,2.000000,none,0,0.000170034,0.0,0.0,32,256
cube,2.000000,none,0,0.000155127,0.0,0.0,32,256
cube,2.000000,none,0,9.6072e-05,0.0,0.0,32,256
cube,2.000000,none,0,5.2947e-05,0.0,0.0,32,256
cube,2.000000,none,0,0.000111167,0.0,0.0,32,256
cube,2.000000,none,0,0.000206237,0.0,0.0,32,256
cube,2.000000,none,0,0.000133717,0.0,0.0,32,256
cube,2.000000,none,0,0.000116971,0.0,0.0,32,256
cube,2.000000,none,0,0.000139492,0.0,0.0,32,256
cube,2.000000,none,0,0.00013278,0.0,0.0,32,256
cube,2.000000,none,0,0.00013211,0.0,0.0,32,256
cube,2.000000,none,0,0.000171933,0.0,0.0,32,256
cube,2.000000,none,0,0.000107488,0.0,0.0,32,256
cube,2.000000,none,0,0.000135514,0.0,0.0,32,256
cube,2.000000,none,0,0.000140905,0.0,0.0,32,256
cube,2.000000,none,0,2.6995e-05,0.0,0.0,32,256
cube,2.000000,none,0,0.00020923,0.0,0.0,32,256
cube,2.000000,none,0,0.000215151,0.0,0.0,32,256
cube,2.000000,none,0,9.5917e-05,0.0,0.0,32,256
cube,2.000000,none,0,0.000148204,0.0,0.0,32,256
cube,2.000000,none,0,0.000129728,0.0,0.0,32,256
cube,2.000000,none,0,0.000207536,0.0,0.0,32,256
cube,2.000000,none,0,0.000137324,0.0,0.0,32,256
cube,2.000000,none,0,9.9959e-05,0.0,0.0,32,256
cube,2.000000,none,0,0.000131475,0.0,0.0,32,256
cube,2.000000,none,0,0.000134596,0.0,0.0,32,256
cube,2.000000,none,0,0.000122154,0.0,0.0,32,256
cube,2.000000,none,0,7.2832e-05,0.0,0.0,32,256
cube,2.000000,none,0,0.000139476,0.0,0.0,32,256
cube,2.000000,none,0,9.7388e-05,0.0,0.0,32,256
cube,2.000000,none,0,0.000159798,0.0,0.0,32,256
cube,2.000000,none,0,0.000272967,0.0,0.0,32,256
cube,2.000000,none,0,0.000123537,0.0,0.0,32,256
cube,2.000000,none,0,0.000176061,0.0,0.0,32,256
cube,2.000000,none,0,0.000145936,0.0,0.0,32,256
cube,2.000000,none,0,0.000125097,0.0,0.0,32,256
cube,2.000000,none,0,0.000167814,0.0,0.0,32,256
cube,2.000000,none,0,4.7418e-05,0.0,0.0,32,256
cube,2.000000,none,0,0.000247664,0.0,0.0,32,256
cube,2.000000,none,0,0.000142674,0.0,0.0,32,256
cube,2.000000,none,0,0.000150797,0.0,0.0,32,256
cube,2.000000,none,0,0.000132773,0.0,0.0,32,256
cube,2.000000,none,0,0.000136136,0.0,0.0,32,256
cube,2.000000,none,0,0.000102425,0.0,0.0,32,256
cube,2.000000,none,0,0.000135785,0.0,0.0,32,256
cube,2.000000,none,0,0.000132915,0.0,0.0,32,256
cube,2.000000,none,0,0.000103048,0.0,0.0,32,256
cube,2.000000,none,0,0.000126396,0.0,0.0,32,256
cube,2.000000,none,0,0.000146075,0.0,0.0,32,256
cube,2.000000,none,0,3.3393e-05,0.0,0.0,32,256
cube,2.000000,none,0,0.000160504,0.0,0.0,32,256
cube,2.000000,none,0,0.000129483,0.0,0.0,32,256
cube,2.000000,none,0,0.000101192,0.0,0.0,32,256
cube,2.000000,none,0,0.000130733,0.0,0.0,32,256
cube,2.000000,none,0,0.000124649,0.0,0.0,32,256
cube,2.000000,none,0,0.000166022,0.0,0.0,32,256
cube,2.000000,none,0,0.00011221,0.0,0.0,32,256
cube,2.000000,none,0,0.000108154,0.0,0.0,32,256
cube,2.000000,none,0,0.000119716,0.0,0.0,32,256
cube,2.000000,none,0,0.000132924,0.0,0.0,32,256
cube,2.000000,none,0,4.4628e-05,0.0,0.0,32,256
cube,2.000000,none,0,0.000160631,0.0,0.0,32,256
cube,2.000000,none,0,0.000124249,0.0,0.0,32,256
cube,2.000000,none,0,0.000106301,0.0,0.0,32,256
cube,2.000000,none,0,0.000177254,0.0,0.0,32,256
cube,2.000000,none,0,0.000136056,0.0,0.0,32,256
cube,2.000000,none,0,0.000153823,0.0,0.0,32,256
cube,2.000000,none,0,0.000145942,0.0,0.0,32,256
cube,2.000000,none,0,0.000128245,0.0,0.0,32,256
cube,2.000000,none,0,0.000142374,0.0,0.0,32,256
cube,2.000000,none,0,0.000242409,0.0,0.0,32,256
cube,2.000000,none,0,0.000142664,0.0,0.0,32,256
cube,2.000000,none,0,7.1791e-05,0.0,0.0,32,256
cube,2.000000,none,0,0.000151699,0.0,0.0,32,256
cube,2.000000,none,0,0.000149931,0.0,0.0,32,256
cube,2.000000,none,0,9.1436e-05,0.0,0.0,32,256
cube,2.000000,none,0,0.000205238,0.0,0.0,32,256
cube,2.000000,none,0,0.000119388,0.0,0.0,32,256
cube,2.000000,none,0,0.000140878,0.0,0.0,32,256
cube,2.000000,none,0,0.000191576,0.0,0.0,32,256
cube,2.000000,none,0,0.000196325,0.0,0.0,32,256
cube,2.000000,none,0,0.000112388,0.0,0.0,32,256
cube,2.000000,none,0,0.000111275,0.0,0.0,32,256
cube,2.000000,none,0,6.342e-05,0.0,0.0,32,256
cube,2.000000,none,0,0.000129602,0.0,0.0,32,256
cube,2.000000,none,0,0.00013297,0.0,0.0,32,256
cube,2.000000,none,0,0.000211868,0.0,0.0,32,256
cube,2.000000,none,0,0.000122177,0.0,0.0,32,256
cube,2.000000,none,0,0.000171596,0.0,0.0,32,256
cube,2.000000,none,0,0.000145307,0.0,0.0,32,256
cube,2.000000,none,0,0.000147265,0.0,0.0,32,256
cube,2.000000,none,0,0.000166323,0.0,0.0,32,256
cube,2.000000,none,0,5.9589e-05,0.0,0.0,32,256
cube,2.000000,none,0,0.00023573,0.0,0.0,32,256
cube,2.000000,none,0,0.000104872,0.0,0.0,32,256
cube,2.000000,none,0,0.000103334,0.0,0.0,32,256
cube,2.000000,none,0,0.000134146,0.0,0.0,32,256
cube,2.000000,none,0,0.000101855,0.0,0.0,32,256
cube,2.000000,none,0,0.000114056,0.0,0.0,32,256
cube,2.000000,none,0,2.5761e-05,0.0,0.0,32,256
cube,2.000000,none,0,0.000165801,0.0,0.0,32,256
cube,2.000000,none,0,0.000151481,0.0,0.0,32,256
cube,2.000000,none,0,0.000131101,0.0,0.0,32,256
cube,2.000000,none,0,0.000161571,0.0,0.0,32,256
cube,2.000000,none,0,0.000153561,0.0,0.0,32,256
cube,2.000000,none,0,0.000120492,0.0,0.0,32,256
cube,2.000000,none,0,0.000161034,0.0,0.0,32,256
cube,2.000000,none,0,0.000246655,0.0,0.0,32,256
cube,2.000000,none,0,0.000174648,0.0,0.0,32,256
cube,2.000000,none,0,0.000187322,0.0,0.0,32,256
cube,2.000000,none,0,0.000123654,0.0,0.0,32,256
cube,2.000000,none,0,0.000106852,0.0,0.0,32,256
cube,2.000000,none,0,0.000140031,0.0,0.0,32,256
cube,2.000000,none,0,0.00010435,0.0,0.0,32,256
cube,2.000000,none,0,0.000102029,0.0,0.0,32,256
cube,2.000000,none,0,0.000130394,0.0,0.0,32,256
cube,2.000000,none,0,0.000122671,0.0,0.0,32,256
cube,2.000000,none,0,0.000149642,0.0,0.0,32,256
cube,2.000000,none,0,0.000162415,0.0,0.0,32,256
cube,2.000000,none,0,9.7343e-05,0.0,0.0,32,256
cube,2.000000,none,0,8.0269e-05,0.0,0.0,32,256
cube,2.000000,none,0,0.0001446,0.0,0.0,32,256
cube,2.000000,none,0,0.00013088,0.0,0.0,32,256
cube,2.000000,none,0,6.446e-05,0.0,0.0,32,256
cube,2.000000,none,0,0.000126019,0.0,0.0,32,256
cube,2.000000,none,0,0.000115474,0.0,0.0,32,256
cube,2.000000,none,0,9.3789e-05,0.0,0.0,32,256
cube,2.000000,none,0,8.6826e-05,0.0,0.0,32,256
cube,2.000000,none,0,0.000127108,0.0,0.0,32,256
cube,2.000000,none,0,0.000119578,0.0,0.0,32,256
cube,2.000000,none,0,0.000134472,0.0,0.0,32,256
cube,2.000000,none,0,0.000129412,0.0,0.0,32,256
cube,2.000000,none,0,0.000195453,0.0,0.0,32,256
cube,2.000000,none,0,0.000177382,0.0,0.0,32,256
cube,2.000000,none,0,0.000137571,0.0,0.0,32,256
cube,2.000000,none,0,9.5333e-05,0.0,0.0,32,256
cube,2.000000,none,0,0.000108048,0.0,0.0,32,256
cube,2.000000,none,0,7.5843e-05,0.0,0.0,32,256
cube,2.000000,none,0,0.000148953,0.0,0.0,32,256
cube,2.000000,none,0,0.000128826,0.0,0.0,32,256
cube,2.000000,none,0,9.3005e-05,0.0,0.0,32,256
cube,2.000000,none,0,0.000142637,0.0,0.0,32,256
cube,2.000000,none,0,0.000147363,0.0,0.0,32,256
cube,2.000000,none,0,5.7518e-05,0.0,0.0,32,256
cube,2.000000,none,0,0.000187055,0.0,0.0,32,256
cube,2.000000,none,0,0.000151644,0.0,0.0,32,256
cube,2.000000,none,0,0.000136955,0.0,0.0,32,256
cube,2.000000,none,0,0.000113244,0.0,0.0,32,256
cube,2.000000,none,0,0.000105226,0.0,0.0,32,256
cube,2.000000,none,0,0.000172652,0.0,0.0,32,256
cube,2.000000,none,0,0.000194567,0.0,0.0,32,256
cube,2.000000,none,0,0.000126054,0.0,0.0,32,256
cube,2.000000,none,0,0.000137925,0.0,0.0,32,256
cube,2.000000,none,0,0.000206002,0.0,0.0,32,256
cube,2.000000,none,0,0.000140692,0.0,0.0,32,256
cube,2.000000,none,0,0.000181514,0.0,0.0,32,256
cube,2.000000,none,0,0.000137386,0.0,0.0,32,256
cube,2.000000,none,0,0.000194673,0.0,0.0,32,256
cube,2.000000,none,0,0.00011445,0.0,0.0,32,256
cube,2.000000,none,0,0.000179052,0.0,0.0,32,256
cube,2.000000,none,0,0.000156684,0.0,0.0,32,256
cube,2.000000,none,0,7.985e-05,0.0,0.0,32,256
cube,2.000000,none,0,0.00013361,0.0,0.0,32,256
cube,2.000000,none,0,3.3675e-05,0.0,0.0,32,256
cube,2.000000,none,0,0.000131884,0.0,0.0,32,256
cube,2.000000,none,0,0.000103772,0.0,0.0,32,256
cube,2.000000,none,0,0.000167451,0.0,0.0,32,256
cube,2.000000,none,0,0.000150132,0.0,0.0,32,256
cube,2.000000,none,0,0.000113154,0.0,0.0,32,256
cube,2.000000,none,0,0.000136376,0.0,0.0,32,256
cube,2.000000,none,0,0.000168925,0.0,0.0,32,256
cube,2.000000,none,0,0.000154814,0.0,0.0,32,256
cube,2.000000,none,0,0.000162485,0.0,0.0,32,256
cube,2.000000,none,0,6.8615e-05,0.0,0.0,32,256
cube,2.000000,none,0,0.000166136,0.0,0.0,32,256
cube,2.000000,none,0,0.000164591,0.0,0.0,32,256
cube,2.000000,none,0,0.000192237,0.0,0.0,32,256
cube,2.000000,none,0,0.000148352,0.0,0.0,32,256
cube,2.000000,none,0,0.00017791,0.0,0.0,32,256
cube,2.000000,none,0,0.000155751,0.0,0.0,32,256
cube,2.000000,none,0,8.5002e-05,0.0,0.0,32,256
cube,2.000000,none,0,0.000137175,0.0,0.0,32,256
cube,2.000000,none,0,0.000134963,0.0,0.0,32,256
cube,2.000000,none,0,0.000167942,0.0,0.0,32,256
cube,2.000000,none,0,0.000188549,0.0,0.0,32,256
cube,2.000000,none,0,0.000219407,0.0,0.0,32,256
cube,2.000000,none,0,0.000184814,0.0,0.0,32,256
cube,2.000000,none,0,0.00015515,0.0,0.0,32,256
cube,2.000000,none,0,0.000176154,0.0,0.0,32,256
cube,2.000000,none,0,0.000181257,0.0,0.0,32,256
cube,2.000000,none,0,0.000157222,0.0,0.0,32,256
cube,2.000000,none,0,0.0001409,0.0,0.0,32,256
cube,2.000000,none,0,0.000158692,0.0,0.0,32,256
cube,2.000000,none,0,0.000133114,0.0,0.0,32,256
cube,2.000000,none,0,0.000166335,0.0,0.0,32,256
cube,2.000000,none,0,9.9058e-05,0.0,0.0,32,256
cube,2.000000,none,0,0.000150244,0.0,0.0,32,256
cube,2.000000,none,0,0.000123534,0.0,0.0,32,256
cube,2.000000,none,0,0.000118992,0.0,0.0,32,256
cube,2.000000,none,0,4.2928e-05,0.0,0.0,32,256
cube,2.000000,none,0,0.000152198,0.0,0.0,32,256
cube,2.000000,none,0,6.562e-05,0.0,0.0,32,256
cube,2.000000,none,0,7.5496e-05,0.0,0.0,32,256
cube,2.000000,none,0,0.000151333,0.0,0.0,32,256
cube,2.000000,none,0,0.000116446,0.0,0.0,32,256
cube,2.000000,none,0,0.000139681,0.0,0.0,32,256
cube,2.000000,none,0,0.000118241,0.0,0.0,32,256
cube,2.000000,none,0,0.000181184,0.0,0.0,32,256
cube,2.000000,none,0,0.000235929,0.0,0.0,32,256
cube,2.000000,none,0,0.000174926,0.0,0.0,32,256
cube,2.000000,none,0,0.000115507,0.0,0.0,32,256
cube,2.000000,none,0,0.000126823,0.0,0.0,32,256
cube,2.000000,none,0,0.000154896,0.0,0.0,32,256
cube,2.000000,none,0,0.00019432,0.0,0.0,32,256
cube,2.000000,none,0,0.000105958,0.0,0.0,32,256
cube,2.000000,none,0,0.000159853,0.0,0.0,32,256
cube,2.000000,none,0,8.3053e-05,0.0,0.0,32,256
cube,2.000000,none,0,0.000141387,0.0,0.0,32,256
cube,2.000000,none,0,0.000330919,0.0,0.0,32,256
cube,2.000000,none,0,0.00017357,0.0,0.0,32,256
cube,2.000000,none,0,0.000194144,0.0,0.0,32,256
cube,2.000000,none,0,0.000144272,0.0,0.0,32,256
cube,2.000000,none,0,0.000246096,0.0,0.0,32,256
cube,2.000000,none,0,0.000186214,0.0,0.0,32,256
cube,2.000000,none,0,0.000214353,0.0,0.0,32,256
cube,2.000000,none,0,0.000148923,0.0,0.0,32,256
cube,2.000000,none,0,0.000156377,0.0,0.0,32,256
cube,2.000000,none,0,0.000114053,0.0,0.0,32,256
cube,2.000000,none,0,0.000166325,0.0,0.0,32,256
cube,2.000000,none,0,0.000200272,0.0,0.0,32,256
cube,2.000000,none,0,0.000171216,0.0,0.0,32,256
cube,2.000000,none,0,0.000165462,0.0,0.0,32,256
cube,2.000000,none,0,0.000161599,0.0,0.0,32,256
cube,2.000000,none,0,0.000139908,0.0,0.0,32,256
cube,2.000000,none,0,0.00020704,0.0,0.0,32,256
cube,2.000000,none,0,8.5982e-05,0.0,0.0,32,256
cube,2.000000,none,0,0.000114867,0.0,0.0,32,256
cube,2.000000,none,0,1.361e-05,0.0,0.0,32,256
cube,2.000000,none,0,9.6289e-05,0.0,0.0,32,256
cube,2.000000,none,0,3.6051e-05,0.0,0.0,32,256
cube,2.000000,none,0,0.000122294,0.0,0.0,32,256
cube,2.000000,none,0,7.612e-05,0.0,0.0,32,256
cube,2.000000,none,0,0.000142716,0.0,0.0,32,256
cube,2.000000,none,0,0.000180614,0.0,0.0,32,256
cube,2.000000,none,0,0.000164905,0.0,0.0,32,256
cube,2.000000,none,0,5.341e-05,0.0,0.0,32,256
cube,2.000000,none,0,0.000169096,0.0,0.0,32,256
cube,2.000000,none,0,0.00014973,0.0,0.0,32,256
cube,2.000000,none,0,0.000147923,0.0,0.0,32,256
cube,2.000000,none,0,0.000145149,0.0,0.0,32,256
cube,2.000000,none,0,0.000119264,0.0,0.0,32,256
cube,2.000000,none,0,9.5301e-05,0.0,0.0,32,256
cube,2.000000,none,0,0.000123537,0.0,0.0,32,256
cube,2.000000,none,0,0.000100429,0.0,0.0,32,256
cube,2.000000,none,0,0.000102504,0.0,0.0,32,256
cube,2.000000,none,0,0.000116513,0.0,0.0,32,256
cube,2.000000,none,0,0.000139505,0.0,0.0,32,256
cube,2.000000,none,0,0.000101332,0.0,0.0,32,256
cube,2.000000,none,0,0.000138977,0.0,0.0,32,256
cube,2.000000,none,0,7.4572e-05,0.0,0.0,32,256
cube,2.000000,none,0,0.000160498,0.0,0.0,32,256
cube,2.000000,none,0,9.2933e-05,0.0,0.0,32,256
cube,2.000000,none,0,0.000144608,0.0,0.0,32,256
cube,2.000000,none,0,0.000157079,0.0,0.0,32,256
cube,2.000000,none,0,0.000237812,0.0,0.0,32,256
cube,2.000000,none,0,0.000212708,0.0,0.0,32,256
cube,2.000000,none,0,0.000188073,0.0,0.0,32,256
cube,2.000000,none,0,0.000193567,0.0,0.0,32,256
cube,2.000000,none,0,0.000173066,0.0,0.0,32,256
cube,2.000000,none,0,0.000154544,0.0,0.0,32,256
cube,2.000000,none,0,9.5226e-05,0.0,0.0,32,256
cube,2.000000,none,0,0.000150416,0.0,0.0,32,256
cube,2.000000,none,0,0.000127678,0.0,0.0,32,256
cube,2.000000,none,0,0.000123551,0.0,0.0,32,256
cube,2.000000,none,0,0.000116183,0.0,0.0,32,256
cube,2.000000,none,0,0.000132499,0.0,0.0,32,256
cube,2.000000,none,0,0.00010689,0.0,0.0,32,256
cube,2.000000,none,0,0.000139617,0.0,0.0,32,256
cube,2.000000,none,0,0.000132704,0.0,0.0,32,256
cube,2.000000,none,0,0.000176977,0.0,0.0,32,256
cube,2.000000,none,0,0.000212759,0.0,0.0,32,256
cube,2.000000,none,0,0.000145975,0.0,0.0,32,256
cube,2.000000,none,0,0.000101869,0.0,0.0,32,256
cube,2.000000,none,0,9.7578e-05,0.0,0.0,32,256
cube,2.000000,none,0,0.000162939,0.0,0.0,32,256
cube,2.000000,none,0,0.000133965,0.0,0.0,32,256
cube,2.000000,none,0,0.000130329,0.0,0.0,32,256
cube,2.000000,none,0,0.000153415,0.0,0.0,32,256
cube,2.000000,none,0,0.000186094,0.0,0.0,32,256
cube,2.000000,none,0,0.000141876,0.0,0.0,32,256
cube,2.000000,none,0,9.8085e-05,0.0,0.0,32,256
cube,2.000000,none,0,0.000156165,0.0,0.0,32,256
cube,2.000000,none,0,0.000146981,0.0,0.0,32,256
cube,2.000000,none,0,0.000112747,0.0,0.0,32,256
cube,2.000000,none,0,0.000112674,0.0,0.0,32,256
cube,2.000000,none,0,0.000157789,0.0,0.0,32,256
cube,2.000000,none,0,0.000164683,0.0,0.0,32,256
cube,2.000000,none,0,8.7499e-05,0.0,0.0,32,256
cube,2.000000,none,0,0.000145848,0.0,0.0,32,256
cube,2.000000,none,0,0.000138747,0.0,0.0,32,256
cube,2.000000,none,0,7.559e-05,0.0,0.0,32,256
cube,2.000000,none,0,0.000177803,0.0,0.0,32,256
cube,2.000000,none,0,4.1472e-05,0.0,0.0,32,256
cube,2.000000,none,0,0.000162994,0.0,0.0,32,256
cube,2.000000,none,0,0.000112155,0.0,0.0,32,256
cube,2.000000,none,0,2.2334e-05,0.0,0.0,32,256
cube,2.000000,none,0,0.00018263,0.0,0.0,32,256
cube,2.000000,none,0,0.000150476,0.0,0.0,32,256
cube,2.000000,none,0,0.000124629,0.0,0.0,32,256
cube,2.000000,none,0,3.8486e-05,0.0,0.0,32,256
cube,2.000000,none,0,0.000144082,0.0,0.0,32,256
cube,2.000000,none,0,0.000164121,0.0,0.0,32,256
cube,2.000000,none,0,0.000152037,0.0,0.0,32,256
cube,2.000000,none,0,0.000121732,0.0,0.0,32,256
cube,2.000000,none,0,0.000163129,0.0,0.0,32,256
cube,2.000000,none,0,0.000135696,0.0,0.0,32,256
cube,2.000000,none,0,0.000191444,0.0,0.0,32,256
cube,2.000000,none,0,0.000123418,0.0,0.0,32,256
cube,2.000000,none,0,0.000136012,0.0,0.0,32,256
cube,2.000000,none,0,9.724e-05,0.0,0.0,32,256
cube,2.000000,none,0,6.3317e-05,0.0,0.0,32,256
cube,2.000000,none,0,0.00014838,0.0,0.0,32,256
cube,2.000000,none,0,0.000174639,0.0,0.0,32,256
cube,2.000000,none,0,6.1484e-05,0.0,0.0,32,256
cube,2.000000,none,0,0.000179719,0.0,0.0,32,256
cube,2.000000,none,0,0.00014584,0.0,0.0,32,256
cube,2.000000,none,0,0.000135653,0.0,0.0,32,256
cube,2.000000,none,0,0.000116958,0.0,0.0,32,256
cube,2.000000,none,0,4.4845e-05,0.0,0.0,32,256
cube,2.000000,none,0,0.000176889,0.0,0.0,32,256
cube,2.000000,none,0,0.000111032,0.0,0.0,32,256
cube,2.000000,none,0,2.2792e-05,0.0,0.0,32,256
cube,2.000000,none,0,0.000132793,0.0,0.0,32,256
cube,2.000000,none,0,8.9479e-05,0.0,0.0,32,256
cube,2.000000,none,0,4.4473e-05,0.0,0.0,32,256
cube,2.000000,none,0,0.00012653,0.0,0.0,32,256
cube,2.000000,none,0,0.000143008,0.0,0.0,32,256
cube,2.000000,none,0,2.0335e-05,0.0,0.0,32,256
cube,2.000000,none,0,6.8963e-05,0.0,0.0,32,256
cube,2.000000,none,0,0.000122302,0.0,0.0,32,256
cube,2.000000,none,0,0.000110944,0.0,0.0,32,256
cube,2.000000,none,0,0.000192841,0.0,0.0,32,256
cube,2.000000,none,0,0.000153084,0.0,0.0,32,256
cube,2.000000,none,0,0.00013276,0.0,0.0,32,256
cube,2.000000,none,0,0.000105944,0.0,0.0,32,256
cube,2.000000,none,0,0.000121099,0.0,0.0,32,256
cube,2.000000,none,0,0.000122233,0.0,0.0,32,256
cube,2.000000,none,0,0.000108964,0.0,0.0,32,256
cube,2.000000,none,0,4.4844e-05,0.0,0.0,32,256
cube,2.000000,none,0,0.000140444,0.0,0.0,32,256
cube,2.000000,none,0,9.4384e-05,0.0,0.0,32,256
cube,2.000000,none,0,0.000113561,0.0,0.0,32,256
cube,2.000000,none,0,0.000158893,0.0,0.0,32,256
cube,2.000000,none,0,0.000116072,0.0,0.0,32,256
cube,2.000000,none,0,0.000138372,0.0,0.0,32,256
cube,2.000000,none,0,0.000117408,0.0,0.0,32,256
cube,2.000000,none,0,0.000126653,0.0,0.0,32,256
cube,2.000000,none,0,0.000120827,0.0,0.0,32,256
cube,2.000000,none,0,0.000110117,0.0,0.0,32,256
cube,2.000000,none,0,0.000149647,0.0,0.0,32,256
cube,2.000000,none,0,0.000112956,0.0,0.0,32,256
cube,2.000000,none,0,0.000170937,0.0,0.0,32,256
cube,2.000000,none,0,0.000156389,0.0,0.0,32,256
cube,2.000000,none,0,0.000103626,0.0,0.0,32,256
cube,2.000000,none,0,0.000136974,0.0,0.0,32,256
cube,2.000000,none,0,0.000131398,0.0,0.0,32,256
cube,2.000000,none,0,0.000141303,0.0,0.0,32,256
cube,2.000000,none,0,0.000187997,0.0,0.0,32,256
cube,2.000000,none,0,0.000131224,0.0,0.0,32,256
cube,2.000000,none,0,0.000140652,0.0,0.0,32,256
cube,2.000000,none,0,6.8038e-05,0.0,0.0,32,256
cube,2.000000,none,0,0.000187907,0.0,0.0,32,256
cube,2.000000,none,0,0.000131787,0.0,0.0,32,256
cube,2.000000,none,0,1.8413e-05,0.0,0.0,32,256
cube,2.000000,none,0,0.000133286,0.0,0.0,32,256
cube,2.000000,none,0,2.3887e-05,0.0,0.0,32,256
cube,2.000000,none,0,0.000164359,0.0,0.0,32,256
cube,2.000000,none,0,0.000204073,0.0,0.0,32,256
cube,2.000000,none,0,0.000123018,0.0,0.0,32,256
cube,2.000000,none,0,0.000198781,0.0,0.0,32,256
cube,2.000000,none,0,0.000236422,0.0,0.0,32,256
cube,2.000000,none,0,0.000176582,0.0,0.0,32,256
cube,2.000000,none,0,0.000139744,0.0,0.0,32,256
cube,2.000000,none,0,0.000207214,0.0,0.0,32,256
cube,2.000000,none,0,0.000176767,0.0,0.0,32,256
cube,2.000000,none,0,0.000239208,0.0,0.0,32,256
cube,2.000000,none,0,0.000122184,0.0,0.0,32,256
cube,2.000000,none,0,0.000132717,0.0,0.0,32,256
cube,2.000000,none,0,0.000129049,0.0,0.0,32,256
cube,2.000000,none,0,8.6046e-05,0.0,0.0,32,256
cube,2.000000,none,0,0.000106848,0.0,0.0,32,256
cube,2.000000,none,0,0.000149705,0.0,0.0,32,256
cube,2.000000,none,0,4.1658e-05,0.0,0.0,32,256
cube,2.000000,none,0,0.000150266,0.0,0.0,32,256
cube,2.000000,none,0,0.000113681,0.0,0.0,32,256
cube,2.000000,none,0,0.000139065,0.0,0.0,32,256
cube,2.000000,none,0,0.000187888,0.0,0.0,32,256
cube,2.000000,none,0,0.000128432,0.0,0.0,32,256
cube,2.000000,none,0,9.9869e-05,0.0,0.0,32,256
cube,2.000000,none,0,8.572e-05,0.0,0.0,32,256
cube,2.000000,none,0,0.000245627,0.0,0.0,32,256
cube,2.000000,none,0,0.000229212,0.0,0.0,32,256
cube,2.000000,none,0,0.000257447,0.0,0.0,32,256
cube,2.000000,none,0,0.000136836,0.0,0.0,32,256
cube,2.000000,none,0,0.000226473,0.0,0.0,32,256
cube,2.000000,none,0,0.000162698,0.0,0.0,32,256
cube,2.000000,none,0,0.000138109,0.0,0.0,32,256
cube,2.000000,none,0,0.000171063,0.0,0.0,32,256
cube,2.000000,none,0,0.000145624,0.0,0.0,32,256
cube,2.000000,none,0,0.000118035,0.0,0.0,32,256
cube,2.000000,none,0,0.000150595,0.0,0.0,32,256
cube,2.000000,none,0,0.000153615,0.0,0.0,32,256
cube,2.000000,none,0,0.000132196,0.0,0.0,32,256
cube,2.000000,none,0,0.000141344,0.0,0.0,32,256
cube,2.000000,none,0,7.4389e-05,0.0,0.0,32,256
cube,2.000000,none,0,0.000132276,0.0,0.0,32,256
cube,2.000000,none,0,0.000116291,0.0,0.0,32,256
cube,2.000000,none,0,0.000175293,0.0,0.0,32,256
cube,2.000000,none,0,0.000154413,0.0,0.0,32,256
cube,2.000000,none,0,9.723e-05,0.0,0.0,32,256
cube,2.000000,none,0,0.000147704,0.0,0.0,32,256
cube,2.000000,none,0,0.000216077,0.0,0.0,32,256
cube,2.000000,none,0,0.000125991,0.0,0.0,32,256
cube,2.000000,none,0,0.000111161,0.0,0.0,32,256
cube,2.000000,none,0,0.00014837,0.0,0.0,32,256
cube,2.000000,none,0,0.00011967,0.0,0.0,32,256
cube,2.000000,none,0,0.000151762,0.0,0.0,32,256
cube,2.000000,none,0,0.00013967,0.0,0.0,32,256
cube,2.000000,none,0,0.000184963,0.0,0.0,32,256
cube,2.000000,none,0,0.000108097,0.0,0.0,32,256
cube,2.000000,none,0,0.000187447,0.0,0.0,32,256
cube,2.000000,none,0,0.000136188,0.0,0.0,32,256
cube,2.000000,none,0,0.000124228,0.0,0.0,32,256
cube,2.000000,none,0,0.000106603,0.0,0.0,32,256
cube,2.000000,none,0,0.000161044,0.0,0.0,32,256
cube,2.000000,none,0,3.323e-05,0.0,0.0,32,256
cube,2.000000,none,0,7.2292e-05,0.0,0.0,32,256
cube,2.000000,none,0,9.3701e-05,0.0,0.0,32,256
cube,2.000000,none,0,0.000156757,0.0,0.0,32,256
cube,2.000000,none,0,0.000161182,0.0,0.0,32,256
cube,2.000000,none,0,0.000184428,0.0,0.0,32,256
cube,2.000000,none,0,9.713e-05,0.0,0.0,32,256
cube,2.000000,none,0,0.000109267,0.0,0.0,32,256
cube,2.000000,none,0,8.2359e-05,0.0,0.0,32,256
cube,2.000000,none,0,0.000176111,0.0,0.0,32,256
cube,2.000000,none,0,0.000121823,0.0,0.0,32,256
cube,2.000000,none,0,0.00012847,0.0,0.0,32,256
cube,2.000000,none,0,0.000131757,0.0,0.0,32,256
cube,2.000000,none,0,0.000107293,0.0,0.0,32,256
cube,2.000000,none,0,0.000170372,0.0,0.0,32,256
cube,2.000000,none,0,0.000193041,0.0,0.0,32,256
cube,2.000000,none,0,0.000179529,0.0,0.0,32,256
cube,2.000000,none,0,7.3129e-05,0.0,0.0,32,256
cube,2.000000,none,0,3.5486e-05,0.0,0.0,32,256
cube,2.000000,none,0,0.000133401,0.0,0.0,32,256
cube,2.000000,none,0,6.1354e-05,0.0,0.0,32,256
cube,2.000000,none,0,0.000132782,0.0,0.0,32,256
cube,2.000000,none,0,0.000132812,0.0,0.0,32,256
cube,2.000000,none,0,0.000148409,0.0,0.0,32,256
cube,2.000000,none,0,0.000122465,0.0,0.0,32,256
cube,2.000000,none,0,0.000137858,0.0,0.0,32,256
cube,2.000000,none,0,0.000164896,0.0,0.0,32,256
cube,2.000000,none,0,0.000140195,0.0,0.0,32,256
cube,2.000000,none,0,0.000119864,0.0,0.0,32,256
cube,2.000000,none,0,0.000154777,0.0,0.0,32,256
cube,2.000000,none,0,9.815e-05,0.0,0.0,32,256
cube,2.000000,none,0,0.000207239,0.0,0.0,32,256
cube,2.000000,none,0,0.000130052,0.0,0.0,32,256
cube,2.000000,none,0,6.1187e-05,0.0,0.0,32,256
cube,2.000000,none,0,0.000111337,0.0,0.0,32,256
cube,2.000000,none,0,8.8817e-05,0.0,0.0,32,256
cube,2.000000,none,0,0.000153118,0.0,0.0,32,256
cube,2.000000,none,0,0.000158591,0.0,0.0,32,256
cube,2.000000,none,0,0.000148088,0.0,0.0,32,256
cube,2.000000,none,0,0.000144927,0.0,0.0,32,256
cube,2.000000,none,0,0.000103541,0.0,0.0,32,256
cube,2.000000,none,0,4.8163e-05,0.0,0.0,32,256
cube,2.000000,none,0,0.000129193,0.0,0.0,32,256
cube,2.000000,none,0,0.000135995,0.0,0.0,32,256
cube,2.000000,none,0,7.1295e-05,0.0,0.0,32,256
cube,2.000000,none,0,0.000136591,0.0,0.0,32,256
cube,2.000000,none,0,0.000119164,0.0,0.0,32,256
cube,2.000000,none,0,0.000183239,0.0,0.0,32,256
cube,2.000000,none,0,0.000167922,0.0,0.0,32,256
cube,2.000000,none,0,0.00010761,0.0,0.0,32,256
cube,2.000000,none,0,0.000141379,0.0,0.0,32,256
cube,2.000000,none,0,0.000116226,0.0,0.0,32,256
cube,2.000000,none,0,0.000138987,0.0,0.0,32,256
cube,2.000000,none,0,0.000155373,0.0,0.0,32,256
cube,2.000000,none,0,8.336e-05,0.0,0.0,32,256
cube,2.000000,none,0,0.000134984,0.0,0.0,32,256
cube,2.000000,none,0,5.8298e-05,0.0,0.0,32,256
cube,2.000000,none,0,0.000123031,0.0,0.0,32,256
cube,2.000000,none,0,0.00011725,0.0,0.0,32,256
cube,2.000000,none,0,0.000154375,0.0,0.0,32,256
cube,2.000000,none,0,0.000122744,0.0,0.0,32,256
cube,2.000000,none,0,0.000169432,0.0,0.0,32,256
cube,2.000000,none,0,0.00010779,0.0,0.0,32,256
cube,2.000000,none,0,0.000149732,0.0,0.0,32,256
cube,2.000000,none,0,8.8539e-05,0.0,0.0,32,256
cube,2.000000,none,0,0.000174117,0.0,0.0,32,256
cube,2.000000,none,0,0.000143786,0.0,0.0,32,256
cube,2.000000,none,0,0.000100483,0.0,0.0,32,256
cube,2.000000,none,0,4.5064e-05,0.0,0.0,32,256
cube,2.000000,none,0,0.000118708,0.0,0.0,32,256
cube,2.000000,none,0,0.000202335,0.0,0.0,32,256
cube,2.000000,none,0,8.6673e-05,0.0,0.0,32,256
cube,2.000000,none,0,0.000120403,0.0,0.0,32,256
cube,2.000000,none,0,0.000132579,0.0,0.0,32,256
cube,2.000000,none,0,0.000130745,0.0,0.0,32,256
cube,2.000000,none,0,0.000125574,0.0,0.0,32,256
cube,2.000000,none,0,0.000165245,0.0,0.0,32,256
cube,2.000000,none,0,0.00010723,0.0,0.0,32,256
cube,2.000000,none,0,0.000144158,0.0,0.0,32,256
cube,2.000000,none,0,0.000132548,0.0,0.0,32,256
cube,2.000000,none,0,2.6333e-05,0.0,0.0,32,256
cube,2.000000,none,0,0.000186101,0.0,0.0,32,256
cube,2.000000,none,0,0.000118157,0.0,0.0,32,256
cube,2.000000,none,0,7.9258e-05,0.0,0.0,32,256
cube,2.000000,none,0,0.000140453,0.0,0.0,32,256
cube,2.000000,none,0,0.000131728,0.0,0.0,32,256
cube,2.000000,none,0,0.000191228,0.0,0.0,32,256
cube,2.000000,none,0,0.000155254,0.0,0.0,32,256
cube,2.000000,none,0,0.00010186,0.0,0.0,32,256
cube,2.000000,none,0,0.00015058,0.0,0.0,32,256
cube,2.000000,none,0,0.000135716,0.0,0.0,32,256
cube,2.000000,none,0,0.000121007,0.0,0.0,32,256
cube,2.000000,none,0,7.466e-05,0.0,0.0,32,256
cube,2.000000,none,0,0.00013851,0.0,0.0,32,256
cube,2.000000,none,0,9.6698e-05,0.0,0.0,32,256
cube,2.000000,none,0,0.000168991,0.0,0.0,32,256
cube,2.000000,none,0,0.000153734,0.0,0.0,32,256
cube,2.000000,none,0,0.000123458,0.0,0.0,32,256
cube,2.000000,none,0,0.000192199,0.0,0.0,32,256
cube,2.000000,none,0,0.000158241,0.0,0.0,32,256
cube,2.000000,none,0,0.000155245,0.0,0.0,32,256
cube,2.000000,none,0,0.000172128,0.0,0.0,32,256
cube,2.000000,none,0,4.7075e-05,0.0,0.0,32,256
cube,2.000000,none,0,0.000188193,0.0,0.0,32,256
cube,2.000000,none,0,0.000141404,0.0,0.0,32,256
cube,2.000000,none,0,0.000132321,0.0,0.0,32,256
cube,2.000000,none,0,0.000133868,0.0,0.0,32,256
cube,2.000000,none,0,0.000126313,0.0,0.0,32,256
cube,2.000000,none,0,9.6799e-05,0.0,0.0,32,256
cube,2.000000,none,0,0.000131987,0.0,0.0,32,256
cube,2.000000,none,0,0.000129491,0.0,0.0,32,256
cube,2.000000,none,0,9.129e-05,0.0,0.0,32,256
cube,2.000000,none,0,0.000121873,0.0,0.0,32,256
cube,2.000000,none,0,0.00014673,0.0,0.0,32,256
cube,2.000000,none,0,3.3035e-05,0.0,0.0,32,256
cube,2.000000,none,0,0.000168418,0.0,0.0,32,256
cube,2.000000,none,0,0.000130505,0.0,0.0,32,256
cube,2.000000,none,0,0.000105131,0.0,0.0,32,256
cube,2.000000,none,0,0.000132628,0.0,0.0,32,256
cube,2.000000,none,0,0.000133212,0.0,0.0,32,256
cube,2.000000,none,0,0.000159457,0.0,0.0,32,256
cube,2.000000,none,0,0.000109987,0.0,0.0,32,256
cube,2.000000,none,0,0.000106952,0.0,0.0,32,256
cube,2.000000,none,0,0.000115456,0.0,0.0,32,256
cube,2.000000,none,0,0.000134314,0.0,0.0,32,256
cube,2.000000,none,0,4.4363e-05,0.0,0.0,32,256
cube,2.000000,none,0,0.000155648,0.0,0.0,32,256
cube,2.000000,none,0,0.00012378,0.0,0.0,32,256
cube,2.000000,none,0,9.5311e-05,0.0,0.0,32,256
cube,2.000000,none,0,0.000122678,0.0,0.0,32,256
cube,2.000000,none,0,0.000116077,0.0,0.0,32,256
cube,2.000000,none,0,0.000121245,0.0,0.0,32,256
cube,2.000000,none,0,0.000146823,0.0,0.0,32,256
cube,2.000000,none,0,0.000114511,0.0,0.0,32,256
cube,2.000000,none,0,0.000163508,0.0,0.0,32,256
cube,2.000000,none,0,0.000134111,0.0,0.0,32,256
cube,2.000000,none,0,0.000122598,0.0,0.0,32,256
cube,2.000000,none,0,6.5273e-05,0.0,0.0,32,256
cube,2.000000,none,0,0.000164126,0.0,0.0,32,256
cube,2.000000,none,0,0.000166837,0.0,0.0,32,256
cube,2.000000,none,0,9.1365e-05,0.0,0.0,32,256
cube,2.000000,none,0,0.000215266,0.0,0.0,32,256
cube,2.000000,none,0,0.000115192,0.0,0.0,32,256
cube,2.000000,none,0,0.000141662,0.0,0.0,32,256
cube,2.000000,none,0,0.000158337,0.0,0.0,32,256
cube,2.000000,none,0,0.000184667,0.0,0.0,32,256
cube,2.000000,none,0,0.000148177,0.0,0.0,32,256
cube,2.000000,none,0,0.000177038,0.0,0.0,32,256
cube,2.000000,none,0,8.2925e-05,0.0,0.0,32,256
cube,2.000000,none,0,0.000155458,0.0,0.0,32,256
cube,2.000000,none,0,0.000140719,0.0,0.0,32,256
cube,2.000000,none,0,0.000156261,0.0,0.0,32,256
cube,2.000000,none,0,0.000106917,0.0,0.0,32,256
cube,2.000000,none,0,0.000141112,0.0,0.0,32,256
cube,2.000000,none,0,0.0001307,0.0,0.0,32,256
cube,2.000000,none,0,0.000131751,0.0,0.0,32,256
cube,2.000000,none,0,0.000172127,0.0,0.0,32,256
cube,2.000000,none,0,5.8399e-05,0.0,0.0,32,256
cube,2.000000,none,0,0.000148233,0.0,0.0,32,256
cube,2.000000,none,0,9.2871e-05,0.0,0.0,32,256
cube,2.000000,none,0,0.000106647,0.0,0.0,32,256
cube,2.000000,none,0,0.000136041,0.0,0.0,32,256
cube,2.000000,none,0,0.000103809,0.0,0.0,32,256
cube,2.000000,none,0,9.4063e-05,0.0,0.0,32,256
cube,2.000000,none,0,2.0995e-05,0.0,0.0,32,256
cube,2.000000,none,0,0.000130914,0.0,0.0,32,256
cube,2.000000,none,0,0.000129977,0.0,0.0,32,256
cube,2.000000,none,0,0.000121008,0.0,0.0,32,256
cube,2.000000,none,0,0.000162423,0.0,0.0,32,256
cube,2.000000,none,0,0.000138262,0.0,0.0,32,256
cube,2.000000,none,0,0.000126363,0.0,0.0,32,256
cube,2.000000,none,0,0.000138404,0.0,0.0,32,256
cube,2.000000,none,0,0.000180299,0.0,0.0,32,256
cube,2.000000,none,0,9.63e-05,0.0,0.0,32,256
cube,2.000000,none,0,0.000199542,0.0,0.0,32,256
cube,2.000000,none,0,0.000118733,0.0,0.0,32,256
cube,2.000000,none,0,0.000108558,0.0,0.0,32,256
cube,2.000000,none,0,0.000151674,0.0,0.0,32,256
cube,2.000000,none,0,0.000103796,0.0,0.0,32,256
cube,2.000000,none,0,0.000100505,0.0,0.0,32,256
cube,2.000000,none,0,0.000130063,0.0,0.0,32,256
cube,2.000000,none,0,0.000137232,0.0,0.0,32,256
cube,2.000000,none,0,0.000151244,0.0,0.0,32,256
cube,2.000000,none,0,0.000108061,0.0,0.0,32,256
cube,2.000000,none,0,9.7749e-05,0.0,0.0,32,256
cube,2.000000,none,0,8.628e-05,0.0,0.0,32,256
cube,2.000000,none,0,0.000138091,0.0,0.0,32,256
cube,2.000000,none,0,0.00013532,0.0,0.0,32,256
cube,2.000000,none,0,0.000102346,0.0,0.0,32,256
cube,2.000000,none,0,0.000127158,0.0,0.0,32,256
cube,2.000000,none,0,0.000111291,0.0,0.0,32,256
cube,2.000000,none,0,9.3692e-05,0.0,0.0,32,256
cube,2.000000,none,0,8.8821e-05,0.0,0.0,32,256
cube,2.000000,none,0,0.000131272,0.0,0.0,32,256
cube,2.000000,none,0,0.00013205,0.0,0.0,32,256
cube,2.000000,none,0,0.000130829,0.0,0.0,32,256
cube,2.000000,none,0,0.000133174,0.0,0.0,32,256
cube,2.000000,none,0,0.000138508,0.0,0.0,32,256
cube,2.000000,none,0,0.000146271,0.0,0.0,32,256
cube,2.000000,none,0,0.000142685,0.0,0.0,32,256
cube,2.000000,none,0,9.6531e-05,0.0,0.0,32,256
cube,2.000000,none,0,0.000114979,0.0,0.0,32,256
cube,2.000000,none,0,9.933e-05,0.0,0.0,32,256
cube,2.000000,none,0,0.000146,0.0,0.0,32,256
cube,2.000000,none,0,0.000127741,0.0,0.0,32,256
cube,2.000000,none,0,0.000102322,0.0,0.0,32,256
cube,2.000000,none,0,0.000131149,0.0,0.0,32,256
cube,2.000000,none,0,0.000184019,0.0,0.0,32,256
cube,2.000000,none,0,7.6789e-05,0.0,0.0,32,256
cube,2.000000,none,0,0.000165908,0.0,0.0,32,256
cube,2.000000,none,0,0.00014169,0.0,0.0,32,256
cube,2.000000,none,0,0.000134212,0.0,0.0,32,256
cube,2.000000,none,0,0.000127221,0.0,0.0,32,256
cube,2.000000,none,0,0.000105187,0.0,0.0,32,256
cube,2.000000,none,0,0.000187993,0.0,0.0,32,256
cube,2.000000,none,0,0.000152091,0.0,0.0,32,256
cube,2.000000,none,0,0.000133271,0.0,0.0,32,256
cube,2.000000,none,0,0.000132838,0.0,0.0,32,256
cube,2.000000,none,0,0.000167604,0.0,0.0,32,256
cube,2.000000,none,0,0.000153527,0.0,0.0,32,256
cube,2.000000,none,0,0.000169303,0.0,0.0,32,256
cube,2.000000,none,0,0.0001213,0.0,0.0,32,256
cube,2.000000,none,0,0.000200361,0.0,0.0,32,256
cube,2.000000,none,0,0.000126988,0.0,0.0,32,256
cube,2.000000,none,0,0.000179741,0.0,0.0,32,256
cube,2.000000,none,0,0.000185411,0.0,0.0,32,256
cube,2.000000,none,0,7.943e-05,0.0,0.0,32,256
cube,2.000000,none,0,0.00013462,0.0,0.0,32,256
cube,2.000000,none,0,3.3605e-05,0.0,0.0,32,256
cube,2.000000,none,0,0.000125422,0.0,0.0,32,256
cube,2.000000,none,0,0.000127377,0.0,0.0,32,256
cube,2.000000,none,0,0.000138284,0.0,0.0,32,256
cube,2.000000,none,0,0.000143382,0.0,0.0,32,256
cube,2.000000,none,0,0.000112443,0.0,0.0,32,256
cube,2.000000,none,0,0.000137971,0.0,0.0,32,256
cube,2.000000,none,0,0.000137875,0.0,0.0,32,256
cube,2.000000,none,0,0.000130083,0.0,0.0,32,256
cube,2.000000,none,0,0.000159447,0.0,0.0,32,256
cube,2.000000,none,0,7.2867e-05,0.0,0.0,32,256
cube,2.000000,none,0,0.000162361,0.0,0.0,32,256
cube,2.000000,none,0,0.00016173,0.0,0.0,32,256
cube,2.000000,none,0,0.000135772,0.0,0.0,32,256
cube,2.000000,none,0,0.000152165,0.0,0.0,32,256
cube,2.000000,none,0,0.000134115,0.0,0.0,32,256
cube,2.000000,none,0,0.0001221,0.0,0.0,32,256
cube,2.000000,none,0,8.0203e-05,0.0,0.0,32,256
cube,2.000000,none,0,0.000132656,0.0,0.0,32,256
cube,2.000000,none,0,0.000111325,0.0,0.0,32,256
cube,2.000000,none,0,0.000140929,0.0,0.0,32,256
cube,2.000000,none,0,0.000140659,0.0,0.0,32,256
cube,2.000000,none,0,0.000177983,0.0,0.0,32,256
cube,2.000000,none,0,0.0001764,0.0,0.0,32,256
cube,2.000000,none,0,0.000107304,0.0,0.0,32,256
cube,2.000000,none,0,0.000148839,0.0,0.0,32,256
cube,2.000000,none,0,0.000179624,0.0,0.0,32,256
cube,2.000000,none,0,0.00106905,0.0,0.0,32,256
cube,2.000000,none,0,0.000150319,0.0,0.0,32,256
cube,2.000000,none,0,0.000200647,0.0,0.0,32,256
cube,2.000000,none,0,0.000171367,0.0,0.0,32,256
cube,2.000000,none,0,0.000163253,0.0,0.0,32,256
cube,2.000000,none,0,0.000125921,0.0,0.0,32,256
cube,2.000000,none,0,0.000189429,0.0,0.0,32,256
cube,2.000000,none,0,0.000135714,0.0,0.0,32,256
cube,2.000000,none,0,0.000121012,0.0,0.0,32,256
cube,2.000000,none,0,4.216e-05,0.0,0.0,32,256
cube,2.000000,none,0,0.00015304,0.0,0.0,32,256
cube,2.000000,none,0,8.3577e-05,0.0,0.0,32,256
cube,2.000000,none,0,6.7179e-05,0.0,0.0,32,256
cube,2.000000,none,0,0.000143258,0.0,0.0,32,256
cube,2.000000,none,0,8.2352e-05,0.0,0.0,32,256
cube,2.000000,none,0,0.000156559,0.0,0.0,32,256
cube,2.000000,none,0,0.000120232,0.0,0.0,32,256
cube,2.000000,none,0,0.000140118,0.0,0.0,32,256
cube,2.000000,none,0,0.000140068,0.0,0.0,32,256
cube,2.000000,none,0,0.00029249,0.0,0.0,32,256
cube,2.000000,none,0,8.6199e-05,0.0,0.0,32,256
cube,2.000000,none,0,0.000139551,0.0,0.0,32,256
cube,2.000000,none,0,0.000143579,0.0,0.0,32,256
cube,2.000000,none,0,0.000195909,0.0,0.0,32,256
cube,2.000000,none,0,0.000114713,0.0,0.0,32,256
cube,2.000000,none,0,0.000155644,0.0,0.0,32,256
cube,2.000000,none,0,9.2264e-05,0.0,0.0,32,256
cube,2.000000,none,0,0.000126834,0.0,0.0,32,256
cube,2.000000,none,0,0.000181874,0.0,0.0,32,256
cube,2.000000,none,0,0.000132079,0.0,0.0,32,256
cube,2.000000,none,0,0.000145782,0.0,0.0,32,256
cube,2.000000,none,0,0.000112239,0.0,0.0,32,256
cube,2.000000,none,0,0.000347147,0.0,0.0,32,256
cube,2.000000,none,0,0.000160622,0.0,0.0,32,256
cube,2.000000,none,0,0.000191105,0.0,0.0,32,256
cube,2.000000,none,0,0.0001314,0.0,0.0,32,256
cube,2.000000,none,0,0.000191394,0.0,0.0,32,256
cube,2.000000,none,0,8.4001e-05,0.0,0.0,32,256
cube,2.000000,none,0,0.000188247,0.0,0.0,32,256
cube,2.000000,none,0,0.000225975,0.0,0.0,32,256
cube,2.000000,none,0,0.000148796,0.0,0.0,32,256
cube,2.000000,none,0,0.000165731,0.0,0.0,32,256
cube,2.000000,none,0,0.00018014,0.0,0.0,32,256
cube,2.000000,none,0,0.000110524,0.0,0.0,32,256
cube,2.000000,none,0,0.000191918,0.0,0.0,32,256
cube,2.000000,none,0,0.000103271,0.0,0.0,32,256
cube,2.000000,none,0,0.000160155,0.0,0.0,32,256
cube,2.000000,none,0,4.739e-06,0.0,0.0,32,256
cube,2.000000,none,0,0.000107264,0.0,0.0,32,256
cube,2.000000,none,0,3.7392e-05,0.0,0.0,32,256
cube,2.000000,none,0,0.000169757,0.0,0.0,32,256
cube,2.000000,none,0,7.7383e-05,0.0,0.0,32,256
cube,2.000000,none,0,0.000145999,0.0,0.0,32,256
cube,2.000000,none,0,0.00026507,0.0,0.0,32,256
cube,2.000000,none,0,0.000182915,0.0,0.0,32,256
cube,2.000000,none,0,5.4323e-05,0.0,0.0,32,256
cube,2.000000,none,0,0.000184029,0.0,0.0,32,256
cube,2.000000,none,0,0.000183026,0.0,0.0,32,256
cube,2.000000,none,0,0.000140869,0.0,0.0,32,256
cube,2.000000,none,0,0.000188903,0.0,0.0,32,256
cube,2.000000,none,0,0.00028907,0.0,0.0,32,256
cube,2.000000,none,0,0.000112454,0.0,0.0,32,256
cube,2.000000,none,0,0.000120897,0.0,0.0,32,256
cube,2.000000,none,0,0.000126587,0.0,0.0,32,256
cube,2.000000,none,0,0.000123622,0.0,0.0,32,256
cube,2.000000,none,0,0.000128964,0.0,0.0,32,256
cube,2.000000,none,0,0.000121768,0.0,0.0,32,256
cube,2.000000,none,0,8.8951e-05,0.0,0.0,32,256
cube,2.000000,none,0,0.000138111,0.0,0.0,32,256
cube,2.000000,none,0,0.000103314,0.0,0.0,32,256
cube,2.000000,none,0,0.000165811,0.0,0.0,32,256
cube,2.000000,none,0,8.9891e-05,0.0,0.0,32,256
cube,2.000000,none,0,0.000160582,0.0,0.0,32,256
cube,2.000000,none,0,0.000132489,0.0,0.0,32,256
cube,2.000000,none,0,0.000192202,0.0,0.0,32,256
cube,2.000000,none,0,0.000159909,0.0,0.0,32,256
cube,2.000000,none,0,0.00013844,0.0,0.0,32,256
cube,2.000000,none,0,0.000158633,0.0,0.0,32,256
cube,2.000000,none,0,0.000167421,0.0,0.0,32,256
cube,2.000000,none,0,0.000148655,0.0,0.0,32,256
cube,2.000000,none,0,9.4249e-05,0.0,0.0,32,256
cube,2.000000,none,0,0.000209996,0.0,0.0,32,256
cube,2.000000,none,0,0.000131182,0.0,0.0,32,256
cube,2.000000,none,0,0.000122613,0.0,0.0,32,256
cube,2.000000,none,0,0.000135894,0.0,0.0,32,256
cube,2.000000,none,0,0.000121801,0.0,0.0,32,256
cube,2.000000,none,0,0.000141116,0.0,0.0,32,256
cube,2.000000,none,0,0.000158347,0.0,0.0,32,256
cube,2.000000,none,0,0.00013982,0.0,0.0,32,256
cube,2.000000,none,0,0.00021245,0.0,0.0,32,256
cube,2.000000,none,0,0.00025205,0.0,0.0,32,256
cube,2.000000,none,0,0.000181269,0.0,0.0,32,256
cube,2.000000,none,0,0.00010908,0.0,0.0,32,256
cube,2.000000,none,0,9.8565e-05,0.0,0.0,32,256
cube,2.000000,none,0,0.000187952,0.0,0.0,32,256
cube,2.000000,none,0,0.000157406,0.0,0.0,32,256
cube,2.000000,none,0,0.000143399,0.0,0.0,32,256
cube,2.000000,none,0,0.000170165,0.0,0.0,32,256
cube,2.000000,none,0,0.000199026,0.0,0.0,32,256
cube,2.000000,none,0,0.000212945,0.0,0.0,32,256
cube,2.000000,none,0,0.000121292,0.0,0.0,32,256
cube,2.000000,none,0,0.000169427,0.0,0.0,32,256
cube,2.000000,none,0,0.000154892,0.0,0.0,32,256
cube,2.000000,none,0,0.000128459,0.0,0.0,32,256
cube,2.000000,none,0,0.000157685,0.0,0.0,32,256
cube,2.000000,none,0,0.000206601,0.0,0.0,32,256
cube,2.000000,none,0,0.000169583,0.0,0.0,32,256
cube,2.000000,none,0,0.000106037,0.0,0.0,32,256
cube,2.000000,none,0,0.00022457,0.0,0.0,32,256
cube,2.000000,none,0,0.000169758,0.0,0.0,32,256
cube,2.000000,none,0,8.4696e-05,0.0,0.0,32,256
cube,2.000000,none,0,0.000132388,0.0,0.0,32,256
cube,2.000000,none,0,3.7498e-05,0.0,0.0,32,256
cube,2.000000,none,0,0.000164863,0.0,0.0,32,256
cube,2.000000,none,0,0.0001162,0.0,0.0,32,256
cube,2.000000,none,0,4.9922e-05,0.0,0.0,32,256
cube,2.000000,none,0,0.00019748,0.0,0.0,32,256
cube,2.000000,none,0,0.000163649,0.0,0.0,32,256
cube,2.000000,none,0,0.000125006,0.0,0.0,32,256
cube,2.000000,none,0,3.9292e-05,0.0,0.0,32,256
cube,2.000000,none,0,0.000155504,0.0,0.0,32,256
cube,2.000000,none,0,0.000219708,0.0,0.0,32,256
cube,2.000000,none,0,0.000143892,0.0,0.0,32,256
cube,2.000000,none,0,0.000133211,0.0,0.0,32,256
cube,2.000000,none,0,0.000176849,0.0,0.0,32,256
cube,2.000000,none,0,0.000118647,0.0,0.0,32,256
cube,2.000000,none,0,0.000126664,0.0,0.0,32,256
cube,2.000000,none,0,9.7948e-05,0.0,0.0,32,256
cube,2.000000,none,0,0.000139652,0.0,0.0,32,256
cube,2.000000,none,0,9.6623e-05,0.0,0.0,32,256
cube,2.000000,none,0,6.3503e-05,0.0,0.0,32,256
cube,2.000000,none,0,0.000152993,0.0,0.0,32,256
cube,2.000000,none,0,0.000181523,0.0,0.0,32,256
cube,2.000000,none,0,5.8588e-05,0.0,0.0,32,256
cube,2.000000,none,0,0.000182258,0.0,0.0,32,256
cube,2.000000,none,0,0.000164773,0.0,0.0,32,256
cube,2.000000,none,0,0.000140149,0.0,0.0,32,256
cube,2.000000,none,0,0.000115805,0.0,0.0,32,256
cube,2.000000,none,0,4.4554e-05,0.0,0.0,32,256
cube,2.000000,none,0,0.000197339,0.0,0.0,32,256
cube,2.000000,none,0,0.000135004,0.0,0.0,32,256
cube,2.000000,none,0,2.2702e-05,0.0,0.0,32,256
cube,2.000000,none,0,0.000132948,0.0,0.0,32,256
cube,2.000000,none,0,9.1283e-05,0.0,0.0,32,256
cube,2.000000,none,0,4.5197e-05,0.0,0.0,32,256
cube,2.000000,none,0,0.000123632,0.0,0.0,32,256
cube,2.000000,none,0,0.000183727,0.0,0.0,32,256
cube,2.000000,none,0,2.3315e-05,0.0,0.0,32,256
cube,2.000000,none,0,7.9455e-05,0.0,0.0,32,256
cube,2.000000,none,0,0.000124199,0.0,0.0,32,256
cube,2.000000,none,0,0.000113633,0.0,0.0,32,256
cube,2.000000,none,0,0.000182329,0.0,0.0,32,256
cube,2.000000,none,0,0.000146519,0.0,0.0,32,256
cube,2.000000,none,0,0.000131704,0.0,0.0,32,256
cube,2.000000,none,0,0.000107168,0.0,0.0,32,256
cube,2.000000,none,0,9.0973e-05,0.0,0.0,32,256
cube,2.000000,none,0,0.000124326,0.0,0.0,32,256
cube,2.000000,none,0,0.000111681,0.0,0.0,32,256
sphere,2.000000,polar,0.000179489,0.00233005,0.0,0.0,32,256
sphere,2.000000,polar,0.000144466,0.00360251,0.0,0.0,32,256
sphere,2.000000,polar,2.5865e-05,0.000108499,0.0,0.0,32,256
sphere,2.000000,polar,5.296e-05,0.000127302,0.0,0.0,32,256
sphere,2.000000,polar,5.9008e-05,0.000196145,0.0,0.0,32,256
sphere,2.000000,polar,3.8765e-05,0.000108845,0.0,0.0,32,256
sphere,2.000000,polar,6.4559e-05,0.000229645,0.0,0.0,32,256
sphere,2.000000,polar,7.1303e-05,0.00016752,0.0,0.0,32,256
sphere,2.000000,polar,6.545e-05,0.000160411,0.0,0.0,32,256
sphere,2.000000,polar,4.2261e-05,0.000120619,0.0,0.0,32,256
sphere,2.000000,polar,6.1406e-05,0.000121261,0.0,0.0,32,256
sphere,2.000000,polar,6.7023e-05,0.000140196,0.0,0.0,32,256
sphere,2.000000,polar,5.0883e-05,0.000103588,0.0,0.0,32,256
sphere,2.000000,polar,2.609e-05,0.000168294,0.0,0.0,32,256
sphere,2.000000,polar,6.205e-05,0.000151625,0.0,0.0,32,256
sphere,2.000000,polar,5.3321e-05,9.5806e-05,0.0,0.0,32,256
sphere,2.000000,polar,7.5492e-05,0.000159685,0.0,0.0,32,256
sphere,2.000000,polar,0.000230972,0.000223497,0.0,0.0,32,256
sphere,2.000000,polar,3.6112e-05,0.00019033,0.0,0.0,32,256
sphere,2.000000,polar,8.6557e-05,0.000252098,0.0,0.0,32,256
sphere,2.000000,polar,8.255e-05,0.000229312,0.0,0.0,32,256
sphere,2.000000,polar,7.0492e-05,0.000174404,0.0,0.0,32,256
sphere,2.000000,polar,2.152e-05,9.2666e-05,0.0,0.0,32,256
sphere,2.000000,polar,5.7289e-05,0.000253123,0.0,0.0,32,256
sphere,2.000000,polar,5.7108e-05,0.000171152,0.0,0.0,32,256
sphere,2.000000,polar,7.459e-06,2.4525e-05,0.0,0.0,32,256
sphere,2.000000,polar,5.3154e-05,0.000102059,0.0,0.0,32,256
sphere,2.000000,polar,1.3962e-05,2.2624e-05,0.0,0.0,32,256
sphere,2.000000,polar,7.0078e-05,0.000152494,0.0,0.0,32,256
sphere,2.000000,polar,8.2114e-05,0.000167688,0.0,0.0,32,256
sphere,2.000000,polar,5.1922e-05,0.0001591,0.0,0.0,32,256
sphere,2.000000,polar,7.8155e-05,0.000243978,0.0,0.0,32,256
sphere,2.000000,polar,6.6407e-05,0.000196462,0.0,0.0,32,256
sphere,2.000000,polar,6.0667e-05,0.000154838,0.0,0.0,32,256
sphere,2.000000,polar,4.1203e-05,0.000163082,0.0,0.0,32,256
sphere,2.000000,polar,7.6573e-05,0.000174192,0.0,0.0,32,256
sphere,2.000000,polar,4.7437e-05,0.000180871,0.0,0.0,32,256
sphere,2.000000,polar,7.108e-05,0.000158453,0.0,0.0,32,256
sphere,2.000000,polar,3.7293e-05,0.000160679,0.0,0.0,32,256
sphere,2.000000,polar,3.9996e-05,0.000174572,0.0,0.0,32,256
sphere,2.000000,polar,4.6081e-05,0.000137344,0.0,0.0,32,256
sphere,2.000000,polar,3.3363e-05,9.4713e-05,0.0,0.0,32,256
sphere,2.000000,polar,9.1116e-05,0.000182355,0.0,0.0,32,256
sphere,2.000000,polar,8.3484e-05,0.000219429,0.0,0.0,32,256
sphere,2.000000,polar,3.0315e-05,7.0952e-05,0.0,0.0,32,256
sphere,2.000000,polar,4.9275e-05,0.000151184,0.0,0.0,32,256
sphere,2.000000,polar,6.0762e-05,0.000207886,0.0,0.0,32,256
sphere,2.000000,polar,7.1831e-05,0.000181205,0.0,0.0,32,256
sphere,2.000000,polar,6.0639e-05,0.000202922,0.0,0.0,32,256
sphere,2.000000,polar,6.7969e-05,0.000155699,0.0,0.0,32,256
sphere,2.000000,polar,4.9526e-05,0.000102908,0.0,0.0,32,256
sphere,2.000000,polar,3.8256e-05,0.000143933,0.0,0.0,32,256
sphere,2.000000,polar,7.7631e-05,0.000125349,0.0,0.0,32,256
sphere,2.000000,polar,4.9167e-05,6.6282e-05,0.0,0.0,32,256
sphere,2.000000,polar,9.9298e-05,0.000239698,0.0,0.0,32,256
sphere,2.000000,polar,5.5265e-05,0.000128867,0.0,0.0,32,256
sphere,2.000000,polar,9.5585e-05,0.00080007,0.0,0.0,32,256
sphere,2.000000,polar,2.2701e-05,0.000161199,0.0,0.0,32,256
sphere,2.000000,polar,4.9449e-05,0.000143125,0.0,0.0,32,256
sphere,2.000000,polar,8.3419e-05,0.000195918,0.0,0.0,32,256
sphere,2.000000,polar,6.818e-05,0.000150741,0.0,0.0,32,256
sphere,2.000000,polar,3.7589e-05,8.0743e-05,0.0,0.0,32,256
sphere,2.000000,polar,6.7169e-05,9.9479e-05,0.0,0.0,32,256
sphere,2.000000,polar,4.6484e-05,0.000155707,0.0,0.0,32,256
sphere,2.000000,polar,6.3755e-05,0.000134347,0.0,0.0,32,256
sphere,2.000000,polar,4.0177e-05,0.000170971,0.0,0.0,32,256
sphere,2.000000,polar,2.1776e-05,6.5522e-05,0.0,0.0,32,256
sphere,2.000000,polar,2.7807e-05,0.000118204,0.0,0.0,32,256
sphere,2.000000,polar,4.0208e-05,0.00014157,0.0,0.0,32,256
sphere,2.000000,polar,6.448e-05,0.000117396,0.0,0.0,32,256
sphere,2.000000,polar,6.8486e-05,0.000156491,0.0,0.0,32,256
sphere,2.000000,polar,4.3031e-05,8.1936e-05,0.0,0.0,32,256
sphere,2.000000,polar,5.8277e-05,0.000179418,0.0,0.0,32,256
sphere,2.000000,polar,7.2168e-05,0.00014896,0.0,0.0,32,256
sphere,2.000000,polar,6.874e-05,0.00013179,0.0,0.0,32,256
sphere,2.000000,polar,4.7433e-05,9.6821e-05,0.0,0.0,32,256
sphere,2.000000,polar,4.5024e-05,0.000172377,0.0,0.0,32,256
sphere,2.000000,polar,5.7202e-05,0.000127509,0.0,0.0,32,256
sphere,2.000000,polar,4.2901e-05,0.000128515,0.0,0.0,32,256
sphere,2.000000,polar,4.1726e-05,0.000159387,0.0,0.0,32,256
sphere,2.000000,polar,6.8978e-05,0.000136227,0.0,0.0,32,256
sphere,2.000000,polar,5.5095e-05,0.000128856,0.0,0.0,32,256
sphere,2.000000,polar,9.4543e-05,0.000285698,0.0,0.0,32,256
sphere,2.000000,polar,6.1014e-05,0.000148917,0.0,0.0,32,256
sphere,2.000000,polar,6.9303e-05,0.000126546,0.0,0.0,32,256
sphere,2.000000,polar,5.6648e-05,0.00011569,0.0,0.0,32,256
sphere,2.000000,polar,5.3059e-05,0.000146839,0.0,0.0,32,256
sphere,2.000000,polar,1.6493e-05,1.8102e-05,0.0,0.0,32,256
sphere,2.000000,polar,3.8453e-05,8.595e-05,0.0,0.0,32,256
sphere,2.000000,polar,5.5834e-05,0.000100699,0.0,0.0,32,256
sphere,2.000000,polar,6.9575e-05,0.000235251,0.0,0.0,32,256
sphere,2.000000,polar,0.000167304,0.000314494,0.0,0.0,32,256
sphere,2.000000,polar,6.2568e-05,0.000220363,0.0,0.0,32,256
sphere,2.000000,polar,4.8444e-05,0.000109189,0.0,0.0,32,256
sphere,2.000000,polar,5.7455e-05,0.000122862,0.0,0.0,32,256
sphere,2.000000,polar,5.309e-05,0.000133159,0.0,0.0,32,256
sphere,2.000000,polar,9.9238e-05,0.000250904,0.0,0.0,32,256
sphere,2.000000,polar,6.7012e-05,0.000208755,0.0,0.0,32,256
sphere,2.000000,polar,7.8348e-05,0.000195604,0.0,0.0,32,256
sphere,2.000000,polar,8.7132e-05,0.000208392,0.0,0.0,32,256
sphere,2.000000,polar,5.6227e-05,0.000159044,0.0,0.0,32,256
sphere,2.000000,polar,8.4556e-05,0.000249588,0.0,0.0,32,256
sphere,2.000000,polar,5.3231e-05,0.00027371,0.0,0.0,32,256
sphere,2.000000,polar,4.2511e-05,0.000248633,0.0,0.0,32,256
sphere,2.000000,polar,2.2944e-05,0.000193472,0.0,0.0,32,256
sphere,2.000000,polar,1.4756e-05,2.9667e-05,0.0,0.0,32,256
sphere,2.000000,polar,4.1575e-05,0.000140571,0.0,0.0,32,256
sphere,2.000000,polar,2.3816e-05,5.206e-05,0.0,0.0,32,256
sphere,2.000000,polar,6.2276e-05,0.000156946,0.0,0.0,32,256
sphere,2.000000,polar,4.1607e-05,0.000162156,0.0,0.0,32,256
sphere,2.000000,polar,6.0985e-05,0.000200175,0.0,0.0,32,256
sphere,2.000000,polar,4.5261e-05,0.000110547,0.0,0.0,32,256
sphere,2.000000,polar,6.9484e-05,0.000142334,0.0,0.0,32,256
sphere,2.000000,polar,7.8115e-05,0.000241414,0.0,0.0,32,256
sphere,2.000000,polar,6.5523e-05,0.000124771,0.0,0.0,32,256
sphere,2.000000,polar,5.0479e-05,0.00011852,0.0,0.0,32,256
sphere,2.000000,polar,4.7783e-05,0.00014464,0.0,0.0,32,256
sphere,2.000000,polar,2.2548e-05,0.000134573,0.0,0.0,32,256
sphere,2.000000,polar,2.8179e-05,0.000110654,0.0,0.0,32,256
sphere,2.000000,polar,6.7142e-05,0.000131286,0.0,0.0,32,256
sphere,2.000000,polar,2.1184e-05,5.8046e-05,0.0,0.0,32,256
sphere,2.000000,polar,5.8216e-05,0.000114039,0.0,0.0,32,256
sphere,2.000000,polar,4.074e-05,8.9214e-05,0.0,0.0,32,256
sphere,2.000000,polar,8.0567e-05,0.00018663,0.0,0.0,32,256
sphere,2.000000,polar,6.8154e-05,0.000203621,0.0,0.0,32,256
sphere,2.000000,polar,8.4754e-05,0.000204657,0.0,0.0,32,256
sphere,2.000000,polar,6.5404e-05,0.000221102,0.0,0.0,32,256
sphere,2.000000,polar,3.2464e-05,0.00019053,0.0,0.0,32,256
sphere,2.000000,polar,1.3639e-05,7.2836e-05,0.0,0.0,32,256
sphere,2.000000,polar,7.4494e-05,0.000212411,0.0,0.0,32,256
sphere,2.000000,polar,7.9718e-05,0.000190482,0.0,0.0,32,256
sphere,2.000000,polar,3.5828e-05,8.4904e-05,0.0,0.0,32,256
sphere,2.000000,polar,9.3299e-05,0.000177367,0.0,0.0,32,256
sphere,2.000000,polar,3.3255e-05,0.000164203,0.0,0.0,32,256
sphere,2.000000,polar,0.000112808,0.000183529,0.0,0.0,32,256
sphere,2.000000,polar,6.0373e-05,0.000190632,0.0,0.0,32,256
sphere,2.000000,polar,4.4752e-05,0.000128436,0.0,0.0,32,256
sphere,2.000000,polar,7.7896e-05,0.000172935,0.0,0.0,32,256
sphere,2.000000,polar,6.6411e-05,0.000154006,0.0,0.0,32,256
sphere,2.000000,polar,4.4356e-05,0.000185425,0.0,0.0,32,256
sphere,2.000000,polar,5.8935e-05,0.000196062,0.0,0.0,32,256
sphere,2.000000,polar,3.7125e-05,5.9388e-05,0.0,0.0,32,256
sphere,2.000000,polar,7.0029e-05,0.000158306,0.0,0.0,32,256
sphere,2.000000,polar,2.3051e-05,0.000100394,0.0,0.0,32,256
sphere,2.000000,polar,5.9297e-05,0.000198813,0.0,0.0,32,256
sphere,2.000000,polar,7.4919e-05,0.000166357,0.0,0.0,32,256
sphere,2.000000,polar,9.2039e-05,0.000180216,0.0,0.0,32,256
sphere,2.000000,polar,5.5345e-05,0.000126722,0.0,0.0,32,256
sphere,2.000000,polar,3.4347e-05,0.000220599,0.0,0.0,32,256
sphere,2.000000,polar,4.9047e-05,0.00015914,0.0,0.0,32,256
sphere,2.000000,polar,4.659e-05,0.000203329,0.0,0.0,32,256
sphere,2.000000,polar,4.1836e-05,0.000117372,0.0,0.0,32,256
sphere,2.000000,polar,5.201e-05,0.000231626,0.0,0.0,32,256
sphere,2.000000,polar,8.1315e-05,0.000202275,0.0,0.0,32,256
sphere,2.000000,polar,4.4294e-05,0.000101932,0.0,0.0,32,256
sphere,2.000000,polar,1.5641e-05,4.7735e-05,0.0,0.0,32,256
sphere,2.000000,polar,4.906e-05,0.000154141,0.0,0.0,32,256
sphere,2.000000,polar,0.00010953,0.000337771,0.0,0.0,32,256
sphere,2.000000,polar,4.8765e-05,0.0001066,0.0,0.0,32,256
sphere,2.000000,polar,4.9279e-05,0.000132638,0.0,0.0,32,256
sphere,2.000000,polar,3.111e-05,0.00014352,0.0,0.0,32,256
sphere,2.000000,polar,6.8298e-05,0.000123434,0.0,0.0,32,256
sphere,2.000000,polar,6.4502e-05,0.000193936,0.0,0.0,32,256
sphere,2.000000,polar,3.6961e-05,0.000231416,0.0,0.0,32,256
sphere,2.000000,polar,3.441e-05,0.000101361,0.0,0.0,32,256
sphere,2.000000,polar,6.6003e-05,0.000129579,0.0,0.0,32,256
sphere,2.000000,polar,7.1402e-05,0.000141256,0.0,0.0,32,256
sphere,2.000000,polar,1.2288e-05,1.1859e-05,0.0,0.0,32,256
sphere,2.000000,polar,4.3732e-05,0.000151673,0.0,0.0,32,256
sphere,2.000000,polar,5.2669e-05,0.000124079,0.0,0.0,32,256
sphere,2.000000,polar,2.0919e-05,7.4765e-05,0.0,0.0,32,256
sphere,2.000000,polar,6.4411e-05,0.000129648,0.0,0.0,32,256
sphere,2.000000,polar,2.5592e-05,0.000154509,0.0,0.0,32,256
sphere,2.000000,polar,9.1426e-05,0.000216237,0.0,0.0,32,256
sphere,2.000000,polar,5.9477e-05,0.000154047,0.0,0.0,32,256
sphere,2.000000,polar,5.3888e-05,0.000137006,0.0,0.0,32,256
sphere,2.000000,polar,5.4072e-05,0.000164063,0.0,0.0,32,256
sphere,2.000000,polar,7.5676e-05,0.000174625,0.0,0.0,32,256
sphere,2.000000,polar,5.7569e-05,0.000158504,0.0,0.0,32,256
sphere,2.000000,polar,2.751e-05,5.3972e-05,0.0,0.0,32,256
sphere,2.000000,polar,5.8623e-05,0.000157996,0.0,0.0,32,256
sphere,2.000000,polar,4.0854e-05,8.8825e-05,0.0,0.0,32,256
sphere,2.000000,polar,3.4745e-05,0.000157523,0.0,0.0,32,256
sphere,2.000000,polar,7.0949e-05,0.000127118,0.0,0.0,32,256
sphere,2.000000,polar,4.6924e-05,0.000118631,0.0,0.0,32,256
sphere,2.000000,polar,4.0467e-05,0.000139217,0.0,0.0,32,256
sphere,2.000000,polar,7.346e-05,0.000141916,0.0,0.0,32,256
sphere,2.000000,polar,7.1458e-05,0.000128068,0.0,0.0,32,256
sphere,2.000000,polar,4.0657e-05,0.000126249,0.0,0.0,32,256
sphere,2.000000,polar,2.916e-05,4.3171e-05,0.0,0.0,32,256
sphere,2.000000,polar,9.1761e-05,0.000211445,0.0,0.0,32,256
sphere,2.000000,polar,7.3398e-05,0.000137124,0.0,0.0,32,256
sphere,2.000000,polar,7.0267e-05,0.000129528,0.0,0.0,32,256
sphere,2.000000,polar,4.0474e-05,0.000125115,0.0,0.0,32,256
sphere,2.000000,polar,5.6416e-05,0.000153127,0.0,0.0,32,256
sphere,2.000000,polar,4.1729e-05,0.000108665,0.0,0.0,32,256
sphere,2.000000,polar,6.1573e-05,0.000143902,0.0,0.0,32,256
sphere,2.000000,polar,6.8533e-05,0.000262641,0.0,0.0,32,256
sphere,2.000000,polar,7.9997e-05,0.000186808,0.0,0.0,32,256
sphere,2.000000,polar,3.6359e-05,9.6683e-05,0.0,0.0,32,256
sphere,2.000000,polar,7.3161e-05,0.00019219,0.0,0.0,32,256
sphere,2.000000,polar,2.47e-06,2.3914e-05,0.0,0.0,32,256
sphere,2.000000,polar,8.5092e-05,0.000212266,0.0,0.0,32,256
sphere,2.000000,polar,4.4818e-05,0.000124151,0.0,0.0,32,256
sphere,2.000000,polar,5.2824e-05,0.00013166,0.0,0.0,32,256
sphere,2.000000,polar,6.3791e-05,0.000191279,0.0,0.0,32,256
sphere,2.000000,polar,2.8407e-05,0.000120866,0.0,0.0,32,256
sphere,2.000000,polar,5.3326e-05,0.000189752,0.0,0.0,32,256
sphere,2.000000,polar,5.9677e-05,0.000114471,0.0,0.0,32,256
sphere,2.000000,polar,4.908e-05,0.000101703,0.0,0.0,32,256
sphere,2.000000,polar,6.8521e-05,0.000119328,0.0,0.0,32,256
sphere,2.000000,polar,7.4349e-05,0.000244089,0.0,0.0,32,256
sphere,2.000000,polar,1.9077e-05,5.2693e-05,0.0,0.0,32,256
sphere,2.000000,polar,9.2569e-05,0.000220504,0.0,0.0,32,256
sphere,2.000000,polar,4.4502e-05,0.000153341,0.0,0.0,32,256
sphere,2.000000,polar,3.5188e-05,0.000100864,0.0,0.0,32,256
sphere,2.000000,polar,5.2123e-05,0.000127197,0.0,0.0,32,256
sphere,2.000000,polar,4.3181e-05,0.000114275,0.0,0.0,32,256
sphere,2.000000,polar,4.5648e-05,8.9039e-05,0.0,0.0,32,256
sphere,2.000000,polar,5.6829e-05,0.000126834,0.0,0.0,32,256
sphere,2.000000,polar,2.9079e-05,0.000117611,0.0,0.0,32,256
sphere,2.000000,polar,4.6761e-05,0.000122165,0.0,0.0,32,256
sphere,2.000000,polar,7.2085e-05,0.000137212,0.0,0.0,32,256
sphere,2.000000,polar,4.2591e-05,0.000117547,0.0,0.0,32,256
sphere,2.000000,polar,2.2568e-05,7.5506e-05,0.0,0.0,32,256
sphere,2.000000,polar,6.8097e-05,0.000165961,0.0,0.0,32,256
sphere,2.000000,polar,0.000137907,0.00013254,0.0,0.0,32,256
sphere,2.000000,polar,4.579e-05,8.2024e-05,0.0,0.0,32,256
sphere,2.000000,polar,0.000106568,0.000210358,0.0,0.0,32,256
sphere,2.000000,polar,6.9872e-05,0.000121106,0.0,0.0,32,256
sphere,2.000000,polar,6.5277e-05,0.000124236,0.0,0.0,32,256
sphere,2.000000,polar,4.513e-05,0.000194521,0.0,0.0,32,256
sphere,2.000000,polar,9.6788e-05,0.000273065,0.0,0.0,32,256
sphere,2.000000,polar,5.0203e-05,0.000123183,0.0,0.0,32,256
sphere,2.000000,polar,5.3914e-05,0.000117807,0.0,0.0,32,256
sphere,2.000000,polar,2.8992e-05,6.8275e-05,0.0,0.0,32,256
sphere,2.000000,polar,1.8688e-05,0.000103442,0.0,0.0,32,256
sphere,2.000000,polar,2.8594e-05,0.000125984,0.0,0.0,32,256
sphere,2.000000,polar,7.8547e-05,0.000189221,0.0,0.0,32,256
sphere,2.000000,polar,3.0303e-05,0.000106842,0.0,0.0,32,256
sphere,2.000000,polar,6.7855e-05,0.000140826,0.0,0.0,32,256
sphere,2.000000,polar,5.4939e-05,0.000123394,0.0,0.0,32,256
sphere,2.000000,polar,4.6242e-05,0.000156259,0.0,0.0,32,256
sphere,2.000000,polar,0.000380741,0.000556148,0.0,0.0,32,256
sphere,2.000000,polar,1.9217e-05,5.3037e-05,0.0,0.0,32,256
sphere,2.000000,polar,5.6128e-05,0.000159747,0.0,0.0,32,256
sphere,2.000000,polar,4.7912e-05,8.8812e-05,0.0,0.0,32,256
sphere,2.000000,polar,5.3804e-05,0.000119823,0.0,0.0,32,256
sphere,2.000000,polar,5.7368e-05,0.000127122,0.0,0.0,32,256
sphere,2.000000,polar,4.8808e-05,0.000167667,0.0,0.0,32,256
sphere,2.000000,polar,4.6351e-05,9.6222e-05,0.0,0.0,32,256
sphere,2.000000,polar,1.2206e-05,1.9719e-05,0.0,0.0,32,256
sphere,2.000000,polar,6.3148e-05,0.000141608,0.0,0.0,32,256
sphere,2.000000,polar,4.3897e-05,0.00010755,0.0,0.0,32,256
sphere,2.000000,polar,6.9238e-05,0.000124305,0.0,0.0,32,256
sphere,2.000000,polar,6.1169e-05,0.00015745,0.0,0.0,32,256
sphere,2.000000,polar,7.278e-05,0.000147834,0.0,0.0,32,256
sphere,2.000000,polar,5.1352e-05,0.000105593,0.0,0.0,32,256
sphere,2.000000,polar,6.21e-05,0.000150656,0.0,0.0,32,256
sphere,2.000000,polar,8.4694e-05,0.000196873,0.0,0.0,32,256
sphere,2.000000,polar,3.3395e-05,0.000113109,0.0,0.0,32,256
sphere,2.000000,polar,9.175e-05,0.00023104,0.0,0.0,32,256
sphere,2.000000,polar,6.214e-05,0.000140442,0.0,0.0,32,256
sphere,2.000000,polar,2.4158e-05,0.000114637,0.0,0.0,32,256
sphere,2.000000,polar,6.855e-05,0.000134065,0.0,0.0,32,256
sphere,2.000000,polar,4.9142e-05,0.000112722,0.0,0.0,32,256
sphere,2.000000,polar,4.1694e-05,9.5288e-05,0.0,0.0,32,256
sphere,2.000000,polar,6.4069e-05,0.000150373,0.0,0.0,32,256
sphere,2.000000,polar,3.4514e-05,0.000120872,0.0,0.0,32,256
sphere,2.000000,polar,5.5792e-05,0.000120175,0.0,0.0,32,256
sphere,2.000000,polar,3.8487e-05,9.8833e-05,0.0,0.0,32,256
sphere,2.000000,polar,5.2641e-05,9.1311e-05,0.0,0.0,32,256
sphere,2.000000,polar,2.6964e-05,6.0781e-05,0.0,0.0,32,256
sphere,2.000000,polar,6.4077e-05,0.000151595,0.0,0.0,32,256
sphere,2.000000,polar,4.1854e-05,0.00015605,0.0,0.0,32,256
sphere,2.000000,polar,2.3207e-05,6.3719e-05,0.0,0.0,32,256
sphere,2.000000,polar,4.8296e-05,0.00014971,0.0,0.0,32,256
sphere,2.000000,polar,5.3052e-05,0.000113719,0.0,0.0,32,256
sphere,2.000000,polar,2.5847e-05,7.7125e-05,0.0,0.0,32,256
sphere,2.000000,polar,4.0869e-05,8.0178e-05,0.0,0.0,32,256
sphere,2.000000,polar,4.1172e-05,0.000153593,0.0,0.0,32,256
sphere,2.000000,polar,5.6599e-05,7.9556e-05,0.0,0.0,32,256
sphere,2.000000,polar,6.6091e-05,0.000132461,0.0,0.0,32,256
sphere,2.000000,polar,5.3593e-05,0.000138707,0.0,0.0,32,256
sphere,2.000000,polar,6.3914e-05,0.000131447,0.0,0.0,32,256
sphere,2.000000,polar,5.8673e-05,0.00012312,0.0,0.0,32,256
sphere,2.000000,polar,7.2972e-05,0.000210544,0.0,0.0,32,256
sphere,2.000000,polar,5.1788e-05,0.000103446,0.0,0.0,32,256
sphere,2.000000,polar,4.8115e-05,0.000165476,0.0,0.0,32,256
sphere,2.000000,polar,2.6541e-05,9.4625e-05,0.0,0.0,32,256
sphere,2.000000,polar,7.2511e-05,0.000161014,0.0,0.0,32,256
sphere,2.000000,polar,8.0577e-05,0.00015361,0.0,0.0,32,256
sphere,2.000000,polar,3.7625e-05,0.000128441,0.0,0.0,32,256
sphere,2.000000,polar,4.3484e-05,0.000121554,0.0,0.0,32,256
sphere,2.000000,polar,2.7835e-05,0.000192068,0.0,0.0,32,256
sphere,2.000000,polar,1.8248e-05,2.8167e-05,0.0,0.0,32,256
sphere,2.000000,polar,6.5551e-05,0.000118487,0.0,0.0,32,256
sphere,2.000000,polar,7.1335e-05,0.000139509,0.0,0.0,32,256
sphere,2.000000,polar,4.9776e-05,0.000122615,0.0,0.0,32,256
sphere,2.000000,polar,3.4046e-05,0.000122023,0.0,0.0,32,256
sphere,2.000000,polar,5.2395e-05,0.000105799,0.0,0.0,32,256
sphere,2.000000,polar,8.5187e-05,0.000220237,0.0,0.0,32,256
sphere,2.000000,polar,7.3879e-05,0.000141339,0.0,0.0,32,256
sphere,2.000000,polar,4.841e-05,0.00013661,0.0,0.0,32,256
sphere,2.000000,polar,7.2545e-05,0.000159887,0.0,0.0,32,256
sphere,2.000000,polar,7.0735e-05,0.000195899,0.0,0.0,32,256
sphere,2.000000,polar,7.4873e-05,0.000165531,0.0,0.0,32,256
sphere,2.000000,polar,3.0993e-05,0.000186035,0.0,0.0,32,256
sphere,2.000000,polar,6.0944e-05,0.000135722,0.0,0.0,32,256
sphere,2.000000,polar,8.0496e-05,0.000220311,0.0,0.0,32,256
sphere,2.000000,polar,5.7879e-05,0.000112974,0.0,0.0,32,256
sphere,2.000000,polar,9.8024e-05,0.000234753,0.0,0.0,32,256
sphere,2.000000,polar,7.9666e-05,0.000193774,0.0,0.0,32,256
sphere,2.000000,polar,4.7532e-05,8.804e-05,0.0,0.0,32,256
sphere,2.000000,polar,6.2035e-05,0.000151049,0.0,0.0,32,256
sphere,2.000000,polar,1.7558e-05,3.5255e-05,0.0,0.0,32,256
sphere,2.000000,polar,5.7231e-05,0.000127468,0.0,0.0,32,256
sphere,2.000000,polar,6.2262e-05,0.000132552,0.0,0.0,32,256
sphere,2.000000,polar,1.8247e-05,7.034e-05,0.0,0.0,32,256
sphere,2.000000,polar,6.3954e-05,0.000162323,0.0,0.0,32,256
sphere,2.000000,polar,4.7379e-05,8.9862e-05,0.0,0.0,32,256
sphere,2.000000,polar,8.1114e-05,0.000136892,0.0,0.0,32,256
sphere,2.000000,polar,7.0849e-05,0.000170245,0.0,0.0,32,256
sphere,2.000000,polar,6.2993e-05,0.000115006,0.0,0.0,32,256
sphere,2.000000,polar,7.3996e-05,0.000197741,0.0,0.0,32,256
sphere,2.000000,polar,2.6238e-05,9.9964e-05,0.0,0.0,32,256
sphere,2.000000,polar,8.5416e-05,0.000470711,0.0,0.0,32,256
sphere,2.000000,polar,0.000105471,0.000207364,0.0,0.0,32,256
sphere,2.000000,polar,6.8075e-05,0.000137923,0.0,0.0,32,256
sphere,2.000000,polar,7.318e-05,0.000174162,0.0,0.0,32,256
sphere,2.000000,polar,6.9943e-05,0.000129944,0.0,0.0,32,256
sphere,2.000000,polar,5.78e-05,0.000128465,0.0,0.0,32,256
sphere,2.000000,polar,3.7278e-05,8.935e-05,0.0,0.0,32,256
sphere,2.000000,polar,3.6764e-05,9.6668e-05,0.0,0.0,32,256
sphere,2.000000,polar,5.6374e-05,0.000135073,0.0,0.0,32,256
sphere,2.000000,polar,4.7313e-05,0.000145661,0.0,0.0,32,256
sphere,2.000000,polar,6.5476e-05,0.000142702,0.0,0.0,32,256
sphere,2.000000,polar,8.4505e-05,0.00016274,0.0,0.0,32,256
sphere,2.000000,polar,0.000100048,0.000190804,0.0,0.0,32,256
sphere,2.000000,polar,1.7798e-05,7.9365e-05,0.0,0.0,32,256
sphere,2.000000,polar,3.4578e-05,0.000126739,0.0,0.0,32,256
sphere,2.000000,polar,6.1026e-05,0.000145391,0.0,0.0,32,256
sphere,2.000000,polar,7.2205e-05,0.00015806,0.0,0.0,32,256
sphere,2.000000,polar,2.5546e-05,9.8502e-05,0.0,0.0,32,256
sphere,2.000000,polar,6.8414e-05,0.00018545,0.0,0.0,32,256
sphere,2.000000,polar,3.0012e-05,0.000138076,0.0,0.0,32,256
sphere,2.000000,polar,6.5556e-05,0.000130772,0.0,0.0,32,256
sphere,2.000000,polar,3.5494e-05,7.8965e-05,0.0,0.0,32,256
sphere,2.000000,polar,7.2619e-05,0.00019695,0.0,0.0,32,256
sphere,2.000000,polar,7.5076e-05,0.000130776,0.0,0.0,32,256
sphere,2.000000,polar,5.9508e-05,0.000123991,0.0,0.0,32,256
sphere,2.000000,polar,1.5479e-05,2.8534e-05,0.0,0.0,32,256
sphere,2.000000,polar,2.9799e-05,0.000125057,0.0,0.0,32,256
sphere,2.000000,polar,2.1241e-05,5.8543e-05,0.0,0.0,32,256
sphere,2.000000,polar,2.4937e-05,6.0316e-05,0.0,0.0,32,256
sphere,2.000000,polar,4.8908e-05,0.0001409,0.0,0.0,32,256
sphere,2.000000,polar,2.6651e-05,5.1724e-05,0.0,0.0,32,256
sphere,2.000000,polar,3.7812e-05,0.000121561,0.0,0.0,32,256
sphere,2.000000,polar,6.59e-05,0.000131753,0.0,0.0,32,256
sphere,2.000000,polar,5.7436e-05,0.000158139,0.0,0.0,32,256
sphere,2.000000,polar,3.4578e-05,0.000130287,0.0,0.0,32,256
sphere,2.000000,polar,4.219e-05,0.000135312,0.0,0.0,32,256
sphere,2.000000,polar,4.0066e-05,8.1007e-05,0.0,0.0,32,256
sphere,2.000000,polar,4.8154e-05,8.9818e-05,0.0,0.0,32,256
sphere,2.000000,polar,3.0511e-05,0.000122688,0.0,0.0,32,256
sphere,2.000000,polar,9.1087e-05,0.000167809,0.0,0.0,32,256
sphere,2.000000,polar,4.726e-05,0.000110406,0.0,0.0,32,256
sphere,2.000000,polar,5.6254e-05,0.000172119,0.0,0.0,32,256
sphere,2.000000,polar,5.1832e-05,0.000102916,0.0,0.0,32,256
sphere,2.000000,polar,0.000102891,0.000163062,0.0,0.0,32,256
sphere,2.000000,polar,9.1067e-05,0.000183528,0.0,0.0,32,256
sphere,2.000000,polar,8.1391e-05,0.000177729,0.0,0.0,32,256
sphere,2.000000,polar,0.000139488,0.000190397,0.0,0.0,32,256
sphere,2.000000,polar,6.2864e-05,0.000170413,0.0,0.0,32,256
sphere,2.000000,polar,0.000108317,0.000269909,0.0,0.0,32,256
sphere,2.000000,polar,6.904e-05,0.000231355,0.0,0.0,32,256
sphere,2.000000,polar,6.7685e-05,0.000240985,0.0,0.0,32,256
sphere,2.000000,polar,6.2638e-05,0.000147737,0.0,0.0,32,256
sphere,2.000000,polar,7.7583e-05,0.000222372,0.0,0.0,32,256
sphere,2.000000,polar,4.4831e-05,0.000129383,0.0,0.0,32,256
sphere,2.000000,polar,7.1473e-05,0.000167054,0.0,0.0,32,256
sphere,2.000000,polar,4.8165e-05,0.000160179,0.0,0.0,32,256
sphere,2.000000,polar,4.0168e-05,0.000208441,0.0,0.0,32,256
sphere,2.000000,polar,7.6327e-05,0.000250442,0.0,0.0,32,256
sphere,2.000000,polar,4.8449e-05,0.000164112,0.0,0.0,32,256
sphere,2.000000,polar,4.2712e-05,0.000155133,0.0,0.0,32,256
sphere,2.000000,polar,9.4807e-05,0.000348232,0.0,0.0,32,256
sphere,2.000000,polar,4.3787e-05,0.000106914,0.0,0.0,32,256
sphere,2.000000,polar,6.5227e-05,0.000158597,0.0,0.0,32,256
sphere,2.000000,polar,3.793e-06,5.025e-06,0.0,0.0,32,256
sphere,2.000000,polar,2.4466e-05,0.000115724,0.0,0.0,32,256
sphere,2.000000,polar,5.29e-06,3.4601e-05,0.0,0.0,32,256
sphere,2.000000,polar,3.31e-05,0.0001359,0.0,0.0,32,256
sphere,2.000000,polar,4.704e-05,0.000106386,0.0,0.0,32,256
sphere,2.000000,polar,5.9576e-05,0.000207717,0.0,0.0,32,256
sphere,2.000000,polar,8.936e-05,0.000201616,0.0,0.0,32,256
sphere,2.000000,polar,5.1562e-05,0.000196038,0.0,0.0,32,256
sphere,2.000000,polar,2.3465e-05,9.0051e-05,0.0,0.0,32,256
sphere,2.000000,polar,7.9723e-05,0.000223322,0.0,0.0,32,256
sphere,2.000000,polar,4.1539e-05,0.000188802,0.0,0.0,32,256
sphere,2.000000,polar,8.4644e-05,0.000185499,0.0,0.0,32,256
sphere,2.000000,polar,9.4493e-05,0.000237146,0.0,0.0,32,256
sphere,2.000000,polar,6.4297e-05,0.000149776,0.0,0.0,32,256
sphere,2.000000,polar,3.2729e-05,0.000153328,0.0,0.0,32,256
sphere,2.000000,polar,5.7282e-05,0.000152853,0.0,0.0,32,256
sphere,2.000000,polar,5.5625e-05,0.000118811,0.0,0.0,32,256
sphere,2.000000,polar,8.48e-05,0.000182906,0.0,0.0,32,256
sphere,2.000000,polar,8.1026e-05,0.00018379,0.0,0.0,32,256
sphere,2.000000,polar,7.1515e-05,0.000222522,0.0,0.0,32,256
sphere,2.000000,polar,3.513e-05,0.000130939,0.0,0.0,32,256
sphere,2.000000,polar,6.1713e-05,0.000155634,0.0,0.0,32,256
sphere,2.000000,polar,4.3584e-05,8.1748e-05,0.0,0.0,32,256
sphere,2.000000,polar,7.8216e-05,0.00019091,0.0,0.0,32,256
sphere,2.000000,polar,3.859e-05,0.000134643,0.0,0.0,32,256
sphere,2.000000,polar,7.9923e-05,0.000227285,0.0,0.0,32,256
sphere,2.000000,polar,4.4025e-05,0.000165499,0.0,0.0,32,256
sphere,2.000000,polar,5.2942e-05,0.000162484,0.0,0.0,32,256
sphere,2.000000,polar,3.8159e-05,0.000166045,0.0,0.0,32,256
sphere,2.000000,polar,7.373e-05,0.000189534,0.0,0.0,32,256
sphere,2.000000,polar,4.2128e-05,0.000152179,0.0,0.0,32,256
sphere,2.000000,polar,7.9173e-05,0.000174566,0.0,0.0,32,256
sphere,2.000000,polar,7.9213e-05,0.000196654,0.0,0.0,32,256
sphere,2.000000,polar,3.4769e-05,0.000104675,0.0,0.0,32,256
sphere,2.000000,polar,6.8769e-05,0.000199362,0.0,0.0,32,256
sphere,2.000000,polar,5.9786e-05,0.000165491,0.0,0.0,32,256
sphere,2.000000,polar,5.4993e-05,0.000154326,0.0,0.0,32,256
sphere,2.000000,polar,6.5451e-05,0.000123866,0.0,0.0,32,256
sphere,2.000000,polar,6.9005e-05,0.000141692,0.0,0.0,32,256
sphere,2.000000,polar,3.5759e-05,0.000106548,0.0,0.0,32,256
sphere,2.000000,polar,6.6661e-05,0.000143838,0.0,0.0,32,256
sphere,2.000000,polar,6.8103e-05,0.000142277,0.0,0.0,32,256
sphere,2.000000,polar,9.0991e-05,0.000210567,0.0,0.0,32,256
sphere,2.000000,polar,2.4752e-05,6.5067e-05,0.0,0.0,32,256
sphere,2.000000,polar,6.3414e-05,0.000141282,0.0,0.0,32,256
sphere,2.000000,polar,4.2045e-05,0.000137425,0.0,0.0,32,256
sphere,2.000000,polar,3.5919e-05,8.3955e-05,0.0,0.0,32,256
sphere,2.000000,polar,7.062e-05,0.000182788,0.0,0.0,32,256
sphere,2.000000,polar,4.7859e-05,0.00017544,0.0,0.0,32,256
sphere,2.000000,polar,8.9237e-05,0.000123378,0.0,0.0,32,256
sphere,2.000000,polar,4.0651e-05,0.000180805,0.0,0.0,32,256
sphere,2.000000,polar,9.7865e-05,0.000178042,0.0,0.0,32,256
sphere,2.000000,polar,4.6484e-05,0.000161016,0.0,0.0,32,256
sphere,2.000000,polar,3.3185e-05,0.000117211,0.0,0.0,32,256
sphere,2.000000,polar,8.2531e-05,0.000176981,0.0,0.0,32,256
sphere,2.000000,polar,7.3245e-05,0.000140069,0.0,0.0,32,256
sphere,2.000000,polar,4.3308e-05,0.000105944,0.0,0.0,32,256
sphere,2.000000,polar,3.9849e-05,8.0845e-05,0.0,0.0,32,256
sphere,2.000000,polar,7.146e-05,0.000176752,0.0,0.0,32,256
sphere,2.000000,polar,7.6436e-05,0.000127471,0.0,0.0,32,256
sphere,2.000000,polar,5.0252e-05,0.000105332,0.0,0.0,32,256
sphere,2.000000,polar,5.8485e-05,0.000140666,0.0,0.0,32,256
sphere,2.000000,polar,7.1185e-05,0.000154852,0.0,0.0,32,256
sphere,2.000000,polar,2.2663e-05,9.352e-05,0.0,0.0,32,256
sphere,2.000000,polar,4.068e-05,0.000140724,0.0,0.0,32,256
sphere,2.000000,polar,1.2963e-05,3.4127e-05,0.0,0.0,32,256
sphere,2.000000,polar,7.7033e-05,0.000188382,0.0,0.0,32,256
sphere,2.000000,polar,2.5559e-05,0.000119119,0.0,0.0,32,256
sphere,2.000000,polar,1.3205e-05,2.2131e-05,0.0,0.0,32,256
sphere,2.000000,polar,7.6504e-05,0.000234889,0.0,0.0,32,256
sphere,2.000000,polar,4.5293e-05,0.00015499,0.0,0.0,32,256
sphere,2.000000,polar,6.727e-05,0.000138251,0.0,0.0,32,256
sphere,2.000000,polar,9.658e-06,3.7221e-05,0.0,0.0,32,256
sphere,2.000000,polar,4.7074e-05,0.000176818,0.0,0.0,32,256
sphere,2.000000,polar,8.2869e-05,0.000168276,0.0,0.0,32,256
sphere,2.000000,polar,5.8772e-05,0.000143266,0.0,0.0,32,256
sphere,2.000000,polar,6.1466e-05,0.000110159,0.0,0.0,32,256
sphere,2.000000,polar,8.5672e-05,0.000185956,0.0,0.0,32,256
sphere,2.000000,polar,7.3511e-05,0.000150964,0.0,0.0,32,256
sphere,2.000000,polar,5.864e-05,0.00012956,0.0,0.0,32,256
sphere,2.000000,polar,4.7663e-05,7.2811e-05,0.0,0.0,32,256
sphere,2.000000,polar,4.1108e-05,0.00015988,0.0,0.0,32,256
sphere,2.000000,polar,4.5289e-05,0.000127932,0.0,0.0,32,256
sphere,2.000000,polar,3.0487e-05,6.7541e-05,0.0,0.0,32,256
sphere,2.000000,polar,8.1634e-05,0.000187425,0.0,0.0,32,256
sphere,2.000000,polar,5.9763e-05,0.000128506,0.0,0.0,32,256
sphere,2.000000,polar,2.0341e-05,3.4297e-05,0.0,0.0,32,256
sphere,2.000000,polar,8.1486e-05,0.000250097,0.0,0.0,32,256
sphere,2.000000,polar,5.5985e-05,0.000131293,0.0,0.0,32,256
sphere,2.000000,polar,6.4036e-05,0.000132827,0.0,0.0,32,256
sphere,2.000000,polar,5.4873e-05,0.000106797,0.0,0.0,32,256
sphere,2.000000,polar,2.7165e-05,3.8603e-05,0.0,0.0,32,256
sphere,2.000000,polar,7.3452e-05,0.000215365,0.0,0.0,32,256
sphere,2.000000,polar,3.5932e-05,0.00010705,0.0,0.0,32,256
sphere,2.000000,polar,1.1087e-05,3.0988e-05,0.0,0.0,32,256
sphere,2.000000,polar,4.1834e-05,0.000148085,0.0,0.0,32,256
sphere,2.000000,polar,2.9551e-05,8.4248e-05,0.0,0.0,32,256
sphere,2.000000,polar,1.987e-05,3.0115e-05,0.0,0.0,32,256
sphere,2.000000,polar,3.984e-05,0.000115608,0.0,0.0,32,256
sphere,2.000000,polar,6.5809e-05,0.000147772,0.0,0.0,32,256
sphere,2.000000,polar,1.0151e-05,1.8126e-05,0.0,0.0,32,256
sphere,2.000000,polar,1.9604e-05,9.7631e-05,0.0,0.0,32,256
sphere,2.000000,polar,3.4204e-05,9.684e-05,0.0,0.0,32,256
sphere,2.000000,polar,4.0874e-05,0.000101815,0.0,0.0,32,256
sphere,2.000000,polar,7.7729e-05,0.000159996,0.0,0.0,32,256
sphere,2.000000,polar,4.2626e-05,0.000146105,0.0,0.0,32,256
sphere,2.000000,polar,6.7617e-05,0.000193405,0.0,0.0,32,256
sphere,2.000000,polar,3.7955e-05,0.000115661,0.0,0.0,32,256
sphere,2.000000,polar,2.463e-05,8.7937e-05,0.0,0.0,32,256
sphere,2.000000,polar,6.468e-05,0.000136898,0.0,0.0,32,256
sphere,2.000000,polar,5.0525e-05,9.3705e-05,0.0,0.0,32,256
sphere,2.000000,polar,1.9464e-05,2.3092e-05,0.0,0.0,32,256
sphere,2.000000,polar,6.646e-05,0.000144407,0.0,0.0,32,256
sphere,2.000000,polar,2.3451e-05,0.000101232,0.0,0.0,32,256
sphere,2.000000,polar,4.6805e-05,0.000107814,0.0,0.0,32,256
sphere,2.000000,polar,4.855e-05,0.000160836,0.0,0.0,32,256
sphere,2.000000,polar,3.7619e-05,0.000106826,0.0,0.0,32,256
sphere,2.000000,polar,6.2058e-05,0.000174282,0.0,0.0,32,256
sphere,2.000000,polar,6.6649e-05,0.000152403,0.0,0.0,32,256
sphere,2.000000,polar,6.2363e-05,0.000129144,0.0,0.0,32,256
sphere,2.000000,polar,4.3382e-05,0.000121863,0.0,0.0,32,256
sphere,2.000000,polar,6.0149e-05,0.000130698,0.0,0.0,32,256
sphere,2.000000,polar,6.6606e-05,0.000156006,0.0,0.0,32,256
sphere,2.000000,polar,5.099e-05,0.000102884,0.0,0.0,32,256
sphere,2.000000,polar,2.6386e-05,0.000195739,0.0,0.0,32,256
sphere,2.000000,polar,6.9076e-05,0.000198754,0.0,0.0,32,256
sphere,2.000000,polar,4.5786e-05,9.352e-05,0.0,0.0,32,256
sphere,2.000000,polar,6.4807e-05,0.00012217,0.0,0.0,32,256
sphere,2.000000,polar,6.7947e-05,0.000128803,0.0,0.0,32,256
sphere,2.000000,polar,2.8825e-05,0.000184512,0.0,0.0,32,256
sphere,2.000000,polar,7.9617e-05,0.000226668,0.0,0.0,32,256
sphere,2.000000,polar,6.422e-05,0.000136665,0.0,0.0,32,256
sphere,2.000000,polar,6.255e-05,0.000144474,0.0,0.0,32,256
sphere,2.000000,polar,1.8167e-05,6.7406e-05,0.0,0.0,32,256
sphere,2.000000,polar,5.2053e-05,0.000231637,0.0,0.0,32,256
sphere,2.000000,polar,4.9048e-05,0.000113271,0.0,0.0,32,256
sphere,2.000000,polar,6.186e-06,1.8921e-05,0.0,0.0,32,256
sphere,2.000000,polar,4.2053e-05,8.2106e-05,0.0,0.0,32,256
sphere,2.000000,polar,1.1545e-05,1.7692e-05,0.0,0.0,32,256
sphere,2.000000,polar,6.4724e-05,0.000116674,0.0,0.0,32,256
sphere,2.000000,polar,6.5861e-05,0.000126984,0.0,0.0,32,256
sphere,2.000000,polar,4.3442e-05,0.000103293,0.0,0.0,32,256
sphere,2.000000,polar,6.4094e-05,0.000201925,0.0,0.0,32,256
sphere,2.000000,polar,5.8052e-05,0.000149925,0.0,0.0,32,256
sphere,2.000000,polar,5.2313e-05,0.000142194,0.0,0.0,32,256
sphere,2.000000,polar,3.4973e-05,0.000123169,0.0,0.0,32,256
sphere,2.000000,polar,7.3464e-05,0.000142765,0.0,0.0,32,256
sphere,2.000000,polar,6.3052e-05,0.000153534,0.0,0.0,32,256
sphere,2.000000,polar,6.031e-05,0.000120251,0.0,0.0,32,256
sphere,2.000000,polar,3.1221e-05,0.000105705,0.0,0.0,32,256
sphere,2.000000,polar,3.1442e-05,0.000122534,0.0,0.0,32,256
sphere,2.000000,polar,3.8047e-05,8.9047e-05,0.0,0.0,32,256
sphere,2.000000,polar,2.265e-05,6.2955e-05,0.0,0.0,32,256
sphere,2.000000,polar,6.345e-05,0.000120323,0.0,0.0,32,256
sphere,2.000000,polar,6.5055e-05,0.000125758,0.0,0.0,32,256
sphere,2.000000,polar,2.3594e-05,4.4654e-05,0.0,0.0,32,256
sphere,2.000000,polar,3.5203e-05,0.000112396,0.0,0.0,32,256
sphere,2.000000,polar,3.9178e-05,8.8822e-05,0.0,0.0,32,256
sphere,2.000000,polar,5.8259e-05,0.000141937,0.0,0.0,32,256
sphere,2.000000,polar,5.249e-05,0.000160596,0.0,0.0,32,256
sphere,2.000000,polar,5.902e-05,0.000130811,0.0,0.0,32,256
sphere,2.000000,polar,4.6074e-05,8.7159e-05,0.0,0.0,32,256
sphere,2.000000,polar,3.1168e-05,7.7098e-05,0.0,0.0,32,256
sphere,2.000000,polar,5.0702e-05,9.9974e-05,0.0,0.0,32,256
sphere,2.000000,polar,4.4361e-05,5.5525e-05,0.0,0.0,32,256
sphere,2.000000,polar,9.659e-05,0.00022325,0.0,0.0,32,256
sphere,2.000000,polar,5.5873e-05,0.000136194,0.0,0.0,32,256
sphere,2.000000,polar,9.3358e-05,0.000263515,0.0,0.0,32,256
sphere,2.000000,polar,2.3029e-05,0.000159008,0.0,0.0,32,256
sphere,2.000000,polar,4.8378e-05,0.000139477,0.0,0.0,32,256
sphere,2.000000,polar,7.5798e-05,0.000143605,0.0,0.0,32,256
sphere,2.000000,polar,6.048e-05,0.000154287,0.0,0.0,32,256
sphere,2.000000,polar,3.7081e-05,8.6822e-05,0.0,0.0,32,256
sphere,2.000000,polar,6.8635e-05,0.000100065,0.0,0.0,32,256
sphere,2.000000,polar,4.7652e-05,0.000186591,0.0,0.0,32,256
sphere,2.000000,polar,6.3599e-05,0.00013437,0.0,0.0,32,256
sphere,2.000000,polar,3.8787e-05,0.000172239,0.0,0.0,32,256
sphere,2.000000,polar,3.7522e-05,6.7994e-05,0.0,0.0,32,256
sphere,2.000000,polar,2.7965e-05,0.000119055,0.0,0.0,32,256
sphere,2.000000,polar,3.9964e-05,0.000139104,0.0,0.0,32,256
sphere,2.000000,polar,6.5987e-05,0.000117556,0.0,0.0,32,256
sphere,2.000000,polar,7.2368e-05,0.000170401,0.0,0.0,32,256
sphere,2.000000,polar,4.2206e-05,6.7004e-05,0.0,0.0,32,256
sphere,2.000000,polar,6.1601e-05,0.000169374,0.0,0.0,32,256
sphere,2.000000,polar,6.7807e-05,0.000140102,0.0,0.0,32,256
sphere,2.000000,polar,7.4449e-05,0.000232612,0.0,0.0,32,256
sphere,2.000000,polar,5.6755e-05,0.000135852,0.0,0.0,32,256
sphere,2.000000,polar,5.3887e-05,0.000283186,0.0,0.0,32,256
sphere,2.000000,polar,6.2066e-05,0.000199535,0.0,0.0,32,256
sphere,2.000000,polar,4.9443e-05,0.000172282,0.0,0.0,32,256
sphere,2.000000,polar,4.1097e-05,0.000222447,0.0,0.0,32,256
sphere,2.000000,polar,6.5887e-05,0.000126633,0.0,0.0,32,256
sphere,2.000000,polar,5.5529e-05,0.000108311,0.0,0.0,32,256
sphere,2.000000,polar,8.2738e-05,0.000259233,0.0,0.0,32,256
sphere,2.000000,polar,5.9935e-05,0.000160934,0.0,0.0,32,256
sphere,2.000000,polar,6.7515e-05,0.000127628,0.0,0.0,32,256
sphere,2.000000,polar,5.456e-05,0.00011848,0.0,0.0,32,256
sphere,2.000000,polar,5.2766e-05,0.000152391,0.0,0.0,32,256
sphere,2.000000,polar,1.7729e-05,1.9164e-05,0.0,0.0,32,256
sphere,2.000000,polar,3.8604e-05,7.4202e-05,0.0,0.0,32,256
sphere,2.000000,polar,5.7374e-05,0.000104408,0.0,0.0,32,256
sphere,2.000000,polar,6.1383e-05,0.000154298,0.0,0.0,32,256
sphere,2.000000,polar,5.3255e-05,0.000143537,0.0,0.0,32,256
sphere,2.000000,polar,5.5736e-05,0.000175297,0.0,0.0,32,256
sphere,2.000000,polar,5.4899e-05,8.1219e-05,0.0,0.0,32,256
sphere,2.000000,polar,3.9129e-05,0.000129217,0.0,0.0,32,256
sphere,2.000000,polar,3.825e-05,7.9885e-05,0.0,0.0,32,256
sphere,2.000000,polar,9.1223e-05,0.000236408,0.0,0.0,32,256
sphere,2.000000,polar,5.691e-05,9.9521e-05,0.0,0.0,32,256
sphere,2.000000,polar,6.2632e-05,0.000142363,0.0,0.0,32,256
sphere,2.000000,polar,7.7453e-05,0.000157839,0.0,0.0,32,256
sphere,2.000000,polar,4.7966e-05,0.000122323,0.0,0.0,32,256
sphere,2.000000,polar,7.3587e-05,0.000187057,0.0,0.0,32,256
sphere,2.000000,polar,4.6903e-05,0.000152638,0.0,0.0,32,256
sphere,2.000000,polar,3.662e-05,0.000208504,0.0,0.0,32,256
sphere,2.000000,polar,1.697e-05,6.8565e-05,0.0,0.0,32,256
sphere,2.000000,polar,1.419e-05,2.8138e-05,0.0,0.0,32,256
sphere,2.000000,polar,3.9945e-05,0.000145035,0.0,0.0,32,256
sphere,2.000000,polar,2.359e-05,5.3705e-05,0.0,0.0,32,256
sphere,2.000000,polar,6.1823e-05,0.000184632,0.0,0.0,32,256
sphere,2.000000,polar,4.1546e-05,0.000149342,0.0,0.0,32,256
sphere,2.000000,polar,5.2445e-05,0.000137586,0.0,0.0,32,256
sphere,2.000000,polar,4.4525e-05,0.000111057,0.0,0.0,32,256
sphere,2.000000,polar,6.9262e-05,0.000139693,0.0,0.0,32,256
sphere,2.000000,polar,7.5471e-05,0.000186536,0.0,0.0,32,256
sphere,2.000000,polar,6.7434e-05,0.000123212,0.0,0.0,32,256
sphere,2.000000,polar,4.9554e-05,0.000120681,0.0,0.0,32,256
sphere,2.000000,polar,4.7827e-05,0.000146796,0.0,0.0,32,256
sphere,2.000000,polar,2.2588e-05,0.000142598,0.0,0.0,32,256
sphere,2.000000,polar,2.6469e-05,9.7979e-05,0.0,0.0,32,256
sphere,2.000000,polar,6.9429e-05,0.000138278,0.0,0.0,32,256
sphere,2.000000,polar,2.1215e-05,6.7833e-05,0.0,0.0,32,256
sphere,2.000000,polar,7.0702e-05,0.000118496,0.0,0.0,32,256
sphere,2.000000,polar,6.2773e-05,9.1925e-05,0.0,0.0,32,256
sphere,2.000000,polar,8.2138e-05,0.000176824,0.0,0.0,32,256
sphere,2.000000,polar,6.8293e-05,0.000199246,0.0,0.0,32,256
sphere,2.000000,polar,7.5351e-05,0.000178185,0.0,0.0,32,256
sphere,2.000000,polar,6.6954e-05,0.000179857,0.0,0.0,32,256
sphere,2.000000,polar,2.5078e-05,0.000110539,0.0,0.0,32,256
sphere,2.000000,polar,1.1217e-05,4.9865e-05,0.0,0.0,32,256
sphere,2.000000,polar,6.4528e-05,0.000142852,0.0,0.0,32,256
sphere,2.000000,polar,6.9816e-05,0.000171557,0.0,0.0,32,256
sphere,2.000000,polar,3.071e-05,6.9194e-05,0.0,0.0,32,256
sphere,2.000000,polar,6.2698e-05,0.000136828,0.0,0.0,32,256
sphere,2.000000,polar,2.8153e-05,0.000143316,0.0,0.0,32,256
sphere,2.000000,polar,7.8664e-05,0.000150934,0.0,0.0,32,256
sphere,2.000000,polar,5.2058e-05,0.000145651,0.0,0.0,32,256
sphere,2.000000,polar,3.8411e-05,8.1595e-05,0.0,0.0,32,256
sphere,2.000000,polar,6.9842e-05,0.000145206,0.0,0.0,32,256
sphere,2.000000,polar,5.731e-05,0.000132473,0.0,0.0,32,256
sphere,2.000000,polar,3.8692e-05,0.000136707,0.0,0.0,32,256
sphere,2.000000,polar,3.3322e-05,0.000146058,0.0,0.0,32,256
sphere,2.000000,polar,3.261e-05,5.2828e-05,0.0,0.0,32,256
sphere,2.000000,polar,5.249e-05,0.000103703,0.0,0.0,32,256
sphere,2.000000,polar,1.9361e-05,5.8049e-05,0.0,0.0,32,256
sphere,2.000000,polar,4.967e-05,0.00013654,0.0,0.0,32,256
sphere,2.000000,polar,6.541e-05,0.000133505,0.0,0.0,32,256
sphere,2.000000,polar,7.9608e-05,0.000140732,0.0,0.0,32,256
sphere,2.000000,polar,5.1442e-05,9.2576e-05,0.0,0.0,32,256
sphere,2.000000,polar,2.9335e-05,0.000159875,0.0,0.0,32,256
sphere,2.000000,polar,4.1147e-05,0.000107768,0.0,0.0,32,256
sphere,2.000000,polar,3.373e-05,0.00016511,0.0,0.0,32,256
sphere,2.000000,polar,3.667e-05,9.6735e-05,0.0,0.0,32,256
sphere,2.000000,polar,4.3327e-05,0.000145642,0.0,0.0,32,256
sphere,2.000000,polar,5.3655e-05,0.000145343,0.0,0.0,32,256
sphere,2.000000,polar,4.0514e-05,7.7141e-05,0.0,0.0,32,256
sphere,2.000000,polar,1.3903e-05,3.3848e-05,0.0,0.0,32,256
sphere,2.000000,polar,4.079e-05,0.000112153,0.0,0.0,32,256
sphere,2.000000,polar,8.522e-05,0.000181931,0.0,0.0,32,256
sphere,2.000000,polar,3.9112e-05,8.2098e-05,0.0,0.0,32,256
sphere,2.000000,polar,5.5988e-05,0.000131336,0.0,0.0,32,256
sphere,2.000000,polar,3.1623e-05,0.000146051,0.0,0.0,32,256
sphere,2.000000,polar,6.9207e-05,0.000122792,0.0,0.0,32,256
sphere,2.000000,polar,5.7818e-05,0.000225227,0.0,0.0,32,256
sphere,2.000000,polar,4.1047e-05,0.000231486,0.0,0.0,32,256
sphere,2.000000,polar,4.2111e-05,0.000138386,0.0,0.0,32,256
sphere,2.000000,polar,7.4709e-05,0.00016371,0.0,0.0,32,256
sphere,2.000000,polar,8.9802e-05,0.000221237,0.0,0.0,32,256
sphere,2.000000,polar,1.8792e-05,1.7609e-05,0.0,0.0,32,256
sphere,2.000000,polar,5.1121e-05,0.000217437,0.0,0.0,32,256
sphere,2.000000,polar,6.5268e-05,0.000159737,0.0,0.0,32,256
sphere,2.000000,polar,2.8452e-05,9.687e-05,0.0,0.0,32,256
sphere,2.000000,polar,6.9876e-05,0.000134952,0.0,0.0,32,256
sphere,2.000000,polar,2.6422e-05,0.000135561,0.0,0.0,32,256
sphere,2.000000,polar,9.4285e-05,0.0002534,0.0,0.0,32,256
sphere,2.000000,polar,5.9825e-05,0.000151318,0.0,0.0,32,256
sphere,2.000000,polar,5.8345e-05,0.000104147,0.0,0.0,32,256
sphere,2.000000,polar,5.5555e-05,0.000144668,0.0,0.0,32,256
sphere,2.000000,polar,7.5709e-05,0.000167112,0.0,0.0,32,256
sphere,2.000000,polar,5.9569e-05,0.000188848,0.0,0.0,32,256
sphere,2.000000,polar,2.9947e-05,6.1488e-05,0.0,0.0,32,256
sphere,2.000000,polar,6.3932e-05,0.000192352,0.0,0.0,32,256
sphere,2.000000,polar,4.1792e-05,9.1704e-05,0.0,0.0,32,256
sphere,2.000000,polar,3.7929e-05,0.000157385,0.0,0.0,32,256
sphere,2.000000,polar,7.3272e-05,0.000130258,0.0,0.0,32,256
sphere,2.000000,polar,5.4756e-05,0.000155866,0.0,0.0,32,256
sphere,2.000000,polar,4.1849e-05,0.000142053,0.0,0.0,32,256
sphere,2.000000,polar,7.7112e-05,0.000176867,0.0,0.0,32,256
sphere,2.000000,polar,7.3491e-05,0.000128965,0.0,0.0,32,256
sphere,2.000000,polar,4.0761e-05,0.000127773,0.0,0.0,32,256
sphere,2.000000,polar,2.9332e-05,4.3933e-05,0.0,0.0,32,256
sphere,2.000000,polar,0.000102224,0.000195315,0.0,0.0,32,256
sphere,2.000000,polar,7.8581e-05,0.000145742,0.0,0.0,32,256
sphere,2.000000,polar,7.1012e-05,0.000140198,0.0,0.0,32,256
sphere,2.000000,polar,4.4203e-05,0.000132651,0.0,0.0,32,256
sphere,2.000000,polar,5.1712e-05,0.000135216,0.0,0.0,32,256
sphere,2.000000,polar,4.2848e-05,9.8142e-05,0.0,0.0,32,256
sphere,2.000000,polar,6.5443e-05,0.000153167,0.0,0.0,32,256
sphere,2.000000,polar,4.4844e-05,0.00017325,0.0,0.0,32,256
sphere,2.000000,polar,5.9094e-05,0.000137266,0.0,0.0,32,256
sphere,2.000000,polar,4.0535e-05,0.000107545,0.0,0.0,32,256
sphere,2.000000,polar,0.000112688,0.000207495,0.0,0.0,32,256
sphere,2.000000,polar,3.215e-06,2.5231e-05,0.0,0.0,32,256
sphere,2.000000,polar,9.9054e-05,0.000389012,0.0,0.0,32,256
sphere,2.000000,polar,5.3163e-05,0.000193858,0.0,0.0,32,256
sphere,2.000000,polar,3.548e-05,0.000154927,0.0,0.0,32,256
sphere,2.000000,polar,6.9635e-05,0.000173804,0.0,0.0,32,256
sphere,2.000000,polar,3.2815e-05,0.000152672,0.0,0.0,32,256
sphere,2.000000,polar,5.7522e-05,0.000204719,0.0,0.0,32,256
sphere,2.000000,polar,6.271e-05,0.000145376,0.0,0.0,32,256
sphere,2.000000,polar,5.7779e-05,0.000142544,0.0,0.0,32,256
sphere,2.000000,polar,8.9515e-05,0.000165295,0.0,0.0,32,256
sphere,2.000000,polar,7.7755e-05,0.000260399,0.0,0.0,32,256
sphere,2.000000,polar,2.2422e-05,6.9419e-05,0.0,0.0,32,256
sphere,2.000000,polar,0.000109359,0.000366904,0.0,0.0,32,256
sphere,2.000000,polar,5.4772e-05,0.000205079,0.0,0.0,32,256
sphere,2.000000,polar,4.5542e-05,0.00013567,0.0,0.0,32,256
sphere,2.000000,polar,6.0971e-05,0.000164562,0.0,0.0,32,256
sphere,2.000000,polar,4.6748e-05,0.000151574,0.0,0.0,32,256
sphere,2.000000,polar,5.5244e-05,0.000141405,0.0,0.0,32,256
sphere,2.000000,polar,7.0807e-05,0.00019396,0.0,0.0,32,256
sphere,2.000000,polar,3.1647e-05,0.000142427,0.0,0.0,32,256
sphere,2.000000,polar,7.9171e-05,0.000136386,0.0,0.0,32,256
sphere,2.000000,polar,6.0502e-05,0.000118087,0.0,0.0,32,256
sphere,2.000000,polar,4.7594e-05,0.000139044,0.0,0.0,32,256
sphere,2.000000,polar,2.7542e-05,0.000101604,0.0,0.0,32,256
sphere,2.000000,polar,7.7517e-05,0.000239811,0.0,0.0,32,256
sphere,2.000000,polar,9.687e-05,0.000154266,0.0,0.0,32,256
sphere,2.000000,polar,6.7594e-05,0.000104488,0.0,0.0,32,256
sphere,2.000000,polar,9.6284e-05,0.000335256,0.0,0.0,32,256
sphere,2.000000,polar,8.0701e-05,0.000125326,0.0,0.0,32,256
sphere,2.000000,polar,6.5899e-05,0.000190991,0.0,0.0,32,256
sphere,2.000000,polar,4.6551e-05,0.000226619,0.0,0.0,32,256
sphere,2.000000,polar,7.9829e-05,0.00014885,0.0,0.0,32,256
sphere,2.000000,polar,5.7106e-05,0.000166385,0.0,0.0,32,256
sphere,2.000000,polar,6.0215e-05,0.000151536,0.0,0.0,32,256
sphere,2.000000,polar,3.1786e-05,8.9018e-05,0.0,0.0,32,256
sphere,2.000000,polar,2.1949e-05,0.000136285,0.0,0.0,32,256
sphere,2.000000,polar,3.5542e-05,0.000184615,0.0,0.0,32,256
sphere,2.000000,polar,8.0453e-05,0.000323273,0.0,0.0,32,256
sphere,2.000000,polar,3.4139e-05,0.00013306,0.0,0.0,32,256
sphere,2.000000,polar,8.3723e-05,0.000205518,0.0,0.0,32,256
sphere,2.000000,polar,6.0908e-05,0.000175128,0.0,0.0,32,256
sphere,2.000000,polar,5.0427e-05,0.000186536,0.0,0.0,32,256
sphere,2.000000,polar,4.9957e-05,0.000191421,0.0,0.0,32,256
sphere,2.000000,polar,2.081e-05,6.3765e-05,0.0,0.0,32,256
sphere,2.000000,polar,6.1686e-05,0.0001771,0.0,0.0,32,256
sphere,2.000000,polar,4.9088e-05,0.00013103,0.0,0.0,32,256
sphere,2.000000,polar,5.9411e-05,0.000146011,0.0,0.0,32,256
sphere,2.000000,polar,6.2976e-05,0.000158189,0.0,0.0,32,256
sphere,2.000000,polar,5.0433e-05,0.000140706,0.0,0.0,32,256
sphere,2.000000,polar,5.5478e-05,0.000146527,0.0,0.0,32,256
sphere,2.000000,polar,1.3537e-05,2.6273e-05,0.0,0.0,32,256
sphere,2.000000,polar,6.8275e-05,0.000175236,0.0,0.0,32,256
sphere,2.000000,polar,4.4878e-05,0.000135449,0.0,0.0,32,256
sphere,2.000000,polar,7.1823e-05,0.000203008,0.0,0.0,32,256
sphere,2.000000,polar,6.5305e-05,0.000232934,0.0,0.0,32,256
sphere,2.000000,polar,9.4244e-05,0.000195319,0.0,0.0,32,256
sphere,2.000000,polar,6.4113e-05,0.0001638,0.0,0.0,32,256
sphere,2.000000,polar,6.3058e-05,0.000177906,0.0,0.0,32,256
sphere,2.000000,polar,8.4629e-05,0.000185615,0.0,0.0,32,256
sphere,2.000000,polar,3.2247e-05,0.000108668,0.0,0.0,32,256
sphere,2.000000,polar,9.7455e-05,0.000306121,0.0,0.0,32,256
sphere,2.000000,polar,7.1505e-05,0.000178624,0.0,0.0,32,256
sphere,2.000000,polar,2.9252e-05,0.000146673,0.0,0.0,32,256
sphere,2.000000,polar,0.000123765,0.000211882,0.0,0.0,32,256
sphere,2.000000,polar,5.6543e-05,0.000149254,0.0,0.0,32,256
sphere,2.000000,polar,5.242e-05,0.000127995,0.0,0.0,32,256
sphere,2.000000,polar,7.1913e-05,0.000208301,0.0,0.0,32,256
sphere,2.000000,polar,3.5802e-05,0.000121033,0.0,0.0,32,256
sphere,2.000000,polar,5.8357e-05,0.000123253,0.0,0.0,32,256
sphere,2.000000,polar,4.1821e-05,9.9441e-05,0.0,0.0,32,256
sphere,2.000000,polar,5.4534e-05,9.6397e-05,0.0,0.0,32,256
sphere,2.000000,polar,2.7568e-05,6.102e-05,0.0,0.0,32,256
sphere,2.000000,polar,6.8784e-05,0.000192363,0.0,0.0,32,256
sphere,2.000000,polar,3.9879e-05,0.000153649,0.0,0.0,32,256
sphere,2.000000,polar,3.1905e-05,6.3682e-05,0.0,0.0,32,256
sphere,2.000000,polar,5.038e-05,0.000171305,0.0,0.0,32,256
sphere,2.000000,polar,5.4009e-05,0.000111978,0.0,0.0,32,256
sphere,2.000000,polar,2.602e-05,7.4788e-05,0.0,0.0,32,256
sphere,2.000000,polar,4.7071e-05,8.8826e-05,0.0,0.0,32,256
sphere,2.000000,polar,5.4158e-05,0.000160594,0.0,0.0,32,256
sphere,2.000000,polar,4.1913e-05,7.8726e-05,0.0,0.0,32,256
sphere,2.000000,polar,6.3806e-05,0.00012608,0.0,0.0,32,256
sphere,2.000000,polar,5.4145e-05,0.000147678,0.0,0.0,32,256
sphere,2.000000,polar,7.8327e-05,0.000171008,0.0,0.0,32,256
sphere,2.000000,polar,5.5696e-05,0.000132329,0.0,0.0,32,256
sphere,2.000000,polar,4.7177e-05,0.000116597,0.0,0.0,32,256
sphere,2.000000,polar,5.4174e-05,0.00010105,0.0,0.0,32,256
sphere,2.000000,polar,4.2563e-05,0.000127168,0.0,0.0,32,256
sphere,2.000000,polar,2.2763e-05,8.9602e-05,0.0,0.0,32,256
sphere,2.000000,polar,7.1663e-05,0.000142528,0.0,0.0,32,256
sphere,2.000000,polar,6.5953e-05,0.00012643,0.0,0.0,32,256
sphere,2.000000,polar,3.5796e-05,8.1648e-05,0.0,0.0,32,256
sphere,2.000000,polar,4.2071e-05,0.00011715,0.0,0.0,32,256
sphere,2.000000,polar,2.7272e-05,0.000171078,0.0,0.0,32,256
sphere,2.000000,polar,1.9081e-05,2.6723e-05,0.0,0.0,32,256
sphere,2.000000,polar,6.3229e-05,0.000114026,0.0,0.0,32,256
sphere,2.000000,polar,7.0648e-05,0.000135836,0.0,0.0,32,256
sphere,2.000000,polar,4.9884e-05,0.00012324,0.0,0.0,32,256
sphere,2.000000,polar,3.5759e-05,0.000144514,0.0,0.0,32,256
sphere,2.000000,polar,4.9321e-05,0.00010568,0.0,0.0,32,256
sphere,2.000000,polar,9.1869e-05,0.000206332,0.0,0.0,32,256
sphere,2.000000,polar,7.773e-05,0.000151472,0.0,0.0,32,256
sphere,2.000000,polar,5.5985e-05,0.000191672,0.0,0.0,32,256
sphere,2.000000,polar,7.5165e-05,0.000166838,0.0,0.0,32,256
sphere,2.000000,polar,7.161e-05,0.000239234,0.0,0.0,32,256
sphere,2.000000,polar,7.8164e-05,0.000168055,0.0,0.0,32,256
sphere,2.000000,polar,5.0059e-05,0.000170069,0.0,0.0,32,256
sphere,2.000000,polar,5.9578e-05,0.000125386,0.0,0.0,32,256
sphere,2.000000,polar,8.1608e-05,0.000198773,0.0,0.0,32,256
sphere,2.000000,polar,5.5712e-05,0.000104304,0.0,0.0,32,256
sphere,2.000000,polar,9.6748e-05,0.00024711,0.0,0.0,32,256
sphere,2.000000,polar,8.01e-05,0.000176714,0.0,0.0,32,256
sphere,2.000000,polar,4.2415e-05,7.0834e-05,0.0,0.0,32,256
sphere,2.000000,polar,6.3562e-05,0.000158369,0.0,0.0,32,256
sphere,2.000000,polar,1.822e-05,4.1589e-05,0.0,0.0,32,256
sphere,2.000000,polar,5.5436e-05,0.000124551,0.0,0.0,32,256
sphere,2.000000,polar,6.9962e-05,0.000144235,0.0,0.0,32,256
sphere,2.000000,polar,2.0779e-05,0.000186282,0.0,0.0,32,256
sphere,2.000000,polar,7.4904e-05,0.000235085,0.0,0.0,32,256
sphere,2.000000,polar,4.9418e-05,0.000105877,0.0,0.0,32,256
sphere,2.000000,polar,9.2702e-05,0.000171886,0.0,0.0,32,256
sphere,2.000000,polar,7.5094e-05,0.000192725,0.0,0.0,32,256
sphere,2.000000,polar,6.4946e-05,0.000114413,0.0,0.0,32,256
sphere,2.000000,polar,6.4816e-05,0.000218217,0.0,0.0,32,256
sphere,2.000000,polar,2.6789e-05,6.5439e-05,0.0,0.0,32,256
sphere,2.000000,polar,7.4315e-05,0.000207016,0.0,0.0,32,256
sphere,2.000000,polar,7.6184e-05,0.000143944,0.0,0.0,32,256
sphere,2.000000,polar,6.6606e-05,0.000137451,0.0,0.0,32,256
sphere,2.000000,polar,6.9025e-05,0.000175118,0.0,0.0,32,256
sphere,2.000000,polar,6.8538e-05,0.000129259,0.0,0.0,32,256
sphere,2.000000,polar,6.2029e-05,0.000138711,0.0,0.0,32,256
sphere,2.000000,polar,3.7212e-05,7.5494e-05,0.0,0.0,32,256
sphere,2.000000,polar,3.6864e-05,0.000109026,0.0,0.0,32,256
sphere,2.000000,polar,5.3598e-05,0.000121506,0.0,0.0,32,256
sphere,2.000000,polar,5.0685e-05,0.000179526,0.0,0.0,32,256
sphere,2.000000,polar,6.7673e-05,0.000153027,0.0,0.0,32,256
sphere,2.000000,polar,8.1682e-05,0.000154626,0.0,0.0,32,256
sphere,2.000000,polar,0.000106621,0.00020543,0.0,0.0,32,256
sphere,2.000000,polar,1.9048e-05,8.3294e-05,0.0,0.0,32,256
sphere,2.000000,polar,4.0111e-05,0.000128056,0.0,0.0,32,256
sphere,2.000000,polar,6.1086e-05,0.000148913,0.0,0.0,32,256
sphere,2.000000,polar,7.9539e-05,0.000205194,0.0,0.0,32,256
sphere,2.000000,polar,2.4973e-05,0.000115881,0.0,0.0,32,256
sphere,2.000000,polar,7.0808e-05,0.000227607,0.0,0.0,32,256
sphere,2.000000,polar,3.0787e-05,0.000126402,0.0,0.0,32,256
sphere,2.000000,polar,6.2448e-05,0.000131561,0.0,0.0,32,256
sphere,2.000000,polar,3.5929e-05,7.769e-05,0.0,0.0,32,256
sphere,2.000000,polar,8.43e-05,0.000181011,0.0,0.0,32,256
sphere,2.000000,polar,9.0483e-05,0.000208718,0.0,0.0,32,256
sphere,2.000000,polar,0.000116294,0.000186883,0.0,0.0,32,256
sphere,2.000000,polar,2.7353e-05,5.82e-05,0.0,0.0,32,256
sphere,2.000000,polar,5.2417e-05,0.000142654,0.0,0.0,32,256
sphere,2.000000,polar,2.183e-05,5.8802e-05,0.0,0.0,32,256
sphere,2.000000,polar,2.5671e-05,5.7987e-05,0.0,0.0,32,256
sphere,2.000000,polar,4.881e-05,0.000136923,0.0,0.0,32,256
sphere,2.000000,polar,2.6861e-05,5.2054e-05,0.0,0.0,32,256
sphere,2.000000,polar,3.9151e-05,0.000122269,0.0,0.0,32,256
sphere,2.000000,polar,6.33e-05,0.000129742,0.0,0.0,32,256
sphere,2.000000,polar,5.8956e-05,0.000163105,0.0,0.0,32,256
sphere,2.000000,polar,3.4352e-05,0.000117717,0.0,0.0,32,256
sphere,2.000000,polar,4.4972e-05,0.000164504,0.0,0.0,32,256
sphere,2.000000,polar,4.1039e-05,8.221e-05,0.0,0.0,32,256
sphere,2.000000,polar,4.8008e-05,9.1314e-05,0.0,0.0,32,256
sphere,2.000000,polar,3.105e-05,0.000146583,0.0,0.0,32,256
sphere,2.000000,polar,8.9004e-05,0.000183828,0.0,0.0,32,256
sphere,2.000000,polar,4.2993e-05,8.1864e-05,0.0,0.0,32,256
sphere,2.000000,polar,4.8932e-05,0.000129733,0.0,0.0,32,256
sphere,2.000000,polar,4.3197e-05,7.6146e-05,0.0,0.0,32,256
sphere,2.000000,polar,6.8325e-05,0.000126238,0.0,0.0,32,256
sphere,2.000000,polar,8.1426e-05,0.000141507,0.0,0.0,32,256
sphere,2.000000,polar,5.5707e-05,0.000147761,0.0,0.0,32,256
sphere,2.000000,polar,8.2624e-05,0.000173384,0.0,0.0,32,256
sphere,2.000000,polar,5.4637e-05,0.000114,0.0,0.0,32,256
sphere,2.000000,polar,8.6491e-05,0.000280674,0.0,0.0,32,256
sphere,2.000000,polar,6.0329e-05,0.000207539,0.0,0.0,32,256
sphere,2.000000,polar,8.889e-05,0.000157617,0.0,0.0,32,256
sphere,2.000000,polar,5.1818e-05,0.000104476,0.0,0.0,32,256
sphere,2.000000,polar,5.5682e-05,9.8921e-05,0.0,0.0,32,256
sphere,2.000000,polar,3.8289e-05,8.115e-05,0.0,0.0,32,256
sphere,2.000000,polar,6.2699e-05,0.000126382,0.0,0.0,32,256
sphere,2.000000,polar,4.251e-05,0.000134133,0.0,0.0,32,256
sphere,2.000000,polar,3.3038e-05,0.00014636,0.0,0.0,32,256
sphere,2.000000,polar,6.4181e-05,0.000172832,0.0,0.0,32,256
sphere,2.000000,polar,4.1469e-05,0.000125238,0.0,0.0,32,256
sphere,2.000000,polar,3.665e-05,0.000114122,0.0,0.0,32,256
sphere,2.000000,polar,8.2287e-05,0.000229817,0.0,0.0,32,256
sphere,2.000000,polar,3.7615e-05,8.2141e-05,0.0,0.0,32,256
sphere,2.000000,polar,5.7052e-05,0.000136362,0.0,0.0,32,256
sphere,2.000000,polar,3.593e-06,3.673e-06,0.0,0.0,32,256
sphere,2.000000,polar,2.12e-05,0.000103579,0.0,0.0,32,256
sphere,2.000000,polar,4.296e-06,2.1792e-05,0.0,0.0,32,256
sphere,2.000000,polar,2.6439e-05,9.9906e-05,0.0,0.0,32,256
sphere,2.000000,polar,5.1035e-05,0.000100521,0.0,0.0,32,256
sphere,2.000000,polar,4.9307e-05,0.000122231,0.0,0.0,32,256
sphere,2.000000,polar,9.5333e-05,0.000170969,0.0,0.0,32,256
sphere,2.000000,polar,4.63e-05,0.000161897,0.0,0.0,32,256
sphere,2.000000,polar,2.3239e-05,7.9121e-05,0.0,0.0,32,256
sphere,2.000000,polar,7.2339e-05,0.000185672,0.0,0.0,32,256
sphere,2.000000,polar,2.993e-05,0.000126889,0.0,0.0,32,256
sphere,2.000000,polar,7.2301e-05,0.000158752,0.0,0.0,32,256
sphere,2.000000,polar,7.4091e-05,0.000153202,0.0,0.0,32,256
sphere,2.000000,polar,5.534e-05,0.000113536,0.0,0.0,32,256
sphere,2.000000,polar,2.7137e-05,0.000152382,0.0,0.0,32,256
sphere,2.000000,polar,5.0465e-05,0.0001131,0.0,0.0,32,256
sphere,2.000000,polar,6.2456e-05,8.6225e-05,0.0,0.0,32,256
sphere,2.000000,polar,3.0834e-05,0.000142021,0.0,0.0,32,256
sphere,2.000000,polar,7.3178e-05,0.000130276,0.0,0.0,32,256
sphere,2.000000,polar,6.2179e-05,0.000160537,0.0,0.0,32,256
sphere,2.000000,polar,3.0622e-05,9.5017e-05,0.0,0.0,32,256
sphere,2.000000,polar,5.4685e-05,0.000117928,0.0,0.0,32,256
sphere,2.000000,polar,3.7662e-05,6.2874e-05,0.0,0.0,32,256
sphere,2.000000,polar,7.6652e-05,0.000182081,0.0,0.0,32,256
sphere,2.000000,polar,2.9605e-05,0.000111895,0.0,0.0,32,256
sphere,2.000000,polar,6.644e-05,0.000149956,0.0,0.0,32,256
sphere,2.000000,polar,3.7389e-05,0.000109019,0.0,0.0,32,256
sphere,2.000000,polar,5.7711e-05,0.000122271,0.0,0.0,32,256
sphere,2.000000,polar,3.3147e-05,0.00014338,0.0,0.0,32,256
sphere,2.000000,polar,6.426e-05,0.000133693,0.0,0.0,32,256
sphere,2.000000,polar,4.059e-05,0.000144236,0.0,0.0,32,256
sphere,2.000000,polar,7.7164e-05,0.000220437,0.0,0.0,32,256
sphere,2.000000,polar,7.5386e-05,0.000220945,0.0,0.0,32,256
sphere,2.000000,polar,2.9074e-05,0.00010504,0.0,0.0,32,256
sphere,2.000000,polar,6.7199e-05,0.000178514,0.0,0.0,32,256
sphere,2.000000,polar,5.7075e-05,0.000166886,0.0,0.0,32,256
sphere,2.000000,polar,5.7913e-05,0.000122432,0.0,0.0,32,256
sphere,2.000000,polar,7.4054e-05,0.000124885,0.0,0.0,32,256
sphere,2.000000,polar,6.7933e-05,0.000133901,0.0,0.0,32,256
sphere,2.000000,polar,3.4897e-05,0.000102,0.0,0.0,32,256
sphere,2.000000,polar,6.7208e-05,0.000145104,0.0,0.0,32,256
sphere,2.000000,polar,7.6173e-05,0.000184458,0.0,0.0,32,256
sphere,2.000000,polar,9.0026e-05,0.000242796,0.0,0.0,32,256
sphere,2.000000,polar,2.3959e-05,6.0805e-05,0.0,0.0,32,256
sphere,2.000000,polar,6.2471e-05,0.000123712,0.0,0.0,32,256
sphere,2.000000,polar,4.0315e-05,0.000138266,0.0,0.0,32,256
sphere,2.000000,polar,4.5124e-05,8.399e-05,0.0,0.0,32,256
sphere,2.000000,polar,7.0421e-05,0.00016965,0.0,0.0,32,256
sphere,2.000000,polar,0.000988906,0.000152616,0.0,0.0,32,256
sphere,2.000000,polar,7.3268e-05,0.000162,0.0,0.0,32,256
sphere,2.000000,polar,4.7899e-05,0.00024739,0.0,0.0,32,256
sphere,2.000000,polar,0.000104774,0.0002352,0.0,0.0,32,256
sphere,2.000000,polar,5.4062e-05,0.000210314,0.0,0.0,32,256
sphere,2.000000,polar,3.8093e-05,0.000142894,0.0,0.0,32,256
sphere,2.000000,polar,0.00010645,0.00031695,0.0,0.0,32,256
sphere,2.000000,polar,9.5587e-05,0.000146347,0.0,0.0,32,256
sphere,2.000000,polar,4.9349e-05,0.000126666,0.0,0.0,32,256
sphere,2.000000,polar,4.6745e-05,0.000107417,0.0,0.0,32,256
sphere,2.000000,polar,6.9312e-05,0.00018338,0.0,0.0,32,256
sphere,2.000000,polar,6.0565e-05,0.000127289,0.0,0.0,32,256
sphere,2.000000,polar,4.4219e-05,9.134e-05,0.0,0.0,32,256
sphere,2.000000,polar,5.6218e-05,0.000134639,0.0,0.0,32,256
sphere,2.000000,polar,7.0423e-05,0.000160497,0.0,0.0,32,256
sphere,2.000000,polar,2.3255e-05,9.1939e-05,0.0,0.0,32,256
sphere,2.000000,polar,4.1369e-05,0.000140925,0.0,0.0,32,256
sphere,2.000000,polar,1.2711e-05,3.0036e-05,0.0,0.0,32,256
sphere,2.000000,polar,7.8306e-05,0.000242468,0.0,0.0,32,256
sphere,2.000000,polar,2.6177e-05,0.000117945,0.0,0.0,32,256
sphere,2.000000,polar,1.316e-05,2.2401e-05,0.0,0.0,32,256
sphere,2.000000,polar,7.605e-05,0.000189925,0.0,0.0,32,256
sphere,2.000000,polar,4.8354e-05,0.000155383,0.0,0.0,32,256
sphere,2.000000,polar,6.268e-05,0.000149092,0.0,0.0,32,256
sphere,2.000000,polar,9.469e-06,3.9676e-05,0.0,0.0,32,256
sphere,2.000000,polar,4.7479e-05,0.000242882,0.0,0.0,32,256
sphere,2.000000,polar,7.7883e-05,0.000151002,0.0,0.0,32,256
sphere,2.000000,polar,5.853e-05,0.000144706,0.0,0.0,32,256
sphere,2.000000,polar,6.4083e-05,0.000110149,0.0,0.0,32,256
sphere,2.000000,polar,8.4734e-05,0.000152746,0.0,0.0,32,256
sphere,2.000000,polar,6.9235e-05,0.000200556,0.0,0.0,32,256
sphere,2.000000,polar,7.251e-05,0.000131422,0.0,0.0,32,256
sphere,2.000000,polar,4.6526e-05,7.1482e-05,0.0,0.0,32,256
sphere,2.000000,polar,4.2532e-05,0.000159495,0.0,0.0,32,256
sphere,2.000000,polar,4.3348e-05,9.0942e-05,0.0,0.0,32,256
sphere,2.000000,polar,3.0019e-05,6.6657e-05,0.0,0.0,32,256
sphere,2.000000,polar,8.2224e-05,0.000195081,0.0,0.0,32,256
sphere,2.000000,polar,0.000251856,0.00018656,0.0,0.0,32,256
sphere,2.000000,polar,2.1132e-05,3.6791e-05,0.0,0.0,32,256
sphere,2.000000,polar,9.8845e-05,0.000196465,0.0,0.0,32,256
sphere,2.000000,polar,5.5826e-05,0.000130474,0.0,0.0,32,256
sphere,2.000000,polar,7.2532e-05,0.000137376,0.0,0.0,32,256
sphere,2.000000,polar,6.8539e-05,0.000153323,0.0,0.0,32,256
sphere,2.000000,polar,2.8067e-05,4.3285e-05,0.0,0.0,32,256
sphere,2.000000,polar,8.4654e-05,0.000269164,0.0,0.0,32,256
sphere,2.000000,polar,4.284e-05,0.000144677,0.0,0.0,32,256
sphere,2.000000,polar,1.3262e-05,3.0282e-05,0.0,0.0,32,256
sphere,2.000000,polar,5.0461e-05,0.000153883,0.0,0.0,32,256
sphere,2.000000,polar,6.3773e-05,0.00018839,0.0,0.0,32,256
sphere,2.000000,polar,2.6016e-05,4.4991e-05,0.0,0.0,32,256
sphere,2.000000,polar,9.1409e-05,0.000221192,0.0,0.0,32,256
sphere,2.000000,polar,7.666e-05,0.000211275,0.0,0.0,32,256
sphere,2.000000,polar,1.1867e-05,2.0633e-05,0.0,0.0,32,256
sphere,2.000000,polar,2.2373e-05,0.000136193,0.0,0.0,32,256
sphere,2.000000,polar,3.8637e-05,9.838e-05,0.0,0.0,32,256
sphere,2.000000,polar,4.0361e-05,0.000103194,0.0,0.0,32,256
sphere,2.000000,polar,7.9047e-05,0.000206474,0.0,0.0,32,256
sphere,2.000000,polar,4.3493e-05,0.000148348,0.0,0.0,32,256
sphere,2.000000,polar,7.5597e-05,0.000244209,0.0,0.0,32,256
sphere,2.000000,polar,4.1191e-05,0.000135331,0.0,0.0,32,256
sphere,2.000000,polar,2.4477e-05,8.8569e-05,0.0,0.0,32,256
sphere,2.000000,polar,6.8662e-05,0.00014841,0.0,0.0,32,256
sphere,2.000000,polar,0.000122495,9.6533e-05,0.0,0.0,32,256
cube,2.000000,polar,2.7037e-05,5.0513e-05,0.0,0.0,32,256
cube,2.000000,polar,3.4806e-05,0.000188364,0.0,0.0,32,256
cube,2.000000,polar,3.5518e-05,0.000114911,0.0,0.0,32,256
cube,2.000000,polar,1.8894e-05,0.000131501,0.0,0.0,32,256
cube,2.000000,polar,2.8237e-05,0.000179799,0.0,0.0,32,256
cube,2.000000,polar,2.4917e-05,0.000154056,0.0,0.0,32,256
cube,2.000000,polar,2.6559e-05,0.000207078,0.0,0.0,32,256
cube,2.000000,polar,2.8774e-05,0.000137307,0.0,0.0,32,256
cube,2.000000,polar,2.519e-05,0.000183748,0.0,0.0,32,256
cube,2.000000,polar,2.2163e-05,0.000140569,0.0,0.0,32,256
cube,2.000000,polar,0.000145006,0.000120824,0.0,0.0,32,256
cube,2.000000,polar,3.683e-05,0.000301337,0.0,0.0,32,256
cube,2.000000,polar,2.0552e-05,0.00013669,0.0,0.0,32,256
cube,2.000000,polar,2.8608e-05,0.000165466,0.0,0.0,32,256
cube,2.000000,polar,6.3129e-05,0.000175029,0.0,0.0,32,256
cube,2.000000,polar,2.816e-05,0.000121301,0.0,0.0,32,256
cube,2.000000,polar,3.0922e-05,0.000231544,0.0,0.0,32,256
cube,2.000000,polar,2.5316e-05,0.00015748,0.0,0.0,32,256
cube,2.000000,polar,2.8655e-05,0.000150031,0.0,0.0,32,256
cube,2.000000,polar,5.0907e-05,0.000291381,0.0,0.0,32,256
cube,2.000000,polar,2.6147e-05,0.000319154,0.0,0.0,32,256
cube,2.000000,polar,2.8826e-05,0.000223957,0.0,0.0,32,256
cube,2.000000,polar,4.4174e-05,6.7778e-05,0.0,0.0,32,256
cube,2.000000,polar,3.1607e-05,0.00026032,0.0,0.0,32,256
cube,2.000000,polar,4.0243e-05,0.000163153,0.0,0.0,32,256
cube,2.000000,polar,9.661e-06,3.903e-05,0.0,0.0,32,256
cube,2.000000,polar,3.241e-05,0.000115829,0.0,0.0,32,256
cube,2.000000,polar,1.1197e-05,2.7111e-05,0.0,0.0,32,256
cube,2.000000,polar,2.9411e-05,0.000169174,0.0,0.0,32,256
cube,2.000000,polar,3.5688e-05,0.000161261,0.0,0.0,32,256
cube,2.000000,polar,1.6943e-05,0.000104816,0.0,0.0,32,256
cube,2.000000,polar,3.673e-05,0.000234334,0.0,0.0,32,256
cube,2.000000,polar,3.7539e-05,0.000227963,0.0,0.0,32,256
cube,2.000000,polar,2.9412e-05,0.000241446,0.0,0.0,32,256
cube,2.000000,polar,2.1233e-05,0.000176202,0.0,0.0,32,256
cube,2.000000,polar,2.7806e-05,0.000227044,0.0,0.0,32,256
cube,2.000000,polar,2.6804e-05,0.000232386,0.0,0.0,32,256
cube,2.000000,polar,3.3518e-05,0.000278652,0.0,0.0,32,256
cube,2.000000,polar,2.0325e-05,0.000136705,0.0,0.0,32,256
cube,2.000000,polar,1.8135e-05,0.000153531,0.0,0.0,32,256
cube,2.000000,polar,2.802e-05,0.000187908,0.0,0.0,32,256
cube,2.000000,polar,2.6528e-05,0.000113556,0.0,0.0,32,256
cube,2.000000,polar,3.0495e-05,0.000143772,0.0,0.0,32,256
cube,2.000000,polar,4.3708e-05,0.000231571,0.0,0.0,32,256
cube,2.000000,polar,1.07e-05,6.3645e-05,0.0,0.0,32,256
cube,2.000000,polar,2.2746e-05,0.000175401,0.0,0.0,32,256
cube,2.000000,polar,3.4094e-05,0.000181877,0.0,0.0,32,256
cube,2.000000,polar,2.3845e-05,0.000190887,0.0,0.0,32,256
cube,2.000000,polar,4.604e-05,0.000221263,0.0,0.0,32,256
cube,2.000000,polar,2.2761e-05,0.000160252,0.0,0.0,32,256
cube,2.000000,polar,2.2674e-05,0.000110325,0.0,0.0,32,256
cube,2.000000,polar,2.7236e-05,9.4556e-05,0.0,0.0,32,256
cube,2.000000,polar,3.25e-05,0.000143207,0.0,0.0,32,256
cube,2.000000,polar,4.0208e-05,0.000115261,0.0,0.0,32,256
cube,2.000000,polar,3.8559e-05,0.000242982,0.0,0.0,32,256
cube,2.000000,polar,3.6856e-05,0.000173582,0.0,0.0,32,256
cube,2.000000,polar,4.9091e-05,0.000353721,0.0,0.0,32,256
cube,2.000000,polar,2.3518e-05,0.000219952,0.0,0.0,32,256
cube,2.000000,polar,6.1108e-05,0.00022039,0.0,0.0,32,256
cube,2.000000,polar,4.5238e-05,0.000230745,0.0,0.0,32,256
cube,2.000000,polar,3.0551e-05,0.000199028,0.0,0.0,32,256
cube,2.000000,polar,5.2574e-05,0.000170774,0.0,0.0,32,256
cube,2.000000,polar,3.593e-05,0.000146242,0.0,0.0,32,256
cube,2.000000,polar,7.0442e-05,0.000345099,0.0,0.0,32,256
cube,2.000000,polar,2.9234e-05,0.000199462,0.0,0.0,32,256
cube,2.000000,polar,4.5594e-05,0.000272845,0.0,0.0,32,256
cube,2.000000,polar,3.2854e-05,0.000128147,0.0,0.0,32,256
cube,2.000000,polar,2.859e-05,0.000177185,0.0,0.0,32,256
cube,2.000000,polar,3.2805e-05,0.000176967,0.0,0.0,32,256
cube,2.000000,polar,3.6119e-05,0.00030262,0.0,0.0,32,256
cube,2.000000,polar,3.9511e-05,0.000172025,0.0,0.0,32,256
cube,2.000000,polar,6.1622e-05,0.000118244,0.0,0.0,32,256
cube,2.000000,polar,3.5674e-05,0.000218127,0.0,0.0,32,256
cube,2.000000,polar,2.3057e-05,0.000178553,0.0,0.0,32,256
cube,2.000000,polar,3.3337e-05,0.000244742,0.0,0.0,32,256
cube,2.000000,polar,5.331e-05,0.000169877,0.0,0.0,32,256
cube,2.000000,polar,2.935e-05,0.000206173,0.0,0.0,32,256
cube,2.000000,polar,2.5565e-05,0.000200458,0.0,0.0,32,256
cube,2.000000,polar,4.2141e-05,0.000237591,0.0,0.0,32,256
cube,2.000000,polar,3.04e-05,0.000242511,0.0,0.0,32,256
cube,2.000000,polar,2.9819e-05,0.000202566,0.0,0.0,32,256
cube,2.000000,polar,3.066e-05,0.000173558,0.0,0.0,32,256
cube,2.000000,polar,4.3544e-05,0.000327408,0.0,0.0,32,256
cube,2.000000,polar,3.5207e-05,0.00021995,0.0,0.0,32,256
cube,2.000000,polar,3.2064e-05,0.000252856,0.0,0.0,32,256
cube,2.000000,polar,2.854e-05,0.000186611,0.0,0.0,32,256
cube,2.000000,polar,3.1177e-05,0.000218928,0.0,0.0,32,256
cube,2.000000,polar,2.578e-05,3.4091e-05,0.0,0.0,32,256
cube,2.000000,polar,1.6511e-05,8.9505e-05,0.0,0.0,32,256
cube,2.000000,polar,2.803e-05,0.000120018,0.0,0.0,32,256
cube,2.000000,polar,3.734e-05,0.000227115,0.0,0.0,32,256
cube,2.000000,polar,5.0599e-05,0.000215313,0.0,0.0,32,256
cube,2.000000,polar,3.3551e-05,0.000261832,0.0,0.0,32,256
cube,2.000000,polar,2.1625e-05,0.000125607,0.0,0.0,32,256
cube,2.000000,polar,2.3078e-05,0.000122658,0.0,0.0,32,256
cube,2.000000,polar,2.2173e-05,9.8504e-05,0.0,0.0,32,256
cube,2.000000,polar,4.9845e-05,0.000315443,0.0,0.0,32,256
cube,2.000000,polar,3.526e-05,0.000183318,0.0,0.0,32,256
cube,2.000000,polar,2.6311e-05,0.000167003,0.0,0.0,32,256
cube,2.000000,polar,3.4856e-05,0.000144465,0.0,0.0,32,256
cube,2.000000,polar,4.4327e-05,0.0002133,0.0,0.0,32,256
cube,2.000000,polar,4.0095e-05,0.000291061,0.0,0.0,32,256
cube,2.000000,polar,5.2941e-05,0.000188955,0.0,0.0,32,256
cube,2.000000,polar,2.8944e-05,0.000203007,0.0,0.0,32,256
cube,2.000000,polar,2.5122e-05,7.9379e-05,0.0,0.0,32,256
cube,2.000000,polar,1.1839e-05,3.8968e-05,0.0,0.0,32,256
cube,2.000000,polar,2.7448e-05,0.000156546,0.0,0.0,32,256
cube,2.000000,polar,1.2957e-05,7.1137e-05,0.0,0.0,32,256
cube,2.000000,polar,2.3138e-05,0.000191865,0.0,0.0,32,256
cube,2.000000,polar,2.1404e-05,0.00018075,0.0,0.0,32,256
cube,2.000000,polar,2.7641e-05,0.000167802,0.0,0.0,32,256
cube,2.000000,polar,2.7051e-05,0.000131387,0.0,0.0,32,256
cube,2.000000,polar,3.4898e-05,0.000174111,0.0,0.0,32,256
cube,2.000000,polar,3.7364e-05,0.000229694,0.0,0.0,32,256
cube,2.000000,polar,2.6675e-05,0.000145809,0.0,0.0,32,256
cube,2.000000,polar,2.5075e-05,0.000139215,0.0,0.0,32,256
cube,2.000000,polar,2.9657e-05,0.000145906,0.0,0.0,32,256
cube,2.000000,polar,2.9467e-05,0.000124205,0.0,0.0,32,256
cube,2.000000,polar,5.0228e-05,0.000235385,0.0,0.0,32,256
cube,2.000000,polar,2.8e-05,0.000146431,0.0,0.0,32,256
cube,2.000000,polar,1.4359e-05,6.6215e-05,0.0,0.0,32,256
cube,2.000000,polar,2.5384e-05,0.000131694,0.0,0.0,32,256
cube,2.000000,polar,1.7071e-05,0.000104663,0.0,0.0,32,256
cube,2.000000,polar,3.4069e-05,0.000201943,0.0,0.0,32,256
cube,2.000000,polar,2.4394e-05,0.000249049,0.0,0.0,32,256
cube,2.000000,polar,3.0841e-05,0.000172177,0.0,0.0,32,256
cube,2.000000,polar,3.1257e-05,0.000157752,0.0,0.0,32,256
cube,2.000000,polar,1.7388e-05,0.000106525,0.0,0.0,32,256
cube,2.000000,polar,1.1955e-05,7.4128e-05,0.0,0.0,32,256
cube,2.000000,polar,2.4555e-05,0.000260401,0.0,0.0,32,256
cube,2.000000,polar,3.2831e-05,0.000152402,0.0,0.0,32,256
cube,2.000000,polar,1.4034e-05,7.9907e-05,0.0,0.0,32,256
cube,2.000000,polar,2.4635e-05,0.000145812,0.0,0.0,32,256
cube,2.000000,polar,4.9028e-05,0.000107064,0.0,0.0,32,256
cube,2.000000,polar,4.8455e-05,0.000182041,0.0,0.0,32,256
cube,2.000000,polar,2.8771e-05,0.000166468,0.0,0.0,32,256
cube,2.000000,polar,1.8508e-05,0.000174268,0.0,0.0,32,256
cube,2.000000,polar,2.9159e-05,0.000163935,0.0,0.0,32,256
cube,2.000000,polar,3.1015e-05,0.000125716,0.0,0.0,32,256
cube,2.000000,polar,3.4332e-05,0.000159797,0.0,0.0,32,256
cube,2.000000,polar,3.1661e-05,0.000152935,0.0,0.0,32,256
cube,2.000000,polar,3.5616e-05,8.1914e-05,0.0,0.0,32,256
cube,2.000000,polar,2.2548e-05,0.0001622,0.0,0.0,32,256
cube,2.000000,polar,1.3792e-05,7.0686e-05,0.0,0.0,32,256
cube,2.000000,polar,4.2057e-05,0.000146572,0.0,0.0,32,256
cube,2.000000,polar,2.5674e-05,0.000148256,0.0,0.0,32,256
cube,2.000000,polar,3.1279e-05,0.000177828,0.0,0.0,32,256
cube,2.000000,polar,2.4972e-05,0.000141416,0.0,0.0,32,256
cube,2.000000,polar,3.0362e-05,0.000138809,0.0,0.0,32,256
cube,2.000000,polar,2.1264e-05,0.000123527,0.0,0.0,32,256
cube,2.000000,polar,2.8042e-05,0.000190733,0.0,0.0,32,256
cube,2.000000,polar,1.3197e-05,0.000108767,0.0,0.0,32,256
cube,2.000000,polar,4.3599e-05,0.000175178,0.0,0.0,32,256
cube,2.000000,polar,2.3925e-05,0.000185418,0.0,0.0,32,256
cube,2.000000,polar,2.5097e-05,0.000100532,0.0,0.0,32,256
cube,2.000000,polar,1.8936e-05,6.2146e-05,0.0,0.0,32,256
cube,2.000000,polar,3.962e-05,0.000175704,0.0,0.0,32,256
cube,2.000000,polar,4.2269e-05,0.000240886,0.0,0.0,32,256
cube,2.000000,polar,2.5336e-05,8.644e-05,0.0,0.0,32,256
cube,2.000000,polar,3.1737e-05,0.000119767,0.0,0.0,32,256
cube,2.000000,polar,2.9279e-05,0.000151411,0.0,0.0,32,256
cube,2.000000,polar,2.8197e-05,0.000153532,0.0,0.0,32,256
cube,2.000000,polar,3.0729e-05,0.000163039,0.0,0.0,32,256
cube,2.000000,polar,4.58e-05,0.000195005,0.0,0.0,32,256
cube,2.000000,polar,3.8363e-05,0.000116193,0.0,0.0,32,256
cube,2.000000,polar,2.9604e-05,0.000169751,0.0,0.0,32,256
cube,2.000000,polar,3.0055e-05,0.000150106,0.0,0.0,32,256
cube,2.000000,polar,1.9256e-05,2.5797e-05,0.0,0.0,32,256
cube,2.000000,polar,2.9113e-05,0.000177376,0.0,0.0,32,256
cube,2.000000,polar,2.1213e-05,0.000136085,0.0,0.0,32,256
cube,2.000000,polar,2.3115e-05,8.0938e-05,0.0,0.0,32,256
cube,2.000000,polar,2.5105e-05,0.000158633,0.0,0.0,32,256
cube,2.000000,polar,2.423e-05,0.000170772,0.0,0.0,32,256
cube,2.000000,polar,4.1018e-05,0.000246788,0.0,0.0,32,256
cube,2.000000,polar,2.7074e-05,0.000242956,0.0,0.0,32,256
cube,2.000000,polar,3.9036e-05,0.000125762,0.0,0.0,32,256
cube,2.000000,polar,4.1432e-05,0.000147011,0.0,0.0,32,256
cube,2.000000,polar,3.1032e-05,0.000170249,0.0,0.0,32,256
cube,2.000000,polar,3.0669e-05,0.000125168,0.0,0.0,32,256
cube,2.000000,polar,2.7133e-05,7.3931e-05,0.0,0.0,32,256
cube,2.000000,polar,2.2294e-05,0.00016643,0.0,0.0,32,256
cube,2.000000,polar,2.3485e-05,0.000108401,0.0,0.0,32,256
cube,2.000000,polar,3.2511e-05,0.000185373,0.0,0.0,32,256
cube,2.000000,polar,3.9417e-05,0.000161345,0.0,0.0,32,256
cube,2.000000,polar,3.276e-05,0.000145266,0.0,0.0,32,256
cube,2.000000,polar,3.2025e-05,0.000246136,0.0,0.0,32,256
cube,2.000000,polar,4.0338e-05,0.000176422,0.0,0.0,32,256
cube,2.000000,polar,3.913e-05,0.000175568,0.0,0.0,32,256
cube,2.000000,polar,3.9717e-05,0.000201934,0.0,0.0,32,256
cube,2.000000,polar,1.5621e-05,5.7967e-05,0.0,0.0,32,256
cube,2.000000,polar,3.9631e-05,0.000271516,0.0,0.0,32,256
cube,2.000000,polar,3.7032e-05,0.000184007,0.0,0.0,32,256
cube,2.000000,polar,2.8157e-05,0.000256408,0.0,0.0,32,256
cube,2.000000,polar,3.1317e-05,0.000165156,0.0,0.0,32,256
cube,2.000000,polar,0.000116748,0.000632527,0.0,0.0,32,256
cube,2.000000,polar,2.2618e-05,0.000158817,0.0,0.0,32,256
cube,2.000000,polar,2.8184e-05,0.00019104,0.0,0.0,32,256
cube,2.000000,polar,2.4508e-05,0.000172029,0.0,0.0,32,256
cube,2.000000,polar,2.4261e-05,0.000107802,0.0,0.0,32,256
cube,2.000000,polar,3.4346e-05,0.000111706,0.0,0.0,32,256
cube,2.000000,polar,9.1191e-05,0.000175413,0.0,0.0,32,256
cube,2.000000,polar,8.422e-06,3.6549e-05,0.0,0.0,32,256
cube,2.000000,polar,3.9639e-05,0.000248189,0.0,0.0,32,256
cube,2.000000,polar,3.045e-05,0.000167418,0.0,0.0,32,256
cube,2.000000,polar,2.7271e-05,0.00024428,0.0,0.0,32,256
cube,2.000000,polar,7.1851e-05,0.00022161,0.0,0.0,32,256
cube,2.000000,polar,2.2335e-05,0.000200003,0.0,0.0,32,256
cube,2.000000,polar,4.1911e-05,0.000196899,0.0,0.0,32,256
cube,2.000000,polar,2.4003e-05,0.000132913,0.0,0.0,32,256
cube,2.000000,polar,2.1483e-05,0.000174262,0.0,0.0,32,256
cube,2.000000,polar,3.1553e-05,0.000164593,0.0,0.0,32,256
cube,2.000000,polar,3.4141e-05,0.000220053,0.0,0.0,32,256
cube,2.000000,polar,1.772e-05,6.5127e-05,0.0,0.0,32,256
cube,2.000000,polar,4.274e-05,0.00021453,0.0,0.0,32,256
cube,2.000000,polar,2.2771e-05,0.000170382,0.0,0.0,32,256
cube,2.000000,polar,2.0011e-05,0.000140088,0.0,0.0,32,256
cube,2.000000,polar,2.4185e-05,0.000187028,0.0,0.0,32,256
cube,2.000000,polar,2.4648e-05,0.000158453,0.0,0.0,32,256
cube,2.000000,polar,6.2014e-05,0.000166261,0.0,0.0,32,256
cube,2.000000,polar,3.4353e-05,0.000375273,0.0,0.0,32,256
cube,2.000000,polar,3.6683e-05,0.000151664,0.0,0.0,32,256
cube,2.000000,polar,2.9862e-05,0.000202656,0.0,0.0,32,256
cube,2.000000,polar,2.6632e-05,0.000182283,0.0,0.0,32,256
cube,2.000000,polar,2.3109e-05,0.000160133,0.0,0.0,32,256
cube,2.000000,polar,2.8316e-05,0.000140076,0.0,0.0,32,256
cube,2.000000,polar,3.7184e-05,0.000199663,0.0,0.0,32,256
cube,2.000000,polar,5.5753e-05,0.000255611,0.0,0.0,32,256
cube,2.000000,polar,3.0192e-05,0.00015773,0.0,0.0,32,256
cube,2.000000,polar,4.6131e-05,0.000354653,0.0,0.0,32,256
cube,2.000000,polar,3.3769e-05,0.000173712,0.0,0.0,32,256
cube,2.000000,polar,3.1314e-05,0.000197128,0.0,0.0,32,256
cube,2.000000,polar,3.8551e-05,0.000349051,0.0,0.0,32,256
cube,2.000000,polar,5.5293e-05,0.000310296,0.0,0.0,32,256
cube,2.000000,polar,2.021e-05,0.000176648,0.0,0.0,32,256
cube,2.000000,polar,3.44e-05,0.000201298,0.0,0.0,32,256
cube,2.000000,polar,2.7568e-05,9.0713e-05,0.0,0.0,32,256
cube,2.000000,polar,3.1923e-05,0.000162988,0.0,0.0,32,256
cube,2.000000,polar,2.8094e-05,0.000188447,0.0,0.0,32,256
cube,2.000000,polar,3.5765e-05,0.000205857,0.0,0.0,32,256
cube,2.000000,polar,3.7691e-05,0.000114969,0.0,0.0,32,256
cube,2.000000,polar,2.9384e-05,0.000164278,0.0,0.0,32,256
cube,2.000000,polar,1.9841e-05,0.000158731,0.0,0.0,32,256
cube,2.000000,polar,2.4086e-05,0.000157852,0.0,0.0,32,256
cube,2.000000,polar,3.9625e-05,0.000399072,0.0,0.0,32,256
cube,2.000000,polar,1.7488e-05,0.000113407,0.0,0.0,32,256
cube,2.000000,polar,3.1573e-05,0.000277178,0.0,0.0,32,256
cube,2.000000,polar,2.1632e-05,0.000143507,0.0,0.0,32,256
cube,2.000000,polar,2.2818e-05,0.000124128,0.0,0.0,32,256
cube,2.000000,polar,2.1951e-05,0.000144625,0.0,0.0,32,256
cube,2.000000,polar,5.3358e-05,0.000188702,0.0,0.0,32,256
cube,2.000000,polar,2.199e-05,0.000109704,0.0,0.0,32,256
cube,2.000000,polar,1.1343e-05,1.9082e-05,0.0,0.0,32,256
cube,2.000000,polar,3.3217e-05,0.000180639,0.0,0.0,32,256
cube,2.000000,polar,3.989e-05,0.000152982,0.0,0.0,32,256
cube,2.000000,polar,5.691e-05,0.000238327,0.0,0.0,32,256
cube,2.000000,polar,4.102e-05,0.000210887,0.0,0.0,32,256
cube,2.000000,polar,2.9932e-05,0.00015332,0.0,0.0,32,256
cube,2.000000,polar,2.7906e-05,0.000160446,0.0,0.0,32,256
cube,2.000000,polar,3.1818e-05,0.000244052,0.0,0.0,32,256
cube,2.000000,polar,4.6173e-05,0.000239622,0.0,0.0,32,256
cube,2.000000,polar,1.5917e-05,0.000109488,0.0,0.0,32,256
cube,2.000000,polar,5.4554e-05,0.000358587,0.0,0.0,32,256
cube,2.000000,polar,3.3833e-05,0.000163396,0.0,0.0,32,256
cube,2.000000,polar,1.8619e-05,0.000133136,0.0,0.0,32,256
cube,2.000000,polar,2.8416e-05,0.000223506,0.0,0.0,32,256
cube,2.000000,polar,2.2608e-05,0.00017011,0.0,0.0,32,256
cube,2.000000,polar,4.9897e-05,0.000130817,0.0,0.0,32,256
cube,2.000000,polar,3.5665e-05,0.000209679,0.0,0.0,32,256
cube,2.000000,polar,4.7839e-05,0.000199915,0.0,0.0,32,256
cube,2.000000,polar,3.4419e-05,0.000219004,0.0,0.0,32,256
cube,2.000000,polar,2.5837e-05,0.000148433,0.0,0.0,32,256
cube,2.000000,polar,2.1226e-05,0.000107389,0.0,0.0,32,256
cube,2.000000,polar,1.1879e-05,0.000110498,0.0,0.0,32,256
cube,2.000000,polar,2.6067e-05,0.000190822,0.0,0.0,32,256
cube,2.000000,polar,4.1637e-05,0.000133853,0.0,0.0,32,256
cube,2.000000,polar,2.4329e-05,6.7947e-05,0.0,0.0,32,256
cube,2.000000,polar,2.0602e-05,0.00014837,0.0,0.0,32,256
cube,2.000000,polar,2.6578e-05,0.00016411,0.0,0.0,32,256
cube,2.000000,polar,1.7637e-05,0.000108609,0.0,0.0,32,256
cube,2.000000,polar,1.5542e-05,0.000105447,0.0,0.0,32,256
cube,2.000000,polar,5.0688e-05,0.000120827,0.0,0.0,32,256
cube,2.000000,polar,3.1804e-05,0.000132716,0.0,0.0,32,256
cube,2.000000,polar,2.575e-05,0.000164664,0.0,0.0,32,256
cube,2.000000,polar,2.4674e-05,0.000161378,0.0,0.0,32,256
cube,2.000000,polar,3.1098e-05,0.000196757,0.0,0.0,32,256
cube,2.000000,polar,3.0055e-05,0.000176288,0.0,0.0,32,256
cube,2.000000,polar,3.4646e-05,0.000170146,0.0,0.0,32,256
cube,2.000000,polar,2.8558e-05,0.000106487,0.0,0.0,32,256
cube,2.000000,polar,2.7614e-05,0.000132949,0.0,0.0,32,256
cube,2.000000,polar,2.3289e-05,0.000106847,0.0,0.0,32,256
cube,2.000000,polar,2.3629e-05,0.000167627,0.0,0.0,32,256
cube,2.000000,polar,3.0066e-05,0.00014023,0.0,0.0,32,256
cube,2.000000,polar,2.2884e-05,0.000105978,0.0,0.0,32,256
cube,2.000000,polar,2.5556e-05,0.000144057,0.0,0.0,32,256
cube,2.000000,polar,2.2306e-05,0.000181845,0.0,0.0,32,256
cube,2.000000,polar,6.2467e-05,4.7379e-05,0.0,0.0,32,256
cube,2.000000,polar,0.000146338,0.00028813,0.0,0.0,32,256
cube,2.000000,polar,2.6494e-05,0.000166923,0.0,0.0,32,256
cube,2.000000,polar,5.0679e-05,0.00014879,0.0,0.0,32,256
cube,2.000000,polar,1.9524e-05,0.000140849,0.0,0.0,32,256
cube,2.000000,polar,2.6222e-05,0.000189348,0.0,0.0,32,256
cube,2.000000,polar,3.7669e-05,0.000207644,0.0,0.0,32,256
cube,2.000000,polar,4.6539e-05,0.000177881,0.0,0.0,32,256
cube,2.000000,polar,3.9122e-05,0.00017108,0.0,0.0,32,256
cube,2.000000,polar,2.3633e-05,0.000159791,0.0,0.0,32,256
cube,2.000000,polar,3.6659e-05,0.000254692,0.0,0.0,32,256
cube,2.000000,polar,4.4311e-05,0.000311354,0.0,0.0,32,256
cube,2.000000,polar,4.9737e-05,0.000159942,0.0,0.0,32,256
cube,2.000000,polar,2.8965e-05,0.000137777,0.0,0.0,32,256
cube,2.000000,polar,4.9821e-05,0.000317431,0.0,0.0,32,256
cube,2.000000,polar,4.3547e-05,0.000165955,0.0,0.0,32,256
cube,2.000000,polar,4.2552e-05,0.000247845,0.0,0.0,32,256
cube,2.000000,polar,3.4569e-05,0.00019736,0.0,0.0,32,256
cube,2.000000,polar,1.9362e-05,8.9183e-05,0.0,0.0,32,256
cube,2.000000,polar,4.1491e-05,0.000350739,0.0,0.0,32,256
cube,2.000000,polar,2.2216e-05,3.413e-05,0.0,0.0,32,256
cube,2.000000,polar,2.3628e-05,0.000203829,0.0,0.0,32,256
cube,2.000000,polar,3.8431e-05,0.00013817,0.0,0.0,32,256
cube,2.000000,polar,4.6235e-05,0.00020909,0.0,0.0,32,256
cube,2.000000,polar,2.7121e-05,0.000188216,0.0,0.0,32,256
cube,2.000000,polar,3.441e-05,0.000127186,0.0,0.0,32,256
cube,2.000000,polar,3.4223e-05,0.000177569,0.0,0.0,32,256
cube,2.000000,polar,3.5497e-05,0.000220316,0.0,0.0,32,256
cube,2.000000,polar,3.4161e-05,0.000143237,0.0,0.0,32,256
cube,2.000000,polar,3.3056e-05,0.000251773,0.0,0.0,32,256
cube,2.000000,polar,1.1033e-05,9.3805e-05,0.0,0.0,32,256
cube,2.000000,polar,4.3359e-05,0.000265303,0.0,0.0,32,256
cube,2.000000,polar,2.5909e-05,0.000195249,0.0,0.0,32,256
cube,2.000000,polar,2.9535e-05,0.000233056,0.0,0.0,32,256
cube,2.000000,polar,3.7958e-05,0.000327096,0.0,0.0,32,256
cube,2.000000,polar,4.1109e-05,0.000210353,0.0,0.0,32,256
cube,2.000000,polar,3.1794e-05,0.000169203,0.0,0.0,32,256
cube,2.000000,polar,3.0435e-05,8.6107e-05,0.0,0.0,32,256
cube,2.000000,polar,3.0957e-05,0.000118744,0.0,0.0,32,256
cube,2.000000,polar,2.2927e-05,0.00013348,0.0,0.0,32,256
cube,2.000000,polar,2.6621e-05,0.000153856,0.0,0.0,32,256
cube,2.000000,polar,2.7848e-05,0.0001544,0.0,0.0,32,256
cube,2.000000,polar,3.713e-05,0.000215766,0.0,0.0,32,256
cube,2.000000,polar,4.1287e-05,0.000230061,0.0,0.0,32,256
cube,2.000000,polar,5.8842e-05,0.000139883,0.0,0.0,32,256
cube,2.000000,polar,2.2097e-05,0.000271448,0.0,0.0,32,256
cube,2.000000,polar,2.7389e-05,0.000170665,0.0,0.0,32,256
cube,2.000000,polar,3.5474e-05,0.000163859,0.0,0.0,32,256
cube,2.000000,polar,1.6864e-05,0.000127456,0.0,0.0,32,256
cube,2.000000,polar,3.2846e-05,0.000184186,0.0,0.0,32,256
cube,2.000000,polar,3.2084e-05,0.000140633,0.0,0.0,32,256
cube,2.000000,polar,3.5269e-05,0.000172616,0.0,0.0,32,256
cube,2.000000,polar,4.9761e-05,0.000136353,0.0,0.0,32,256
cube,2.000000,polar,4.033e-05,0.000247063,0.0,0.0,32,256
cube,2.000000,polar,3.1505e-05,0.000195372,0.0,0.0,32,256
cube,2.000000,polar,3.2097e-05,0.000213558,0.0,0.0,32,256
cube,2.000000,polar,3.0635e-05,4.8496e-05,0.0,0.0,32,256
cube,2.000000,polar,3.6708e-05,0.000278492,0.0,0.0,32,256
cube,2.000000,polar,1.2663e-05,0.000115023,0.0,0.0,32,256
cube,2.000000,polar,2.3791e-05,0.00011282,0.0,0.0,32,256
cube,2.000000,polar,3.4462e-05,0.000333677,0.0,0.0,32,256
cube,2.000000,polar,1.9925e-05,0.000121358,0.0,0.0,32,256
cube,2.000000,polar,2.9603e-05,0.000239923,0.0,0.0,32,256
cube,2.000000,polar,3.0907e-05,0.000192055,0.0,0.0,32,256
cube,2.000000,polar,2.736e-05,0.000237203,0.0,0.0,32,256
cube,2.000000,polar,2.9242e-05,0.0002078,0.0,0.0,32,256
cube,2.000000,polar,3.9739e-05,0.000263761,0.0,0.0,32,256
cube,2.000000,polar,2.2346e-05,9.1877e-05,0.0,0.0,32,256
cube,2.000000,polar,2.405e-05,0.000112794,0.0,0.0,32,256
cube,2.000000,polar,3.4782e-05,0.000137716,0.0,0.0,32,256
cube,2.000000,polar,4.4808e-05,0.000243915,0.0,0.0,32,256
cube,2.000000,polar,2.2832e-05,0.000118015,0.0,0.0,32,256
cube,2.000000,polar,4.0505e-05,0.000183285,0.0,0.0,32,256
cube,2.000000,polar,1.7406e-05,9.2676e-05,0.0,0.0,32,256
cube,2.000000,polar,2.4429e-05,0.000137177,0.0,0.0,32,256
cube,2.000000,polar,3.5778e-05,0.000313314,0.0,0.0,32,256
cube,2.000000,polar,2.9233e-05,0.000193144,0.0,0.0,32,256
cube,2.000000,polar,3.8114e-05,0.000155806,0.0,0.0,32,256
cube,2.000000,polar,1.9867e-05,0.000127684,0.0,0.0,32,256
cube,2.000000,polar,5.7998e-05,0.000227555,0.0,0.0,32,256
cube,2.000000,polar,3.063e-05,0.00017578,0.0,0.0,32,256
cube,2.000000,polar,2.8743e-05,0.000164509,0.0,0.0,32,256
cube,2.000000,polar,2.694e-05,0.000111893,0.0,0.0,32,256
cube,2.000000,polar,2.8949e-05,0.000121484,0.0,0.0,32,256
cube,2.000000,polar,1.6296e-05,9.2993e-05,0.0,0.0,32,256
cube,2.000000,polar,2.676e-05,0.000147061,0.0,0.0,32,256
cube,2.000000,polar,2.5603e-05,0.000165682,0.0,0.0,32,256
cube,2.000000,polar,4.3319e-05,0.000156031,0.0,0.0,32,256
cube,2.000000,polar,2.2502e-05,0.000223817,0.0,0.0,32,256
cube,2.000000,polar,3.2715e-05,0.000157615,0.0,0.0,32,256
cube,2.000000,polar,2.7882e-05,0.000125631,0.0,0.0,32,256
cube,2.000000,polar,3.5541e-05,0.000277573,0.0,0.0,32,256
cube,2.000000,polar,2.1525e-05,0.000130717,0.0,0.0,32,256
cube,2.000000,polar,3.4374e-05,0.000144625,0.0,0.0,32,256
cube,2.000000,polar,3.508e-06,4.757e-06,0.0,0.0,32,256
cube,2.000000,polar,2.5675e-05,0.000103463,0.0,0.0,32,256
cube,2.000000,polar,2.9949e-05,1.1295e-05,0.0,0.0,32,256
cube,2.000000,polar,2.5876e-05,0.000141647,0.0,0.0,32,256
cube,2.000000,polar,2.4983e-05,8.0818e-05,0.0,0.0,32,256
cube,2.000000,polar,2.5822e-05,0.000169978,0.0,0.0,32,256
cube,2.000000,polar,3.5292e-05,0.000196574,0.0,0.0,32,256
cube,2.000000,polar,4.1014e-05,0.000182721,0.0,0.0,32,256
cube,2.000000,polar,1.4503e-05,6.1327e-05,0.0,0.0,32,256
cube,2.000000,polar,4.1222e-05,0.000184553,0.0,0.0,32,256
cube,2.000000,polar,5.2554e-05,0.000170135,0.0,0.0,32,256
cube,2.000000,polar,2.5631e-05,0.000182655,0.0,0.0,32,256
cube,2.000000,polar,3.1817e-05,0.000162205,0.0,0.0,32,256
cube,2.000000,polar,2.0934e-05,0.000132879,0.0,0.0,32,256
cube,2.000000,polar,1.8452e-05,0.000155682,0.0,0.0,32,256
cube,2.000000,polar,2.3933e-05,0.000137501,0.0,0.0,32,256
cube,2.000000,polar,2.3643e-05,0.000110213,0.0,0.0,32,256
cube,2.000000,polar,2.6589e-05,0.000138444,0.0,0.0,32,256
cube,2.000000,polar,3.426e-05,0.00022751,0.0,0.0,32,256
cube,2.000000,polar,3.068e-05,0.000207822,0.0,0.0,32,256
cube,2.000000,polar,2.1806e-05,0.000138777,0.0,0.0,32,256
cube,2.000000,polar,2.5621e-05,0.000160442,0.0,0.0,32,256
cube,2.000000,polar,1.8219e-05,8.4388e-05,0.0,0.0,32,256
cube,2.000000,polar,2.6847e-05,0.000192734,0.0,0.0,32,256
cube,2.000000,polar,2.7753e-05,0.00010379,0.0,0.0,32,256
cube,2.000000,polar,4.0828e-05,0.000152175,0.0,0.0,32,256
cube,2.000000,polar,3.354e-05,0.00011302,0.0,0.0,32,256
cube,2.000000,polar,4.1809e-05,0.000190289,0.0,0.0,32,256
cube,2.000000,polar,2.7634e-05,0.000202587,0.0,0.0,32,256
cube,2.000000,polar,2.8861e-05,0.000190016,0.0,0.0,32,256
cube,2.000000,polar,2.8348e-05,0.00017877,0.0,0.0,32,256
cube,2.000000,polar,3.5163e-05,0.000200455,0.0,0.0,32,256
cube,2.000000,polar,3.3586e-05,0.00022826,0.0,0.0,32,256
cube,2.000000,polar,3.0059e-05,9.9572e-05,0.0,0.0,32,256
cube,2.000000,polar,3.9443e-05,0.000161163,0.0,0.0,32,256
cube,2.000000,polar,2.0767e-05,0.000197839,0.0,0.0,32,256
cube,2.000000,polar,2.8421e-05,0.00014294,0.0,0.0,32,256
cube,2.000000,polar,3.3555e-05,0.000129098,0.0,0.0,32,256
cube,2.000000,polar,3.0921e-05,0.000148047,0.0,0.0,32,256
cube,2.000000,polar,2.4068e-05,0.000124728,0.0,0.0,32,256
cube,2.000000,polar,3.1219e-05,0.00016579,0.0,0.0,32,256
cube,2.000000,polar,2.9309e-05,0.000154801,0.0,0.0,32,256
cube,2.000000,polar,3.7435e-05,0.00024705,0.0,0.0,32,256
cube,2.000000,polar,5.7231e-05,0.000239518,0.0,0.0,32,256
cube,2.000000,polar,2.4511e-05,0.000163581,0.0,0.0,32,256
cube,2.000000,polar,1.9233e-05,0.000109241,0.0,0.0,32,256
cube,2.000000,polar,3.3679e-05,0.000102525,0.0,0.0,32,256
cube,2.000000,polar,2.9776e-05,0.000207238,0.0,0.0,32,256
cube,2.000000,polar,2.2662e-05,0.000158904,0.0,0.0,32,256
cube,2.000000,polar,3.3119e-05,0.000145232,0.0,0.0,32,256
cube,2.000000,polar,6.3815e-05,0.000186132,0.0,0.0,32,256
cube,2.000000,polar,4.4973e-05,0.000193345,0.0,0.0,32,256
cube,2.000000,polar,2.2045e-05,0.000207842,0.0,0.0,32,256
cube,2.000000,polar,1.7906e-05,0.000200048,0.0,0.0,32,256
cube,2.000000,polar,4.7593e-05,0.000198477,0.0,0.0,32,256
cube,2.000000,polar,2.9063e-05,0.000181168,0.0,0.0,32,256
cube,2.000000,polar,5.2763e-05,0.00015297,0.0,0.0,32,256
cube,2.000000,polar,4.9695e-05,0.000116667,0.0,0.0,32,256
cube,2.000000,polar,2.6286e-05,0.000184197,0.0,0.0,32,256
cube,2.000000,polar,2.4978e-05,0.000185583,0.0,0.0,32,256
cube,2.000000,polar,2.2188e-05,0.00011576,0.0,0.0,32,256
cube,2.000000,polar,2.3602e-05,0.000177987,0.0,0.0,32,256
cube,2.000000,polar,2.7938e-05,0.000180015,0.0,0.0,32,256
cube,2.000000,polar,1.9445e-05,8.5593e-05,0.0,0.0,32,256
cube,2.000000,polar,3.5497e-05,0.000137595,0.0,0.0,32,256
cube,2.000000,polar,1.7519e-05,3.9386e-05,0.0,0.0,32,256
cube,2.000000,polar,2.8982e-05,0.000231494,0.0,0.0,32,256
cube,2.000000,polar,2.6338e-05,0.000136451,0.0,0.0,32,256
cube,2.000000,polar,4.969e-06,2.6158e-05,0.0,0.0,32,256
cube,2.000000,polar,3.9258e-05,0.000230561,0.0,0.0,32,256
cube,2.000000,polar,3.1726e-05,0.000235304,0.0,0.0,32,256
cube,2.000000,polar,3.2946e-05,0.000155726,0.0,0.0,32,256
cube,2.000000,polar,8.495e-06,8.4692e-05,0.0,0.0,32,256
cube,2.000000,polar,3.2339e-05,0.000180933,0.0,0.0,32,256
cube,2.000000,polar,3.1898e-05,0.000201687,0.0,0.0,32,256
cube,2.000000,polar,3.9059e-05,0.000135956,0.0,0.0,32,256
cube,2.000000,polar,2.8309e-05,0.000133911,0.0,0.0,32,256
cube,2.000000,polar,4.3568e-05,0.000178741,0.0,0.0,32,256
cube,2.000000,polar,3.6522e-05,0.000127521,0.0,0.0,32,256
cube,2.000000,polar,2.3705e-05,0.000146752,0.0,0.0,32,256
cube,2.000000,polar,2.0259e-05,0.000104374,0.0,0.0,32,256
cube,2.000000,polar,2.0909e-05,0.000161786,0.0,0.0,32,256
cube,2.000000,polar,3.0745e-05,0.000105237,0.0,0.0,32,256
cube,2.000000,polar,2.2816e-05,8.0966e-05,0.0,0.0,32,256
cube,2.000000,polar,4.5192e-05,0.000204312,0.0,0.0,32,256
cube,2.000000,polar,4.2159e-05,0.000176361,0.0,0.0,32,256
cube,2.000000,polar,1.643e-05,5.9692e-05,0.0,0.0,32,256
cube,2.000000,polar,3.12e-05,0.000228845,0.0,0.0,32,256
cube,2.000000,polar,3.1905e-05,0.000160674,0.0,0.0,32,256
cube,2.000000,polar,2.8329e-05,0.000149174,0.0,0.0,32,256
cube,2.000000,polar,2.5176e-05,0.000196764,0.0,0.0,32,256
cube,2.000000,polar,2.0545e-05,4.6234e-05,0.0,0.0,32,256
cube,2.000000,polar,3.1622e-05,0.000205075,0.0,0.0,32,256
cube,2.000000,polar,2.2276e-05,0.000132232,0.0,0.0,32,256
cube,2.000000,polar,6.916e-06,2.8035e-05,0.0,0.0,32,256
cube,2.000000,polar,3.1681e-05,0.000165093,0.0,0.0,32,256
cube,2.000000,polar,2.0143e-05,9.405e-05,0.0,0.0,32,256
cube,2.000000,polar,2.4715e-05,4.1443e-05,0.0,0.0,32,256
cube,2.000000,polar,2.1083e-05,0.000144979,0.0,0.0,32,256
cube,2.000000,polar,3.1177e-05,0.000162498,0.0,0.0,32,256
cube,2.000000,polar,6.725e-06,1.9855e-05,0.0,0.0,32,256
cube,2.000000,polar,3.124e-05,6.8984e-05,0.0,0.0,32,256
cube,2.000000,polar,7.4039e-05,0.00012138,0.0,0.0,32,256
cube,2.000000,polar,2.0132e-05,0.000129759,0.0,0.0,32,256
cube,2.000000,polar,3.9594e-05,0.000227358,0.0,0.0,32,256
cube,2.000000,polar,3.5774e-05,0.000147738,0.0,0.0,32,256
cube,2.000000,polar,3.1309e-05,0.000151497,0.0,0.0,32,256
cube,2.000000,polar,2.9748e-05,0.000124871,0.0,0.0,32,256
cube,2.000000,polar,2.7669e-05,7.8312e-05,0.0,0.0,32,256
cube,2.000000,polar,2.3739e-05,0.00014762,0.0,0.0,32,256
cube,2.000000,polar,2.4113e-05,0.000121776,0.0,0.0,32,256
cube,2.000000,polar,2.5637e-05,4.1659e-05,0.0,0.0,32,256
cube,2.000000,polar,3.1424e-05,0.000160857,0.0,0.0,32,256
cube,2.000000,polar,3.1486e-05,8.5931e-05,0.0,0.0,32,256
cube,2.000000,polar,1.8695e-05,0.000145158,0.0,0.0,32,256
cube,2.000000,polar,2.7388e-05,0.000179201,0.0,0.0,32,256
cube,2.000000,polar,2.3944e-05,0.000143175,0.0,0.0,32,256
cube,2.000000,polar,2.7299e-05,0.000153687,0.0,0.0,32,256
cube,2.000000,polar,2.925e-05,0.000150997,0.0,0.0,32,256
cube,2.000000,polar,2.4715e-05,0.000164445,0.0,0.0,32,256
cube,2.000000,polar,2.1494e-05,0.000137268,0.0,0.0,32,256
cube,2.000000,polar,2.3988e-05,0.000128201,0.0,0.0,32,256
cube,2.000000,polar,2.779e-05,0.000160427,0.0,0.0,32,256
cube,2.000000,polar,1.8954e-05,0.00013152,0.0,0.0,32,256
cube,2.000000,polar,2.9431e-05,0.000166668,0.0,0.0,32,256
cube,2.000000,polar,3.9537e-05,0.000180854,0.0,0.0,32,256
cube,2.000000,polar,2.5173e-05,0.000111816,0.0,0.0,32,256
cube,2.000000,polar,2.752e-05,0.000172425,0.0,0.0,32,256
cube,2.000000,polar,2.6079e-05,0.00015459,0.0,0.0,32,256
cube,2.000000,polar,2.7552e-05,0.000154631,0.0,0.0,32,256
cube,2.000000,polar,4.2552e-05,0.00020922,0.0,0.0,32,256
cube,2.000000,polar,2.0653e-05,0.00015585,0.0,0.0,32,256
cube,2.000000,polar,2.3176e-05,0.000161,0.0,0.0,32,256
cube,2.000000,polar,3.6916e-05,5.5544e-05,0.0,0.0,32,256
cube,2.000000,polar,3.052e-05,0.00022401,0.0,0.0,32,256
cube,2.000000,polar,3.6046e-05,0.000142813,0.0,0.0,32,256
cube,2.000000,polar,6.191e-06,2.0041e-05,0.0,0.0,32,256
cube,2.000000,polar,1.7384e-05,9.7005e-05,0.0,0.0,32,256
cube,2.000000,polar,9.495e-06,1.6964e-05,0.0,0.0,32,256
cube,2.000000,polar,2.6383e-05,0.000126838,0.0,0.0,32,256
cube,2.000000,polar,3.461e-05,0.000155482,0.0,0.0,32,256
cube,2.000000,polar,2.0769e-05,0.00013821,0.0,0.0,32,256
cube,2.000000,polar,3.4435e-05,0.000163794,0.0,0.0,32,256
cube,2.000000,polar,3.2169e-05,0.000172474,0.0,0.0,32,256
cube,2.000000,polar,2.4839e-05,0.000152795,0.0,0.0,32,256
cube,2.000000,polar,1.8993e-05,0.000115431,0.0,0.0,32,256
cube,2.000000,polar,2.4363e-05,0.000186973,0.0,0.0,32,256
cube,2.000000,polar,2.2968e-05,0.000143445,0.0,0.0,32,256
cube,2.000000,polar,2.975e-05,0.000178728,0.0,0.0,32,256
cube,2.000000,polar,1.7716e-05,0.000116122,0.0,0.0,32,256
cube,2.000000,polar,1.5494e-05,0.000118889,0.0,0.0,32,256
cube,2.000000,polar,2.5737e-05,0.000108964,0.0,0.0,32,256
cube,2.000000,polar,2.4951e-05,7.3269e-05,0.0,0.0,32,256
cube,2.000000,polar,4.3859e-05,0.000125895,0.0,0.0,32,256
cube,2.000000,polar,3.706e-05,0.000166917,0.0,0.0,32,256
cube,2.000000,polar,9.07e-06,5.6027e-05,0.0,0.0,32,256
cube,2.000000,polar,2.1133e-05,0.00015429,0.0,0.0,32,256
cube,2.000000,polar,3.6187e-05,0.000139854,0.0,0.0,32,256
cube,2.000000,polar,2.0696e-05,0.000162404,0.0,0.0,32,256
cube,2.000000,polar,3.0555e-05,0.000199079,0.0,0.0,32,256
cube,2.000000,polar,2.5055e-05,0.000161695,0.0,0.0,32,256
cube,2.000000,polar,2.1727e-05,0.000111029,0.0,0.0,32,256
cube,2.000000,polar,2.6924e-05,9.5717e-05,0.0,0.0,32,256
cube,2.000000,polar,2.9412e-05,0.000123168,0.0,0.0,32,256
cube,2.000000,polar,3.7107e-05,9.367e-05,0.0,0.0,32,256
cube,2.000000,polar,3.5375e-05,0.000239997,0.0,0.0,32,256
cube,2.000000,polar,3.3021e-05,0.000143622,0.0,0.0,32,256
cube,2.000000,polar,4.3462e-05,0.000208855,0.0,0.0,32,256
cube,2.000000,polar,2.2469e-05,0.00018577,0.0,0.0,32,256
cube,2.000000,polar,4.1397e-05,0.000159397,0.0,0.0,32,256
cube,2.000000,polar,4.1058e-05,0.000176026,0.0,0.0,32,256
cube,2.000000,polar,3.2358e-05,0.000159694,0.0,0.0,32,256
cube,2.000000,polar,5.1464e-05,0.000147446,0.0,0.0,32,256
cube,2.000000,polar,3.4678e-05,0.000144019,0.0,0.0,32,256
cube,2.000000,polar,5.0273e-05,0.000160408,0.0,0.0,32,256
cube,2.000000,polar,2.4093e-05,0.000139457,0.0,0.0,32,256
cube,2.000000,polar,3.6982e-05,0.000158121,0.0,0.0,32,256
cube,2.000000,polar,2.8212e-05,5.5221e-05,0.0,0.0,32,256
cube,2.000000,polar,2.4574e-05,0.000129186,0.0,0.0,32,256
cube,2.000000,polar,3.0027e-05,0.000126658,0.0,0.0,32,256
cube,2.000000,polar,3.1373e-05,0.000229016,0.0,0.0,32,256
cube,2.000000,polar,3.6518e-05,0.000173079,0.0,0.0,32,256
cube,2.000000,polar,5.4688e-05,9.642e-05,0.0,0.0,32,256
cube,2.000000,polar,3.6507e-05,0.00019565,0.0,0.0,32,256
cube,2.000000,polar,2.4528e-05,0.000186365,0.0,0.0,32,256
cube,2.000000,polar,2.696e-05,0.000159298,0.0,0.0,32,256
cube,2.000000,polar,2.5276e-05,0.000125691,0.0,0.0,32,256
cube,2.000000,polar,2.5298e-05,0.000176189,0.0,0.0,32,256
cube,2.000000,polar,2.0788e-05,0.000150898,0.0,0.0,32,256
cube,2.000000,polar,3.4565e-05,0.000167711,0.0,0.0,32,256
cube,2.000000,polar,2.5141e-05,0.000195746,0.0,0.0,32,256
cube,2.000000,polar,2.3186e-05,0.000145397,0.0,0.0,32,256
cube,2.000000,polar,2.492e-05,0.000137909,0.0,0.0,32,256
cube,2.000000,polar,3.617e-05,0.000199266,0.0,0.0,32,256
cube,2.000000,polar,2.5082e-05,0.000160353,0.0,0.0,32,256
cube,2.000000,polar,2.5863e-05,0.000145668,0.0,0.0,32,256
cube,2.000000,polar,2.3096e-05,0.000126633,0.0,0.0,32,256
cube,2.000000,polar,2.7792e-05,0.000184268,0.0,0.0,32,256
cube,2.000000,polar,2.149e-05,2.7857e-05,0.0,0.0,32,256
cube,2.000000,polar,1.5855e-05,8.2484e-05,0.0,0.0,32,256
cube,2.000000,polar,2.4591e-05,0.000104974,0.0,0.0,32,256
cube,2.000000,polar,3.4031e-05,0.000170838,0.0,0.0,32,256
cube,2.000000,polar,3.7051e-05,0.000176568,0.0,0.0,32,256
cube,2.000000,polar,3.0887e-05,0.000212158,0.0,0.0,32,256
cube,2.000000,polar,2.1602e-05,0.000119273,0.0,0.0,32,256
cube,2.000000,polar,2.3678e-05,0.000142929,0.0,0.0,32,256
cube,2.000000,polar,2.2302e-05,8.1078e-05,0.0,0.0,32,256
cube,2.000000,polar,4.6808e-05,0.000198697,0.0,0.0,32,256
cube,2.000000,polar,3.0371e-05,0.000157511,0.0,0.0,32,256
cube,2.000000,polar,2.3633e-05,0.000151699,0.0,0.0,32,256
cube,2.000000,polar,3.3261e-05,0.000143063,0.0,0.0,32,256
cube,2.000000,polar,3.1628e-05,0.000118806,0.0,0.0,32,256
cube,2.000000,polar,5.3387e-05,0.000194296,0.0,0.0,32,256
cube,2.000000,polar,5.2146e-05,0.00019209,0.0,0.0,32,256
cube,2.000000,polar,2.8737e-05,0.000218305,0.0,0.0,32,256
cube,2.000000,polar,2.4962e-05,7.8622e-05,0.0,0.0,32,256
cube,2.000000,polar,1.1491e-05,4.0609e-05,0.0,0.0,32,256
cube,2.000000,polar,2.7042e-05,0.000175634,0.0,0.0,32,256
cube,2.000000,polar,1.3651e-05,7.7696e-05,0.0,0.0,32,256
cube,2.000000,polar,2.677e-05,0.000155928,0.0,0.0,32,256
cube,2.000000,polar,2.1641e-05,0.000162475,0.0,0.0,32,256
cube,2.000000,polar,2.6703e-05,0.000170991,0.0,0.0,32,256
cube,2.000000,polar,2.5966e-05,0.000130815,0.0,0.0,32,256
cube,2.000000,polar,2.9175e-05,0.000151806,0.0,0.0,32,256
cube,2.000000,polar,3.3177e-05,0.000205452,0.0,0.0,32,256
cube,2.000000,polar,2.6038e-05,0.000148181,0.0,0.0,32,256
cube,2.000000,polar,2.4139e-05,0.000139232,0.0,0.0,32,256
cube,2.000000,polar,5.6589e-05,0.000169575,0.0,0.0,32,256
cube,2.000000,polar,2.9703e-05,0.000123816,0.0,0.0,32,256
cube,2.000000,polar,5.4946e-05,0.000215997,0.0,0.0,32,256
cube,2.000000,polar,2.7504e-05,0.000144823,0.0,0.0,32,256
cube,2.000000,polar,1.396e-05,6.7905e-05,0.0,0.0,32,256
cube,2.000000,polar,2.5353e-05,0.000140252,0.0,0.0,32,256
cube,2.000000,polar,1.8243e-05,0.000136964,0.0,0.0,32,256
cube,2.000000,polar,3.5051e-05,0.00019607,0.0,0.0,32,256
cube,2.000000,polar,2.4815e-05,0.000172546,0.0,0.0,32,256
cube,2.000000,polar,2.9977e-05,0.00019179,0.0,0.0,32,256
cube,2.000000,polar,3.0744e-05,0.000158242,0.0,0.0,32,256
cube,2.000000,polar,1.7602e-05,0.000126204,0.0,0.0,32,256
cube,2.000000,polar,1.2571e-05,5.9316e-05,0.0,0.0,32,256
cube,2.000000,polar,2.4495e-05,0.000147639,0.0,0.0,32,256
cube,2.000000,polar,3.2527e-05,0.000179035,0.0,0.0,32,256
cube,2.000000,polar,1.3678e-05,8.1171e-05,0.0,0.0,32,256
cube,2.000000,polar,2.4651e-05,0.000146016,0.0,0.0,32,256
cube,2.000000,polar,4.8393e-05,0.000105891,0.0,0.0,32,256
cube,2.000000,polar,4.5089e-05,0.000179766,0.0,0.0,32,256
cube,2.000000,polar,2.9797e-05,0.000156103,0.0,0.0,32,256
cube,2.000000,polar,1.4916e-05,0.000104062,0.0,0.0,32,256
cube,2.000000,polar,2.7525e-05,0.00014933,0.0,0.0,32,256
cube,2.000000,polar,3.0574e-05,0.000125303,0.0,0.0,32,256
cube,2.000000,polar,3.4663e-05,0.00014344,0.0,0.0,32,256
cube,2.000000,polar,2.9047e-05,0.000155549,0.0,0.0,32,256
cube,2.000000,polar,3.2995e-05,7.9947e-05,0.0,0.0,32,256
cube,2.000000,polar,2.3044e-05,0.000158912,0.0,0.0,32,256
cube,2.000000,polar,1.3591e-05,7.19e-05,0.0,0.0,32,256
cube,2.000000,polar,2.6071e-05,0.00014311,0.0,0.0,32,256
cube,2.000000,polar,2.4135e-05,0.000134798,0.0,0.0,32,256
cube,2.000000,polar,3.1189e-05,0.000180263,0.0,0.0,32,256
cube,2.000000,polar,2.5304e-05,0.000142915,0.0,0.0,32,256
cube,2.000000,polar,3.5443e-05,0.000148467,0.0,0.0,32,256
cube,2.000000,polar,2.3368e-05,0.000122179,0.0,0.0,32,256
cube,2.000000,polar,2.7387e-05,0.000191482,0.0,0.0,32,256
cube,2.000000,polar,1.234e-05,0.000128013,0.0,0.0,32,256
cube,2.000000,polar,4.3924e-05,0.000185155,0.0,0.0,32,256
cube,2.000000,polar,2.3519e-05,0.000165224,0.0,0.0,32,256
cube,2.000000,polar,2.4918e-05,0.000108353,0.0,0.0,32,256
cube,2.000000,polar,1.4935e-05,4.7953e-05,0.0,0.0,32,256
cube,2.000000,polar,3.681e-05,0.000128065,0.0,0.0,32,256
cube,2.000000,polar,3.9897e-05,0.000235249,0.0,0.0,32,256
cube,2.000000,polar,2.5515e-05,8.4094e-05,0.0,0.0,32,256
cube,2.000000,polar,3.2488e-05,0.000122278,0.0,0.0,32,256
cube,2.000000,polar,2.7442e-05,0.000144818,0.0,0.0,32,256
cube,2.000000,polar,2.9867e-05,0.000183127,0.0,0.0,32,256
cube,2.000000,polar,3.6713e-05,0.000244778,0.0,0.0,32,256
cube,2.000000,polar,5.4373e-05,0.000293202,0.0,0.0,32,256
cube,2.000000,polar,3.7956e-05,0.000153345,0.0,0.0,32,256
cube,2.000000,polar,3.4762e-05,0.000228704,0.0,0.0,32,256
cube,2.000000,polar,3.3421e-05,0.000199498,0.0,0.0,32,256
cube,2.000000,polar,2.5302e-05,3.7845e-05,0.0,0.0,32,256
cube,2.000000,polar,3.2406e-05,0.000236377,0.0,0.0,32,256
cube,2.000000,polar,2.4394e-05,0.000179865,0.0,0.0,32,256
cube,2.000000,polar,2.6599e-05,0.000129379,0.0,0.0,32,256
cube,2.000000,polar,3.0623e-05,0.000213881,0.0,0.0,32,256
cube,2.000000,polar,2.7677e-05,0.000200523,0.0,0.0,32,256
cube,2.000000,polar,4.595e-05,0.000330362,0.0,0.0,32,256
cube,2.000000,polar,2.9226e-05,0.00025428,0.0,0.0,32,256
cube,2.000000,polar,3.4332e-05,0.00014502,0.0,0.0,32,256
cube,2.000000,polar,4.8882e-05,0.000199919,0.0,0.0,32,256
cube,2.000000,polar,3.6816e-05,0.000207195,0.0,0.0,32,256
cube,2.000000,polar,3.8075e-05,0.000172571,0.0,0.0,32,256
cube,2.000000,polar,2.9851e-05,0.000101447,0.0,0.0,32,256
cube,2.000000,polar,2.632e-05,0.000225858,0.0,0.0,32,256
cube,2.000000,polar,2.8371e-05,0.000147134,0.0,0.0,32,256
cube,2.000000,polar,3.824e-05,0.000266177,0.0,0.0,32,256
cube,2.000000,polar,4.6652e-05,0.000221878,0.0,0.0,32,256
cube,2.000000,polar,3.6408e-05,0.000187226,0.0,0.0,32,256
cube,2.000000,polar,3.5391e-05,0.000266237,0.0,0.0,32,256
cube,2.000000,polar,0.000117824,0.000204226,0.0,0.0,32,256
cube,2.000000,polar,3.4009e-05,0.000179289,0.0,0.0,32,256
cube,2.000000,polar,4.2505e-05,0.000244737,0.0,0.0,32,256
cube,2.000000,polar,2.1517e-05,6.9064e-05,0.0,0.0,32,256
cube,2.000000,polar,4.3467e-05,0.000336074,0.0,0.0,32,256
cube,2.000000,polar,3.3811e-05,0.000168506,0.0,0.0,32,256
cube,2.000000,polar,2.7273e-05,0.000176901,0.0,0.0,32,256
cube,2.000000,polar,2.8446e-05,0.0001594,0.0,0.0,32,256
cube,2.000000,polar,2.9927e-05,0.00013899,0.0,0.0,32,256
cube,2.000000,polar,1.7601e-05,0.000118912,0.0,0.0,32,256
cube,2.000000,polar,2.3664e-05,0.000145829,0.0,0.0,32,256
cube,2.000000,polar,2.2551e-05,0.000156808,0.0,0.0,32,256
cube,2.000000,polar,2.3162e-05,0.00010647,0.0,0.0,32,256
cube,2.000000,polar,3.3682e-05,0.000108808,0.0,0.0,32,256
cube,2.000000,polar,2.9804e-05,0.000174831,0.0,0.0,32,256
cube,2.000000,polar,7.162e-06,3.6904e-05,0.0,0.0,32,256
cube,2.000000,polar,3.765e-05,0.000213611,0.0,0.0,32,256
cube,2.000000,polar,2.8526e-05,0.000164525,0.0,0.0,32,256
cube,2.000000,polar,2.1084e-05,0.000119943,0.0,0.0,32,256
cube,2.000000,polar,2.933e-05,0.000197744,0.0,0.0,32,256
cube,2.000000,polar,1.8537e-05,0.000147626,0.0,0.0,32,256
cube,2.000000,polar,3.6758e-05,0.000169735,0.0,0.0,32,256
cube,2.000000,polar,2.2677e-05,0.000121545,0.0,0.0,32,256
cube,2.000000,polar,1.7514e-05,0.000136697,0.0,0.0,32,256
cube,2.000000,polar,2.6958e-05,0.000131017,0.0,0.0,32,256
cube,2.000000,polar,3.0483e-05,0.000146104,0.0,0.0,32,256
cube,2.000000,polar,1.6693e-05,5.4577e-05,0.0,0.0,32,256
cube,2.000000,polar,3.7238e-05,0.000176134,0.0,0.0,32,256
cube,2.000000,polar,2.0535e-05,0.000141962,0.0,0.0,32,256
cube,2.000000,polar,1.7942e-05,0.000107679,0.0,0.0,32,256
cube,2.000000,polar,2.1118e-05,0.000153699,0.0,0.0,32,256
cube,2.000000,polar,2.3724e-05,0.000133302,0.0,0.0,32,256
cube,2.000000,polar,5.0153e-05,0.000136752,0.0,0.0,32,256
cube,2.000000,polar,2.613e-05,0.000217121,0.0,0.0,32,256
cube,2.000000,polar,3.1925e-05,0.000125758,0.0,0.0,32,256
cube,2.000000,polar,3.085e-05,0.000177009,0.0,0.0,32,256
cube,2.000000,polar,2.2523e-05,0.000154596,0.0,0.0,32,256
cube,2.000000,polar,1.8561e-05,0.000122241,0.0,0.0,32,256
cube,2.000000,polar,2.3119e-05,7.002e-05,0.0,0.0,32,256
cube,2.000000,polar,3.1269e-05,0.000175754,0.0,0.0,32,256
cube,2.000000,polar,4.4295e-05,0.000184494,0.0,0.0,32,256
cube,2.000000,polar,2.4444e-05,9.961e-05,0.0,0.0,32,256
cube,2.000000,polar,3.7505e-05,0.000238931,0.0,0.0,32,256
cube,2.000000,polar,2.8445e-05,0.000130546,0.0,0.0,32,256
cube,2.000000,polar,2.5079e-05,0.000150837,0.0,0.0,32,256
cube,2.000000,polar,2.9579e-05,0.00018555,0.0,0.0,32,256
cube,2.000000,polar,4.1914e-05,0.000234201,0.0,0.0,32,256
cube,2.000000,polar,1.8058e-05,0.000133352,0.0,0.0,32,256
cube,2.000000,polar,2.2803e-05,0.000161263,0.0,0.0,32,256
cube,2.000000,polar,2.6687e-05,0.000100106,0.0,0.0,32,256
cube,2.000000,polar,2.8069e-05,0.000141197,0.0,0.0,32,256
cube,2.000000,polar,2.2496e-05,0.000189415,0.0,0.0,32,256
cube,2.000000,polar,6.5525e-05,0.000203632,0.0,0.0,32,256
cube,2.000000,polar,3.9564e-05,0.000121564,0.0,0.0,32,256
cube,2.000000,polar,2.873e-05,0.000160095,0.0,0.0,32,256
cube,2.000000,polar,1.9689e-05,0.000152557,0.0,0.0,32,256
cube,2.000000,polar,2.4414e-05,0.00015777,0.0,0.0,32,256
cube,2.000000,polar,3.2211e-05,0.000187257,0.0,0.0,32,256
cube,2.000000,polar,1.4051e-05,5.8383e-05,0.0,0.0,32,256
cube,2.000000,polar,2.5557e-05,0.000160531,0.0,0.0,32,256
cube,2.000000,polar,2.0145e-05,0.000101111,0.0,0.0,32,256
cube,2.000000,polar,2.0813e-05,0.000121227,0.0,0.0,32,256
cube,2.000000,polar,2.1221e-05,0.000142174,0.0,0.0,32,256
cube,2.000000,polar,3.0646e-05,0.000131484,0.0,0.0,32,256
cube,2.000000,polar,2.1385e-05,0.000101651,0.0,0.0,32,256
cube,2.000000,polar,1.178e-05,1.8938e-05,0.0,0.0,32,256
cube,2.000000,polar,2.9792e-05,0.000160137,0.0,0.0,32,256
cube,2.000000,polar,3.7664e-05,0.000156149,0.0,0.0,32,256
cube,2.000000,polar,2.4007e-05,0.000146948,0.0,0.0,32,256
cube,2.000000,polar,5.2477e-05,0.000181553,0.0,0.0,32,256
cube,2.000000,polar,2.869e-05,0.000149705,0.0,0.0,32,256
cube,2.000000,polar,2.5371e-05,0.000140723,0.0,0.0,32,256
cube,2.000000,polar,2.5763e-05,0.000156374,0.0,0.0,32,256
cube,2.000000,polar,3.9104e-05,0.000210581,0.0,0.0,32,256
cube,2.000000,polar,1.5793e-05,0.000124615,0.0,0.0,32,256
cube,2.000000,polar,4.1552e-05,0.000216886,0.0,0.0,32,256
cube,2.000000,polar,2.8997e-05,0.00017131,0.0,0.0,32,256
cube,2.000000,polar,1.7056e-05,0.000121744,0.0,0.0,32,256
cube,2.000000,polar,2.3207e-05,0.000164949,0.0,0.0,32,256
cube,2.000000,polar,1.9587e-05,0.000133966,0.0,0.0,32,256
cube,2.000000,polar,3.9747e-05,9.2562e-05,0.0,0.0,32,256
cube,2.000000,polar,2.8242e-05,0.000153037,0.0,0.0,32,256
cube,2.000000,polar,3.821e-05,0.000146325,0.0,0.0,32,256
cube,2.000000,polar,2.9298e-05,0.000184819,0.0,0.0,32,256
cube,2.000000,polar,2.3495e-05,0.000116808,0.0,0.0,32,256
cube,2.000000,polar,2.042e-05,0.000107158,0.0,0.0,32,256
cube,2.000000,polar,1.2058e-05,9.7763e-05,0.0,0.0,32,256
cube,2.000000,polar,2.437e-05,0.000208051,0.0,0.0,32,256
cube,2.000000,polar,3.9972e-05,0.000147255,0.0,0.0,32,256
cube,2.000000,polar,2.299e-05,8.0708e-05,0.0,0.0,32,256
cube,2.000000,polar,2.1049e-05,0.000167986,0.0,0.0,32,256
cube,2.000000,polar,2.8892e-05,0.000135259,0.0,0.0,32,256
cube,2.000000,polar,1.8385e-05,0.00011107,0.0,0.0,32,256
cube,2.000000,polar,1.5452e-05,0.000113475,0.0,0.0,32,256
cube,2.000000,polar,5.2991e-05,0.000124404,0.0,0.0,32,256
cube,2.000000,polar,2.8401e-05,0.00014781,0.0,0.0,32,256
cube,2.000000,polar,2.6188e-05,0.000153125,0.0,0.0,32,256
cube,2.000000,polar,2.4558e-05,0.000175883,0.0,0.0,32,256
cube,2.000000,polar,3.1012e-05,0.000258944,0.0,0.0,32,256
cube,2.000000,polar,3.1684e-05,0.000165869,0.0,0.0,32,256
cube,2.000000,polar,3.4884e-05,0.00016896,0.0,0.0,32,256
cube,2.000000,polar,2.7039e-05,0.000110714,0.0,0.0,32,256
cube,2.000000,polar,2.4493e-05,0.000132102,0.0,0.0,32,256
cube,2.000000,polar,2.2819e-05,9.0225e-05,0.0,0.0,32,256
cube,2.000000,polar,2.3854e-05,0.000170105,0.0,0.0,32,256
cube,2.000000,polar,2.9973e-05,0.000140395,0.0,0.0,32,256
cube,2.000000,polar,2.2846e-05,0.000114107,0.0,0.0,32,256
cube,2.000000,polar,2.6473e-05,0.000142989,0.0,0.0,32,256
cube,2.000000,polar,2.3131e-05,0.000181676,0.0,0.0,32,256
cube,2.000000,polar,4.8783e-05,4.9156e-05,0.0,0.0,32,256
cube,2.000000,polar,3.6728e-05,0.000173382,0.0,0.0,32,256
cube,2.000000,polar,2.6272e-05,0.000159792,0.0,0.0,32,256
cube,2.000000,polar,5.1859e-05,0.000154202,0.0,0.0,32,256
cube,2.000000,polar,1.9049e-05,0.000148245,0.0,0.0,32,256
cube,2.000000,polar,2.3374e-05,0.000140375,0.0,0.0,32,256
cube,2.000000,polar,3.5713e-05,0.000215699,0.0,0.0,32,256
cube,2.000000,polar,5.015e-05,0.000183306,0.0,0.0,32,256
cube,2.000000,polar,3.7084e-05,0.000156478,0.0,0.0,32,256
cube,2.000000,polar,2.3652e-05,0.000169859,0.0,0.0,32,256
cube,2.000000,polar,3.7796e-05,0.000224454,0.0,0.0,32,256
cube,2.000000,polar,3.2138e-05,0.000197406,0.0,0.0,32,256
cube,2.000000,polar,4.7772e-05,0.000159987,0.0,0.0,32,256
cube,2.000000,polar,2.9221e-05,0.000154504,0.0,0.0,32,256
cube,2.000000,polar,4.2534e-05,0.000299362,0.0,0.0,32,256
cube,2.000000,polar,4.0495e-05,0.000133079,0.0,0.0,32,256
cube,2.000000,polar,4.181e-05,0.000208739,0.0,0.0,32,256
cube,2.000000,polar,3.2789e-05,0.000192762,0.0,0.0,32,256
cube,2.000000,polar,2.267e-05,9.0154e-05,0.0,0.0,32,256
cube,2.000000,polar,4.2417e-05,0.000152113,0.0,0.0,32,256
cube,2.000000,polar,2.2135e-05,3.2616e-05,0.0,0.0,32,256
cube,2.000000,polar,2.0606e-05,0.000156056,0.0,0.0,32,256
cube,2.000000,polar,3.6456e-05,0.000128187,0.0,0.0,32,256
cube,2.000000,polar,4.7332e-05,0.000190919,0.0,0.0,32,256
cube,2.000000,polar,3.8186e-05,0.000209167,0.0,0.0,32,256
cube,2.000000,polar,3.5168e-05,0.00012335,0.0,0.0,32,256
cube,2.000000,polar,3.0856e-05,0.000181439,0.0,0.0,32,256
cube,2.000000,polar,3.2286e-05,0.000174194,0.0,0.0,32,256
cube,2.000000,polar,3.3469e-05,0.000130633,0.0,0.0,32,256
cube,2.000000,polar,2.9468e-05,0.000189867,0.0,0.0,32,256
cube,2.000000,polar,1.0068e-05,8.127e-05,0.0,0.0,32,256
cube,2.000000,polar,3.8218e-05,0.000193293,0.0,0.0,32,256
cube,2.000000,polar,3.0368e-05,0.000255331,0.0,0.0,32,256
cube,2.000000,polar,2.7778e-05,0.000147786,0.0,0.0,32,256
cube,2.000000,polar,3.9666e-05,0.000170655,0.0,0.0,32,256
cube,2.000000,polar,3.4041e-05,0.000145235,0.0,0.0,32,256
cube,2.000000,polar,2.9505e-05,0.0001524,0.0,0.0,32,256
cube,2.000000,polar,2.8448e-05,8.5228e-05,0.0,0.0,32,256
cube,2.000000,polar,3.1595e-05,0.000145614,0.0,0.0,32,256
cube,2.000000,polar,2.2999e-05,0.000128798,0.0,0.0,32,256
cube,2.000000,polar,2.6793e-05,0.000156246,0.0,0.0,32,256
cube,2.000000,polar,2.8282e-05,0.000153328,0.0,0.0,32,256
cube,2.000000,polar,3.6986e-05,0.00020152,0.0,0.0,32,256
cube,2.000000,polar,4.1461e-05,0.00023679,0.0,0.0,32,256
cube,2.000000,polar,4.5221e-05,9.6359e-05,0.0,0.0,32,256
cube,2.000000,polar,1.993e-05,0.000150754,0.0,0.0,32,256
cube,2.000000,polar,3.6414e-05,0.000141704,0.0,0.0,32,256
cube,2.000000,polar,3.4267e-05,0.000166638,0.0,0.0,32,256
cube,2.000000,polar,1.6735e-05,0.00012528,0.0,0.0,32,256
cube,2.000000,polar,3.1153e-05,0.000204335,0.0,0.0,32,256
cube,2.000000,polar,3.1757e-05,0.000136842,0.0,0.0,32,256
cube,2.000000,polar,3.0631e-05,0.000133683,0.0,0.0,32,256
cube,2.000000,polar,4.3884e-05,0.000116763,0.0,0.0,32,256
cube,2.000000,polar,3.4717e-05,0.000160914,0.0,0.0,32,256
cube,2.000000,polar,2.5006e-05,0.000145066,0.0,0.0,32,256
cube,2.000000,polar,2.2133e-05,0.00013417,0.0,0.0,32,256
cube,2.000000,polar,2.5476e-05,3.7595e-05,0.0,0.0,32,256
cube,2.000000,polar,4.0225e-05,0.000186348,0.0,0.0,32,256
cube,2.000000,polar,1.0742e-05,0.000128527,0.0,0.0,32,256
cube,2.000000,polar,1.5974e-05,7.8977e-05,0.0,0.0,32,256
cube,2.000000,polar,2.5405e-05,0.000166463,0.0,0.0,32,256
cube,2.000000,polar,1.5097e-05,8.1768e-05,0.0,0.0,32,256
cube,2.000000,polar,2.3647e-05,0.000155841,0.0,0.0,32,256
cube,2.000000,polar,2.4573e-05,0.000136203,0.0,0.0,32,256
cube,2.000000,polar,2.285e-05,0.000164521,0.0,0.0,32,256
cube,2.000000,polar,2.4319e-05,0.00017381,0.0,0.0,32,256
cube,2.000000,polar,3.6716e-05,0.00027949,0.0,0.0,32,256
cube,2.000000,polar,2.0661e-05,9.0576e-05,0.0,0.0,32,256
cube,2.000000,polar,2.2294e-05,0.00011332,0.0,0.0,32,256
cube,2.000000,polar,3.4325e-05,0.000138071,0.0,0.0,32,256
cube,2.000000,polar,3.7661e-05,0.000215193,0.0,0.0,32,256
cube,2.000000,polar,2.2494e-05,0.000117074,0.0,0.0,32,256
cube,2.000000,polar,4.0251e-05,0.000165629,0.0,0.0,32,256
cube,2.000000,polar,1.6755e-05,9.2309e-05,0.0,0.0,32,256
cube,2.000000,polar,2.3779e-05,0.000134979,0.0,0.0,32,256
cube,2.000000,polar,3.1599e-05,0.000208387,0.0,0.0,32,256
cube,2.000000,polar,2.7453e-05,0.000142639,0.0,0.0,32,256
cube,2.000000,polar,3.5974e-05,0.000155752,0.0,0.0,32,256
cube,2.000000,polar,1.9411e-05,0.000147909,0.0,0.0,32,256
cube,2.000000,polar,6.4566e-05,0.000201268,0.0,0.0,32,256
cube,2.000000,polar,3.3104e-05,0.000159723,0.0,0.0,32,256
cube,2.000000,polar,2.7994e-05,0.000177928,0.0,0.0,32,256
cube,2.000000,polar,2.6569e-05,0.000113878,0.0,0.0,32,256
cube,2.000000,polar,2.8609e-05,0.000124832,0.0,0.0,32,256
cube,2.000000,polar,1.597e-05,9.1303e-05,0.0,0.0,32,256
cube,2.000000,polar,2.8718e-05,0.000166948,0.0,0.0,32,256
cube,2.000000,polar,2.9873e-05,0.000202466,0.0,0.0,32,256
cube,2.000000,polar,4.1271e-05,0.00014399,0.0,0.0,32,256
cube,2.000000,polar,2.2256e-05,0.000184765,0.0,0.0,32,256
cube,2.000000,polar,3.2379e-05,0.000159345,0.0,0.0,32,256
cube,2.000000,polar,2.7277e-05,0.000127154,0.0,0.0,32,256
cube,2.000000,polar,3.5752e-05,0.000261172,0.0,0.0,32,256
cube,2.000000,polar,1.797e-05,0.000106199,0.0,0.0,32,256
cube,2.000000,polar,3.0865e-05,0.000131043,0.0,0.0,32,256
cube,2.000000,polar,3.425e-06,4.565e-06,0.0,0.0,32,256
cube,2.000000,polar,2.4954e-05,0.000103089,0.0,0.0,32,256
cube,2.000000,polar,2.9391e-05,1.1519e-05,0.0,0.0,32,256
cube,2.000000,polar,2.4728e-05,0.000138407,0.0,0.0,32,256
cube,2.000000,polar,2.2579e-05,8.3769e-05,0.0,0.0,32,256
cube,2.000000,polar,2.5577e-05,0.000161322,0.0,0.0,32,256
cube,2.000000,polar,3.604e-05,0.000206224,0.0,0.0,32,256
cube,2.000000,polar,4.2547e-05,0.000186046,0.0,0.0,32,256
cube,2.000000,polar,1.4314e-05,7.3176e-05,0.0,0.0,32,256
cube,2.000000,polar,4.2624e-05,0.000188276,0.0,0.0,32,256
cube,2.000000,polar,5.2919e-05,0.000179897,0.0,0.0,32,256
cube,2.000000,polar,2.6705e-05,0.000184343,0.0,0.0,32,256
cube,2.000000,polar,3.3151e-05,0.000173059,0.0,0.0,32,256
cube,2.000000,polar,1.9974e-05,0.000136194,0.0,0.0,32,256
cube,2.000000,polar,1.7223e-05,0.000109066,0.0,0.0,32,256
cube,2.000000,polar,2.3273e-05,0.000138856,0.0,0.0,32,256
cube,2.000000,polar,2.3109e-05,0.000133613,0.0,0.0,32,256
cube,2.000000,polar,2.7824e-05,0.000140281,0.0,0.0,32,256
cube,2.000000,polar,3.2663e-05,0.000182764,0.0,0.0,32,256
cube,2.000000,polar,3.172e-05,0.000157933,0.0,0.0,32,256
cube,2.000000,polar,2.0607e-05,0.000128547,0.0,0.0,32,256
cube,2.000000,polar,2.1843e-05,0.000156599,0.0,0.0,32,256
cube,2.000000,polar,1.6759e-05,8.1951e-05,0.0,0.0,32,256
cube,2.000000,polar,2.971e-05,0.000206648,0.0,0.0,32,256
cube,2.000000,polar,2.6933e-05,0.000123684,0.0,0.0,32,256
cube,2.000000,polar,3.956e-05,0.000172765,0.0,0.0,32,256
cube,2.000000,polar,3.2232e-05,0.00011464,0.0,0.0,32,256
cube,2.000000,polar,3.8867e-05,0.000171357,0.0,0.0,32,256
cube,2.000000,polar,2.5368e-05,0.000185763,0.0,0.0,32,256
cube,2.000000,polar,2.7146e-05,0.000158765,0.0,0.0,32,256
cube,2.000000,polar,2.8497e-05,0.00018591,0.0,0.0,32,256
cube,2.000000,polar,3.4798e-05,0.00018904,0.0,0.0,32,256
cube,2.000000,polar,3.2291e-05,0.000205209,0.0,0.0,32,256
cube,2.000000,polar,2.9954e-05,0.000100026,0.0,0.0,32,256
cube,2.000000,polar,4.2593e-05,0.000158287,0.0,0.0,32,256
cube,2.000000,polar,2.6255e-05,0.000153642,0.0,0.0,32,256
cube,2.000000,polar,2.8385e-05,0.000131007,0.0,0.0,32,256
cube,2.000000,polar,2.9522e-05,0.000144984,0.0,0.0,32,256
cube,2.000000,polar,3.0431e-05,0.000137005,0.0,0.0,32,256
cube,2.000000,polar,2.3028e-05,0.000117391,0.0,0.0,32,256
cube,2.000000,polar,2.9485e-05,0.000160816,0.0,0.0,32,256
cube,2.000000,polar,3.0241e-05,0.000153175,0.0,0.0,32,256
cube,2.000000,polar,3.6457e-05,0.000220449,0.0,0.0,32,256
cube,2.000000,polar,6.2235e-05,0.000296175,0.0,0.0,32,256
cube,2.000000,polar,2.5154e-05,0.000171048,0.0,0.0,32,256
cube,2.000000,polar,2.6715e-05,0.000110944,0.0,0.0,32,256
cube,2.000000,polar,3.6805e-05,9.9132e-05,0.0,0.0,32,256
cube,2.000000,polar,2.8991e-05,0.000193277,0.0,0.0,32,256
cube,2.000000,polar,2.2902e-05,0.00015526,0.0,0.0,32,256
cube,2.000000,polar,3.2465e-05,0.000133924,0.0,0.0,32,256
cube,2.000000,polar,2.6215e-05,0.00018748,0.0,0.0,32,256
cube,2.000000,polar,4.3282e-05,0.00019187,0.0,0.0,32,256
cube,2.000000,polar,2.0019e-05,0.000173163,0.0,0.0,32,256
cube,2.000000,polar,1.5279e-05,0.000116525,0.0,0.0,32,256
cube,2.000000,polar,3.9265e-05,0.000210703,0.0,0.0,32,256
cube,2.000000,polar,6.4174e-05,0.000181573,0.0,0.0,32,256
cube,2.000000,polar,5.1767e-05,0.000121001,0.0,0.0,32,256
cube,2.000000,polar,4.8679e-05,0.000114621,0.0,0.0,32,256
cube,2.000000,polar,2.5285e-05,0.000177815,0.0,0.0,32,256
cube,2.000000,polar,2.4306e-05,0.000151844,0.0,0.0,32,256
cube,2.000000,polar,2.1278e-05,9.9605e-05,0.0,0.0,32,256
cube,2.000000,polar,2.302e-05,0.000173268,0.0,0.0,32,256
cube,2.000000,polar,2.6082e-05,0.000184124,0.0,0.0,32,256
cube,2.000000,polar,1.9299e-05,9.6096e-05,0.0,0.0,32,256
cube,2.000000,polar,3.6783e-05,0.000142033,0.0,0.0,32,256
cube,2.000000,polar,1.811e-05,4.0806e-05,0.0,0.0,32,256
cube,2.000000,polar,2.9351e-05,0.000249993,0.0,0.0,32,256
cube,2.000000,polar,2.4885e-05,0.000201715,0.0,0.0,32,256
cube,2.000000,polar,5.157e-06,2.5723e-05,0.0,0.0,32,256
cube,2.000000,polar,5.1713e-05,0.000253127,0.0,0.0,32,256
cube,2.000000,polar,3.3585e-05,0.000234468,0.0,0.0,32,256
cube,2.000000,polar,2.422e-05,0.000151785,0.0,0.0,32,256
cube,2.000000,polar,7.988e-06,4.4785e-05,0.0,0.0,32,256
cube,2.000000,polar,3.3284e-05,0.000214095,0.0,0.0,32,256
cube,2.000000,polar,3.4598e-05,0.000183851,0.0,0.0,32,256
cube,2.000000,polar,3.5429e-05,0.000162827,0.0,0.0,32,256
cube,2.000000,polar,2.9214e-05,0.0001342,0.0,0.0,32,256
cube,2.000000,polar,4.2992e-05,0.000214393,0.0,0.0,32,256
cube,2.000000,polar,3.7226e-05,0.000135421,0.0,0.0,32,256
cube,2.000000,polar,2.3055e-05,0.000179839,0.0,0.0,32,256
cube,2.000000,polar,1.9718e-05,0.000104608,0.0,0.0,32,256
cube,2.000000,polar,2.0166e-05,0.000179341,0.0,0.0,32,256
cube,2.000000,polar,3.0765e-05,0.000136084,0.0,0.0,32,256
cube,2.000000,polar,2.2728e-05,7.2573e-05,0.0,0.0,32,256
cube,2.000000,polar,3.8759e-05,0.000165198,0.0,0.0,32,256
cube,2.000000,polar,4.1033e-05,0.000177028,0.0,0.0,32,256
cube,2.000000,polar,1.7056e-05,5.9047e-05,0.0,0.0,32,256
cube,2.000000,polar,3.2065e-05,0.000221543,0.0,0.0,32,256
cube,2.000000,polar,3.8211e-05,0.000159165,0.0,0.0,32,256
cube,2.000000,polar,2.8263e-05,0.000147149,0.0,0.0,32,256
cube,2.000000,polar,3.321e-05,0.000131132,0.0,0.0,32,256
cube,2.000000,polar,2.0224e-05,4.704e-05,0.0,0.0,32,256
cube,2.000000,polar,3.1512e-05,0.000215354,0.0,0.0,32,256
cube,2.000000,polar,2.1651e-05,0.000124342,0.0,0.0,32,256
cube,2.000000,polar,6.565e-06,2.8213e-05,0.0,0.0,32,256
cube,2.000000,polar,2.8144e-05,0.000149681,0.0,0.0,32,256
cube,2.000000,polar,2.1935e-05,9.8786e-05,0.0,0.0,32,256
cube,2.000000,polar,2.5463e-05,4.1529e-05,0.0,0.0,32,256
cube,2.000000,polar,2.099e-05,0.000144375,0.0,0.0,32,256
cube,2.000000,polar,3.0591e-05,0.000155171,0.0,0.0,32,256
cube,2.000000,polar,2.1993e-05,2.0019e-05,0.0,0.0,32,256
cube,2.000000,polar,3.4664e-05,9.384e-05,0.0,0.0,32,256
cube,2.000000,polar,6.8182e-05,0.000156955,0.0,0.0,32,256
cube,2.000000,polar,2.3714e-05,0.000172706,0.0,0.0,32,256
cube,2.000000,polar,4.9587e-05,0.000281328,0.0,0.0,32,256
cube,2.000000,polar,4.088e-05,0.000266536,0.0,0.0,32,256
cube,2.000000,polar,3.6164e-05,0.00023079,0.0,0.0,32,256
cube,2.000000,polar,3.3481e-05,0.000161867,0.0,0.0,32,256
cube,2.000000,polar,3.1117e-05,0.000105262,0.0,0.0,32,256
cube,2.000000,polar,2.627e-05,0.000184654,0.0,0.0,32,256
cube,2.000000,polar,2.5448e-05,0.000150294,0.0,0.0,32,256
sphere,2.000000,cartesian,3.655e-05,0.00220919,0.0,0.0,32,256
sphere,2.000000,cartesian,0.000117301,0.00375989,0.0,0.0,32,256
sphere,2.000000,cartesian,7.6169e-05,0.00429591,0.0,0.0,32,256
sphere,2.000000,cartesian,7.118e-05,0.00130557,0.0,0.0,32,256
sphere,2.000000,cartesian,9.1778e-05,0.000185871,0.0,0.0,32,256
sphere,2.000000,cartesian,6.2753e-05,0.000108198,0.0,0.0,32,256
sphere,2.000000,cartesian,9.3039e-05,0.000167628,0.0,0.0,32,256
sphere,2.000000,cartesian,0.000121381,0.000143799,0.0,0.0,32,256
sphere,2.000000,cartesian,7.4193e-05,0.000167781,0.0,0.0,32,256
sphere,2.000000,cartesian,9.6981e-05,0.000133054,0.0,0.0,32,256
sphere,2.000000,cartesian,8.2297e-05,0.000202994,0.0,0.0,32,256
sphere,2.000000,cartesian,0.000100445,0.000194451,0.0,0.0,32,256
sphere,2.000000,cartesian,7.4737e-05,0.000220065,0.0,0.0,32,256
sphere,2.000000,cartesian,7.4832e-05,0.000201324,0.0,0.0,32,256
sphere,2.000000,cartesian,8.5764e-05,0.000173855,0.0,0.0,32,256
sphere,2.000000,cartesian,7.6583e-05,0.000109255,0.0,0.0,32,256
sphere,2.000000,cartesian,8.344e-05,0.00017604,0.0,0.0,32,256
sphere,2.000000,cartesian,9.7289e-05,0.000140133,0.0,0.0,32,256
sphere,2.000000,cartesian,8.7492e-05,0.000158364,0.0,0.0,32,256
sphere,2.000000,cartesian,0.000105366,0.000255363,0.0,0.0,32,256
sphere,2.000000,cartesian,7.9622e-05,0.000156712,0.0,0.0,32,256
sphere,2.000000,cartesian,9.5724e-05,0.00015349,0.0,0.0,32,256
sphere,2.000000,cartesian,4.9171e-05,7.8494e-05,0.0,0.0,32,256
sphere,2.000000,cartesian,9.3297e-05,0.000191622,0.0,0.0,32,256
sphere,2.000000,cartesian,9.8268e-05,0.000143998,0.0,0.0,32,256
sphere,2.000000,cartesian,1.6759e-05,1.7713e-05,0.0,0.0,32,256
sphere,2.000000,cartesian,5.9066e-05,0.000117671,0.0,0.0,32,256
sphere,2.000000,cartesian,1.9552e-05,2.1973e-05,0.0,0.0,32,256
sphere,2.000000,cartesian,7.076e-05,0.00013507,0.0,0.0,32,256
sphere,2.000000,cartesian,7.7453e-05,0.000149194,0.0,0.0,32,256
sphere,2.000000,cartesian,6.1758e-05,0.000124829,0.0,0.0,32,256
sphere,2.000000,cartesian,0.000114724,0.000263829,0.0,0.0,32,256
sphere,2.000000,cartesian,0.000104942,0.00020473,0.0,0.0,32,256
sphere,2.000000,cartesian,8.5473e-05,0.000134533,0.0,0.0,32,256
sphere,2.000000,cartesian,6.1224e-05,0.000125799,0.0,0.0,32,256
sphere,2.000000,cartesian,8.3953e-05,0.000157771,0.0,0.0,32,256
sphere,2.000000,cartesian,8.6354e-05,0.000161748,0.0,0.0,32,256
sphere,2.000000,cartesian,8.7679e-05,0.000183278,0.0,0.0,32,256
sphere,2.000000,cartesian,8.7651e-05,0.000110271,0.0,0.0,32,256
sphere,2.000000,cartesian,5.5635e-05,0.00012747,0.0,0.0,32,256
sphere,2.000000,cartesian,7.9794e-05,0.000100916,0.0,0.0,32,256
sphere,2.000000,cartesian,7.1287e-05,8.974e-05,0.0,0.0,32,256
sphere,2.000000,cartesian,7.9229e-05,0.000198602,0.0,0.0,32,256
sphere,2.000000,cartesian,8.4966e-05,0.000162148,0.0,0.0,32,256
sphere,2.000000,cartesian,4.3716e-05,6.0394e-05,0.0,0.0,32,256
sphere,2.000000,cartesian,7.5712e-05,0.000129078,0.0,0.0,32,256
sphere,2.000000,cartesian,7.4373e-05,0.000101163,0.0,0.0,32,256
sphere,2.000000,cartesian,8.0583e-05,0.000150533,0.0,0.0,32,256
sphere,2.000000,cartesian,0.000180369,0.000221969,0.0,0.0,32,256
sphere,2.000000,cartesian,0.000102003,0.000190047,0.0,0.0,32,256
sphere,2.000000,cartesian,7.1861e-05,9.2569e-05,0.0,0.0,32,256
sphere,2.000000,cartesian,5.451e-05,8.5815e-05,0.0,0.0,32,256
sphere,2.000000,cartesian,6.9758e-05,0.000126484,0.0,0.0,32,256
sphere,2.000000,cartesian,0.000112221,6.6994e-05,0.0,0.0,32,256
sphere,2.000000,cartesian,0.000117589,0.000175874,0.0,0.0,32,256
sphere,2.000000,cartesian,7.861e-05,0.000135033,0.0,0.0,32,256
sphere,2.000000,cartesian,0.000130821,0.000289854,0.0,0.0,32,256
sphere,2.000000,cartesian,9.4897e-05,0.000303481,0.0,0.0,32,256
sphere,2.000000,cartesian,9.6927e-05,0.000225772,0.0,0.0,32,256
sphere,2.000000,cartesian,8.7932e-05,0.00014847,0.0,0.0,32,256
sphere,2.000000,cartesian,0.000100675,0.000145344,0.0,0.0,32,256
sphere,2.000000,cartesian,7.3878e-05,8.6155e-05,0.0,0.0,32,256
sphere,2.000000,cartesian,0.000102346,0.000111461,0.0,0.0,32,256
sphere,2.000000,cartesian,9.2809e-05,0.000163839,0.0,0.0,32,256
sphere,2.000000,cartesian,8.2719e-05,0.000141996,0.0,0.0,32,256
sphere,2.000000,cartesian,7.4159e-05,0.000151966,0.0,0.0,32,256
sphere,2.000000,cartesian,5.0005e-05,7.392e-05,0.0,0.0,32,256
sphere,2.000000,cartesian,7.4368e-05,0.000128057,0.0,0.0,32,256
sphere,2.000000,cartesian,8.9406e-05,0.000144234,0.0,0.0,32,256
sphere,2.000000,cartesian,7.7538e-05,0.000124385,0.0,0.0,32,256
sphere,2.000000,cartesian,0.000100112,0.000177689,0.0,0.0,32,256
sphere,2.000000,cartesian,9.016e-05,6.6621e-05,0.0,0.0,32,256
sphere,2.000000,cartesian,0.000101136,0.00020777,0.0,0.0,32,256
sphere,2.000000,cartesian,0.000134756,0.000191973,0.0,0.0,32,256
sphere,2.000000,cartesian,8.4911e-05,0.000153967,0.0,0.0,32,256
sphere,2.000000,cartesian,6.6894e-05,0.000115678,0.0,0.0,32,256
sphere,2.000000,cartesian,7.8095e-05,0.000169857,0.0,0.0,32,256
sphere,2.000000,cartesian,7.3917e-05,0.000140846,0.0,0.0,32,256
sphere,2.000000,cartesian,8.2751e-05,0.000140349,0.0,0.0,32,256
sphere,2.000000,cartesian,6.0547e-05,0.00014018,0.0,0.0,32,256
sphere,2.000000,cartesian,7.9729e-05,0.000132752,0.0,0.0,32,256
sphere,2.000000,cartesian,7.6793e-05,0.000116131,0.0,0.0,32,256
sphere,2.000000,cartesian,0.000119337,0.000249006,0.0,0.0,32,256
sphere,2.000000,cartesian,9.9486e-05,0.000156995,0.0,0.0,32,256
sphere,2.000000,cartesian,0.000100228,0.000139242,0.0,0.0,32,256
sphere,2.000000,cartesian,7.2538e-05,0.000131261,0.0,0.0,32,256
sphere,2.000000,cartesian,0.000137155,0.000210823,0.0,0.0,32,256
sphere,2.000000,cartesian,3.5973e-05,3.3338e-05,0.0,0.0,32,256
sphere,2.000000,cartesian,7.0721e-05,0.000139118,0.0,0.0,32,256
sphere,2.000000,cartesian,9.5814e-05,0.000175468,0.0,0.0,32,256
sphere,2.000000,cartesian,9.5324e-05,0.000193737,0.0,0.0,32,256
sphere,2.000000,cartesian,9.3772e-05,0.000156228,0.0,0.0,32,256
sphere,2.000000,cartesian,0.000109738,0.000193282,0.0,0.0,32,256
sphere,2.000000,cartesian,9.6033e-05,8.7541e-05,0.0,0.0,32,256
sphere,2.000000,cartesian,5.9285e-05,9.6946e-05,0.0,0.0,32,256
sphere,2.000000,cartesian,5.115e-05,0.000114483,0.0,0.0,32,256
sphere,2.000000,cartesian,0.000109954,0.000189581,0.0,0.0,32,256
sphere,2.000000,cartesian,7.2226e-05,0.000106177,0.0,0.0,32,256
sphere,2.000000,cartesian,7.7571e-05,0.000139942,0.0,0.0,32,256
sphere,2.000000,cartesian,0.000106641,0.000170046,0.0,0.0,32,256
sphere,2.000000,cartesian,8.1409e-05,0.000123869,0.0,0.0,32,256
sphere,2.000000,cartesian,0.000106654,0.000196048,0.0,0.0,32,256
sphere,2.000000,cartesian,9.9438e-05,0.000158613,0.0,0.0,32,256
sphere,2.000000,cartesian,9.6472e-05,0.00020977,0.0,0.0,32,256
sphere,2.000000,cartesian,4.962e-05,7.4206e-05,0.0,0.0,32,256
sphere,2.000000,cartesian,3.2191e-05,2.9502e-05,0.0,0.0,32,256
sphere,2.000000,cartesian,0.000115205,0.000188117,0.0,0.0,32,256
sphere,2.000000,cartesian,5.1905e-05,5.7612e-05,0.0,0.0,32,256
sphere,2.000000,cartesian,9.0367e-05,0.000166443,0.0,0.0,32,256
sphere,2.000000,cartesian,7.9575e-05,0.000147258,0.0,0.0,32,256
sphere,2.000000,cartesian,8.71e-05,0.000139989,0.0,0.0,32,256
sphere,2.000000,cartesian,0.000111249,0.000113974,0.0,0.0,32,256
sphere,2.000000,cartesian,8.4873e-05,0.000151638,0.0,0.0,32,256
sphere,2.000000,cartesian,0.000102567,0.000171296,0.0,0.0,32,256
sphere,2.000000,cartesian,7.6691e-05,0.000145768,0.0,0.0,32,256
sphere,2.000000,cartesian,8.375e-05,0.000125022,0.0,0.0,32,256
sphere,2.000000,cartesian,9.5267e-05,0.000161822,0.0,0.0,32,256
sphere,2.000000,cartesian,7.711e-05,0.000151775,0.0,0.0,32,256
sphere,2.000000,cartesian,4.8942e-05,0.000101082,0.0,0.0,32,256
sphere,2.000000,cartesian,0.000105494,0.000140218,0.0,0.0,32,256
sphere,2.000000,cartesian,4.4202e-05,6.3897e-05,0.0,0.0,32,256
sphere,2.000000,cartesian,9.0774e-05,0.000131494,0.0,0.0,32,256
sphere,2.000000,cartesian,5.591e-05,9.0539e-05,0.0,0.0,32,256
sphere,2.000000,cartesian,0.000112755,0.000199214,0.0,0.0,32,256
sphere,2.000000,cartesian,0.000127074,0.000221364,0.0,0.0,32,256
sphere,2.000000,cartesian,0.000226891,0.000293714,0.0,0.0,32,256
sphere,2.000000,cartesian,0.000100732,0.000232004,0.0,0.0,32,256
sphere,2.000000,cartesian,0.000100468,0.000140982,0.0,0.0,32,256
sphere,2.000000,cartesian,4.0545e-05,5.5815e-05,0.0,0.0,32,256
sphere,2.000000,cartesian,8.1574e-05,0.000164117,0.0,0.0,32,256
sphere,2.000000,cartesian,9.5202e-05,0.000193146,0.0,0.0,32,256
sphere,2.000000,cartesian,6.055e-05,8.3941e-05,0.0,0.0,32,256
sphere,2.000000,cartesian,9.2526e-05,0.000255094,0.0,0.0,32,256
sphere,2.000000,cartesian,9.7927e-05,0.000240313,0.0,0.0,32,256
sphere,2.000000,cartesian,9.3072e-05,0.000191168,0.0,0.0,32,256
sphere,2.000000,cartesian,0.000108939,0.000197506,0.0,0.0,32,256
sphere,2.000000,cartesian,6.763e-05,0.000144802,0.0,0.0,32,256
sphere,2.000000,cartesian,9.0679e-05,0.000250282,0.0,0.0,32,256
sphere,2.000000,cartesian,7.7571e-05,0.000161323,0.0,0.0,32,256
sphere,2.000000,cartesian,9.7021e-05,0.000197668,0.0,0.0,32,256
sphere,2.000000,cartesian,9.4147e-05,0.000213313,0.0,0.0,32,256
sphere,2.000000,cartesian,6.0921e-05,6.2732e-05,0.0,0.0,32,256
sphere,2.000000,cartesian,7.7086e-05,0.000136366,0.0,0.0,32,256
sphere,2.000000,cartesian,4.8122e-05,8.1128e-05,0.0,0.0,32,256
sphere,2.000000,cartesian,0.000101323,0.000187873,0.0,0.0,32,256
sphere,2.000000,cartesian,8.3567e-05,0.000178511,0.0,0.0,32,256
sphere,2.000000,cartesian,0.000109313,0.000196868,0.0,0.0,32,256
sphere,2.000000,cartesian,6.7013e-05,0.000144031,0.0,0.0,32,256
sphere,2.000000,cartesian,9.676e-05,0.000217154,0.0,0.0,32,256
sphere,2.000000,cartesian,7.4903e-05,0.000137646,0.0,0.0,32,256
sphere,2.000000,cartesian,0.000150901,0.000215243,0.0,0.0,32,256
sphere,2.000000,cartesian,5.9855e-05,0.000119883,0.0,0.0,32,256
sphere,2.000000,cartesian,0.000116129,0.000212633,0.0,0.0,32,256
sphere,2.000000,cartesian,8.0818e-05,0.000171554,0.0,0.0,32,256
sphere,2.000000,cartesian,6.1282e-05,0.000115138,0.0,0.0,32,256
sphere,2.000000,cartesian,3.5425e-05,4.5897e-05,0.0,0.0,32,256
sphere,2.000000,cartesian,6.8127e-05,0.000174913,0.0,0.0,32,256
sphere,2.000000,cartesian,0.000117313,0.000179753,0.0,0.0,32,256
sphere,2.000000,cartesian,5.5701e-05,8.12e-05,0.0,0.0,32,256
sphere,2.000000,cartesian,8.3663e-05,0.00013249,0.0,0.0,32,256
sphere,2.000000,cartesian,8.0075e-05,0.000159158,0.0,0.0,32,256
sphere,2.000000,cartesian,9.2267e-05,0.000156109,0.0,0.0,32,256
sphere,2.000000,cartesian,8.6475e-05,0.000156413,0.0,0.0,32,256
sphere,2.000000,cartesian,0.000114776,0.000174453,0.0,0.0,32,256
sphere,2.000000,cartesian,8.3485e-05,0.000105537,0.0,0.0,32,256
sphere,2.000000,cartesian,8.3131e-05,0.000147961,0.0,0.0,32,256
sphere,2.000000,cartesian,0.000100902,0.000222639,0.0,0.0,32,256
sphere,2.000000,cartesian,1.6604e-05,1.2886e-05,0.0,0.0,32,256
sphere,2.000000,cartesian,8.9756e-05,0.000176614,0.0,0.0,32,256
sphere,2.000000,cartesian,8.0407e-05,0.000117639,0.0,0.0,32,256
sphere,2.000000,cartesian,5.1905e-05,7.8478e-05,0.0,0.0,32,256
sphere,2.000000,cartesian,9.7471e-05,0.000145829,0.0,0.0,32,256
sphere,2.000000,cartesian,6.3361e-05,0.000157998,0.0,0.0,32,256
sphere,2.000000,cartesian,0.000122308,0.000207652,0.0,0.0,32,256
sphere,2.000000,cartesian,0.000117365,0.000152003,0.0,0.0,32,256
sphere,2.000000,cartesian,0.000104759,0.000103056,0.0,0.0,32,256
sphere,2.000000,cartesian,8.9493e-05,0.000154182,0.0,0.0,32,256
sphere,2.000000,cartesian,0.000100214,0.000154639,0.0,0.0,32,256
sphere,2.000000,cartesian,8.4461e-05,0.000176114,0.0,0.0,32,256
sphere,2.000000,cartesian,6.5007e-05,6.4169e-05,0.0,0.0,32,256
sphere,2.000000,cartesian,0.000110514,0.000155743,0.0,0.0,32,256
sphere,2.000000,cartesian,6.6518e-05,0.000162214,0.0,0.0,32,256
sphere,2.000000,cartesian,0.000108533,0.000171046,0.0,0.0,32,256
sphere,2.000000,cartesian,0.000101158,0.000175874,0.0,0.0,32,256
sphere,2.000000,cartesian,9.1358e-05,0.00013835,0.0,0.0,32,256
sphere,2.000000,cartesian,9.1244e-05,0.000154854,0.0,0.0,32,256
sphere,2.000000,cartesian,8.733e-05,0.000148825,0.0,0.0,32,256
sphere,2.000000,cartesian,8.3374e-05,0.000148559,0.0,0.0,32,256
sphere,2.000000,cartesian,8.3421e-05,0.000136616,0.0,0.0,32,256
sphere,2.000000,cartesian,4.6508e-05,3.9157e-05,0.0,0.0,32,256
sphere,2.000000,cartesian,0.000116112,0.000180692,0.0,0.0,32,256
sphere,2.000000,cartesian,0.000105508,0.000155188,0.0,0.0,32,256
sphere,2.000000,cartesian,9.6807e-05,0.000147228,0.0,0.0,32,256
sphere,2.000000,cartesian,9.3864e-05,0.000161012,0.0,0.0,32,256
sphere,2.000000,cartesian,8.9872e-05,0.000140183,0.0,0.0,32,256
sphere,2.000000,cartesian,5.9306e-05,0.000100892,0.0,0.0,32,256
sphere,2.000000,cartesian,8.0292e-05,0.000154447,0.0,0.0,32,256
sphere,2.000000,cartesian,9.0414e-05,0.000173083,0.0,0.0,32,256
sphere,2.000000,cartesian,6.7208e-05,0.000141382,0.0,0.0,32,256
sphere,2.000000,cartesian,8.982e-05,0.000184866,0.0,0.0,32,256
sphere,2.000000,cartesian,9.587e-05,0.00021201,0.0,0.0,32,256
sphere,2.000000,cartesian,1.306e-05,1.9596e-05,0.0,0.0,32,256
sphere,2.000000,cartesian,0.00010398,0.000204395,0.0,0.0,32,256
sphere,2.000000,cartesian,6.6163e-05,0.000105928,0.0,0.0,32,256
sphere,2.000000,cartesian,6.9971e-05,0.000132887,0.0,0.0,32,256
sphere,2.000000,cartesian,7.5843e-05,0.000144319,0.0,0.0,32,256
sphere,2.000000,cartesian,6.0873e-05,0.000145098,0.0,0.0,32,256
sphere,2.000000,cartesian,0.000101065,0.000185338,0.0,0.0,32,256
sphere,2.000000,cartesian,0.000103459,0.000139384,0.0,0.0,32,256
sphere,2.000000,cartesian,6.6269e-05,0.000113192,0.0,0.0,32,256
sphere,2.000000,cartesian,8.5019e-05,0.000132927,0.0,0.0,32,256
sphere,2.000000,cartesian,9.936e-05,0.000232297,0.0,0.0,32,256
sphere,2.000000,cartesian,4.2407e-05,5.5163e-05,0.0,0.0,32,256
sphere,2.000000,cartesian,0.000126568,0.000254368,0.0,0.0,32,256
sphere,2.000000,cartesian,0.000103981,0.000171333,0.0,0.0,32,256
sphere,2.000000,cartesian,7.9017e-05,0.000145815,0.0,0.0,32,256
sphere,2.000000,cartesian,7.6831e-05,0.000264149,0.0,0.0,32,256
sphere,2.000000,cartesian,9.7602e-05,0.000125701,0.0,0.0,32,256
sphere,2.000000,cartesian,6.2973e-05,9.6752e-05,0.0,0.0,32,256
sphere,2.000000,cartesian,7.9524e-05,0.000133283,0.0,0.0,32,256
sphere,2.000000,cartesian,8.2989e-05,0.000123066,0.0,0.0,32,256
sphere,2.000000,cartesian,9.1033e-05,0.000113418,0.0,0.0,32,256
sphere,2.000000,cartesian,8.5708e-05,0.000150709,0.0,0.0,32,256
sphere,2.000000,cartesian,7.9563e-05,0.000123792,0.0,0.0,32,256
sphere,2.000000,cartesian,5.1474e-05,7.9059e-05,0.0,0.0,32,256
sphere,2.000000,cartesian,9.0196e-05,0.000159771,0.0,0.0,32,256
sphere,2.000000,cartesian,0.000104081,0.000155396,0.0,0.0,32,256
sphere,2.000000,cartesian,7.6697e-05,8.9423e-05,0.0,0.0,32,256
sphere,2.000000,cartesian,0.0001703,0.000185848,0.0,0.0,32,256
sphere,2.000000,cartesian,8.1504e-05,0.000128492,0.0,0.0,32,256
sphere,2.000000,cartesian,0.000103507,0.000180375,0.0,0.0,32,256
sphere,2.000000,cartesian,0.000116076,0.000287854,0.0,0.0,32,256
sphere,2.000000,cartesian,0.000102679,0.00019011,0.0,0.0,32,256
sphere,2.000000,cartesian,7.3286e-05,0.000129223,0.0,0.0,32,256
sphere,2.000000,cartesian,6.9731e-05,0.000141348,0.0,0.0,32,256
sphere,2.000000,cartesian,6.3876e-05,8.6138e-05,0.0,0.0,32,256
sphere,2.000000,cartesian,4.0877e-05,0.000107747,0.0,0.0,32,256
sphere,2.000000,cartesian,9.0488e-05,0.000131856,0.0,0.0,32,256
sphere,2.000000,cartesian,0.000120965,0.000211693,0.0,0.0,32,256
sphere,2.000000,cartesian,7.683e-05,0.000123597,0.0,0.0,32,256
sphere,2.000000,cartesian,9.4773e-05,0.000201482,0.0,0.0,32,256
sphere,2.000000,cartesian,8.0543e-05,0.000178516,0.0,0.0,32,256
sphere,2.000000,cartesian,9.4739e-05,0.000217713,0.0,0.0,32,256
sphere,2.000000,cartesian,0.000106061,0.000208723,0.0,0.0,32,256
sphere,2.000000,cartesian,4.4981e-05,7.9003e-05,0.0,0.0,32,256
sphere,2.000000,cartesian,0.000129539,0.000246918,0.0,0.0,32,256
sphere,2.000000,cartesian,7.7714e-05,0.000155067,0.0,0.0,32,256
sphere,2.000000,cartesian,7.5954e-05,0.000189836,0.0,0.0,32,256
sphere,2.000000,cartesian,7.7096e-05,0.00016939,0.0,0.0,32,256
sphere,2.000000,cartesian,0.000126884,0.00037034,0.0,0.0,32,256
sphere,2.000000,cartesian,8.3024e-05,0.000181925,0.0,0.0,32,256
sphere,2.000000,cartesian,2.4446e-05,2.9069e-05,0.0,0.0,32,256
sphere,2.000000,cartesian,8.4691e-05,0.00022695,0.0,0.0,32,256
sphere,2.000000,cartesian,9.1067e-05,0.000139546,0.0,0.0,32,256
sphere,2.000000,cartesian,8.986e-05,0.000178224,0.0,0.0,32,256
sphere,2.000000,cartesian,0.000138578,0.000274145,0.0,0.0,32,256
sphere,2.000000,cartesian,0.000138726,0.000284415,0.0,0.0,32,256
sphere,2.000000,cartesian,6.5058e-05,0.000124188,0.0,0.0,32,256
sphere,2.000000,cartesian,0.000111322,0.000189041,0.0,0.0,32,256
sphere,2.000000,cartesian,9.4096e-05,0.000166153,0.0,0.0,32,256
sphere,2.000000,cartesian,7.7255e-05,0.000141796,0.0,0.0,32,256
sphere,2.000000,cartesian,0.000116904,0.000231582,0.0,0.0,32,256
sphere,2.000000,cartesian,7.6884e-05,0.000146391,0.0,0.0,32,256
sphere,2.000000,cartesian,5.8169e-05,0.000119546,0.0,0.0,32,256
sphere,2.000000,cartesian,9.0027e-05,0.00018877,0.0,0.0,32,256
sphere,2.000000,cartesian,8.2515e-05,0.00019041,0.0,0.0,32,256
sphere,2.000000,cartesian,0.000202135,0.000123232,0.0,0.0,32,256
sphere,2.000000,cartesian,8.3509e-05,0.00014221,0.0,0.0,32,256
sphere,2.000000,cartesian,7.0926e-05,0.000129384,0.0,0.0,32,256
sphere,2.000000,cartesian,8.2922e-05,0.000123081,0.0,0.0,32,256
sphere,2.000000,cartesian,0.000105821,0.000104441,0.0,0.0,32,256
sphere,2.000000,cartesian,6.3832e-05,9.9299e-05,0.0,0.0,32,256
sphere,2.000000,cartesian,4.6692e-05,6.7691e-05,0.0,0.0,32,256
sphere,2.000000,cartesian,7.4893e-05,0.000139277,0.0,0.0,32,256
sphere,2.000000,cartesian,8.5748e-05,0.000184822,0.0,0.0,32,256
sphere,2.000000,cartesian,6.0837e-05,7.0969e-05,0.0,0.0,32,256
sphere,2.000000,cartesian,0.000109953,0.000266179,0.0,0.0,32,256
sphere,2.000000,cartesian,6.9915e-05,0.000169982,0.0,0.0,32,256
sphere,2.000000,cartesian,4.4425e-05,7.9086e-05,0.0,0.0,32,256
sphere,2.000000,cartesian,6.1887e-05,8.7751e-05,0.0,0.0,32,256
sphere,2.000000,cartesian,0.000105725,0.00016863,0.0,0.0,32,256
sphere,2.000000,cartesian,6.9007e-05,8.6808e-05,0.0,0.0,32,256
sphere,2.000000,cartesian,8.4045e-05,0.000142404,0.0,0.0,32,256
sphere,2.000000,cartesian,9.4397e-05,0.0001471,0.0,0.0,32,256
sphere,2.000000,cartesian,7.7435e-05,0.000143848,0.0,0.0,32,256
sphere,2.000000,cartesian,9.0546e-05,0.000139244,0.0,0.0,32,256
sphere,2.000000,cartesian,8.6078e-05,0.000121017,0.0,0.0,32,256
sphere,2.000000,cartesian,6.3867e-05,0.000119857,0.0,0.0,32,256
sphere,2.000000,cartesian,9.1916e-05,0.0001658,0.0,0.0,32,256
sphere,2.000000,cartesian,5.6114e-05,8.9494e-05,0.0,0.0,32,256
sphere,2.000000,cartesian,8.9258e-05,0.000156408,0.0,0.0,32,256
sphere,2.000000,cartesian,7.4825e-05,0.000168484,0.0,0.0,32,256
sphere,2.000000,cartesian,8.1045e-05,0.00013335,0.0,0.0,32,256
sphere,2.000000,cartesian,8.3128e-05,0.00013156,0.0,0.0,32,256
sphere,2.000000,cartesian,8.4127e-05,0.000176508,0.0,0.0,32,256
sphere,2.000000,cartesian,3.8214e-05,2.9314e-05,0.0,0.0,32,256
sphere,2.000000,cartesian,8.0306e-05,0.000133124,0.0,0.0,32,256
sphere,2.000000,cartesian,8.8749e-05,0.000165808,0.0,0.0,32,256
sphere,2.000000,cartesian,9.1667e-05,0.000127077,0.0,0.0,32,256
sphere,2.000000,cartesian,8.8066e-05,0.00013144,0.0,0.0,32,256
sphere,2.000000,cartesian,0.000134483,0.000120822,0.0,0.0,32,256
sphere,2.000000,cartesian,0.000193632,0.000293921,0.0,0.0,32,256
sphere,2.000000,cartesian,9.939e-05,0.000192187,0.0,0.0,32,256
sphere,2.000000,cartesian,9.2007e-05,0.000193258,0.0,0.0,32,256
sphere,2.000000,cartesian,8.8912e-05,0.000170217,0.0,0.0,32,256
sphere,2.000000,cartesian,0.000111797,0.000181326,0.0,0.0,32,256
sphere,2.000000,cartesian,0.000108017,0.000165331,0.0,0.0,32,256
sphere,2.000000,cartesian,9.5151e-05,0.000251554,0.0,0.0,32,256
sphere,2.000000,cartesian,0.000194741,0.000227187,0.0,0.0,32,256
sphere,2.000000,cartesian,0.000100007,0.000175405,0.0,0.0,32,256
sphere,2.000000,cartesian,7.6568e-05,0.000140265,0.0,0.0,32,256
sphere,2.000000,cartesian,0.000158878,0.000250148,0.0,0.0,32,256
sphere,2.000000,cartesian,0.00011267,0.000246285,0.0,0.0,32,256
sphere,2.000000,cartesian,5.9582e-05,9.2286e-05,0.0,0.0,32,256
sphere,2.000000,cartesian,9.8246e-05,0.000158557,0.0,0.0,32,256
sphere,2.000000,cartesian,3.4247e-05,3.4869e-05,0.0,0.0,32,256
sphere,2.000000,cartesian,7.6474e-05,0.000153264,0.0,0.0,32,256
sphere,2.000000,cartesian,8.4659e-05,0.000160006,0.0,0.0,32,256
sphere,2.000000,cartesian,4.0486e-05,6.8053e-05,0.0,0.0,32,256
sphere,2.000000,cartesian,9.3315e-05,0.000173432,0.0,0.0,32,256
sphere,2.000000,cartesian,8.9707e-05,9.0735e-05,0.0,0.0,32,256
sphere,2.000000,cartesian,9.4135e-05,0.000148575,0.0,0.0,32,256
sphere,2.000000,cartesian,9.4095e-05,0.00021747,0.0,0.0,32,256
sphere,2.000000,cartesian,8.6075e-05,0.000126742,0.0,0.0,32,256
sphere,2.000000,cartesian,9.6077e-05,0.000221194,0.0,0.0,32,256
sphere,2.000000,cartesian,6.4594e-05,6.7748e-05,0.0,0.0,32,256
sphere,2.000000,cartesian,8.23e-05,0.000200142,0.0,0.0,32,256
sphere,2.000000,cartesian,9.3271e-05,0.000151115,0.0,0.0,32,256
sphere,2.000000,cartesian,8.5357e-05,0.000151761,0.0,0.0,32,256
sphere,2.000000,cartesian,0.000101142,0.000176044,0.0,0.0,32,256
sphere,2.000000,cartesian,9.4931e-05,0.000160555,0.0,0.0,32,256
sphere,2.000000,cartesian,7.512e-05,0.000137257,0.0,0.0,32,256
sphere,2.000000,cartesian,7.7957e-05,8.086e-05,0.0,0.0,32,256
sphere,2.000000,cartesian,6.6506e-05,0.000133912,0.0,0.0,32,256
sphere,2.000000,cartesian,6.7125e-05,0.00012871,0.0,0.0,32,256
sphere,2.000000,cartesian,0.000101635,0.000156458,0.0,0.0,32,256
sphere,2.000000,cartesian,8.0254e-05,0.000152588,0.0,0.0,32,256
sphere,2.000000,cartesian,0.000118281,0.000239775,0.0,0.0,32,256
sphere,2.000000,cartesian,0.00014669,0.000194797,0.0,0.0,32,256
sphere,2.000000,cartesian,5.1607e-05,8.5007e-05,0.0,0.0,32,256
sphere,2.000000,cartesian,8.5041e-05,0.000134269,0.0,0.0,32,256
sphere,2.000000,cartesian,7.9321e-05,0.000154567,0.0,0.0,32,256
sphere,2.000000,cartesian,9.3052e-05,0.000189555,0.0,0.0,32,256
sphere,2.000000,cartesian,6.0596e-05,0.000104105,0.0,0.0,32,256
sphere,2.000000,cartesian,8.8251e-05,0.000167488,0.0,0.0,32,256
sphere,2.000000,cartesian,6.6035e-05,0.000139516,0.0,0.0,32,256
sphere,2.000000,cartesian,7.6875e-05,0.00021843,0.0,0.0,32,256
sphere,2.000000,cartesian,7.393e-05,7.6991e-05,0.0,0.0,32,256
sphere,2.000000,cartesian,9.5142e-05,0.000164112,0.0,0.0,32,256
sphere,2.000000,cartesian,7.6032e-05,0.000156537,0.0,0.0,32,256
sphere,2.000000,cartesian,7.0091e-05,0.00012725,0.0,0.0,32,256
sphere,2.000000,cartesian,3.714e-05,2.9594e-05,0.0,0.0,32,256
sphere,2.000000,cartesian,7.1692e-05,0.000133574,0.0,0.0,32,256
sphere,2.000000,cartesian,5.3972e-05,6.3386e-05,0.0,0.0,32,256
sphere,2.000000,cartesian,6.1246e-05,5.6607e-05,0.0,0.0,32,256
sphere,2.000000,cartesian,8.5332e-05,0.000152279,0.0,0.0,32,256
sphere,2.000000,cartesian,5.4998e-05,8.6846e-05,0.0,0.0,32,256
sphere,2.000000,cartesian,8.1e-05,0.000142484,0.0,0.0,32,256
sphere,2.000000,cartesian,7.9693e-05,0.000148206,0.0,0.0,32,256
sphere,2.000000,cartesian,9.0588e-05,0.000174317,0.0,0.0,32,256
sphere,2.000000,cartesian,7.9058e-05,0.000126669,0.0,0.0,32,256
sphere,2.000000,cartesian,8.4543e-05,0.000156309,0.0,0.0,32,256
sphere,2.000000,cartesian,5.5052e-05,8.822e-05,0.0,0.0,32,256
sphere,2.000000,cartesian,5.6885e-05,9.23e-05,0.0,0.0,32,256
sphere,2.000000,cartesian,7.9336e-05,0.000125469,0.0,0.0,32,256
sphere,2.000000,cartesian,0.000105521,0.000162027,0.0,0.0,32,256
sphere,2.000000,cartesian,6.3347e-05,8.7934e-05,0.0,0.0,32,256
sphere,2.000000,cartesian,9.9218e-05,0.00015762,0.0,0.0,32,256
sphere,2.000000,cartesian,5.3984e-05,7.9323e-05,0.0,0.0,32,256
sphere,2.000000,cartesian,8.139e-05,0.000133914,0.0,0.0,32,256
sphere,2.000000,cartesian,0.000113175,0.000159172,0.0,0.0,32,256
sphere,2.000000,cartesian,7.5306e-05,0.000139142,0.0,0.0,32,256
sphere,2.000000,cartesian,9.0385e-05,0.000154599,0.0,0.0,32,256
sphere,2.000000,cartesian,8.3082e-05,0.000149468,0.0,0.0,32,256
sphere,2.000000,cartesian,0.000112606,0.000218579,0.0,0.0,32,256
sphere,2.000000,cartesian,9.4187e-05,0.000158091,0.0,0.0,32,256
sphere,2.000000,cartesian,8.8232e-05,0.000166856,0.0,0.0,32,256
sphere,2.000000,cartesian,7.1373e-05,0.000124117,0.0,0.0,32,256
sphere,2.000000,cartesian,7.4161e-05,0.000130953,0.0,0.0,32,256
sphere,2.000000,cartesian,6.1568e-05,9.6808e-05,0.0,0.0,32,256
sphere,2.000000,cartesian,7.9928e-05,0.000155333,0.0,0.0,32,256
sphere,2.000000,cartesian,7.964e-05,0.000120068,0.0,0.0,32,256
sphere,2.000000,cartesian,0.000106019,0.000153373,0.0,0.0,32,256
sphere,2.000000,cartesian,7.631e-05,0.000133884,0.0,0.0,32,256
sphere,2.000000,cartesian,7.8802e-05,0.000134267,0.0,0.0,32,256
sphere,2.000000,cartesian,8.3622e-05,0.000117948,0.0,0.0,32,256
sphere,2.000000,cartesian,0.000144763,0.000195072,0.0,0.0,32,256
sphere,2.000000,cartesian,4.8117e-05,8.5065e-05,0.0,0.0,32,256
sphere,2.000000,cartesian,0.000108601,0.000135216,0.0,0.0,32,256
sphere,2.000000,cartesian,5.327e-06,4.242e-06,0.0,0.0,32,256
sphere,2.000000,cartesian,6.1906e-05,9.8335e-05,0.0,0.0,32,256
sphere,2.000000,cartesian,1.3225e-05,2.0794e-05,0.0,0.0,32,256
sphere,2.000000,cartesian,5.1376e-05,0.000113389,0.0,0.0,32,256
sphere,2.000000,cartesian,6.0173e-05,9.9584e-05,0.0,0.0,32,256
sphere,2.000000,cartesian,7.8115e-05,0.000168943,0.0,0.0,32,256
sphere,2.000000,cartesian,9.9725e-05,0.000177518,0.0,0.0,32,256
sphere,2.000000,cartesian,9.8121e-05,0.000188468,0.0,0.0,32,256
sphere,2.000000,cartesian,5.3038e-05,4.7694e-05,0.0,0.0,32,256
sphere,2.000000,cartesian,0.000117008,0.000155263,0.0,0.0,32,256
sphere,2.000000,cartesian,7.7261e-05,0.000150944,0.0,0.0,32,256
sphere,2.000000,cartesian,9.2109e-05,0.000167464,0.0,0.0,32,256
sphere,2.000000,cartesian,9.3239e-05,0.000161753,0.0,0.0,32,256
sphere,2.000000,cartesian,7.0305e-05,0.00012083,0.0,0.0,32,256
sphere,2.000000,cartesian,6.8451e-05,0.000129674,0.0,0.0,32,256
sphere,2.000000,cartesian,7.6038e-05,0.00012571,0.0,0.0,32,256
sphere,2.000000,cartesian,7.4746e-05,0.000101318,0.0,0.0,32,256
sphere,2.000000,cartesian,7.2409e-05,0.000149979,0.0,0.0,32,256
sphere,2.000000,cartesian,0.000107377,0.00011382,0.0,0.0,32,256
sphere,2.000000,cartesian,9.6433e-05,0.000140308,0.0,0.0,32,256
sphere,2.000000,cartesian,5.1681e-05,0.000106227,0.0,0.0,32,256
sphere,2.000000,cartesian,6.929e-05,0.000136875,0.0,0.0,32,256
sphere,2.000000,cartesian,7.1512e-05,6.6003e-05,0.0,0.0,32,256
sphere,2.000000,cartesian,8.9072e-05,0.00014757,0.0,0.0,32,256
sphere,2.000000,cartesian,6.5254e-05,9.8716e-05,0.0,0.0,32,256
sphere,2.000000,cartesian,0.00010164,0.000193534,0.0,0.0,32,256
sphere,2.000000,cartesian,7.5228e-05,0.00016562,0.0,0.0,32,256
sphere,2.000000,cartesian,7.0709e-05,0.000131358,0.0,0.0,32,256
sphere,2.000000,cartesian,8.3828e-05,0.000157583,0.0,0.0,32,256
sphere,2.000000,cartesian,8.1863e-05,0.000144554,0.0,0.0,32,256
sphere,2.000000,cartesian,0.000101215,0.000178469,0.0,0.0,32,256
sphere,2.000000,cartesian,0.000104938,0.000188464,0.0,0.0,32,256
sphere,2.000000,cartesian,0.000102969,0.000186096,0.0,0.0,32,256
sphere,2.000000,cartesian,5.8307e-05,0.000112066,0.0,0.0,32,256
sphere,2.000000,cartesian,9.027e-05,0.000187723,0.0,0.0,32,256
sphere,2.000000,cartesian,9.0495e-05,0.000166111,0.0,0.0,32,256
sphere,2.000000,cartesian,7.0248e-05,0.000148248,0.0,0.0,32,256
sphere,2.000000,cartesian,7.6341e-05,0.000134745,0.0,0.0,32,256
sphere,2.000000,cartesian,7.7176e-05,0.000159094,0.0,0.0,32,256
sphere,2.000000,cartesian,7.7203e-05,0.000105145,0.0,0.0,32,256
sphere,2.000000,cartesian,8.0773e-05,0.000174198,0.0,0.0,32,256
sphere,2.000000,cartesian,8.0074e-05,0.000152471,0.0,0.0,32,256
sphere,2.000000,cartesian,0.00011016,0.000206013,0.0,0.0,32,256
sphere,2.000000,cartesian,5.6361e-05,6.4663e-05,0.0,0.0,32,256
sphere,2.000000,cartesian,7.7273e-05,0.000131543,0.0,0.0,32,256
sphere,2.000000,cartesian,7.4059e-05,0.000144255,0.0,0.0,32,256
sphere,2.000000,cartesian,8.0645e-05,8.4829e-05,0.0,0.0,32,256
sphere,2.000000,cartesian,0.000103942,0.000204527,0.0,0.0,32,256
sphere,2.000000,cartesian,0.000102816,0.000141647,0.0,0.0,32,256
sphere,2.000000,cartesian,7.9695e-05,0.00026945,0.0,0.0,32,256
sphere,2.000000,cartesian,9.0867e-05,0.00017155,0.0,0.0,32,256
sphere,2.000000,cartesian,0.00011478,0.000197492,0.0,0.0,32,256
sphere,2.000000,cartesian,9.0391e-05,0.000168413,0.0,0.0,32,256
sphere,2.000000,cartesian,4.9367e-05,8.5467e-05,0.0,0.0,32,256
sphere,2.000000,cartesian,0.000120217,0.000151637,0.0,0.0,32,256
sphere,2.000000,cartesian,8.7469e-05,0.000157556,0.0,0.0,32,256
sphere,2.000000,cartesian,8.2504e-05,0.000141158,0.0,0.0,32,256
sphere,2.000000,cartesian,0.000109302,0.000100718,0.0,0.0,32,256
sphere,2.000000,cartesian,9.6981e-05,0.000161558,0.0,0.0,32,256
sphere,2.000000,cartesian,7.0083e-05,0.000136982,0.0,0.0,32,256
sphere,2.000000,cartesian,5.5319e-05,0.000100449,0.0,0.0,32,256
sphere,2.000000,cartesian,7.8048e-05,0.000153346,0.0,0.0,32,256
sphere,2.000000,cartesian,8.7488e-05,0.000145204,0.0,0.0,32,256
sphere,2.000000,cartesian,4.4658e-05,9.8712e-05,0.0,0.0,32,256
sphere,2.000000,cartesian,9.7676e-05,0.000139503,0.0,0.0,32,256
sphere,2.000000,cartesian,3.8937e-05,2.9554e-05,0.0,0.0,32,256
sphere,2.000000,cartesian,0.000101407,0.000186965,0.0,0.0,32,256
sphere,2.000000,cartesian,6.8894e-05,0.000121084,0.0,0.0,32,256
sphere,2.000000,cartesian,3.8519e-05,2.3575e-05,0.0,0.0,32,256
sphere,2.000000,cartesian,0.000120224,0.000158129,0.0,0.0,32,256
sphere,2.000000,cartesian,8.542e-05,0.000162197,0.0,0.0,32,256
sphere,2.000000,cartesian,8.6699e-05,0.00014534,0.0,0.0,32,256
sphere,2.000000,cartesian,3.0494e-05,3.9089e-05,0.0,0.0,32,256
sphere,2.000000,cartesian,8.9622e-05,0.000184356,0.0,0.0,32,256
sphere,2.000000,cartesian,0.000140837,0.000204461,0.0,0.0,32,256
sphere,2.000000,cartesian,0.000112663,0.000172845,0.0,0.0,32,256
sphere,2.000000,cartesian,8.2122e-05,0.000161432,0.0,0.0,32,256
sphere,2.000000,cartesian,0.000101643,0.000218541,0.0,0.0,32,256
sphere,2.000000,cartesian,0.00010645,0.000209235,0.0,0.0,32,256
sphere,2.000000,cartesian,7.5305e-05,0.000192967,0.0,0.0,32,256
sphere,2.000000,cartesian,6.4824e-05,0.000108326,0.0,0.0,32,256
sphere,2.000000,cartesian,0.000104573,0.000220568,0.0,0.0,32,256
sphere,2.000000,cartesian,6.444e-05,0.000117765,0.0,0.0,32,256
sphere,2.000000,cartesian,6.0127e-05,8.7706e-05,0.0,0.0,32,256
sphere,2.000000,cartesian,0.000165505,0.000226958,0.0,0.0,32,256
sphere,2.000000,cartesian,7.8896e-05,0.000196063,0.0,0.0,32,256
sphere,2.000000,cartesian,3.5452e-05,5.186e-05,0.0,0.0,32,256
sphere,2.000000,cartesian,0.000128131,0.000324146,0.0,0.0,32,256
sphere,2.000000,cartesian,8.4655e-05,0.000218364,0.0,0.0,32,256
sphere,2.000000,cartesian,8.7039e-05,0.000179613,0.0,0.0,32,256
sphere,2.000000,cartesian,0.00010464,0.000154319,0.0,0.0,32,256
sphere,2.000000,cartesian,5.0346e-05,4.2973e-05,0.0,0.0,32,256
sphere,2.000000,cartesian,0.000108658,0.000230195,0.0,0.0,32,256
sphere,2.000000,cartesian,8.101e-05,0.000145731,0.0,0.0,32,256
sphere,2.000000,cartesian,2.5814e-05,4.0246e-05,0.0,0.0,32,256
sphere,2.000000,cartesian,0.000111661,0.000176203,0.0,0.0,32,256
sphere,2.000000,cartesian,6.3856e-05,0.000111196,0.0,0.0,32,256
sphere,2.000000,cartesian,4.2441e-05,4.2533e-05,0.0,0.0,32,256
sphere,2.000000,cartesian,0.000135767,0.000235172,0.0,0.0,32,256
sphere,2.000000,cartesian,8.5292e-05,0.000192651,0.0,0.0,32,256
sphere,2.000000,cartesian,2.1747e-05,2.3783e-05,0.0,0.0,32,256
sphere,2.000000,cartesian,6.4537e-05,0.000110632,0.0,0.0,32,256
sphere,2.000000,cartesian,8.3983e-05,0.000135333,0.0,0.0,32,256
sphere,2.000000,cartesian,9.4394e-05,0.000153014,0.0,0.0,32,256
sphere,2.000000,cartesian,0.000108984,0.000218574,0.0,0.0,32,256
sphere,2.000000,cartesian,0.000104352,0.000235812,0.0,0.0,32,256
sphere,2.000000,cartesian,0.000105328,0.000216621,0.0,0.0,32,256
sphere,2.000000,cartesian,7.6553e-05,0.000155333,0.0,0.0,32,256
sphere,2.000000,cartesian,7.3708e-05,0.000124905,0.0,0.0,32,256
sphere,2.000000,cartesian,9.8738e-05,0.000211248,0.0,0.0,32,256
sphere,2.000000,cartesian,6.5238e-05,0.00012644,0.0,0.0,32,256
sphere,2.000000,cartesian,3.0025e-05,2.572e-05,0.0,0.0,32,256
sphere,2.000000,cartesian,0.0001136,0.000203641,0.0,0.0,32,256
sphere,2.000000,cartesian,7.1703e-05,0.000137571,0.0,0.0,32,256
sphere,2.000000,cartesian,6.399e-05,0.000137499,0.0,0.0,32,256
sphere,2.000000,cartesian,9.7757e-05,0.000244446,0.0,0.0,32,256
sphere,2.000000,cartesian,7.1873e-05,0.000137701,0.0,0.0,32,256
sphere,2.000000,cartesian,0.000102426,0.00021095,0.0,0.0,32,256
sphere,2.000000,cartesian,0.000140406,0.000183571,0.0,0.0,32,256
sphere,2.000000,cartesian,8.2388e-05,0.000184784,0.0,0.0,32,256
sphere,2.000000,cartesian,8.998e-05,0.000170868,0.0,0.0,32,256
sphere,2.000000,cartesian,7.6389e-05,0.000194732,0.0,0.0,32,256
sphere,2.000000,cartesian,0.000101588,0.000195454,0.0,0.0,32,256
sphere,2.000000,cartesian,7.5402e-05,0.000153094,0.0,0.0,32,256
sphere,2.000000,cartesian,9.4295e-05,0.000232637,0.0,0.0,32,256
sphere,2.000000,cartesian,9.3861e-05,0.000252757,0.0,0.0,32,256
sphere,2.000000,cartesian,8.5637e-05,0.000145905,0.0,0.0,32,256
sphere,2.000000,cartesian,8.4021e-05,0.000189306,0.0,0.0,32,256
sphere,2.000000,cartesian,0.000104515,0.000185975,0.0,0.0,32,256
sphere,2.000000,cartesian,9.4377e-05,0.00019534,0.0,0.0,32,256
sphere,2.000000,cartesian,0.000114289,0.000280755,0.0,0.0,32,256
sphere,2.000000,cartesian,8.9681e-05,0.000201436,0.0,0.0,32,256
sphere,2.000000,cartesian,9.4555e-05,0.000197049,0.0,0.0,32,256
sphere,2.000000,cartesian,5.9646e-05,9.731e-05,0.0,0.0,32,256
sphere,2.000000,cartesian,0.000109079,0.000256065,0.0,0.0,32,256
sphere,2.000000,cartesian,0.000107494,0.000183195,0.0,0.0,32,256
sphere,2.000000,cartesian,1.7101e-05,2.1944e-05,0.0,0.0,32,256
sphere,2.000000,cartesian,5.9364e-05,0.000127196,0.0,0.0,32,256
sphere,2.000000,cartesian,2.1167e-05,2.8166e-05,0.0,0.0,32,256
sphere,2.000000,cartesian,7.6681e-05,0.000176443,0.0,0.0,32,256
sphere,2.000000,cartesian,0.00010044,0.000221689,0.0,0.0,32,256
sphere,2.000000,cartesian,6.5434e-05,0.000144487,0.0,0.0,32,256
sphere,2.000000,cartesian,0.000104559,0.000210555,0.0,0.0,32,256
sphere,2.000000,cartesian,0.000111589,0.000245454,0.0,0.0,32,256
sphere,2.000000,cartesian,9.668e-05,0.00018991,0.0,0.0,32,256
sphere,2.000000,cartesian,6.8609e-05,0.000150374,0.0,0.0,32,256
sphere,2.000000,cartesian,0.000116354,0.000204461,0.0,0.0,32,256
sphere,2.000000,cartesian,9.6361e-05,0.000213517,0.0,0.0,32,256
sphere,2.000000,cartesian,0.000115311,0.000196877,0.0,0.0,32,256
sphere,2.000000,cartesian,9.4973e-05,0.000165223,0.0,0.0,32,256
sphere,2.000000,cartesian,6.1432e-05,0.000159057,0.0,0.0,32,256
sphere,2.000000,cartesian,8.3702e-05,0.00013338,0.0,0.0,32,256
sphere,2.000000,cartesian,6.4957e-05,0.000103268,0.0,0.0,32,256
sphere,2.000000,cartesian,7.8131e-05,0.000163403,0.0,0.0,32,256
sphere,2.000000,cartesian,0.000103774,0.000182224,0.0,0.0,32,256
sphere,2.000000,cartesian,4.5661e-05,6.7051e-05,0.0,0.0,32,256
sphere,2.000000,cartesian,7.7563e-05,0.000150521,0.0,0.0,32,256
sphere,2.000000,cartesian,8.2509e-05,0.000145731,0.0,0.0,32,256
sphere,2.000000,cartesian,8.769e-05,0.000211483,0.0,0.0,32,256
sphere,2.000000,cartesian,0.000114578,0.000213811,0.0,0.0,32,256
sphere,2.000000,cartesian,8.4298e-05,0.000185707,0.0,0.0,32,256
sphere,2.000000,cartesian,7.189e-05,0.000165482,0.0,0.0,32,256
sphere,2.000000,cartesian,5.8437e-05,0.000108323,0.0,0.0,32,256
sphere,2.000000,cartesian,6.6556e-05,0.000130654,0.0,0.0,32,256
sphere,2.000000,cartesian,8.402e-05,9.1171e-05,0.0,0.0,32,256
sphere,2.000000,cartesian,0.000125152,0.000239223,0.0,0.0,32,256
sphere,2.000000,cartesian,8.0183e-05,0.000177833,0.0,0.0,32,256
sphere,2.000000,cartesian,0.000204637,0.000375874,0.0,0.0,32,256
sphere,2.000000,cartesian,9.5129e-05,0.00023529,0.0,0.0,32,256
sphere,2.000000,cartesian,9.8746e-05,0.00019424,0.0,0.0,32,256
sphere,2.000000,cartesian,9.3737e-05,0.000188288,0.0,0.0,32,256
sphere,2.000000,cartesian,9.3105e-05,0.000189023,0.0,0.0,32,256
sphere,2.000000,cartesian,7.3006e-05,0.000123346,0.0,0.0,32,256
sphere,2.000000,cartesian,8.0131e-05,0.000146516,0.0,0.0,32,256
sphere,2.000000,cartesian,9.8773e-05,0.000212421,0.0,0.0,32,256
sphere,2.000000,cartesian,8.3178e-05,0.000186077,0.0,0.0,32,256
sphere,2.000000,cartesian,8.1665e-05,0.000198813,0.0,0.0,32,256
sphere,2.000000,cartesian,5.066e-05,8.9672e-05,0.0,0.0,32,256
sphere,2.000000,cartesian,0.00010615,0.000171783,0.0,0.0,32,256
sphere,2.000000,cartesian,9.5738e-05,0.000185788,0.0,0.0,32,256
sphere,2.000000,cartesian,0.000101583,0.000154569,0.0,0.0,32,256
sphere,2.000000,cartesian,0.000115814,0.000257905,0.0,0.0,32,256
sphere,2.000000,cartesian,8.1903e-05,8.3345e-05,0.0,0.0,32,256
sphere,2.000000,cartesian,0.000121281,0.000243077,0.0,0.0,32,256
sphere,2.000000,cartesian,9.4975e-05,0.000192484,0.0,0.0,32,256
sphere,2.000000,cartesian,8.7867e-05,0.000175385,0.0,0.0,32,256
sphere,2.000000,cartesian,7.1583e-05,0.000142515,0.0,0.0,32,256
sphere,2.000000,cartesian,8.5712e-05,0.000213952,0.0,0.0,32,256
sphere,2.000000,cartesian,8.3001e-05,0.000181859,0.0,0.0,32,256
sphere,2.000000,cartesian,8.9231e-05,0.000178222,0.0,0.0,32,256
sphere,2.000000,cartesian,6.7166e-05,0.000182021,0.0,0.0,32,256
sphere,2.000000,cartesian,0.00013464,0.000557125,0.0,0.0,32,256
sphere,2.000000,cartesian,7.5928e-05,0.000118256,0.0,0.0,32,256
sphere,2.000000,cartesian,0.000119102,0.000240149,0.0,0.0,32,256
sphere,2.000000,cartesian,8.8618e-05,0.000146273,0.0,0.0,32,256
sphere,2.000000,cartesian,7.8321e-05,0.000136661,0.0,0.0,32,256
sphere,2.000000,cartesian,7.694e-05,0.000121918,0.0,0.0,32,256
sphere,2.000000,cartesian,0.000119035,0.00017515,0.0,0.0,32,256
sphere,2.000000,cartesian,2.8327e-05,2.0008e-05,0.0,0.0,32,256
sphere,2.000000,cartesian,4.8885e-05,0.000142441,0.0,0.0,32,256
sphere,2.000000,cartesian,7.4715e-05,0.00013079,0.0,0.0,32,256
sphere,2.000000,cartesian,9.1782e-05,0.000160029,0.0,0.0,32,256
sphere,2.000000,cartesian,9.072e-05,0.000150814,0.0,0.0,32,256
sphere,2.000000,cartesian,0.000113661,0.000205048,0.0,0.0,32,256
sphere,2.000000,cartesian,6.5055e-05,8.9938e-05,0.0,0.0,32,256
sphere,2.000000,cartesian,6.1172e-05,9.9001e-05,0.0,0.0,32,256
sphere,2.000000,cartesian,4.7583e-05,8.8251e-05,0.0,0.0,32,256
sphere,2.000000,cartesian,0.000111712,0.00026797,0.0,0.0,32,256
sphere,2.000000,cartesian,9.6233e-05,0.000100994,0.0,0.0,32,256
sphere,2.000000,cartesian,7.7822e-05,0.000139077,0.0,0.0,32,256
sphere,2.000000,cartesian,9.3924e-05,0.0001708,0.0,0.0,32,256
sphere,2.000000,cartesian,8.8131e-05,0.000124249,0.0,0.0,32,256
sphere,2.000000,cartesian,0.0001194,0.000201142,0.0,0.0,32,256
sphere,2.000000,cartesian,9.5569e-05,0.000157703,0.0,0.0,32,256
sphere,2.000000,cartesian,0.000100362,0.000192445,0.0,0.0,32,256
sphere,2.000000,cartesian,5.225e-05,7.074e-05,0.0,0.0,32,256
sphere,2.000000,cartesian,3.3374e-05,3.124e-05,0.0,0.0,32,256
sphere,2.000000,cartesian,0.000102952,0.000148683,0.0,0.0,32,256
sphere,2.000000,cartesian,5.0999e-05,4.8657e-05,0.0,0.0,32,256
sphere,2.000000,cartesian,0.000120706,0.000160676,0.0,0.0,32,256
sphere,2.000000,cartesian,8.0169e-05,0.00014554,0.0,0.0,32,256
sphere,2.000000,cartesian,8.7692e-05,0.000142374,0.0,0.0,32,256
sphere,2.000000,cartesian,9.0693e-05,0.000121353,0.0,0.0,32,256
sphere,2.000000,cartesian,8.3949e-05,0.000152548,0.0,0.0,32,256
sphere,2.000000,cartesian,0.000120049,0.000166904,0.0,0.0,32,256
sphere,2.000000,cartesian,7.8424e-05,0.00014135,0.0,0.0,32,256
sphere,2.000000,cartesian,8.169e-05,0.000128601,0.0,0.0,32,256
sphere,2.000000,cartesian,9.476e-05,0.000186945,0.0,0.0,32,256
sphere,2.000000,cartesian,7.9715e-05,0.000163712,0.0,0.0,32,256
sphere,2.000000,cartesian,4.7321e-05,0.000114255,0.0,0.0,32,256
sphere,2.000000,cartesian,9.0298e-05,0.000137886,0.0,0.0,32,256
sphere,2.000000,cartesian,4.8025e-05,6.4344e-05,0.0,0.0,32,256
sphere,2.000000,cartesian,8.9439e-05,0.000125341,0.0,0.0,32,256
sphere,2.000000,cartesian,7.6034e-05,0.000159303,0.0,0.0,32,256
sphere,2.000000,cartesian,0.000109053,0.000187058,0.0,0.0,32,256
sphere,2.000000,cartesian,0.000112487,0.000179621,0.0,0.0,32,256
sphere,2.000000,cartesian,8.182e-05,0.000144727,0.0,0.0,32,256
sphere,2.000000,cartesian,8.8845e-05,0.000179368,0.0,0.0,32,256
sphere,2.000000,cartesian,6.8496e-05,0.000107125,0.0,0.0,32,256
sphere,2.000000,cartesian,3.9905e-05,4.2545e-05,0.0,0.0,32,256
sphere,2.000000,cartesian,7.7169e-05,0.000128253,0.0,0.0,32,256
sphere,2.000000,cartesian,0.000110501,0.000147065,0.0,0.0,32,256
sphere,2.000000,cartesian,5.4259e-05,6.3303e-05,0.0,0.0,32,256
sphere,2.000000,cartesian,0.000109642,0.000142907,0.0,0.0,32,256
sphere,2.000000,cartesian,8.1869e-05,0.000162859,0.0,0.0,32,256
sphere,2.000000,cartesian,8.6586e-05,0.000172541,0.0,0.0,32,256
sphere,2.000000,cartesian,0.000103837,0.000154343,0.0,0.0,32,256
sphere,2.000000,cartesian,5.12e-05,8.7103e-05,0.0,0.0,32,256
sphere,2.000000,cartesian,9.9349e-05,0.000146411,0.0,0.0,32,256
sphere,2.000000,cartesian,7.2417e-05,0.00012849,0.0,0.0,32,256
sphere,2.000000,cartesian,9.1585e-05,0.00015496,0.0,0.0,32,256
sphere,2.000000,cartesian,8.7891e-05,0.000163114,0.0,0.0,32,256
sphere,2.000000,cartesian,5.6536e-05,5.3063e-05,0.0,0.0,32,256
sphere,2.000000,cartesian,8.9401e-05,0.000102816,0.0,0.0,32,256
sphere,2.000000,cartesian,4.4921e-05,6.1415e-05,0.0,0.0,32,256
sphere,2.000000,cartesian,6.9861e-05,0.000145615,0.0,0.0,32,256
sphere,2.000000,cartesian,7.1845e-05,0.00012826,0.0,0.0,32,256
sphere,2.000000,cartesian,9.8957e-05,0.000148983,0.0,0.0,32,256
sphere,2.000000,cartesian,5.6939e-05,9.8661e-05,0.0,0.0,32,256
sphere,2.000000,cartesian,8.9693e-05,0.000170771,0.0,0.0,32,256
sphere,2.000000,cartesian,6.9424e-05,0.000114382,0.0,0.0,32,256
sphere,2.000000,cartesian,7.6537e-05,0.000152054,0.0,0.0,32,256
sphere,2.000000,cartesian,5.4585e-05,0.000148527,0.0,0.0,32,256
sphere,2.000000,cartesian,9.6258e-05,0.000149327,0.0,0.0,32,256
sphere,2.000000,cartesian,7.3305e-05,0.000128219,0.0,0.0,32,256
sphere,2.000000,cartesian,5.4477e-05,8.6296e-05,0.0,0.0,32,256
sphere,2.000000,cartesian,3.3382e-05,3.4758e-05,0.0,0.0,32,256
sphere,2.000000,cartesian,6.8457e-05,0.000123877,0.0,0.0,32,256
sphere,2.000000,cartesian,0.000141976,0.000178655,0.0,0.0,32,256
sphere,2.000000,cartesian,5.4315e-05,8.4e-05,0.0,0.0,32,256
sphere,2.000000,cartesian,9.3704e-05,0.000155796,0.0,0.0,32,256
sphere,2.000000,cartesian,6.7473e-05,0.000155597,0.0,0.0,32,256
sphere,2.000000,cartesian,9.0813e-05,0.000141642,0.0,0.0,32,256
sphere,2.000000,cartesian,0.00011096,0.000161614,0.0,0.0,32,256
sphere,2.000000,cartesian,0.000126438,0.000176974,0.0,0.0,32,256
sphere,2.000000,cartesian,8.1594e-05,0.000105692,0.0,0.0,32,256
sphere,2.000000,cartesian,8.2301e-05,0.000148144,0.0,0.0,32,256
sphere,2.000000,cartesian,9.1644e-05,0.000161374,0.0,0.0,32,256
sphere,2.000000,cartesian,1.6449e-05,1.8191e-05,0.0,0.0,32,256
sphere,2.000000,cartesian,9.0851e-05,0.000173972,0.0,0.0,32,256
sphere,2.000000,cartesian,7.4096e-05,0.000111254,0.0,0.0,32,256
sphere,2.000000,cartesian,4.8489e-05,7.8104e-05,0.0,0.0,32,256
sphere,2.000000,cartesian,8.0118e-05,0.000164715,0.0,0.0,32,256
sphere,2.000000,cartesian,6.0462e-05,0.000144849,0.0,0.0,32,256
sphere,2.000000,cartesian,0.000136796,0.000207694,0.0,0.0,32,256
sphere,2.000000,cartesian,0.000102774,0.000143108,0.0,0.0,32,256
sphere,2.000000,cartesian,7.2248e-05,0.000110869,0.0,0.0,32,256
sphere,2.000000,cartesian,9.6393e-05,0.00015173,0.0,0.0,32,256
sphere,2.000000,cartesian,0.000100923,0.000188514,0.0,0.0,32,256
sphere,2.000000,cartesian,8.404e-05,0.000174591,0.0,0.0,32,256
sphere,2.000000,cartesian,6.2131e-05,5.8622e-05,0.0,0.0,32,256
sphere,2.000000,cartesian,8.8332e-05,0.000151642,0.0,0.0,32,256
sphere,2.000000,cartesian,6.7412e-05,9.4203e-05,0.0,0.0,32,256
sphere,2.000000,cartesian,0.000108433,0.000180084,0.0,0.0,32,256
sphere,2.000000,cartesian,8.4228e-05,0.000152372,0.0,0.0,32,256
sphere,2.000000,cartesian,9.1085e-05,0.000127796,0.0,0.0,32,256
sphere,2.000000,cartesian,8.8406e-05,0.000157586,0.0,0.0,32,256
sphere,2.000000,cartesian,8.4157e-05,0.000144184,0.0,0.0,32,256
sphere,2.000000,cartesian,8.9846e-05,0.000151998,0.0,0.0,32,256
sphere,2.000000,cartesian,9.7197e-05,0.000160485,0.0,0.0,32,256
sphere,2.000000,cartesian,4.4802e-05,6.4706e-05,0.0,0.0,32,256
sphere,2.000000,cartesian,0.000110221,0.000190157,0.0,0.0,32,256
sphere,2.000000,cartesian,9.4291e-05,0.000152279,0.0,0.0,32,256
sphere,2.000000,cartesian,8.9638e-05,0.000146697,0.0,0.0,32,256
sphere,2.000000,cartesian,6.6824e-05,0.0001264,0.0,0.0,32,256
sphere,2.000000,cartesian,8.7377e-05,0.000116842,0.0,0.0,32,256
sphere,2.000000,cartesian,5.574e-05,0.000102997,0.0,0.0,32,256
sphere,2.000000,cartesian,7.8929e-05,0.000156317,0.0,0.0,32,256
sphere,2.000000,cartesian,8.8427e-05,0.000149825,0.0,0.0,32,256
sphere,2.000000,cartesian,7.4244e-05,0.000128293,0.0,0.0,32,256
sphere,2.000000,cartesian,7.0522e-05,0.000143789,0.0,0.0,32,256
sphere,2.000000,cartesian,8.5803e-05,0.000154776,0.0,0.0,32,256
sphere,2.000000,cartesian,1.3728e-05,2.1662e-05,0.0,0.0,32,256
sphere,2.000000,cartesian,0.000100254,0.000173906,0.0,0.0,32,256
sphere,2.000000,cartesian,7.1398e-05,0.000122097,0.0,0.0,32,256
sphere,2.000000,cartesian,6.6314e-05,0.000106187,0.0,0.0,32,256
sphere,2.000000,cartesian,7.2312e-05,0.000129321,0.0,0.0,32,256
sphere,2.000000,cartesian,5.8634e-05,0.00011444,0.0,0.0,32,256
sphere,2.000000,cartesian,9.7422e-05,0.000154041,0.0,0.0,32,256
sphere,2.000000,cartesian,0.000109868,0.000119099,0.0,0.0,32,256
sphere,2.000000,cartesian,6.3852e-05,0.000127708,0.0,0.0,32,256
sphere,2.000000,cartesian,9.0944e-05,0.000139794,0.0,0.0,32,256
sphere,2.000000,cartesian,0.00010584,0.000193688,0.0,0.0,32,256
sphere,2.000000,cartesian,4.1515e-05,5.5618e-05,0.0,0.0,32,256
sphere,2.000000,cartesian,0.000119708,0.000232544,0.0,0.0,32,256
sphere,2.000000,cartesian,0.00010398,0.000164498,0.0,0.0,32,256
sphere,2.000000,cartesian,7.1761e-05,9.7456e-05,0.0,0.0,32,256
sphere,2.000000,cartesian,7.0174e-05,0.000130522,0.0,0.0,32,256
sphere,2.000000,cartesian,8.1576e-05,0.000115854,0.0,0.0,32,256
sphere,2.000000,cartesian,6.1945e-05,9.4538e-05,0.0,0.0,32,256
sphere,2.000000,cartesian,0.000105461,0.000134219,0.0,0.0,32,256
sphere,2.000000,cartesian,8.3406e-05,0.000126487,0.0,0.0,32,256
sphere,2.000000,cartesian,8.0704e-05,0.00011872,0.0,0.0,32,256
sphere,2.000000,cartesian,8.0755e-05,0.000168684,0.0,0.0,32,256
sphere,2.000000,cartesian,9.2825e-05,0.000126604,0.0,0.0,32,256
sphere,2.000000,cartesian,5.3099e-05,8.1581e-05,0.0,0.0,32,256
sphere,2.000000,cartesian,8.804e-05,0.000155924,0.0,0.0,32,256
sphere,2.000000,cartesian,0.000106496,0.000161395,0.0,0.0,32,256
sphere,2.000000,cartesian,0.000247426,9.1648e-05,0.0,0.0,32,256
sphere,2.000000,cartesian,0.00016527,0.000325953,0.0,0.0,32,256
sphere,2.000000,cartesian,0.000201708,0.000161647,0.0,0.0,32,256
sphere,2.000000,cartesian,7.2924e-05,0.00019019,0.0,0.0,32,256
sphere,2.000000,cartesian,0.000112932,0.00017542,0.0,0.0,32,256
sphere,2.000000,cartesian,0.000103576,0.000167716,0.0,0.0,32,256
sphere,2.000000,cartesian,6.8598e-05,0.000132565,0.0,0.0,32,256
sphere,2.000000,cartesian,7.273e-05,0.000130556,0.0,0.0,32,256
sphere,2.000000,cartesian,0.00326537,9.542e-05,0.0,0.0,32,256
sphere,2.000000,cartesian,4.5668e-05,0.00014384,0.0,0.0,32,256
sphere,2.000000,cartesian,8.6689e-05,0.000199984,0.0,0.0,32,256
sphere,2.000000,cartesian,0.000160023,0.000259182,0.0,0.0,32,256
sphere,2.000000,cartesian,8.0223e-05,0.000150656,0.0,0.0,32,256
sphere,2.000000,cartesian,9.526e-05,0.000194273,0.0,0.0,32,256
sphere,2.000000,cartesian,8.0665e-05,0.000211286,0.0,0.0,32,256
sphere,2.000000,cartesian,9.7083e-05,0.000218528,0.0,0.0,32,256
sphere,2.000000,cartesian,0.000110185,0.000224166,0.0,0.0,32,256
sphere,2.000000,cartesian,4.5919e-05,7.1652e-05,0.0,0.0,32,256
sphere,2.000000,cartesian,0.000126083,0.000196885,0.0,0.0,32,256
sphere,2.000000,cartesian,6.3791e-05,0.000118331,0.0,0.0,32,256
sphere,2.000000,cartesian,7.1753e-05,0.000127612,0.0,0.0,32,256
sphere,2.000000,cartesian,7.261e-05,0.000136756,0.0,0.0,32,256
sphere,2.000000,cartesian,9.3242e-05,0.000142017,0.0,0.0,32,256
sphere,2.000000,cartesian,7.4997e-05,0.000108171,0.0,0.0,32,256
sphere,2.000000,cartesian,1.918e-05,2.3188e-05,0.0,0.0,32,256
sphere,2.000000,cartesian,7.6991e-05,0.000166733,0.0,0.0,32,256
sphere,2.000000,cartesian,8.3547e-05,9.4008e-05,0.0,0.0,32,256
sphere,2.000000,cartesian,8.2242e-05,0.00013902,0.0,0.0,32,256
sphere,2.000000,cartesian,0.000102868,0.000197299,0.0,0.0,32,256
sphere,2.000000,cartesian,8.9418e-05,0.000154434,0.0,0.0,32,256
sphere,2.000000,cartesian,6.798e-05,0.000130403,0.0,0.0,32,256
sphere,2.000000,cartesian,9.1508e-05,0.00014626,0.0,0.0,32,256
sphere,2.000000,cartesian,9.5719e-05,0.000192522,0.0,0.0,32,256
sphere,2.000000,cartesian,8.4342e-05,0.000121541,0.0,0.0,32,256
sphere,2.000000,cartesian,0.00011364,0.000215306,0.0,0.0,32,256
sphere,2.000000,cartesian,7.6139e-05,0.000153248,0.0,0.0,32,256
sphere,2.000000,cartesian,6.3274e-05,0.000145555,0.0,0.0,32,256
sphere,2.000000,cartesian,8.9421e-05,0.000184403,0.0,0.0,32,256
sphere,2.000000,cartesian,7.1058e-05,0.000196048,0.0,0.0,32,256
sphere,2.000000,cartesian,9.7339e-05,0.000147617,0.0,0.0,32,256
sphere,2.000000,cartesian,9.197e-05,0.000275284,0.0,0.0,32,256
sphere,2.000000,cartesian,8.032e-05,0.00018046,0.0,0.0,32,256
sphere,2.000000,cartesian,0.000101819,0.000206571,0.0,0.0,32,256
sphere,2.000000,cartesian,9.7724e-05,0.000145739,0.0,0.0,32,256
sphere,2.000000,cartesian,7.245e-05,0.000132246,0.0,0.0,32,256
sphere,2.000000,cartesian,7.0554e-05,8.8941e-05,0.0,0.0,32,256
sphere,2.000000,cartesian,8.2272e-05,0.000184975,0.0,0.0,32,256
sphere,2.000000,cartesian,7.8e-05,0.000193483,0.0,0.0,32,256
sphere,2.000000,cartesian,5.6453e-05,8.196e-05,0.0,0.0,32,256
sphere,2.000000,cartesian,0.000118052,0.000233179,0.0,0.0,32,256
sphere,2.000000,cartesian,7.4356e-05,0.000193994,0.0,0.0,32,256
sphere,2.000000,cartesian,4.9525e-05,0.000103256,0.0,0.0,32,256
sphere,2.000000,cartesian,6.9402e-05,0.000183407,0.0,0.0,32,256
sphere,2.000000,cartesian,0.000115619,0.000235067,0.0,0.0,32,256
sphere,2.000000,cartesian,7.2955e-05,0.000116166,0.0,0.0,32,256
sphere,2.000000,cartesian,8.6528e-05,0.000223444,0.0,0.0,32,256
sphere,2.000000,cartesian,0.000140548,0.000197702,0.0,0.0,32,256
sphere,2.000000,cartesian,8.4388e-05,0.000185726,0.0,0.0,32,256
sphere,2.000000,cartesian,8.6736e-05,0.000154819,0.0,0.0,32,256
sphere,2.000000,cartesian,8.3384e-05,0.000153474,0.0,0.0,32,256
sphere,2.000000,cartesian,7.2537e-05,0.000116816,0.0,0.0,32,256
sphere,2.000000,cartesian,9.9306e-05,0.000125809,0.0,0.0,32,256
sphere,2.000000,cartesian,5.1499e-05,8.6444e-05,0.0,0.0,32,256
sphere,2.000000,cartesian,8.7132e-05,0.000150063,0.0,0.0,32,256
sphere,2.000000,cartesian,7.1859e-05,0.000179174,0.0,0.0,32,256
sphere,2.000000,cartesian,6.5671e-05,8.9883e-05,0.0,0.0,32,256
sphere,2.000000,cartesian,8.1358e-05,0.000129709,0.0,0.0,32,256
sphere,2.000000,cartesian,8.2026e-05,0.000166531,0.0,0.0,32,256
sphere,2.000000,cartesian,3.8305e-05,3.024e-05,0.0,0.0,32,256
sphere,2.000000,cartesian,7.9811e-05,0.000131998,0.0,0.0,32,256
sphere,2.000000,cartesian,8.1829e-05,0.000160933,0.0,0.0,32,256
sphere,2.000000,cartesian,8.727e-05,0.000202389,0.0,0.0,32,256
sphere,2.000000,cartesian,9.1853e-05,0.000159453,0.0,0.0,32,256
sphere,2.000000,cartesian,0.000101011,0.00012628,0.0,0.0,32,256
sphere,2.000000,cartesian,0.000150965,0.000247203,0.0,0.0,32,256
sphere,2.000000,cartesian,9.0489e-05,0.000148588,0.0,0.0,32,256
sphere,2.000000,cartesian,7.8242e-05,0.000141979,0.0,0.0,32,256
sphere,2.000000,cartesian,8.237e-05,0.000159137,0.0,0.0,32,256
sphere,2.000000,cartesian,0.000117472,0.000215981,0.0,0.0,32,256
sphere,2.000000,cartesian,0.000131792,0.000164128,0.0,0.0,32,256
sphere,2.000000,cartesian,0.000161426,0.000261591,0.0,0.0,32,256
sphere,2.000000,cartesian,7.8371e-05,0.000218738,0.0,0.0,32,256
sphere,2.000000,cartesian,0.000106699,0.000199202,0.0,0.0,32,256
sphere,2.000000,cartesian,9.5422e-05,0.000122256,0.0,0.0,32,256
sphere,2.000000,cartesian,0.000145988,0.000232796,0.0,0.0,32,256
sphere,2.000000,cartesian,0.000101374,0.000183861,0.0,0.0,32,256
sphere,2.000000,cartesian,5.564e-05,8.2521e-05,0.0,0.0,32,256
sphere,2.000000,cartesian,9.9053e-05,0.000174395,0.0,0.0,32,256
sphere,2.000000,cartesian,3.7432e-05,4.2251e-05,0.0,0.0,32,256
sphere,2.000000,cartesian,7.4965e-05,0.000135026,0.0,0.0,32,256
sphere,2.000000,cartesian,9.0627e-05,0.00017932,0.0,0.0,32,256
sphere,2.000000,cartesian,4.11e-05,7.5034e-05,0.0,0.0,32,256
sphere,2.000000,cartesian,9.9979e-05,0.000180501,0.0,0.0,32,256
sphere,2.000000,cartesian,9.0343e-05,9.644e-05,0.0,0.0,32,256
sphere,2.000000,cartesian,9.3449e-05,0.000148336,0.0,0.0,32,256
sphere,2.000000,cartesian,0.000112762,0.000161276,0.0,0.0,32,256
sphere,2.000000,cartesian,8.2193e-05,0.000127996,0.0,0.0,32,256
sphere,2.000000,cartesian,0.000117064,0.00019362,0.0,0.0,32,256
sphere,2.000000,cartesian,6.4783e-05,7.3659e-05,0.0,0.0,32,256
sphere,2.000000,cartesian,8.2252e-05,0.000193838,0.0,0.0,32,256
sphere,2.000000,cartesian,9.3468e-05,0.000188608,0.0,0.0,32,256
sphere,2.000000,cartesian,0.000103542,0.000264466,0.0,0.0,32,256
sphere,2.000000,cartesian,0.000132454,0.000284772,0.0,0.0,32,256
sphere,2.000000,cartesian,8.4485e-05,0.000170504,0.0,0.0,32,256
sphere,2.000000,cartesian,8.0251e-05,0.000157431,0.0,0.0,32,256
sphere,2.000000,cartesian,7.893e-05,8.1566e-05,0.0,0.0,32,256
sphere,2.000000,cartesian,6.2099e-05,0.000115301,0.0,0.0,32,256
sphere,2.000000,cartesian,7.2005e-05,0.000131163,0.0,0.0,32,256
sphere,2.000000,cartesian,0.000119617,0.000181168,0.0,0.0,32,256
sphere,2.000000,cartesian,8.124e-05,0.000151242,0.0,0.0,32,256
sphere,2.000000,cartesian,0.000112514,0.000176324,0.0,0.0,32,256
sphere,2.000000,cartesian,0.00010844,0.000174716,0.0,0.0,32,256
sphere,2.000000,cartesian,4.9147e-05,8.7795e-05,0.0,0.0,32,256
sphere,2.000000,cartesian,6.9069e-05,0.000137192,0.0,0.0,32,256
sphere,2.000000,cartesian,7.8905e-05,0.000149255,0.0,0.0,32,256
sphere,2.000000,cartesian,8.9808e-05,0.000167479,0.0,0.0,32,256
sphere,2.000000,cartesian,5.9072e-05,9.8866e-05,0.0,0.0,32,256
sphere,2.000000,cartesian,0.000118292,0.000154703,0.0,0.0,32,256
sphere,2.000000,cartesian,6.9199e-05,0.000145815,0.0,0.0,32,256
sphere,2.000000,cartesian,7.7607e-05,0.000147817,0.0,0.0,32,256
sphere,2.000000,cartesian,7.6277e-05,7.8595e-05,0.0,0.0,32,256
sphere,2.000000,cartesian,0.000119927,0.000169479,0.0,0.0,32,256
sphere,2.000000,cartesian,8.3549e-05,0.000204589,0.0,0.0,32,256
sphere,2.000000,cartesian,7.6806e-05,0.000153133,0.0,0.0,32,256
sphere,2.000000,cartesian,3.9418e-05,3.9104e-05,0.0,0.0,32,256
sphere,2.000000,cartesian,8.3827e-05,0.000155203,0.0,0.0,32,256
sphere,2.000000,cartesian,6.1274e-05,8.0164e-05,0.0,0.0,32,256
sphere,2.000000,cartesian,6.3772e-05,7.8486e-05,0.0,0.0,32,256
sphere,2.000000,cartesian,0.000100436,0.000224194,0.0,0.0,32,256
sphere,2.000000,cartesian,4.7517e-05,7.4574e-05,0.0,0.0,32,256
sphere,2.000000,cartesian,8.8369e-05,0.000183008,0.0,0.0,32,256
sphere,2.000000,cartesian,8.0716e-05,0.000178849,0.0,0.0,32,256
sphere,2.000000,cartesian,9.5592e-05,0.000209708,0.0,0.0,32,256
sphere,2.000000,cartesian,8.6826e-05,0.0001716,0.0,0.0,32,256
sphere,2.000000,cartesian,9.1382e-05,0.000191456,0.0,0.0,32,256
sphere,2.000000,cartesian,5.9516e-05,0.000119935,0.0,0.0,32,256
sphere,2.000000,cartesian,6.2053e-05,0.000120553,0.0,0.0,32,256
sphere,2.000000,cartesian,8.6017e-05,0.000177682,0.0,0.0,32,256
sphere,2.000000,cartesian,0.000194307,0.000271956,0.0,0.0,32,256
sphere,2.000000,cartesian,7.3958e-05,0.000105496,0.0,0.0,32,256
sphere,2.000000,cartesian,9.7689e-05,0.000143894,0.0,0.0,32,256
sphere,2.000000,cartesian,5.7841e-05,0.000111648,0.0,0.0,32,256
sphere,2.000000,cartesian,8.4326e-05,0.00013616,0.0,0.0,32,256
sphere,2.000000,cartesian,0.000154597,0.000194434,0.0,0.0,32,256
sphere,2.000000,cartesian,8.2875e-05,0.000273558,0.0,0.0,32,256
sphere,2.000000,cartesian,0.000100281,0.000213095,0.0,0.0,32,256
sphere,2.000000,cartesian,9.0504e-05,0.000145134,0.0,0.0,32,256
sphere,2.000000,cartesian,0.000125699,0.000267607,0.0,0.0,32,256
sphere,2.000000,cartesian,0.00010499,0.000212991,0.0,0.0,32,256
sphere,2.000000,cartesian,0.000132794,0.000238149,0.0,0.0,32,256
sphere,2.000000,cartesian,7.5083e-05,0.00015374,0.0,0.0,32,256
sphere,2.000000,cartesian,8.2153e-05,0.000138243,0.0,0.0,32,256
sphere,2.000000,cartesian,8.6087e-05,0.000109064,0.0,0.0,32,256
sphere,2.000000,cartesian,7.8382e-05,0.000153518,0.0,0.0,32,256
sphere,2.000000,cartesian,7.7603e-05,0.000120445,0.0,0.0,32,256
sphere,2.000000,cartesian,0.000102698,0.000154221,0.0,0.0,32,256
sphere,2.000000,cartesian,7.9947e-05,0.000142606,0.0,0.0,32,256
sphere,2.000000,cartesian,8.0404e-05,0.000142368,0.0,0.0,32,256
sphere,2.000000,cartesian,8.3577e-05,0.000134872,0.0,0.0,32,256
sphere,2.000000,cartesian,0.000122454,0.000191605,0.0,0.0,32,256
sphere,2.000000,cartesian,4.945e-05,9.0096e-05,0.0,0.0,32,256
sphere,2.000000,cartesian,0.000107204,0.000137153,0.0,0.0,32,256
sphere,2.000000,cartesian,5.64e-06,4.389e-06,0.0,0.0,32,256
sphere,2.000000,cartesian,6.6273e-05,0.000105885,0.0,0.0,32,256
sphere,2.000000,cartesian,1.4306e-05,2.1855e-05,0.0,0.0,32,256
sphere,2.000000,cartesian,6.1151e-05,0.000196358,0.0,0.0,32,256
sphere,2.000000,cartesian,6.8304e-05,0.000109498,0.0,0.0,32,256
sphere,2.000000,cartesian,9.7158e-05,0.000186519,0.0,0.0,32,256
sphere,2.000000,cartesian,0.000133617,0.000330751,0.0,0.0,32,256
sphere,2.000000,cartesian,0.000105495,0.000214328,0.0,0.0,32,256
sphere,2.000000,cartesian,5.6189e-05,7.2494e-05,0.0,0.0,32,256
sphere,2.000000,cartesian,0.000175791,0.000358659,0.0,0.0,32,256
sphere,2.000000,cartesian,0.000116637,0.000238166,0.0,0.0,32,256
sphere,2.000000,cartesian,0.000123266,0.000201292,0.0,0.0,32,256
sphere,2.000000,cartesian,0.000108717,0.00021734,0.0,0.0,32,256
sphere,2.000000,cartesian,7.5378e-05,0.000157737,0.0,0.0,32,256
sphere,2.000000,cartesian,7.4439e-05,0.000157372,0.0,0.0,32,256
sphere,2.000000,cartesian,7.4124e-05,0.000159997,0.0,0.0,32,256
sphere,2.000000,cartesian,7.4864e-05,0.000118254,0.0,0.0,32,256
sphere,2.000000,cartesian,7.835e-05,0.000201745,0.0,0.0,32,256
sphere,2.000000,cartesian,9.988e-05,0.000151633,0.0,0.0,32,256
sphere,2.000000,cartesian,0.000101525,0.000190951,0.0,0.0,32,256
sphere,2.000000,cartesian,5.6533e-05,0.000127062,0.0,0.0,32,256
sphere,2.000000,cartesian,8.181e-05,0.000183308,0.0,0.0,32,256
sphere,2.000000,cartesian,8.3984e-05,0.000101335,0.0,0.0,32,256
sphere,2.000000,cartesian,0.000176691,0.000167264,0.0,0.0,32,256
sphere,2.000000,cartesian,6.0943e-05,0.000100277,0.0,0.0,32,256
sphere,2.000000,cartesian,9.7767e-05,0.000178154,0.0,0.0,32,256
sphere,2.000000,cartesian,6.9391e-05,0.000170288,0.0,0.0,32,256
sphere,2.000000,cartesian,7.0456e-05,0.000177058,0.0,0.0,32,256
sphere,2.000000,cartesian,8.1749e-05,0.000124959,0.0,0.0,32,256
sphere,2.000000,cartesian,8.1932e-05,0.000148767,0.0,0.0,32,256
sphere,2.000000,cartesian,0.000100577,0.000159601,0.0,0.0,32,256
sphere,2.000000,cartesian,8.8747e-05,0.000193489,0.0,0.0,32,256
sphere,2.000000,cartesian,0.00010223,0.000182803,0.0,0.0,32,256
sphere,2.000000,cartesian,5.8397e-05,0.000111197,0.0,0.0,32,256
sphere,2.000000,cartesian,8.9072e-05,0.000175207,0.0,0.0,32,256
sphere,2.000000,cartesian,8.9976e-05,0.000164255,0.0,0.0,32,256
sphere,2.000000,cartesian,7.0053e-05,0.000150225,0.0,0.0,32,256
sphere,2.000000,cartesian,7.4982e-05,0.000142087,0.0,0.0,32,256
sphere,2.000000,cartesian,7.9619e-05,0.000154127,0.0,0.0,32,256
sphere,2.000000,cartesian,7.6233e-05,0.000112096,0.0,0.0,32,256
sphere,2.000000,cartesian,0.000119673,0.000746809,0.0,0.0,32,256
sphere,2.000000,cartesian,0.000114934,0.000351285,0.0,0.0,32,256
sphere,2.000000,cartesian,0.000172368,0.000282713,0.0,0.0,32,256
sphere,2.000000,cartesian,4.0518e-05,7.2615e-05,0.0,0.0,32,256
sphere,2.000000,cartesian,8.1409e-05,0.000238287,0.0,0.0,32,256
sphere,2.000000,cartesian,7.7746e-05,0.000150633,0.0,0.0,32,256
sphere,2.000000,cartesian,8.1907e-05,8.7773e-05,0.0,0.0,32,256
sphere,2.000000,cartesian,0.000105478,0.000176166,0.0,0.0,32,256
sphere,2.000000,cartesian,0.000104372,0.000138763,0.0,0.0,32,256
sphere,2.000000,cartesian,7.6281e-05,0.000142021,0.0,0.0,32,256
sphere,2.000000,cartesian,9.4184e-05,0.000189582,0.0,0.0,32,256
sphere,2.000000,cartesian,0.000117003,0.000198075,0.0,0.0,32,256
sphere,2.000000,cartesian,9.0125e-05,0.000171816,0.0,0.0,32,256
sphere,2.000000,cartesian,5.265e-05,8.8027e-05,0.0,0.0,32,256
sphere,2.000000,cartesian,9.7773e-05,0.000157516,0.0,0.0,32,256
sphere,2.000000,cartesian,8.8071e-05,0.000151859,0.0,0.0,32,256
sphere,2.000000,cartesian,8.5331e-05,0.000117252,0.0,0.0,32,256
sphere,2.000000,cartesian,8.6363e-05,8.677e-05,0.0,0.0,32,256
sphere,2.000000,cartesian,9.4318e-05,0.000163128,0.0,0.0,32,256
sphere,2.000000,cartesian,7.2445e-05,0.000135283,0.0,0.0,32,256
sphere,2.000000,cartesian,5.6966e-05,0.000113031,0.0,0.0,32,256
sphere,2.000000,cartesian,7.9863e-05,0.000174057,0.0,0.0,32,256
sphere,2.000000,cartesian,0.000119403,0.000148349,0.0,0.0,32,256
sphere,2.000000,cartesian,4.5968e-05,0.000100623,0.0,0.0,32,256
sphere,2.000000,cartesian,0.000105398,0.000147944,0.0,0.0,32,256
sphere,2.000000,cartesian,3.8593e-05,3.2842e-05,0.0,0.0,32,256
sphere,2.000000,cartesian,0.000106094,0.000188837,0.0,0.0,32,256
sphere,2.000000,cartesian,6.2238e-05,0.000140868,0.0,0.0,32,256
sphere,2.000000,cartesian,2.8044e-05,2.4486e-05,0.0,0.0,32,256
sphere,2.000000,cartesian,0.000127797,0.00019332,0.0,0.0,32,256
sphere,2.000000,cartesian,9.4527e-05,0.000204085,0.0,0.0,32,256
sphere,2.000000,cartesian,0.000102198,0.00024973,0.0,0.0,32,256
sphere,2.000000,cartesian,3.2443e-05,5.0938e-05,0.0,0.0,32,256
sphere,2.000000,cartesian,0.000100076,0.000230384,0.0,0.0,32,256
sphere,2.000000,cartesian,9.8654e-05,0.000272856,0.0,0.0,32,256
sphere,2.000000,cartesian,0.00012459,0.000194896,0.0,0.0,32,256
sphere,2.000000,cartesian,8.526e-05,0.000150184,0.0,0.0,32,256
sphere,2.000000,cartesian,9.7137e-05,0.000188349,0.0,0.0,32,256
sphere,2.000000,cartesian,0.000108617,0.000199568,0.0,0.0,32,256
sphere,2.000000,cartesian,7.9752e-05,0.000182378,0.0,0.0,32,256
sphere,2.000000,cartesian,6.6539e-05,0.000108449,0.0,0.0,32,256
sphere,2.000000,cartesian,0.000113312,0.000223362,0.0,0.0,32,256
sphere,2.000000,cartesian,6.6255e-05,0.000147857,0.0,0.0,32,256
sphere,2.000000,cartesian,6.2056e-05,0.000125768,0.0,0.0,32,256
sphere,2.000000,cartesian,0.000111011,0.000231352,0.0,0.0,32,256
sphere,2.000000,cartesian,8.2605e-05,0.000177602,0.0,0.0,32,256
sphere,2.000000,cartesian,3.6432e-05,5.3227e-05,0.0,0.0,32,256
sphere,2.000000,cartesian,0.00018506,0.000270532,0.0,0.0,32,256
sphere,2.000000,cartesian,8.7309e-05,0.000184902,0.0,0.0,32,256
sphere,2.000000,cartesian,9.0786e-05,0.000381134,0.0,0.0,32,256
sphere,2.000000,cartesian,0.000149222,0.000164231,0.0,0.0,32,256
sphere,2.000000,cartesian,5.2894e-05,4.4264e-05,0.0,0.0,32,256
sphere,2.000000,cartesian,0.000108034,0.000244844,0.0,0.0,32,256
sphere,2.000000,cartesian,8.2994e-05,0.000153411,0.0,0.0,32,256
sphere,2.000000,cartesian,2.4087e-05,3.7403e-05,0.0,0.0,32,256
sphere,2.000000,cartesian,0.000113317,0.000203294,0.0,0.0,32,256
sphere,2.000000,cartesian,6.8943e-05,0.000105581,0.0,0.0,32,256
sphere,2.000000,cartesian,4.3429e-05,4.3141e-05,0.0,0.0,32,256
sphere,2.000000,cartesian,7.8304e-05,0.000163954,0.0,0.0,32,256
sphere,2.000000,cartesian,9.503e-05,0.000264896,0.0,0.0,32,256
sphere,2.000000,cartesian,2.1234e-05,4.2455e-05,0.0,0.0,32,256
sphere,2.000000,cartesian,9.2903e-05,9.3847e-05,0.0,0.0,32,256
sphere,2.000000,cartesian,8.1912e-05,0.000104147,0.0,0.0,32,256
sphere,2.000000,cartesian,8.7738e-05,0.000136861,0.0,0.0,32,256
sphere,2.000000,cartesian,0.000101846,0.000181455,0.0,0.0,32,256
sphere,2.000000,cartesian,0.00014178,0.000315461,0.0,0.0,32,256
sphere,2.000000,cartesian,0.000111966,0.000214497,0.0,0.0,32,256
sphere,2.000000,cartesian,7.0063e-05,0.000136453,0.0,0.0,32,256
sphere,2.000000,cartesian,7.2193e-05,9.5258e-05,0.0,0.0,32,256
sphere,2.000000,cartesian,9.4487e-05,0.000147476,0.0,0.0,32,256
sphere,2.000000,cartesian,5.9344e-05,0.00013171,0.0,0.0,32,256
cube,2.000000,cartesian,3.7515e-05,2.975e-05,0.0,0.0,32,256
cube,2.000000,cartesian,0.000116318,0.000121746,0.0,0.0,32,256
cube,2.000000,cartesian,8.2068e-05,9.0524e-05,0.0,0.0,32,256
cube,2.000000,cartesian,8.8699e-05,0.000117372,0.0,0.0,32,256
cube,2.000000,cartesian,0.000129048,0.000141123,0.0,0.0,32,256
cube,2.000000,cartesian,9.2721e-05,0.000110121,0.0,0.0,32,256
cube,2.000000,cartesian,0.000168467,0.000127437,0.0,0.0,32,256
cube,2.000000,cartesian,0.000120225,0.000102293,0.0,0.0,32,256
cube,2.000000,cartesian,0.000103949,0.000140447,0.0,0.0,32,256
cube,2.000000,cartesian,0.000123416,0.000114439,0.0,0.0,32,256
cube,2.000000,cartesian,8.6773e-05,8.453e-05,0.0,0.0,32,256
cube,2.000000,cartesian,0.000106846,0.000116425,0.0,0.0,32,256
cube,2.000000,cartesian,8.8173e-05,9.8718e-05,0.0,0.0,32,256
cube,2.000000,cartesian,0.000101896,9.956e-05,0.0,0.0,32,256
cube,2.000000,cartesian,0.000123807,0.000183543,0.0,0.0,32,256
cube,2.000000,cartesian,0.000103334,9.7183e-05,0.0,0.0,32,256
cube,2.000000,cartesian,0.000135673,0.000126438,0.0,0.0,32,256
cube,2.000000,cartesian,0.000101621,0.000127123,0.0,0.0,32,256
cube,2.000000,cartesian,0.000119898,0.000215469,0.0,0.0,32,256
cube,2.000000,cartesian,0.000180543,0.000182822,0.0,0.0,32,256
cube,2.000000,cartesian,0.000102675,0.000168322,0.0,0.0,32,256
cube,2.000000,cartesian,9.9052e-05,0.000113788,0.0,0.0,32,256
cube,2.000000,cartesian,5.4515e-05,4.7111e-05,0.0,0.0,32,256
cube,2.000000,cartesian,0.00013365,0.000187091,0.0,0.0,32,256
cube,2.000000,cartesian,0.000108374,0.000103582,0.0,0.0,32,256
cube,2.000000,cartesian,1.5816e-05,1.367e-05,0.0,0.0,32,256
cube,2.000000,cartesian,7.5067e-05,0.000142766,0.0,0.0,32,256
cube,2.000000,cartesian,1.9084e-05,1.6835e-05,0.0,0.0,32,256
cube,2.000000,cartesian,9.7296e-05,0.000141589,0.0,0.0,32,256
cube,2.000000,cartesian,0.000111129,0.000250171,0.0,0.0,32,256
cube,2.000000,cartesian,7.5592e-05,0.000115843,0.0,0.0,32,256
cube,2.000000,cartesian,0.000205563,0.000139815,0.0,0.0,32,256
cube,2.000000,cartesian,0.000145877,0.000226293,0.0,0.0,32,256
cube,2.000000,cartesian,0.000150008,0.000188104,0.0,0.0,32,256
cube,2.000000,cartesian,6.904e-05,0.000115705,0.0,0.0,32,256
cube,2.000000,cartesian,0.000115681,0.000204076,0.0,0.0,32,256
cube,2.000000,cartesian,0.000112089,0.000152917,0.0,0.0,32,256
cube,2.000000,cartesian,0.00014046,0.000252235,0.0,0.0,32,256
cube,2.000000,cartesian,9.0688e-05,8.4431e-05,0.0,0.0,32,256
cube,2.000000,cartesian,7.0388e-05,0.000118431,0.0,0.0,32,256
cube,2.000000,cartesian,9.0555e-05,8.755e-05,0.0,0.0,32,256
cube,2.000000,cartesian,8.5286e-05,9.9121e-05,0.0,0.0,32,256
cube,2.000000,cartesian,9.5712e-05,0.000119148,0.0,0.0,32,256
cube,2.000000,cartesian,0.000172563,0.000214391,0.0,0.0,32,256
cube,2.000000,cartesian,7.5194e-05,8.2764e-05,0.0,0.0,32,256
cube,2.000000,cartesian,0.000154129,0.000236984,0.0,0.0,32,256
cube,2.000000,cartesian,0.000119453,0.000117734,0.0,0.0,32,256
cube,2.000000,cartesian,0.000103142,0.000180439,0.0,0.0,32,256
cube,2.000000,cartesian,0.000152757,0.000163345,0.0,0.0,32,256
cube,2.000000,cartesian,0.00010826,0.000129843,0.0,0.0,32,256
cube,2.000000,cartesian,8.2167e-05,7.357e-05,0.0,0.0,32,256
cube,2.000000,cartesian,8.7883e-05,8.5476e-05,0.0,0.0,32,256
cube,2.000000,cartesian,8.426e-05,7.4175e-05,0.0,0.0,32,256
cube,2.000000,cartesian,0.000101723,7.575e-05,0.0,0.0,32,256
cube,2.000000,cartesian,0.000145952,0.00015167,0.0,0.0,32,256
cube,2.000000,cartesian,0.00010882,0.000118551,0.0,0.0,32,256
cube,2.000000,cartesian,0.000262084,0.000195482,0.0,0.0,32,256
cube,2.000000,cartesian,0.000127079,0.000145654,0.0,0.0,32,256
cube,2.000000,cartesian,0.000116679,0.000112175,0.0,0.0,32,256
cube,2.000000,cartesian,0.000129233,0.000177852,0.0,0.0,32,256
cube,2.000000,cartesian,0.000129274,0.000131771,0.0,0.0,32,256
cube,2.000000,cartesian,0.000137383,8.9485e-05,0.0,0.0,32,256
cube,2.000000,cartesian,0.000106459,0.000119268,0.0,0.0,32,256
cube,2.000000,cartesian,0.000110387,0.000188017,0.0,0.0,32,256
cube,2.000000,cartesian,8.9245e-05,0.000114627,0.0,0.0,32,256
cube,2.000000,cartesian,0.000105162,0.000129503,0.0,0.0,32,256
cube,2.000000,cartesian,5.7426e-05,5.6227e-05,0.0,0.0,32,256
cube,2.000000,cartesian,0.000100395,0.000120796,0.0,0.0,32,256
cube,2.000000,cartesian,9.0172e-05,0.000104224,0.0,0.0,32,256
cube,2.000000,cartesian,0.000115463,0.000123171,0.0,0.0,32,256
cube,2.000000,cartesian,0.000139329,0.000166042,0.0,0.0,32,256
cube,2.000000,cartesian,0.000104474,7.4752e-05,0.0,0.0,32,256
cube,2.000000,cartesian,0.00013693,0.000173873,0.0,0.0,32,256
cube,2.000000,cartesian,0.000107208,0.00015094,0.0,0.0,32,256
cube,2.000000,cartesian,0.000144243,0.000111431,0.0,0.0,32,256
cube,2.000000,cartesian,7.9421e-05,0.000114109,0.0,0.0,32,256
cube,2.000000,cartesian,0.000154304,0.000132198,0.0,0.0,32,256
cube,2.000000,cartesian,9.4176e-05,0.000112655,0.0,0.0,32,256
cube,2.000000,cartesian,0.000131368,0.000134285,0.0,0.0,32,256
cube,2.000000,cartesian,0.000116535,0.000169183,0.0,0.0,32,256
cube,2.000000,cartesian,9.5299e-05,0.000118144,0.0,0.0,32,256
cube,2.000000,cartesian,8.7781e-05,0.000100876,0.0,0.0,32,256
cube,2.000000,cartesian,0.000128828,0.000146692,0.0,0.0,32,256
cube,2.000000,cartesian,0.000117664,0.000144962,0.0,0.0,32,256
cube,2.000000,cartesian,9.8329e-05,9.9615e-05,0.0,0.0,32,256
cube,2.000000,cartesian,8.8533e-05,0.000130798,0.0,0.0,32,256
cube,2.000000,cartesian,0.000162382,0.000167485,0.0,0.0,32,256
cube,2.000000,cartesian,3.083e-05,2.4742e-05,0.0,0.0,32,256
cube,2.000000,cartesian,5.9565e-05,8.4306e-05,0.0,0.0,32,256
cube,2.000000,cartesian,7.9199e-05,7.1625e-05,0.0,0.0,32,256
cube,2.000000,cartesian,0.000117579,0.000113646,0.0,0.0,32,256
cube,2.000000,cartesian,0.000169399,0.000148814,0.0,0.0,32,256
cube,2.000000,cartesian,0.000155538,0.000193342,0.0,0.0,32,256
cube,2.000000,cartesian,7.8454e-05,8.4188e-05,0.0,0.0,32,256
cube,2.000000,cartesian,7.7031e-05,7.7317e-05,0.0,0.0,32,256
cube,2.000000,cartesian,5.5351e-05,8.8262e-05,0.0,0.0,32,256
cube,2.000000,cartesian,0.000141393,0.000140692,0.0,0.0,32,256
cube,2.000000,cartesian,9.1609e-05,7.4591e-05,0.0,0.0,32,256
cube,2.000000,cartesian,9.1499e-05,0.000118233,0.0,0.0,32,256
cube,2.000000,cartesian,0.000119909,9.4845e-05,0.0,0.0,32,256
cube,2.000000,cartesian,9.9629e-05,8.4703e-05,0.0,0.0,32,256
cube,2.000000,cartesian,0.000120016,0.000140205,0.0,0.0,32,256
cube,2.000000,cartesian,0.000158444,0.000149446,0.0,0.0,32,256
cube,2.000000,cartesian,0.000124979,0.000176523,0.0,0.0,32,256
cube,2.000000,cartesian,6.8142e-05,6.6448e-05,0.0,0.0,32,256
cube,2.000000,cartesian,4.1326e-05,6.8082e-05,0.0,0.0,32,256
cube,2.000000,cartesian,0.000116314,0.000138837,0.0,0.0,32,256
cube,2.000000,cartesian,5.5645e-05,6.2661e-05,0.0,0.0,32,256
cube,2.000000,cartesian,0.000151905,0.000118911,0.0,0.0,32,256
cube,2.000000,cartesian,0.000111191,0.000122134,0.0,0.0,32,256
cube,2.000000,cartesian,0.000104108,0.000136628,0.0,0.0,32,256
cube,2.000000,cartesian,9.9836e-05,9.3326e-05,0.0,0.0,32,256
cube,2.000000,cartesian,9.9667e-05,0.000117001,0.0,0.0,32,256
cube,2.000000,cartesian,0.000120694,0.00013928,0.0,0.0,32,256
cube,2.000000,cartesian,0.000108463,0.000129637,0.0,0.0,32,256
cube,2.000000,cartesian,0.000105435,0.000126029,0.0,0.0,32,256
cube,2.000000,cartesian,0.000105737,0.000117427,0.0,0.0,32,256
cube,2.000000,cartesian,9.0386e-05,6.4951e-05,0.0,0.0,32,256
cube,2.000000,cartesian,0.000150703,0.000177571,0.0,0.0,32,256
cube,2.000000,cartesian,0.000133179,0.000151048,0.0,0.0,32,256
cube,2.000000,cartesian,6.222e-05,6.9266e-05,0.0,0.0,32,256
cube,2.000000,cartesian,0.000104732,0.000106499,0.0,0.0,32,256
cube,2.000000,cartesian,6.9339e-05,8.3523e-05,0.0,0.0,32,256
cube,2.000000,cartesian,0.000131338,0.000135985,0.0,0.0,32,256
cube,2.000000,cartesian,0.000127424,0.000151207,0.0,0.0,32,256
cube,2.000000,cartesian,0.000168365,0.000119318,0.0,0.0,32,256
cube,2.000000,cartesian,0.000101618,0.000124492,0.0,0.0,32,256
cube,2.000000,cartesian,7.8709e-05,8.3115e-05,0.0,0.0,32,256
cube,2.000000,cartesian,4.8373e-05,5.8482e-05,0.0,0.0,32,256
cube,2.000000,cartesian,0.000123751,0.000153579,0.0,0.0,32,256
cube,2.000000,cartesian,9.9525e-05,9.2975e-05,0.0,0.0,32,256
cube,2.000000,cartesian,5.4937e-05,5.9513e-05,0.0,0.0,32,256
cube,2.000000,cartesian,9.7646e-05,0.000131626,0.0,0.0,32,256
cube,2.000000,cartesian,0.000131236,9.7022e-05,0.0,0.0,32,256
cube,2.000000,cartesian,0.000127163,0.000102332,0.0,0.0,32,256
cube,2.000000,cartesian,0.00011555,0.000117759,0.0,0.0,32,256
cube,2.000000,cartesian,9.1098e-05,0.000151294,0.0,0.0,32,256
cube,2.000000,cartesian,0.000121946,0.000172757,0.0,0.0,32,256
cube,2.000000,cartesian,9.2131e-05,9.1292e-05,0.0,0.0,32,256
cube,2.000000,cartesian,0.00010721,9.67e-05,0.0,0.0,32,256
cube,2.000000,cartesian,0.000121675,9.0551e-05,0.0,0.0,32,256
cube,2.000000,cartesian,7.4014e-05,6.199e-05,0.0,0.0,32,256
cube,2.000000,cartesian,9.943e-05,0.00014954,0.0,0.0,32,256
cube,2.000000,cartesian,4.8239e-05,5.7863e-05,0.0,0.0,32,256
cube,2.000000,cartesian,8.6716e-05,0.00010108,0.0,0.0,32,256
cube,2.000000,cartesian,9.8634e-05,0.000124073,0.0,0.0,32,256
cube,2.000000,cartesian,0.00012421,0.000192414,0.0,0.0,32,256
cube,2.000000,cartesian,0.00010849,0.000112906,0.0,0.0,32,256
cube,2.000000,cartesian,9.4532e-05,8.5508e-05,0.0,0.0,32,256
cube,2.000000,cartesian,9.682e-05,8.8881e-05,0.0,0.0,32,256
cube,2.000000,cartesian,0.000112629,0.000116492,0.0,0.0,32,256
cube,2.000000,cartesian,6.3806e-05,8.6971e-05,0.0,0.0,32,256
cube,2.000000,cartesian,0.000127146,0.000174654,0.0,0.0,32,256
cube,2.000000,cartesian,0.000113141,0.000153688,0.0,0.0,32,256
cube,2.000000,cartesian,8.5422e-05,9.1215e-05,0.0,0.0,32,256
cube,2.000000,cartesian,4.0567e-05,6.1584e-05,0.0,0.0,32,256
cube,2.000000,cartesian,7.9741e-05,0.000113258,0.0,0.0,32,256
cube,2.000000,cartesian,0.000156629,0.000197666,0.0,0.0,32,256
cube,2.000000,cartesian,6.5577e-05,6.8202e-05,0.0,0.0,32,256
cube,2.000000,cartesian,0.000116545,0.000101239,0.0,0.0,32,256
cube,2.000000,cartesian,0.000104195,0.000107846,0.0,0.0,32,256
cube,2.000000,cartesian,0.000117234,0.000190438,0.0,0.0,32,256
cube,2.000000,cartesian,0.000153765,8.536e-05,0.0,0.0,32,256
cube,2.000000,cartesian,0.000147384,0.000138923,0.0,0.0,32,256
cube,2.000000,cartesian,0.000101392,8.3737e-05,0.0,0.0,32,256
cube,2.000000,cartesian,0.000107621,0.000120803,0.0,0.0,32,256
cube,2.000000,cartesian,0.000119508,9.5958e-05,0.0,0.0,32,256
cube,2.000000,cartesian,2.4509e-05,2.3124e-05,0.0,0.0,32,256
cube,2.000000,cartesian,0.000122141,0.000125353,0.0,0.0,32,256
cube,2.000000,cartesian,0.000112347,0.000111944,0.0,0.0,32,256
cube,2.000000,cartesian,7.2336e-05,7.3359e-05,0.0,0.0,32,256
cube,2.000000,cartesian,0.000121114,0.000142855,0.0,0.0,32,256
cube,2.000000,cartesian,0.000110621,0.00011791,0.0,0.0,32,256
cube,2.000000,cartesian,0.000179303,0.000198799,0.0,0.0,32,256
cube,2.000000,cartesian,0.000143332,0.000169885,0.0,0.0,32,256
cube,2.000000,cartesian,7.9392e-05,7.483e-05,0.0,0.0,32,256
cube,2.000000,cartesian,0.000109148,0.000116343,0.0,0.0,32,256
cube,2.000000,cartesian,0.000121975,0.000119771,0.0,0.0,32,256
cube,2.000000,cartesian,0.000102887,0.000106282,0.0,0.0,32,256
cube,2.000000,cartesian,7.5803e-05,6.7093e-05,0.0,0.0,32,256
cube,2.000000,cartesian,0.000106563,0.00012189,0.0,0.0,32,256
cube,2.000000,cartesian,7.7645e-05,8.1571e-05,0.0,0.0,32,256
cube,2.000000,cartesian,0.000108928,0.000149115,0.0,0.0,32,256
cube,2.000000,cartesian,0.000127776,0.000141934,0.0,0.0,32,256
cube,2.000000,cartesian,0.000116235,0.00010618,0.0,0.0,32,256
cube,2.000000,cartesian,0.000157628,0.000113252,0.0,0.0,32,256
cube,2.000000,cartesian,0.000144072,0.000125239,0.0,0.0,32,256
cube,2.000000,cartesian,9.8897e-05,8.8204e-05,0.0,0.0,32,256
cube,2.000000,cartesian,0.000128079,0.00018899,0.0,0.0,32,256
cube,2.000000,cartesian,5.382e-05,4.7343e-05,0.0,0.0,32,256
cube,2.000000,cartesian,0.000141316,0.000160087,0.0,0.0,32,256
cube,2.000000,cartesian,0.000109384,0.000101347,0.0,0.0,32,256
cube,2.000000,cartesian,0.000112049,0.000123867,0.0,0.0,32,256
cube,2.000000,cartesian,9.4992e-05,0.000120917,0.0,0.0,32,256
cube,2.000000,cartesian,0.000101713,0.000102162,0.0,0.0,32,256
cube,2.000000,cartesian,7.5107e-05,9.7995e-05,0.0,0.0,32,256
cube,2.000000,cartesian,9.5667e-05,0.0001564,0.0,0.0,32,256
cube,2.000000,cartesian,9.5859e-05,0.0001152,0.0,0.0,32,256
cube,2.000000,cartesian,8.1855e-05,7.8426e-05,0.0,0.0,32,256
cube,2.000000,cartesian,8.1082e-05,0.000136738,0.0,0.0,32,256
cube,2.000000,cartesian,0.000105432,0.000136721,0.0,0.0,32,256
cube,2.000000,cartesian,2.9069e-05,6.2491e-05,0.0,0.0,32,256
cube,2.000000,cartesian,0.00015057,0.000176425,0.0,0.0,32,256
cube,2.000000,cartesian,0.000109155,0.00012697,0.0,0.0,32,256
cube,2.000000,cartesian,8.448e-05,0.000100839,0.0,0.0,32,256
cube,2.000000,cartesian,9.3819e-05,0.000117289,0.0,0.0,32,256
cube,2.000000,cartesian,9.1391e-05,0.000118678,0.0,0.0,32,256
cube,2.000000,cartesian,0.000161809,0.000121174,0.0,0.0,32,256
cube,2.000000,cartesian,9.8554e-05,7.8612e-05,0.0,0.0,32,256
cube,2.000000,cartesian,8.3809e-05,0.000129679,0.0,0.0,32,256
cube,2.000000,cartesian,9.2698e-05,0.000110261,0.0,0.0,32,256
cube,2.000000,cartesian,0.000135764,0.000107098,0.0,0.0,32,256
cube,2.000000,cartesian,0.000101179,8.9961e-05,0.0,0.0,32,256
cube,2.000000,cartesian,0.000159619,0.000175656,0.0,0.0,32,256
cube,2.000000,cartesian,0.000100731,8.5116e-05,0.0,0.0,32,256
cube,2.000000,cartesian,7.9398e-05,0.000181787,0.0,0.0,32,256
cube,2.000000,cartesian,0.000109694,0.000172059,0.0,0.0,32,256
cube,2.000000,cartesian,0.000120993,0.000155366,0.0,0.0,32,256
cube,2.000000,cartesian,0.000154947,0.000267289,0.0,0.0,32,256
cube,2.000000,cartesian,0.000143065,0.000175519,0.0,0.0,32,256
cube,2.000000,cartesian,0.000110298,9.2299e-05,0.0,0.0,32,256
cube,2.000000,cartesian,0.000117941,0.000168427,0.0,0.0,32,256
cube,2.000000,cartesian,0.00010935,0.000194471,0.0,0.0,32,256
cube,2.000000,cartesian,9.238e-05,0.000108026,0.0,0.0,32,256
cube,2.000000,cartesian,6.3305e-05,6.2057e-05,0.0,0.0,32,256
cube,2.000000,cartesian,0.000118145,0.000159998,0.0,0.0,32,256
cube,2.000000,cartesian,0.00012629,0.000110575,0.0,0.0,32,256
cube,2.000000,cartesian,7.2761e-05,8.0544e-05,0.0,0.0,32,256
cube,2.000000,cartesian,0.000171852,0.000129731,0.0,0.0,32,256
cube,2.000000,cartesian,9.9748e-05,0.000138865,0.0,0.0,32,256
cube,2.000000,cartesian,0.000104691,0.000138519,0.0,0.0,32,256
cube,2.000000,cartesian,0.000130747,0.000150619,0.0,0.0,32,256
cube,2.000000,cartesian,0.000170728,0.000207942,0.0,0.0,32,256
cube,2.000000,cartesian,8.6026e-05,0.00011059,0.0,0.0,32,256
cube,2.000000,cartesian,9.2952e-05,0.000110219,0.0,0.0,32,256
cube,2.000000,cartesian,6.4274e-05,6.485e-05,0.0,0.0,32,256
cube,2.000000,cartesian,0.000140216,9.3548e-05,0.0,0.0,32,256
cube,2.000000,cartesian,9.457e-05,0.000102317,0.0,0.0,32,256
cube,2.000000,cartesian,0.000140688,0.000164357,0.0,0.0,32,256
cube,2.000000,cartesian,9.7841e-05,6.8656e-05,0.0,0.0,32,256
cube,2.000000,cartesian,0.000122854,0.000142053,0.0,0.0,32,256
cube,2.000000,cartesian,9.5846e-05,0.000139659,0.0,0.0,32,256
cube,2.000000,cartesian,0.000113771,0.000136917,0.0,0.0,32,256
cube,2.000000,cartesian,0.000125657,0.000140611,0.0,0.0,32,256
cube,2.000000,cartesian,4.4886e-05,7.72e-05,0.0,0.0,32,256
cube,2.000000,cartesian,0.000209749,0.000151274,0.0,0.0,32,256
cube,2.000000,cartesian,8.5405e-05,7.9571e-05,0.0,0.0,32,256
cube,2.000000,cartesian,8.7641e-05,0.000171106,0.0,0.0,32,256
cube,2.000000,cartesian,9.8612e-05,0.000173395,0.0,0.0,32,256
cube,2.000000,cartesian,0.000107956,0.000105744,0.0,0.0,32,256
cube,2.000000,cartesian,8.0508e-05,0.000144828,0.0,0.0,32,256
cube,2.000000,cartesian,2.0148e-05,1.5677e-05,0.0,0.0,32,256
cube,2.000000,cartesian,0.000111336,0.000122156,0.0,0.0,32,256
cube,2.000000,cartesian,0.000109069,8.8102e-05,0.0,0.0,32,256
cube,2.000000,cartesian,0.000105331,0.000163144,0.0,0.0,32,256
cube,2.000000,cartesian,0.000129237,0.000252813,0.0,0.0,32,256
cube,2.000000,cartesian,0.000106651,0.000135206,0.0,0.0,32,256
cube,2.000000,cartesian,0.000107553,0.000107217,0.0,0.0,32,256
cube,2.000000,cartesian,0.000110847,0.00012327,0.0,0.0,32,256
cube,2.000000,cartesian,0.000132129,0.000119036,0.0,0.0,32,256
cube,2.000000,cartesian,7.984e-05,8.8754e-05,0.0,0.0,32,256
cube,2.000000,cartesian,0.000172127,0.000179659,0.0,0.0,32,256
cube,2.000000,cartesian,0.000102688,0.000108899,0.0,0.0,32,256
cube,2.000000,cartesian,8.3171e-05,8.3267e-05,0.0,0.0,32,256
cube,2.000000,cartesian,0.000100262,0.000112408,0.0,0.0,32,256
cube,2.000000,cartesian,8.2215e-05,0.000166361,0.0,0.0,32,256
cube,2.000000,cartesian,0.000117823,4.9423e-05,0.0,0.0,32,256
cube,2.000000,cartesian,0.000100711,0.000147703,0.0,0.0,32,256
cube,2.000000,cartesian,0.000101529,0.000111356,0.0,0.0,32,256
cube,2.000000,cartesian,0.000108749,0.000126754,0.0,0.0,32,256
cube,2.000000,cartesian,0.000133626,0.000111059,0.0,0.0,32,256
cube,2.000000,cartesian,6.7462e-05,6.7745e-05,0.0,0.0,32,256
cube,2.000000,cartesian,6.3605e-05,6.526e-05,0.0,0.0,32,256
cube,2.000000,cartesian,0.000107842,0.000136311,0.0,0.0,32,256
cube,2.000000,cartesian,0.000107745,0.000106414,0.0,0.0,32,256
cube,2.000000,cartesian,5.6147e-05,5.7183e-05,0.0,0.0,32,256
cube,2.000000,cartesian,0.000111959,0.000111851,0.0,0.0,32,256
cube,2.000000,cartesian,9.2499e-05,9.9586e-05,0.0,0.0,32,256
cube,2.000000,cartesian,6.8129e-05,7.2314e-05,0.0,0.0,32,256
cube,2.000000,cartesian,7.2322e-05,8.7412e-05,0.0,0.0,32,256
cube,2.000000,cartesian,0.00012514,7.1585e-05,0.0,0.0,32,256
cube,2.000000,cartesian,0.000118849,0.000278982,0.0,0.0,32,256
cube,2.000000,cartesian,0.000106027,0.000129844,0.0,0.0,32,256
cube,2.000000,cartesian,0.000123022,0.000118165,0.0,0.0,32,256
cube,2.000000,cartesian,0.000108476,0.000163821,0.0,0.0,32,256
cube,2.000000,cartesian,0.000120247,0.000134387,0.0,0.0,32,256
cube,2.000000,cartesian,0.000129685,0.000129039,0.0,0.0,32,256
cube,2.000000,cartesian,7.4855e-05,7.0865e-05,0.0,0.0,32,256
cube,2.000000,cartesian,0.000160774,0.000108845,0.0,0.0,32,256
cube,2.000000,cartesian,6.3338e-05,5.4616e-05,0.0,0.0,32,256
cube,2.000000,cartesian,0.000114591,0.000192418,0.0,0.0,32,256
cube,2.000000,cartesian,0.000134387,0.0001844,0.0,0.0,32,256
cube,2.000000,cartesian,9.8847e-05,0.000130913,0.0,0.0,32,256
cube,2.000000,cartesian,0.000117103,0.000145147,0.0,0.0,32,256
cube,2.000000,cartesian,0.000195747,0.000263969,0.0,0.0,32,256
cube,2.000000,cartesian,8.1609e-05,5.3995e-05,0.0,0.0,32,256
cube,2.000000,cartesian,0.000134809,0.000159162,0.0,0.0,32,256
cube,2.000000,cartesian,0.000124292,0.0001716,0.0,0.0,32,256
cube,2.000000,cartesian,0.000114788,0.000152776,0.0,0.0,32,256
cube,2.000000,cartesian,0.000103224,9.8555e-05,0.0,0.0,32,256
cube,2.000000,cartesian,0.000113002,0.000169154,0.0,0.0,32,256
cube,2.000000,cartesian,0.000186284,0.000223717,0.0,0.0,32,256
cube,2.000000,cartesian,0.000139073,0.000207406,0.0,0.0,32,256
cube,2.000000,cartesian,0.000136072,0.000151624,0.0,0.0,32,256
cube,2.000000,cartesian,0.000109413,0.000165521,0.0,0.0,32,256
cube,2.000000,cartesian,0.000142376,0.000211618,0.0,0.0,32,256
cube,2.000000,cartesian,0.000154645,0.000236084,0.0,0.0,32,256
cube,2.000000,cartesian,0.00015783,0.00011196,0.0,0.0,32,256
cube,2.000000,cartesian,0.000105878,0.000179659,0.0,0.0,32,256
cube,2.000000,cartesian,0.00020111,0.000299359,0.0,0.0,32,256
cube,2.000000,cartesian,0.000105421,0.000167107,0.0,0.0,32,256
cube,2.000000,cartesian,0.000218634,0.000172814,0.0,0.0,32,256
cube,2.000000,cartesian,0.000125468,0.000144246,0.0,0.0,32,256
cube,2.000000,cartesian,6.4065e-05,6.933e-05,0.0,0.0,32,256
cube,2.000000,cartesian,0.000131939,0.000137556,0.0,0.0,32,256
cube,2.000000,cartesian,3.8197e-05,2.5354e-05,0.0,0.0,32,256
cube,2.000000,cartesian,9.1665e-05,0.000144492,0.0,0.0,32,256
cube,2.000000,cartesian,0.000108056,0.00012264,0.0,0.0,32,256
cube,2.000000,cartesian,0.000123333,0.000123001,0.0,0.0,32,256
cube,2.000000,cartesian,0.000137133,0.000181654,0.0,0.0,32,256
cube,2.000000,cartesian,0.000120865,0.000105263,0.0,0.0,32,256
cube,2.000000,cartesian,0.000119597,0.000157679,0.0,0.0,32,256
cube,2.000000,cartesian,0.000123107,0.000137684,0.0,0.0,32,256
cube,2.000000,cartesian,9.2269e-05,0.000118267,0.0,0.0,32,256
cube,2.000000,cartesian,0.000141277,0.00015786,0.0,0.0,32,256
cube,2.000000,cartesian,0.000106614,9.1962e-05,0.0,0.0,32,256
cube,2.000000,cartesian,0.000195063,0.000350681,0.0,0.0,32,256
cube,2.000000,cartesian,0.000132701,0.000294088,0.0,0.0,32,256
cube,2.000000,cartesian,0.000116381,0.000144994,0.0,0.0,32,256
cube,2.000000,cartesian,0.000119691,0.000199736,0.0,0.0,32,256
cube,2.000000,cartesian,0.000139277,0.000181836,0.0,0.0,32,256
cube,2.000000,cartesian,0.000117857,0.000145312,0.0,0.0,32,256
cube,2.000000,cartesian,9.0649e-05,9.1185e-05,0.0,0.0,32,256
cube,2.000000,cartesian,9.3968e-05,0.000120191,0.0,0.0,32,256
cube,2.000000,cartesian,9.5201e-05,0.000129516,0.0,0.0,32,256
cube,2.000000,cartesian,0.000142,0.000159785,0.0,0.0,32,256
cube,2.000000,cartesian,0.00019179,0.000156894,0.0,0.0,32,256
cube,2.000000,cartesian,0.000224177,0.000273253,0.0,0.0,32,256
cube,2.000000,cartesian,0.000192764,0.000175166,0.0,0.0,32,256
cube,2.000000,cartesian,0.000107335,7.0891e-05,0.0,0.0,32,256
cube,2.000000,cartesian,9.6638e-05,0.00015291,0.0,0.0,32,256
cube,2.000000,cartesian,9.9377e-05,0.000107875,0.0,0.0,32,256
cube,2.000000,cartesian,0.000141959,0.00018903,0.0,0.0,32,256
cube,2.000000,cartesian,8.225e-05,0.000111319,0.0,0.0,32,256
cube,2.000000,cartesian,0.000111828,0.000115926,0.0,0.0,32,256
cube,2.000000,cartesian,0.000111692,0.000106228,0.0,0.0,32,256
cube,2.000000,cartesian,9.2759e-05,8.242e-05,0.0,0.0,32,256
cube,2.000000,cartesian,8.3553e-05,8.7824e-05,0.0,0.0,32,256
cube,2.000000,cartesian,0.000169475,0.00012756,0.0,0.0,32,256
cube,2.000000,cartesian,0.000113487,0.000123117,0.0,0.0,32,256
cube,2.000000,cartesian,9.8769e-05,0.000105695,0.0,0.0,32,256
cube,2.000000,cartesian,5.106e-05,2.8054e-05,0.0,0.0,32,256
cube,2.000000,cartesian,0.000142816,0.0001496,0.0,0.0,32,256
cube,2.000000,cartesian,6.3704e-05,7.022e-05,0.0,0.0,32,256
cube,2.000000,cartesian,6.8261e-05,6.062e-05,0.0,0.0,32,256
cube,2.000000,cartesian,0.000110516,0.000127786,0.0,0.0,32,256
cube,2.000000,cartesian,6.1129e-05,5.9855e-05,0.0,0.0,32,256
cube,2.000000,cartesian,0.000103708,0.000136297,0.0,0.0,32,256
cube,2.000000,cartesian,9.5458e-05,0.000118836,0.0,0.0,32,256
cube,2.000000,cartesian,0.000112313,0.000139088,0.0,0.0,32,256
cube,2.000000,cartesian,0.000108272,0.000143064,0.0,0.0,32,256
cube,2.000000,cartesian,0.000155625,0.000115599,0.0,0.0,32,256
cube,2.000000,cartesian,6.3383e-05,6.1664e-05,0.0,0.0,32,256
cube,2.000000,cartesian,8.4602e-05,0.000118691,0.0,0.0,32,256
cube,2.000000,cartesian,9.9805e-05,0.000107409,0.0,0.0,32,256
cube,2.000000,cartesian,0.000146125,0.000153553,0.0,0.0,32,256
cube,2.000000,cartesian,8.9456e-05,0.000114598,0.0,0.0,32,256
cube,2.000000,cartesian,0.000220755,0.000202163,0.0,0.0,32,256
cube,2.000000,cartesian,7.3048e-05,8.6051e-05,0.0,0.0,32,256
cube,2.000000,cartesian,0.000105588,0.000168227,0.0,0.0,32,256
cube,2.000000,cartesian,0.000163976,0.000189449,0.0,0.0,32,256
cube,2.000000,cartesian,0.000228586,0.000626072,0.0,0.0,32,256
cube,2.000000,cartesian,0.000130919,0.000344995,0.0,0.0,32,256
cube,2.000000,cartesian,0.000268712,0.000148397,0.0,0.0,32,256
cube,2.000000,cartesian,0.000184611,0.000205536,0.0,0.0,32,256
cube,2.000000,cartesian,0.000121541,0.000187967,0.0,0.0,32,256
cube,2.000000,cartesian,0.000196533,0.000152866,0.0,0.0,32,256
cube,2.000000,cartesian,7.9658e-05,8.235e-05,0.0,0.0,32,256
cube,2.000000,cartesian,8.6402e-05,8.1878e-05,0.0,0.0,32,256
cube,2.000000,cartesian,6.4444e-05,9.3574e-05,0.0,0.0,32,256
cube,2.000000,cartesian,0.000124636,0.0001078,0.0,0.0,32,256
cube,2.000000,cartesian,0.000104144,0.000123727,0.0,0.0,32,256
cube,2.000000,cartesian,0.000143806,0.000122153,0.0,0.0,32,256
cube,2.000000,cartesian,0.000150205,0.000178176,0.0,0.0,32,256
cube,2.000000,cartesian,0.000154196,0.00022836,0.0,0.0,32,256
cube,2.000000,cartesian,0.000113618,0.000155499,0.0,0.0,32,256
cube,2.000000,cartesian,0.000183388,0.00029269,0.0,0.0,32,256
cube,2.000000,cartesian,6.6144e-05,9.3079e-05,0.0,0.0,32,256
cube,2.000000,cartesian,0.000121644,0.000137431,0.0,0.0,32,256
cube,2.000000,cartesian,6.125e-06,6.253e-06,0.0,0.0,32,256
cube,2.000000,cartesian,8.8996e-05,0.00013267,0.0,0.0,32,256
cube,2.000000,cartesian,3.5388e-05,1.1915e-05,0.0,0.0,32,256
cube,2.000000,cartesian,0.000138754,0.000156431,0.0,0.0,32,256
cube,2.000000,cartesian,6.8448e-05,7.5457e-05,0.0,0.0,32,256
cube,2.000000,cartesian,0.000178888,0.000195159,0.0,0.0,32,256
cube,2.000000,cartesian,0.000170305,0.000266271,0.0,0.0,32,256
cube,2.000000,cartesian,0.000155848,0.000212013,0.0,0.0,32,256
cube,2.000000,cartesian,5.7552e-05,7.8428e-05,0.0,0.0,32,256
cube,2.000000,cartesian,0.000193817,0.000234734,0.0,0.0,32,256
cube,2.000000,cartesian,0.000189003,0.000424626,0.0,0.0,32,256
cube,2.000000,cartesian,0.00027809,0.000474996,0.0,0.0,32,256
cube,2.000000,cartesian,0.000161754,0.000205775,0.0,0.0,32,256
cube,2.000000,cartesian,9.6747e-05,0.000157311,0.0,0.0,32,256
cube,2.000000,cartesian,0.000100955,0.000108793,0.0,0.0,32,256
cube,2.000000,cartesian,0.000100227,0.000158213,0.0,0.0,32,256
cube,2.000000,cartesian,0.000127369,0.000151604,0.0,0.0,32,256
cube,2.000000,cartesian,8.6601e-05,0.000118335,0.0,0.0,32,256
cube,2.000000,cartesian,0.000103966,9.9903e-05,0.0,0.0,32,256
cube,2.000000,cartesian,0.000109654,0.000163646,0.0,0.0,32,256
cube,2.000000,cartesian,0.000103788,6.8736e-05,0.0,0.0,32,256
cube,2.000000,cartesian,9.9313e-05,0.000166359,0.0,0.0,32,256
cube,2.000000,cartesian,6.8523e-05,6.8707e-05,0.0,0.0,32,256
cube,2.000000,cartesian,0.000122008,0.000142644,0.0,0.0,32,256
cube,2.000000,cartesian,8.7725e-05,7.4694e-05,0.0,0.0,32,256
cube,2.000000,cartesian,0.000121866,0.000134977,0.0,0.0,32,256
cube,2.000000,cartesian,8.3824e-05,7.4945e-05,0.0,0.0,32,256
cube,2.000000,cartesian,0.000118333,0.000189824,0.0,0.0,32,256
cube,2.000000,cartesian,0.000123272,0.000195183,0.0,0.0,32,256
cube,2.000000,cartesian,9.8518e-05,0.000119032,0.0,0.0,32,256
cube,2.000000,cartesian,0.000141394,0.000159305,0.0,0.0,32,256
cube,2.000000,cartesian,0.000119076,0.00013176,0.0,0.0,32,256
cube,2.000000,cartesian,0.000130195,0.00014195,0.0,0.0,32,256
cube,2.000000,cartesian,6.7462e-05,5.3863e-05,0.0,0.0,32,256
cube,2.000000,cartesian,0.00016984,0.000152132,0.0,0.0,32,256
cube,2.000000,cartesian,0.000100427,0.000150391,0.0,0.0,32,256
cube,2.000000,cartesian,0.000127452,9.9736e-05,0.0,0.0,32,256
cube,2.000000,cartesian,9.0238e-05,8.9079e-05,0.0,0.0,32,256
cube,2.000000,cartesian,9.6579e-05,9.6597e-05,0.0,0.0,32,256
cube,2.000000,cartesian,9.6654e-05,7.7594e-05,0.0,0.0,32,256
cube,2.000000,cartesian,0.000110505,0.000146308,0.0,0.0,32,256
cube,2.000000,cartesian,0.000109225,0.000670533,0.0,0.0,32,256
cube,2.000000,cartesian,0.00016015,0.000180073,0.0,0.0,32,256
cube,2.000000,cartesian,0.000246291,0.000156809,0.0,0.0,32,256
cube,2.000000,cartesian,9.8052e-05,0.000129095,0.0,0.0,32,256
cube,2.000000,cartesian,8.5877e-05,0.000120232,0.0,0.0,32,256
cube,2.000000,cartesian,8.7005e-05,7.4089e-05,0.0,0.0,32,256
cube,2.000000,cartesian,0.00017205,0.000199714,0.0,0.0,32,256
cube,2.000000,cartesian,0.000115456,0.000119116,0.0,0.0,32,256
cube,2.000000,cartesian,0.000105928,0.000151641,0.0,0.0,32,256
cube,2.000000,cartesian,9.9457e-05,0.000129373,0.0,0.0,32,256
cube,2.000000,cartesian,0.000159998,0.000123074,0.0,0.0,32,256
cube,2.000000,cartesian,0.000129096,0.000132812,0.0,0.0,32,256
cube,2.000000,cartesian,8.8689e-05,0.000122662,0.0,0.0,32,256
cube,2.000000,cartesian,0.000158621,0.000114142,0.0,0.0,32,256
cube,2.000000,cartesian,0.000106508,0.00012252,0.0,0.0,32,256
cube,2.000000,cartesian,0.000113719,6.4906e-05,0.0,0.0,32,256
cube,2.000000,cartesian,0.000112198,9.9938e-05,0.0,0.0,32,256
cube,2.000000,cartesian,0.000116443,0.00013929,0.0,0.0,32,256
cube,2.000000,cartesian,9.1587e-05,0.000114128,0.0,0.0,32,256
cube,2.000000,cartesian,8.9372e-05,7.5918e-05,0.0,0.0,32,256
cube,2.000000,cartesian,9.9966e-05,0.000157624,0.0,0.0,32,256
cube,2.000000,cartesian,0.000123351,0.000132434,0.0,0.0,32,256
cube,2.000000,cartesian,8.134e-05,9.69e-05,0.0,0.0,32,256
cube,2.000000,cartesian,0.000119659,0.000113297,0.0,0.0,32,256
cube,2.000000,cartesian,4.4908e-05,4.783e-05,0.0,0.0,32,256
cube,2.000000,cartesian,0.000165619,0.000172129,0.0,0.0,32,256
cube,2.000000,cartesian,0.000111993,0.000118665,0.0,0.0,32,256
cube,2.000000,cartesian,2.5401e-05,2.4008e-05,0.0,0.0,32,256
cube,2.000000,cartesian,0.000172702,0.000143354,0.0,0.0,32,256
cube,2.000000,cartesian,0.000116967,0.000147128,0.0,0.0,32,256
cube,2.000000,cartesian,0.000106988,0.000153149,0.0,0.0,32,256
cube,2.000000,cartesian,3.8683e-05,3.1291e-05,0.0,0.0,32,256
cube,2.000000,cartesian,0.000110506,0.000103844,0.0,0.0,32,256
cube,2.000000,cartesian,0.000165917,0.000148374,0.0,0.0,32,256
cube,2.000000,cartesian,0.000120009,0.000105469,0.0,0.0,32,256
cube,2.000000,cartesian,0.000105908,0.00010974,0.0,0.0,32,256
cube,2.000000,cartesian,0.000127152,0.000141712,0.0,0.0,32,256
cube,2.000000,cartesian,0.000102724,0.000102714,0.0,0.0,32,256
cube,2.000000,cartesian,0.000122384,0.000159787,0.0,0.0,32,256
cube,2.000000,cartesian,7.6928e-05,7.814e-05,0.0,0.0,32,256
cube,2.000000,cartesian,0.000107329,0.000135764,0.0,0.0,32,256
cube,2.000000,cartesian,9.0992e-05,8.3902e-05,0.0,0.0,32,256
cube,2.000000,cartesian,5.871e-05,5.767e-05,0.0,0.0,32,256
cube,2.000000,cartesian,0.000153623,0.000143378,0.0,0.0,32,256
cube,2.000000,cartesian,0.00014153,0.00012777,0.0,0.0,32,256
cube,2.000000,cartesian,4.9077e-05,4.4218e-05,0.0,0.0,32,256
cube,2.000000,cartesian,0.000154164,0.000155607,0.0,0.0,32,256
cube,2.000000,cartesian,0.000106559,0.000124323,0.0,0.0,32,256
cube,2.000000,cartesian,0.000105832,0.000128751,0.0,0.0,32,256
cube,2.000000,cartesian,9.616e-05,9.8233e-05,0.0,0.0,32,256
cube,2.000000,cartesian,4.7558e-05,3.9152e-05,0.0,0.0,32,256
cube,2.000000,cartesian,0.000138759,0.000241031,0.0,0.0,32,256
cube,2.000000,cartesian,9.0975e-05,9.3295e-05,0.0,0.0,32,256
cube,2.000000,cartesian,2.2977e-05,2.7093e-05,0.0,0.0,32,256
cube,2.000000,cartesian,0.000146902,0.000140531,0.0,0.0,32,256
cube,2.000000,cartesian,8.7247e-05,8.6411e-05,0.0,0.0,32,256
cube,2.000000,cartesian,4.815e-05,3.5155e-05,0.0,0.0,32,256
cube,2.000000,cartesian,0.000114834,0.000165991,0.0,0.0,32,256
cube,2.000000,cartesian,0.000111742,0.000150659,0.0,0.0,32,256
cube,2.000000,cartesian,1.9945e-05,1.4232e-05,0.0,0.0,32,256
cube,2.000000,cartesian,5.5244e-05,4.2577e-05,0.0,0.0,32,256
cube,2.000000,cartesian,0.000110115,7.978e-05,0.0,0.0,32,256
cube,2.000000,cartesian,8.8887e-05,0.000106739,0.0,0.0,32,256
cube,2.000000,cartesian,0.000147074,0.000140524,0.0,0.0,32,256
cube,2.000000,cartesian,0.000119114,0.00012188,0.0,0.0,32,256
cube,2.000000,cartesian,0.000101378,0.000111933,0.0,0.0,32,256
cube,2.000000,cartesian,0.00010856,0.000102174,0.0,0.0,32,256
cube,2.000000,cartesian,7.0695e-05,4.6022e-05,0.0,0.0,32,256
cube,2.000000,cartesian,0.000100726,0.000109092,0.0,0.0,32,256
cube,2.000000,cartesian,8.3389e-05,9.2325e-05,0.0,0.0,32,256
cube,2.000000,cartesian,3.7295e-05,2.7528e-05,0.0,0.0,32,256
cube,2.000000,cartesian,0.000114651,0.000115235,0.0,0.0,32,256
cube,2.000000,cartesian,7.9974e-05,5.1575e-05,0.0,0.0,32,256
cube,2.000000,cartesian,8.2979e-05,0.000116184,0.0,0.0,32,256
cube,2.000000,cartesian,0.0001237,0.000140114,0.0,0.0,32,256
cube,2.000000,cartesian,9.1791e-05,0.000130861,0.0,0.0,32,256
cube,2.000000,cartesian,0.000166197,0.00014843,0.0,0.0,32,256
cube,2.000000,cartesian,0.000120646,0.00010599,0.0,0.0,32,256
cube,2.000000,cartesian,0.000142905,0.000139981,0.0,0.0,32,256
cube,2.000000,cartesian,0.000107955,0.000114517,0.0,0.0,32,256
cube,2.000000,cartesian,0.000113689,9.6583e-05,0.0,0.0,32,256
cube,2.000000,cartesian,0.000105091,0.000117702,0.0,0.0,32,256
cube,2.000000,cartesian,8.3523e-05,0.000103,0.0,0.0,32,256
cube,2.000000,cartesian,0.000100107,0.000104576,0.0,0.0,32,256
cube,2.000000,cartesian,0.000119821,0.000144187,0.0,0.0,32,256
cube,2.000000,cartesian,0.000102791,0.000110571,0.0,0.0,32,256
cube,2.000000,cartesian,0.00013863,0.000126095,0.0,0.0,32,256
cube,2.000000,cartesian,0.000111301,0.000133101,0.0,0.0,32,256
cube,2.000000,cartesian,9.8689e-05,0.000128636,0.0,0.0,32,256
cube,2.000000,cartesian,0.00019123,0.000178458,0.0,0.0,32,256
cube,2.000000,cartesian,0.000110184,0.000177647,0.0,0.0,32,256
cube,2.000000,cartesian,0.00010125,0.000130551,0.0,0.0,32,256
cube,2.000000,cartesian,5.3998e-05,3.918e-05,0.0,0.0,32,256
cube,2.000000,cartesian,0.000130221,0.000185098,0.0,0.0,32,256
cube,2.000000,cartesian,0.00010103,7.953e-05,0.0,0.0,32,256
cube,2.000000,cartesian,1.5325e-05,1.3614e-05,0.0,0.0,32,256
cube,2.000000,cartesian,6.3085e-05,6.6689e-05,0.0,0.0,32,256
cube,2.000000,cartesian,1.7432e-05,1.7314e-05,0.0,0.0,32,256
cube,2.000000,cartesian,9.7386e-05,0.000100698,0.0,0.0,32,256
cube,2.000000,cartesian,0.000136926,0.000129266,0.0,0.0,32,256
cube,2.000000,cartesian,7.298e-05,9.0064e-05,0.0,0.0,32,256
cube,2.000000,cartesian,0.000111267,0.00010814,0.0,0.0,32,256
cube,2.000000,cartesian,0.000144751,0.000224646,0.0,0.0,32,256
cube,2.000000,cartesian,0.000118586,0.000118593,0.0,0.0,32,256
cube,2.000000,cartesian,7.8698e-05,8.3351e-05,0.0,0.0,32,256
cube,2.000000,cartesian,0.000108041,0.000150955,0.0,0.0,32,256
cube,2.000000,cartesian,9.9981e-05,0.000124363,0.0,0.0,32,256
cube,2.000000,cartesian,0.000121026,0.000166152,0.0,0.0,32,256
cube,2.000000,cartesian,9.6816e-05,9.7067e-05,0.0,0.0,32,256
cube,2.000000,cartesian,7.9913e-05,0.000151232,0.0,0.0,32,256
cube,2.000000,cartesian,8.4226e-05,6.8814e-05,0.0,0.0,32,256
cube,2.000000,cartesian,6.18e-05,5.4388e-05,0.0,0.0,32,256
cube,2.000000,cartesian,8.4909e-05,9.0346e-05,0.0,0.0,32,256
cube,2.000000,cartesian,0.000120521,0.000134363,0.0,0.0,32,256
cube,2.000000,cartesian,4.3904e-05,5.6106e-05,0.0,0.0,32,256
cube,2.000000,cartesian,0.00010601,0.000133841,0.0,0.0,32,256
cube,2.000000,cartesian,9.9559e-05,0.000101154,0.0,0.0,32,256
cube,2.000000,cartesian,0.00010211,0.000183464,0.0,0.0,32,256
cube,2.000000,cartesian,0.000155853,0.000146498,0.0,0.0,32,256
cube,2.000000,cartesian,0.00010983,0.000150127,0.0,0.0,32,256
cube,2.000000,cartesian,8.0542e-05,7.6804e-05,0.0,0.0,32,256
cube,2.000000,cartesian,9.0965e-05,8.9887e-05,0.0,0.0,32,256
cube,2.000000,cartesian,8.7437e-05,7.3156e-05,0.0,0.0,32,256
cube,2.000000,cartesian,0.000103489,7.9015e-05,0.0,0.0,32,256
cube,2.000000,cartesian,0.00013464,0.000139988,0.0,0.0,32,256
cube,2.000000,cartesian,0.00010797,0.000124725,0.0,0.0,32,256
cube,2.000000,cartesian,0.000176677,0.000214267,0.0,0.0,32,256
cube,2.000000,cartesian,0.000116873,0.00014618,0.0,0.0,32,256
cube,2.000000,cartesian,0.000111803,0.000114266,0.0,0.0,32,256
cube,2.000000,cartesian,0.000131842,0.000130218,0.0,0.0,32,256
cube,2.000000,cartesian,0.000129168,9.6618e-05,0.0,0.0,32,256
cube,2.000000,cartesian,0.000107869,7.5752e-05,0.0,0.0,32,256
cube,2.000000,cartesian,0.000105341,0.000100901,0.0,0.0,32,256
cube,2.000000,cartesian,0.000104641,6.097e-05,0.0,0.0,32,256
cube,2.000000,cartesian,9.3258e-05,9.9735e-05,0.0,0.0,32,256
cube,2.000000,cartesian,0.000101981,0.000105309,0.0,0.0,32,256
cube,2.000000,cartesian,5.1951e-05,3.6712e-05,0.0,0.0,32,256
cube,2.000000,cartesian,9.678e-05,0.000105953,0.0,0.0,32,256
cube,2.000000,cartesian,8.7617e-05,0.000106087,0.0,0.0,32,256
cube,2.000000,cartesian,0.000131578,0.000124151,0.0,0.0,32,256
cube,2.000000,cartesian,0.000125525,0.000140693,0.0,0.0,32,256
cube,2.000000,cartesian,0.000101076,7.1991e-05,0.0,0.0,32,256
cube,2.000000,cartesian,0.00012315,0.000174382,0.0,0.0,32,256
cube,2.000000,cartesian,0.00010604,0.000140413,0.0,0.0,32,256
cube,2.000000,cartesian,9.9587e-05,0.000109935,0.0,0.0,32,256
cube,2.000000,cartesian,7.966e-05,9.2617e-05,0.0,0.0,32,256
cube,2.000000,cartesian,0.000123348,0.000127771,0.0,0.0,32,256
cube,2.000000,cartesian,9.4215e-05,0.000137877,0.0,0.0,32,256
cube,2.000000,cartesian,0.000123707,0.000132209,0.0,0.0,32,256
cube,2.000000,cartesian,0.000141406,0.00013765,0.0,0.0,32,256
cube,2.000000,cartesian,9.6047e-05,0.000116087,0.0,0.0,32,256
cube,2.000000,cartesian,8.6183e-05,0.000202765,0.0,0.0,32,256
cube,2.000000,cartesian,0.000128136,0.000148848,0.0,0.0,32,256
cube,2.000000,cartesian,9.652e-05,0.000129356,0.0,0.0,32,256
cube,2.000000,cartesian,0.000114347,9.9961e-05,0.0,0.0,32,256
cube,2.000000,cartesian,8.8401e-05,0.000108083,0.0,0.0,32,256
cube,2.000000,cartesian,0.000139725,0.000145331,0.0,0.0,32,256
cube,2.000000,cartesian,3.1819e-05,2.3595e-05,0.0,0.0,32,256
cube,2.000000,cartesian,5.9163e-05,6.8558e-05,0.0,0.0,32,256
cube,2.000000,cartesian,7.5729e-05,7.3006e-05,0.0,0.0,32,256
cube,2.000000,cartesian,0.000119762,0.000117345,0.0,0.0,32,256
cube,2.000000,cartesian,0.000159117,0.000150201,0.0,0.0,32,256
cube,2.000000,cartesian,0.000154973,0.000163664,0.0,0.0,32,256
cube,2.000000,cartesian,8.0263e-05,8.3439e-05,0.0,0.0,32,256
cube,2.000000,cartesian,7.6093e-05,7.9243e-05,0.0,0.0,32,256
cube,2.000000,cartesian,7.1249e-05,5.0971e-05,0.0,0.0,32,256
cube,2.000000,cartesian,0.000145018,0.000143651,0.0,0.0,32,256
cube,2.000000,cartesian,0.00012204,7.5113e-05,0.0,0.0,32,256
cube,2.000000,cartesian,9.0465e-05,0.000103353,0.0,0.0,32,256
cube,2.000000,cartesian,0.000106699,9.6439e-05,0.0,0.0,32,256
cube,2.000000,cartesian,9.2437e-05,8.6421e-05,0.0,0.0,32,256
cube,2.000000,cartesian,0.000118737,0.000185329,0.0,0.0,32,256
cube,2.000000,cartesian,0.000151203,0.000151956,0.0,0.0,32,256
cube,2.000000,cartesian,0.000120063,0.000177222,0.0,0.0,32,256
cube,2.000000,cartesian,6.7939e-05,8.1368e-05,0.0,0.0,32,256
cube,2.000000,cartesian,3.8805e-05,3.4706e-05,0.0,0.0,32,256
cube,2.000000,cartesian,0.000113951,0.000123448,0.0,0.0,32,256
cube,2.000000,cartesian,5.2785e-05,7.469e-05,0.0,0.0,32,256
cube,2.000000,cartesian,0.000142551,0.000120442,0.0,0.0,32,256
cube,2.000000,cartesian,0.000106475,0.000121957,0.0,0.0,32,256
cube,2.000000,cartesian,0.000106062,0.000149099,0.0,0.0,32,256
cube,2.000000,cartesian,0.000104063,0.000101803,0.0,0.0,32,256
cube,2.000000,cartesian,0.000114231,0.000111292,0.0,0.0,32,256
cube,2.000000,cartesian,0.00012693,0.000123937,0.0,0.0,32,256
cube,2.000000,cartesian,0.000104558,0.000125562,0.0,0.0,32,256
cube,2.000000,cartesian,0.000105295,0.000111774,0.0,0.0,32,256
cube,2.000000,cartesian,0.000107596,0.000115312,0.0,0.0,32,256
cube,2.000000,cartesian,8.9039e-05,5.9238e-05,0.0,0.0,32,256
cube,2.000000,cartesian,0.000152968,0.000153848,0.0,0.0,32,256
cube,2.000000,cartesian,0.000123067,0.000128833,0.0,0.0,32,256
cube,2.000000,cartesian,7.9096e-05,7.2817e-05,0.0,0.0,32,256
cube,2.000000,cartesian,0.000105481,0.000122695,0.0,0.0,32,256
cube,2.000000,cartesian,8.8057e-05,0.000125211,0.0,0.0,32,256
cube,2.000000,cartesian,0.000132709,0.000226509,0.0,0.0,32,256
cube,2.000000,cartesian,0.000119137,0.000179658,0.0,0.0,32,256
cube,2.000000,cartesian,0.000141013,0.000116309,0.0,0.0,32,256
cube,2.000000,cartesian,0.000105449,0.000124051,0.0,0.0,32,256
cube,2.000000,cartesian,7.6203e-05,8.5164e-05,0.0,0.0,32,256
cube,2.000000,cartesian,4.4611e-05,5.5134e-05,0.0,0.0,32,256
cube,2.000000,cartesian,0.00010928,0.000124767,0.0,0.0,32,256
cube,2.000000,cartesian,0.000127992,9.7884e-05,0.0,0.0,32,256
cube,2.000000,cartesian,6.1534e-05,0.000106274,0.0,0.0,32,256
cube,2.000000,cartesian,0.00011125,0.000124334,0.0,0.0,32,256
cube,2.000000,cartesian,0.000126989,0.000110659,0.0,0.0,32,256
cube,2.000000,cartesian,0.000121316,0.000104364,0.0,0.0,32,256
cube,2.000000,cartesian,0.000110112,0.000112342,0.0,0.0,32,256
cube,2.000000,cartesian,6.8632e-05,8.1283e-05,0.0,0.0,32,256
cube,2.000000,cartesian,0.000105449,0.000122457,0.0,0.0,32,256
cube,2.000000,cartesian,9.2066e-05,8.8598e-05,0.0,0.0,32,256
cube,2.000000,cartesian,0.000107024,9.3983e-05,0.0,0.0,32,256
cube,2.000000,cartesian,0.000131725,0.000100766,0.0,0.0,32,256
cube,2.000000,cartesian,7.4921e-05,6.1645e-05,0.0,0.0,32,256
cube,2.000000,cartesian,0.000118612,0.000129324,0.0,0.0,32,256
cube,2.000000,cartesian,4.8549e-05,5.7941e-05,0.0,0.0,32,256
cube,2.000000,cartesian,8.7849e-05,0.000102674,0.0,0.0,32,256
cube,2.000000,cartesian,9.3231e-05,9.0638e-05,0.0,0.0,32,256
cube,2.000000,cartesian,0.000139084,0.000130645,0.0,0.0,32,256
cube,2.000000,cartesian,9.1657e-05,0.000103062,0.0,0.0,32,256
cube,2.000000,cartesian,9.2318e-05,8.3662e-05,0.0,0.0,32,256
cube,2.000000,cartesian,8.1438e-05,8.5954e-05,0.0,0.0,32,256
cube,2.000000,cartesian,0.000113092,0.000114574,0.0,0.0,32,256
cube,2.000000,cartesian,6.2595e-05,8.0963e-05,0.0,0.0,32,256
cube,2.000000,cartesian,0.000137405,0.000134045,0.0,0.0,32,256
cube,2.000000,cartesian,0.000146004,0.000108568,0.0,0.0,32,256
cube,2.000000,cartesian,9.904e-05,8.5033e-05,0.0,0.0,32,256
cube,2.000000,cartesian,4.0695e-05,5.2937e-05,0.0,0.0,32,256
cube,2.000000,cartesian,9.8337e-05,0.000203207,0.0,0.0,32,256
cube,2.000000,cartesian,0.000302587,0.000219717,0.0,0.0,32,256
cube,2.000000,cartesian,6.479e-05,6.8984e-05,0.0,0.0,32,256
cube,2.000000,cartesian,0.000127863,0.000106211,0.0,0.0,32,256
cube,2.000000,cartesian,0.000102681,0.000104308,0.0,0.0,32,256
cube,2.000000,cartesian,0.000114955,0.000145145,0.0,0.0,32,256
cube,2.000000,cartesian,0.00013999,9.7344e-05,0.0,0.0,32,256
cube,2.000000,cartesian,0.000157324,0.000162255,0.0,0.0,32,256
cube,2.000000,cartesian,8.7101e-05,8.5541e-05,0.0,0.0,32,256
cube,2.000000,cartesian,0.000110924,0.000134744,0.0,0.0,32,256
cube,2.000000,cartesian,0.000103593,9.6648e-05,0.0,0.0,32,256
cube,2.000000,cartesian,2.4795e-05,2.2371e-05,0.0,0.0,32,256
cube,2.000000,cartesian,0.00012282,0.000165689,0.0,0.0,32,256
cube,2.000000,cartesian,9.2659e-05,0.000105557,0.0,0.0,32,256
cube,2.000000,cartesian,6.2707e-05,6.4783e-05,0.0,0.0,32,256
cube,2.000000,cartesian,0.000125244,0.00011967,0.0,0.0,32,256
cube,2.000000,cartesian,0.000109184,0.00011558,0.0,0.0,32,256
cube,2.000000,cartesian,0.000178298,0.000187104,0.0,0.0,32,256
cube,2.000000,cartesian,0.000112312,0.000138586,0.0,0.0,32,256
cube,2.000000,cartesian,7.9287e-05,7.5387e-05,0.0,0.0,32,256
cube,2.000000,cartesian,0.00011327,0.000119464,0.0,0.0,32,256
cube,2.000000,cartesian,0.000114192,0.000116116,0.0,0.0,32,256
cube,2.000000,cartesian,9.4528e-05,6.8127e-05,0.0,0.0,32,256
cube,2.000000,cartesian,7.5668e-05,6.5927e-05,0.0,0.0,32,256
cube,2.000000,cartesian,0.000105771,0.000126299,0.0,0.0,32,256
cube,2.000000,cartesian,7.8748e-05,8.5312e-05,0.0,0.0,32,256
cube,2.000000,cartesian,0.000106882,0.000140925,0.0,0.0,32,256
cube,2.000000,cartesian,0.000124692,0.00010638,0.0,0.0,32,256
cube,2.000000,cartesian,0.000117136,0.000127391,0.0,0.0,32,256
cube,2.000000,cartesian,0.000132256,0.000115147,0.0,0.0,32,256
cube,2.000000,cartesian,0.00011993,0.000108744,0.0,0.0,32,256
cube,2.000000,cartesian,9.5483e-05,8.2025e-05,0.0,0.0,32,256
cube,2.000000,cartesian,0.000118335,0.000139263,0.0,0.0,32,256
cube,2.000000,cartesian,4.225e-05,5.2512e-05,0.0,0.0,32,256
cube,2.000000,cartesian,0.000153976,0.000158891,0.0,0.0,32,256
cube,2.000000,cartesian,0.000108288,0.000101112,0.0,0.0,32,256
cube,2.000000,cartesian,0.000109873,0.00012485,0.0,0.0,32,256
cube,2.000000,cartesian,0.000176557,0.000138665,0.0,0.0,32,256
cube,2.000000,cartesian,0.000165802,0.00010714,0.0,0.0,32,256
cube,2.000000,cartesian,7.9271e-05,0.000132211,0.0,0.0,32,256
cube,2.000000,cartesian,0.000106274,0.000238853,0.0,0.0,32,256
cube,2.000000,cartesian,0.000100644,0.000152791,0.0,0.0,32,256
cube,2.000000,cartesian,7.9458e-05,9.6778e-05,0.0,0.0,32,256
cube,2.000000,cartesian,9.03e-05,0.000118995,0.0,0.0,32,256
cube,2.000000,cartesian,0.000109956,0.00016298,0.0,0.0,32,256
cube,2.000000,cartesian,3.237e-05,0.000166967,0.0,0.0,32,256
cube,2.000000,cartesian,0.000164002,0.000142859,0.0,0.0,32,256
cube,2.000000,cartesian,0.000109659,0.000127433,0.0,0.0,32,256
cube,2.000000,cartesian,0.000100195,0.000107084,0.0,0.0,32,256
cube,2.000000,cartesian,9.6921e-05,0.000114753,0.0,0.0,32,256
cube,2.000000,cartesian,9.2497e-05,0.000122882,0.0,0.0,32,256
cube,2.000000,cartesian,0.000152446,0.000119351,0.0,0.0,32,256
cube,2.000000,cartesian,0.000114676,7.9084e-05,0.0,0.0,32,256
cube,2.000000,cartesian,8.4969e-05,0.000112185,0.0,0.0,32,256
cube,2.000000,cartesian,9.3191e-05,0.000123716,0.0,0.0,32,256
cube,2.000000,cartesian,0.000101571,0.000102274,0.0,0.0,32,256
cube,2.000000,cartesian,4.2388e-05,4.7664e-05,0.0,0.0,32,256
cube,2.000000,cartesian,0.000127536,0.000121758,0.0,0.0,32,256
cube,2.000000,cartesian,9.2537e-05,6.348e-05,0.0,0.0,32,256
cube,2.000000,cartesian,7.7293e-05,8.8051e-05,0.0,0.0,32,256
cube,2.000000,cartesian,0.000103502,0.000125729,0.0,0.0,32,256
cube,2.000000,cartesian,9.711e-05,9.301e-05,0.0,0.0,32,256
cube,2.000000,cartesian,9.8724e-05,8.7032e-05,0.0,0.0,32,256
cube,2.000000,cartesian,0.000103387,0.000118148,0.0,0.0,32,256
cube,2.000000,cartesian,9.4166e-05,7.1822e-05,0.0,0.0,32,256
cube,2.000000,cartesian,0.000108583,0.000167272,0.0,0.0,32,256
cube,2.000000,cartesian,0.000100883,0.000126922,0.0,0.0,32,256
cube,2.000000,cartesian,8.4446e-05,7.9624e-05,0.0,0.0,32,256
cube,2.000000,cartesian,7.5559e-05,7.0605e-05,0.0,0.0,32,256
cube,2.000000,cartesian,0.000130954,0.00014984,0.0,0.0,32,256
cube,2.000000,cartesian,0.000127404,0.000118012,0.0,0.0,32,256
cube,2.000000,cartesian,8.3153e-05,7.9878e-05,0.0,0.0,32,256
cube,2.000000,cartesian,0.000155703,0.000134258,0.0,0.0,32,256
cube,2.000000,cartesian,0.00010258,8.2488e-05,0.0,0.0,32,256
cube,2.000000,cartesian,9.1712e-05,0.000117347,0.0,0.0,32,256
cube,2.000000,cartesian,0.000117312,0.000157838,0.0,0.0,32,256
cube,2.000000,cartesian,0.000181168,0.000199536,0.0,0.0,32,256
cube,2.000000,cartesian,8.5714e-05,0.000109922,0.0,0.0,32,256
cube,2.000000,cartesian,8.204e-05,9.5124e-05,0.0,0.0,32,256
cube,2.000000,cartesian,6.2723e-05,9.201e-05,0.0,0.0,32,256
cube,2.000000,cartesian,0.000109321,0.000107111,0.0,0.0,32,256
cube,2.000000,cartesian,9.8375e-05,0.000101177,0.0,0.0,32,256
cube,2.000000,cartesian,0.000147784,0.000156034,0.0,0.0,32,256
cube,2.000000,cartesian,0.000100903,6.9259e-05,0.0,0.0,32,256
cube,2.000000,cartesian,0.000109635,0.00013879,0.0,0.0,32,256
cube,2.000000,cartesian,9.7125e-05,0.00013579,0.0,0.0,32,256
cube,2.000000,cartesian,0.000112843,0.000131219,0.0,0.0,32,256
cube,2.000000,cartesian,0.000127205,0.000140287,0.0,0.0,32,256
cube,2.000000,cartesian,4.3467e-05,5.3549e-05,0.0,0.0,32,256
cube,2.000000,cartesian,0.000128483,0.000109696,0.0,0.0,32,256
cube,2.000000,cartesian,7.4912e-05,6.0639e-05,0.0,0.0,32,256
cube,2.000000,cartesian,8.085e-05,9.1472e-05,0.0,0.0,32,256
cube,2.000000,cartesian,9.2857e-05,0.000140768,0.0,0.0,32,256
cube,2.000000,cartesian,0.000124245,0.000105389,0.0,0.0,32,256
cube,2.000000,cartesian,8.0274e-05,0.000168428,0.0,0.0,32,256
cube,2.000000,cartesian,1.9973e-05,3.1099e-05,0.0,0.0,32,256
cube,2.000000,cartesian,0.000108892,0.000122521,0.0,0.0,32,256
cube,2.000000,cartesian,0.000110867,8.4705e-05,0.0,0.0,32,256
cube,2.000000,cartesian,0.000105874,0.000118296,0.0,0.0,32,256
cube,2.000000,cartesian,0.000129525,0.000159829,0.0,0.0,32,256
cube,2.000000,cartesian,0.000114724,0.000160332,0.0,0.0,32,256
cube,2.000000,cartesian,0.000107108,0.000124296,0.0,0.0,32,256
cube,2.000000,cartesian,0.000111852,0.000142077,0.0,0.0,32,256
cube,2.000000,cartesian,0.000171484,0.000179693,0.0,0.0,32,256
cube,2.000000,cartesian,7.9767e-05,8.8626e-05,0.0,0.0,32,256
cube,2.000000,cartesian,0.000157868,0.000189296,0.0,0.0,32,256
cube,2.000000,cartesian,9.3295e-05,0.000101312,0.0,0.0,32,256
cube,2.000000,cartesian,8.1607e-05,7.7376e-05,0.0,0.0,32,256
cube,2.000000,cartesian,0.000105882,0.000109273,0.0,0.0,32,256
cube,2.000000,cartesian,8.1328e-05,0.000128924,0.0,0.0,32,256
cube,2.000000,cartesian,0.000106216,6.3312e-05,0.0,0.0,32,256
cube,2.000000,cartesian,0.000109929,0.000132618,0.0,0.0,32,256
cube,2.000000,cartesian,0.000127069,0.000151532,0.0,0.0,32,256
cube,2.000000,cartesian,0.000119684,0.000173855,0.0,0.0,32,256
cube,2.000000,cartesian,0.000138113,0.000142933,0.0,0.0,32,256
cube,2.000000,cartesian,6.9657e-05,7.5521e-05,0.0,0.0,32,256
cube,2.000000,cartesian,6.1797e-05,6.5401e-05,0.0,0.0,32,256
cube,2.000000,cartesian,0.000107778,0.000138497,0.0,0.0,32,256
cube,2.000000,cartesian,0.000104378,0.00010047,0.0,0.0,32,256
cube,2.000000,cartesian,5.7517e-05,4.0202e-05,0.0,0.0,32,256
cube,2.000000,cartesian,0.000104809,0.000127153,0.0,0.0,32,256
cube,2.000000,cartesian,9.2723e-05,0.000120204,0.0,0.0,32,256
cube,2.000000,cartesian,6.5774e-05,7.0835e-05,0.0,0.0,32,256
cube,2.000000,cartesian,7.1097e-05,8.7337e-05,0.0,0.0,32,256
cube,2.000000,cartesian,0.000100278,5.0709e-05,0.0,0.0,32,256
cube,2.000000,cartesian,0.000106143,0.000101233,0.0,0.0,32,256
cube,2.000000,cartesian,9.874e-05,0.000129838,0.0,0.0,32,256
cube,2.000000,cartesian,0.000121517,0.000117079,0.0,0.0,32,256
cube,2.000000,cartesian,0.000110886,0.00011524,0.0,0.0,32,256
cube,2.000000,cartesian,0.000123508,0.000132288,0.0,0.0,32,256
cube,2.000000,cartesian,0.000141849,0.000173783,0.0,0.0,32,256
cube,2.000000,cartesian,8.3902e-05,7.3807e-05,0.0,0.0,32,256
cube,2.000000,cartesian,9.4148e-05,0.000178138,0.0,0.0,32,256
cube,2.000000,cartesian,6.4738e-05,5.4514e-05,0.0,0.0,32,256
cube,2.000000,cartesian,0.000111989,0.000128776,0.0,0.0,32,256
cube,2.000000,cartesian,9.7712e-05,0.000128146,0.0,0.0,32,256
cube,2.000000,cartesian,9.1801e-05,9.9032e-05,0.0,0.0,32,256
cube,2.000000,cartesian,0.000107259,0.000108201,0.0,0.0,32,256
cube,2.000000,cartesian,0.000104816,0.000168389,0.0,0.0,32,256
cube,2.000000,cartesian,6.8031e-05,3.4877e-05,0.0,0.0,32,256
cube,2.000000,cartesian,0.000131215,0.000142134,0.0,0.0,32,256
cube,2.000000,cartesian,0.000121429,0.000130524,0.0,0.0,32,256
cube,2.000000,cartesian,0.000149148,0.000120876,0.0,0.0,32,256
cube,2.000000,cartesian,9.4132e-05,6.9267e-05,0.0,0.0,32,256
cube,2.000000,cartesian,0.000108952,0.000102012,0.0,0.0,32,256
cube,2.000000,cartesian,0.000169891,0.000156561,0.0,0.0,32,256
cube,2.000000,cartesian,0.000122937,0.000138665,0.0,0.0,32,256
cube,2.000000,cartesian,0.000123609,0.000114153,0.0,0.0,32,256
cube,2.000000,cartesian,0.000100182,0.000121783,0.0,0.0,32,256
cube,2.000000,cartesian,0.000139654,0.000176472,0.0,0.0,32,256
cube,2.000000,cartesian,0.000141985,0.000134763,0.0,0.0,32,256
cube,2.000000,cartesian,0.000299858,0.000113701,0.0,0.0,32,256
cube,2.000000,cartesian,9.2722e-05,0.000101585,0.0,0.0,32,256
cube,2.000000,cartesian,0.000164746,0.000149102,0.0,0.0,32,256
cube,2.000000,cartesian,9.977e-05,8.7396e-05,0.0,0.0,32,256
cube,2.000000,cartesian,0.000154906,0.00015125,0.0,0.0,32,256
cube,2.000000,cartesian,0.00013002,0.000145623,0.0,0.0,32,256
cube,2.000000,cartesian,6.7171e-05,6.9598e-05,0.0,0.0,32,256
cube,2.000000,cartesian,0.000152379,0.000135549,0.0,0.0,32,256
cube,2.000000,cartesian,3.9737e-05,2.4634e-05,0.0,0.0,32,256
cube,2.000000,cartesian,9.4162e-05,0.000131518,0.0,0.0,32,256
cube,2.000000,cartesian,0.000117924,8.143e-05,0.0,0.0,32,256
cube,2.000000,cartesian,0.000120356,0.000106217,0.0,0.0,32,256
cube,2.000000,cartesian,0.000120637,0.000161274,0.0,0.0,32,256
cube,2.000000,cartesian,0.000119527,9.2495e-05,0.0,0.0,32,256
cube,2.000000,cartesian,0.000109843,0.00011195,0.0,0.0,32,256
cube,2.000000,cartesian,0.000111074,0.000121892,0.0,0.0,32,256
cube,2.000000,cartesian,9.4914e-05,9.7234e-05,0.0,0.0,32,256
cube,2.000000,cartesian,0.000130574,0.000178557,0.0,0.0,32,256
cube,2.000000,cartesian,6.9512e-05,7.4084e-05,0.0,0.0,32,256
cube,2.000000,cartesian,0.000129794,0.000151424,0.0,0.0,32,256
cube,2.000000,cartesian,0.000116772,0.000150154,0.0,0.0,32,256
cube,2.000000,cartesian,0.000103671,0.00010721,0.0,0.0,32,256
cube,2.000000,cartesian,0.000110187,0.000128308,0.0,0.0,32,256
cube,2.000000,cartesian,0.000110787,0.00013175,0.0,0.0,32,256
cube,2.000000,cartesian,0.000105476,0.000100885,0.0,0.0,32,256
cube,2.000000,cartesian,8.5766e-05,6.9434e-05,0.0,0.0,32,256
cube,2.000000,cartesian,8.4161e-05,8.3176e-05,0.0,0.0,32,256
cube,2.000000,cartesian,8.6072e-05,9.7248e-05,0.0,0.0,32,256
cube,2.000000,cartesian,0.000118148,0.000116107,0.0,0.0,32,256
cube,2.000000,cartesian,0.000112121,0.000115269,0.0,0.0,32,256
cube,2.000000,cartesian,0.00013668,0.000191544,0.0,0.0,32,256
cube,2.000000,cartesian,0.000142816,0.000154358,0.0,0.0,32,256
cube,2.000000,cartesian,0.0001575,8.7172e-05,0.0,0.0,32,256
cube,2.000000,cartesian,0.000152545,0.000208184,0.0,0.0,32,256
cube,2.000000,cartesian,9.5469e-05,0.000107028,0.0,0.0,32,256
cube,2.000000,cartesian,0.00012314,0.000154064,0.0,0.0,32,256
cube,2.000000,cartesian,8.2579e-05,9.7402e-05,0.0,0.0,32,256
cube,2.000000,cartesian,0.000118834,0.000117607,0.0,0.0,32,256
cube,2.000000,cartesian,0.000147561,0.000101408,0.0,0.0,32,256
cube,2.000000,cartesian,9.1352e-05,9.8263e-05,0.0,0.0,32,256
cube,2.000000,cartesian,8.2402e-05,7.4578e-05,0.0,0.0,32,256
cube,2.000000,cartesian,0.000131442,0.000100563,0.0,0.0,32,256
cube,2.000000,cartesian,0.000102448,0.000120848,0.0,0.0,32,256
cube,2.000000,cartesian,9.6097e-05,0.000104834,0.0,0.0,32,256
cube,2.000000,cartesian,4.5388e-05,2.7314e-05,0.0,0.0,32,256
cube,2.000000,cartesian,0.000120506,0.000142536,0.0,0.0,32,256
cube,2.000000,cartesian,6.3008e-05,6.8022e-05,0.0,0.0,32,256
cube,2.000000,cartesian,6.4787e-05,5.7802e-05,0.0,0.0,32,256
cube,2.000000,cartesian,0.000103352,0.000123909,0.0,0.0,32,256
cube,2.000000,cartesian,5.7904e-05,6.7773e-05,0.0,0.0,32,256
cube,2.000000,cartesian,0.000103535,0.000151024,0.0,0.0,32,256
cube,2.000000,cartesian,9.576e-05,0.000117043,0.0,0.0,32,256
cube,2.000000,cartesian,0.000106958,0.000139159,0.0,0.0,32,256
cube,2.000000,cartesian,9.221e-05,0.000101674,0.0,0.0,32,256
cube,2.000000,cartesian,0.000136422,0.000110017,0.0,0.0,32,256
cube,2.000000,cartesian,6.2919e-05,6.1307e-05,0.0,0.0,32,256
cube,2.000000,cartesian,8.3461e-05,9.8911e-05,0.0,0.0,32,256
cube,2.000000,cartesian,9.9886e-05,0.000108707,0.0,0.0,32,256
cube,2.000000,cartesian,0.000152689,0.000159748,0.0,0.0,32,256
cube,2.000000,cartesian,8.9234e-05,8.7978e-05,0.0,0.0,32,256
cube,2.000000,cartesian,0.000144189,0.000154985,0.0,0.0,32,256
cube,2.000000,cartesian,7.228e-05,0.000123433,0.0,0.0,32,256
cube,2.000000,cartesian,9.4538e-05,9.9663e-05,0.0,0.0,32,256
cube,2.000000,cartesian,0.000174577,0.00017713,0.0,0.0,32,256
cube,2.000000,cartesian,0.000104992,0.000101431,0.0,0.0,32,256
cube,2.000000,cartesian,0.000112401,0.000125896,0.0,0.0,32,256
cube,2.000000,cartesian,9.1427e-05,9.5007e-05,0.0,0.0,32,256
cube,2.000000,cartesian,0.000161603,0.000146397,0.0,0.0,32,256
cube,2.000000,cartesian,0.000105908,0.000122964,0.0,0.0,32,256
cube,2.000000,cartesian,0.000150984,0.000209461,0.0,0.0,32,256
cube,2.000000,cartesian,0.000128662,0.000122945,0.0,0.0,32,256
cube,2.000000,cartesian,8.6039e-05,8.2586e-05,0.0,0.0,32,256
cube,2.000000,cartesian,6.4511e-05,7.3542e-05,0.0,0.0,32,256
cube,2.000000,cartesian,0.000105944,0.000100975,0.0,0.0,32,256
cube,2.000000,cartesian,0.000102608,0.000125638,0.0,0.0,32,256
cube,2.000000,cartesian,0.000130579,8.8922e-05,0.0,0.0,32,256
cube,2.000000,cartesian,0.000108245,0.000126264,0.0,0.0,32,256
cube,2.000000,cartesian,0.000123501,0.000105187,0.0,0.0,32,256
cube,2.000000,cartesian,0.000101451,0.000102628,0.0,0.0,32,256
cube,2.000000,cartesian,0.000229612,0.000186222,0.0,0.0,32,256
cube,2.000000,cartesian,5.7701e-05,6.7608e-05,0.0,0.0,32,256
cube,2.000000,cartesian,0.000107337,0.000101247,0.0,0.0,32,256
cube,2.000000,cartesian,5.565e-06,2.4961e-05,0.0,0.0,32,256
cube,2.000000,cartesian,8.1344e-05,0.00010933,0.0,0.0,32,256
cube,2.000000,cartesian,3.3867e-05,9.197e-06,0.0,0.0,32,256
cube,2.000000,cartesian,8.5491e-05,0.000111532,0.0,0.0,32,256
cube,2.000000,cartesian,6.2259e-05,8.1535e-05,0.0,0.0,32,256
cube,2.000000,cartesian,0.000120121,0.000137229,0.0,0.0,32,256
cube,2.000000,cartesian,0.000165523,0.000188637,0.0,0.0,32,256
cube,2.000000,cartesian,0.000170393,0.00017029,0.0,0.0,32,256
cube,2.000000,cartesian,5.322e-05,5.2649e-05,0.0,0.0,32,256
cube,2.000000,cartesian,0.000134838,0.000139068,0.0,0.0,32,256
cube,2.000000,cartesian,0.000141427,0.000116874,0.0,0.0,32,256
cube,2.000000,cartesian,0.000104056,0.000114131,0.0,0.0,32,256
cube,2.000000,cartesian,0.000125391,0.00011681,0.0,0.0,32,256
cube,2.000000,cartesian,8.4183e-05,0.000112512,0.0,0.0,32,256
cube,2.000000,cartesian,8.1923e-05,7.8703e-05,0.0,0.0,32,256
cube,2.000000,cartesian,9.3051e-05,0.000112039,0.0,0.0,32,256
cube,2.000000,cartesian,8.4898e-05,0.000101626,0.0,0.0,32,256
cube,2.000000,cartesian,8.4585e-05,8.4782e-05,0.0,0.0,32,256
cube,2.000000,cartesian,9.7258e-05,9.2837e-05,0.0,0.0,32,256
cube,2.000000,cartesian,0.000110763,0.000126833,0.0,0.0,32,256
cube,2.000000,cartesian,6.7465e-05,7.0365e-05,0.0,0.0,32,256
cube,2.000000,cartesian,0.000103281,0.000126449,0.0,0.0,32,256
cube,2.000000,cartesian,6.7356e-05,6.8478e-05,0.0,0.0,32,256
cube,2.000000,cartesian,0.000127884,0.000148657,0.0,0.0,32,256
cube,2.000000,cartesian,9.4201e-05,7.4713e-05,0.0,0.0,32,256
cube,2.000000,cartesian,0.00012249,0.000113296,0.0,0.0,32,256
cube,2.000000,cartesian,8.7559e-05,7.3489e-05,0.0,0.0,32,256
cube,2.000000,cartesian,0.00012662,0.000243138,0.0,0.0,32,256
cube,2.000000,cartesian,0.000128216,0.000160486,0.0,0.0,32,256
cube,2.000000,cartesian,0.000100992,0.000116447,0.0,0.0,32,256
cube,2.000000,cartesian,0.000120825,0.000185377,0.0,0.0,32,256
cube,2.000000,cartesian,0.000114587,0.000135733,0.0,0.0,32,256
cube,2.000000,cartesian,0.000132655,0.000144036,0.0,0.0,32,256
cube,2.000000,cartesian,7.1954e-05,5.2899e-05,0.0,0.0,32,256
cube,2.000000,cartesian,0.000141083,0.000123203,0.0,0.0,32,256
cube,2.000000,cartesian,9.7613e-05,0.00013851,0.0,0.0,32,256
cube,2.000000,cartesian,0.000102588,0.000115289,0.0,0.0,32,256
cube,2.000000,cartesian,9.0635e-05,7.2032e-05,0.0,0.0,32,256
cube,2.000000,cartesian,9.5655e-05,9.6505e-05,0.0,0.0,32,256
cube,2.000000,cartesian,8.0583e-05,8.1672e-05,0.0,0.0,32,256
cube,2.000000,cartesian,0.000112812,0.000148613,0.0,0.0,32,256
cube,2.000000,cartesian,0.000100614,0.000109885,0.0,0.0,32,256
cube,2.000000,cartesian,0.000136815,0.000150673,0.0,0.0,32,256
cube,2.000000,cartesian,0.000176253,0.000146934,0.0,0.0,32,256
cube,2.000000,cartesian,9.7353e-05,0.000151569,0.0,0.0,32,256
cube,2.000000,cartesian,8.674e-05,9.6056e-05,0.0,0.0,32,256
cube,2.000000,cartesian,8.4513e-05,7.2742e-05,0.0,0.0,32,256
cube,2.000000,cartesian,0.000126457,0.000158456,0.0,0.0,32,256
cube,2.000000,cartesian,0.00011233,0.000123802,0.0,0.0,32,256
cube,2.000000,cartesian,0.000102577,0.000108494,0.0,0.0,32,256
cube,2.000000,cartesian,9.5918e-05,0.000130106,0.0,0.0,32,256
cube,2.000000,cartesian,0.000143218,0.000117894,0.0,0.0,32,256
cube,2.000000,cartesian,0.000115816,0.000130753,0.0,0.0,32,256
cube,2.000000,cartesian,8.9494e-05,9.9461e-05,0.0,0.0,32,256
cube,2.000000,cartesian,0.000125694,0.000110679,0.0,0.0,32,256
cube,2.000000,cartesian,9.7489e-05,0.000129241,0.0,0.0,32,256
cube,2.000000,cartesian,0.000110757,5.9026e-05,0.0,0.0,32,256
cube,2.000000,cartesian,0.000119095,0.000115042,0.0,0.0,32,256
cube,2.000000,cartesian,0.000116159,0.000157959,0.0,0.0,32,256
cube,2.000000,cartesian,9.7106e-05,0.00011999,0.0,0.0,32,256
cube,2.000000,cartesian,8.1288e-05,0.000104583,0.0,0.0,32,256
cube,2.000000,cartesian,0.000100265,0.000199943,0.0,0.0,32,256
cube,2.000000,cartesian,0.000110581,0.000127791,0.0,0.0,32,256
cube,2.000000,cartesian,6.0971e-05,6.1043e-05,0.0,0.0,32,256
cube,2.000000,cartesian,0.000116159,0.0001006,0.0,0.0,32,256
cube,2.000000,cartesian,4.1413e-05,3.1606e-05,0.0,0.0,32,256
cube,2.000000,cartesian,0.000153266,0.000170685,0.0,0.0,32,256
cube,2.000000,cartesian,0.000110416,0.000112499,0.0,0.0,32,256
cube,2.000000,cartesian,2.6356e-05,2.2428e-05,0.0,0.0,32,256
cube,2.000000,cartesian,0.00015909,0.000144271,0.0,0.0,32,256
cube,2.000000,cartesian,0.000116464,0.000146182,0.0,0.0,32,256
cube,2.000000,cartesian,0.000119993,0.000121904,0.0,0.0,32,256
cube,2.000000,cartesian,3.9394e-05,3.1972e-05,0.0,0.0,32,256
cube,2.000000,cartesian,0.000110969,0.000100893,0.0,0.0,32,256
cube,2.000000,cartesian,0.000116905,0.00014754,0.0,0.0,32,256
cube,2.000000,cartesian,0.000101544,9.1889e-05,0.0,0.0,32,256
cube,2.000000,cartesian,9.7053e-05,0.000102806,0.0,0.0,32,256
cube,2.000000,cartesian,0.000145129,0.000137528,0.0,0.0,32,256
cube,2.000000,cartesian,9.7954e-05,7.7004e-05,0.0,0.0,32,256
cube,2.000000,cartesian,9.6896e-05,0.000122194,0.0,0.0,32,256
cube,2.000000,cartesian,8.1997e-05,7.1227e-05,0.0,0.0,32,256
cube,2.000000,cartesian,0.000156151,0.000124872,0.0,0.0,32,256
cube,2.000000,cartesian,9.837e-05,8.2122e-05,0.0,0.0,32,256
cube,2.000000,cartesian,6.5109e-05,5.8402e-05,0.0,0.0,32,256
cube,2.000000,cartesian,0.000131022,0.000124017,0.0,0.0,32,256
cube,2.000000,cartesian,0.000145579,0.000149476,0.0,0.0,32,256
cube,2.000000,cartesian,4.9907e-05,4.4008e-05,0.0,0.0,32,256
cube,2.000000,cartesian,0.000136877,0.000184727,0.0,0.0,32,256
cube,2.000000,cartesian,0.0001074,0.000118467,0.0,0.0,32,256
cube,2.000000,cartesian,0.000107771,0.000114098,0.0,0.0,32,256
cube,2.000000,cartesian,9.584e-05,0.0001072,0.0,0.0,32,256
cube,2.000000,cartesian,4.7555e-05,3.7258e-05,0.0,0.0,32,256
cube,2.000000,cartesian,0.000142728,0.000201214,0.0,0.0,32,256
cube,2.000000,cartesian,9.0248e-05,9.5044e-05,0.0,0.0,32,256
cube,2.000000,cartesian,2.2692e-05,2.6477e-05,0.0,0.0,32,256
cube,2.000000,cartesian,0.000120699,0.000145697,0.0,0.0,32,256
cube,2.000000,cartesian,8.6519e-05,8.1101e-05,0.0,0.0,32,256
cube,2.000000,cartesian,4.5103e-05,3.5824e-05,0.0,0.0,32,256
cube,2.000000,cartesian,0.000115252,0.00011414,0.0,0.0,32,256
cube,2.000000,cartesian,0.000112585,0.000148822,0.0,0.0,32,256
cube,2.000000,cartesian,2.0855e-05,1.5147e-05,0.0,0.0,32,256
cube,2.000000,cartesian,5.7064e-05,3.9536e-05,0.0,0.0,32,256
cube,2.000000,cartesian,0.000110011,7.9468e-05,0.0,0.0,32,256
cube,2.000000,cartesian,8.9361e-05,0.000106553,0.0,0.0,32,256
cube,2.000000,cartesian,0.000157792,0.000140915,0.0,0.0,32,256
cube,2.000000,cartesian,0.000113854,0.000125458,0.0,0.0,32,256
cube,2.000000,cartesian,0.000103515,0.000108,0.0,0.0,32,256
cube,2.000000,cartesian,9.9938e-05,9.6325e-05,0.0,0.0,32,256
cube,2.000000,cartesian,7.2711e-05,4.5052e-05,0.0,0.0,32,256
cube,2.000000,cartesian,0.000115921,0.000107204,0.0,0.0,32,256
cube,2.000000,cartesian,8.438e-05,9.3981e-05,0.0,0.0,32,256
